{"title": "Soviet Surplus and Asbestos", "name": "t3_tauq2s", "url": "https://www.reddit.com/r/BuyItForLife/comments/tauq2s/soviet_surplus_and_asbestos/", "selftext": "There seems to be this speculated rumor that surplus Soviet trench coats have asbestos laced into them for warmth and fire resistance, but there does not seem to be a definitive answer confirming nor denying this statement. So, I bought one of their most well known issue coats, and I trimmed off pieces of the different fabrics from the coat to send it off to an asbestos testing lab. \n\nThe pictures linked below show the specific coat tested (with my cat for reference), and the lab results for both sample \"A\", which was the main wool material, and sample \"B\", which was the interior fabric linings. \n\nFront of coat: [https://imgur.com/gallery/pRuV2gc](https://imgur.com/gallery/pRuV2gc)\n\nBack of coat: [https://imgur.com/gallery/b7UWOtL](https://imgur.com/gallery/b7UWOtL)\n\nCoat markings: [https://imgur.com/gallery/qfDuwMv](https://imgur.com/gallery/qfDuwMv)\n\nLab results: [https://imgur.com/gallery/uid912G](https://imgur.com/gallery/uid912G)\n\nBoth samples came out with no asbestos. \n\nFor at least this specific model of coat, this myth has been busted! There is no asbestos in these trench coats. So heres to the Soviet surplus buyers around the world I guess. I honestly cant blame yall, they made some great clothing.", "score": 342, "upvote_ratio": 0.95, "permalink": "/r/BuyItForLife/comments/tauq2s/soviet_surplus_and_asbestos/", "id": "tauq2s", "author": "-Altra-", "link_flair_text": "BIFL Skills", "num_comments": 40, "over_18": false, "spoiler": false, "pinned": false, "locked": false, "distinguished": null, "created_utc": 1646903243.0, "comments": [{"author": "alexcd421", "id": "i0356le", "score": 118, "subreddit": "BuyItForLife", "author_flair": null, "submission": "tauq2s", "stickied": false, "body": "Bless you for carrying out this research", "is_submitter": false, "distinguished": null, "created_utc": 1646903452.0, "parent_id": "t3_tauq2s", "replies": []}, {"author": "lifeinmisery", "id": "i03mk21", "score": 109, "subreddit": "BuyItForLife", "author_flair": null, "submission": "tauq2s", "stickied": false, "body": "Why would the Soviets bother with the added hassle of putting asbestos in trench coats? Wool is already great at maintaining it's insulative properties when wet and is fire resistant....", "is_submitter": false, "distinguished": null, "created_utc": 1646916457.0, "parent_id": "t3_tauq2s", "replies": [{"author": "colg4t3", "id": "i03o39q", "score": 65, "subreddit": "BuyItForLife", "author_flair": null, "submission": "tauq2s", "stickied": false, "body": "I don't know but it's the exact kind of thing people would make up and also be willing to believe about the Soviets, probably started as a joke, possibly by the soviets themselves", "is_submitter": false, "distinguished": null, "created_utc": 1646917321.0, "parent_id": "t1_i03mk21", "replies": [{"author": "CaptainSwaggerJagger", "id": "i03uc7b", "score": 28, "subreddit": "BuyItForLife", "author_flair": null, "submission": "tauq2s", "stickied": false, "body": "Considering that Russians today still deny any potential issues with asbestos I doubt they'd come up with it", "is_submitter": false, "distinguished": null, "created_utc": 1646920537.0, "parent_id": "t1_i03o39q", "replies": [{"author": "Sasquatters", "id": "i05mmtg", "score": 10, "subreddit": "BuyItForLife", "author_flair": null, "submission": "tauq2s", "stickied": false, "body": "They seem to be denying a lot of things these days.", "is_submitter": false, "distinguished": null, "created_utc": 1646946208.0, "parent_id": "t1_i03uc7b", "replies": []}]}, {"author": "killerturtlex", "id": "i04oaq4", "score": 6, "subreddit": "BuyItForLife", "author_flair": null, "submission": "tauq2s", "stickied": false, "body": "I think there might be something to it, but not in the way you might think. I thought submariners who work in a torpedo magazine used to wear asbestos white suits for fire resistance and reduce sparking. If you came across those they kind of look like pyjamas and would feel pretty soft so I can imagine someone buying surplus and using it", "is_submitter": false, "distinguished": null, "created_utc": 1646932879.0, "parent_id": "t1_i03o39q", "replies": [{"author": "lifeinmisery", "id": "i04ss3w", "score": 1, "subreddit": "BuyItForLife", "author_flair": null, "submission": "tauq2s", "stickied": false, "body": "That usage makes sense.", "is_submitter": false, "distinguished": null, "created_utc": 1646934595.0, "parent_id": "t1_i04oaq4", "replies": []}]}]}, {"author": "-Altra-", "id": "i04bi1d", "score": 19, "subreddit": "BuyItForLife", "author_flair": null, "submission": "tauq2s", "stickied": false, "body": "Given that the Soviets we're known for putting asbestos in their gas mask filters even after the dangers of asbestos were well known and documented, it probably just rose out of a half-joking rumor that their other products has asbestos too.  \n\nFor example, I've found that people think that Soviet barrel-changing gloves had asbestos in them for fire resistance. There is no proof backing this statement, but it honestly makes sense why they would have done that given that those gloves are going to be used in a very hot environment. So maybe people just thought that 'if there filters have asbestos, and their gloves have asbestos, and they have a town literally named after asbestos, then maybe their other garments have asbestos too.'\n\nAlso historically speaking, western rivalry towards Russia has been a big rumor spreader and stereotype builder, so that might have something to do with this as well. Keep in mind this is all speculation (besides the fact that their gas mask filters have asbestos)", "is_submitter": true, "distinguished": null, "created_utc": 1646927922.0, "parent_id": "t1_i03mk21", "replies": [{"author": "lifeinmisery", "id": "i04tmu4", "score": 7, "subreddit": "BuyItForLife", "author_flair": null, "submission": "tauq2s", "stickied": false, "body": "Barrel changing gloves would make sense to have asbestos in then. There was a time when welding gloves had it. It wasn't really a health hazard for the welders, but for the people making the gloves.\n\nThe gas mask filters, again, probably not a huge problem for the people using the filters, definitely a problem for the people making them.\n\nAsbestos, left alone, isn't particularly bad. It's when you start cutting it and breathing the fibers or dust from it that causes problems.", "is_submitter": false, "distinguished": null, "created_utc": 1646934921.0, "parent_id": "t1_i04bi1d", "replies": []}]}, {"author": "Snazzy21", "id": "i07dc3b", "score": 4, "subreddit": "BuyItForLife", "author_flair": null, "submission": "tauq2s", "stickied": false, "body": "Asbestos was cheap (and abundantly found within Russia) and good at insulating, so blending it with a wool meant that you could reduce the amount of expensive wool used. This is most likely why it would make some sense for Russia to do this.\n\nWool isn't fireproof when dry, asbestos is. Asbestos when added into other materials not only increases fire proofless, but **it also increases durability**. This is why it was even added to non-flammable materials like asphalt and concrete.\n\nAnd Asbestos wouldn't compromise the wool in any way. Its stain resistant, and very inert when exposed to strong chemicals. So there is no downside as far as they knew.\n\nIf it weren't for its deadly dust, asbestos would be the 2nd most useful material of all time imo.\n\n&#x200B;\n\nEdit: There is one problem though. When handling pure chrysotile without gloves your hands can become irritated almost like touching stinging nettle. I don't know if this is mitigated when its woven into a fabric.", "is_submitter": false, "distinguished": null, "created_utc": 1646974727.0, "parent_id": "t1_i03mk21", "replies": [{"author": "-Altra-", "id": "i0aemdc", "score": 1, "subreddit": "BuyItForLife", "author_flair": null, "submission": "tauq2s", "stickied": false, "body": "Very great information", "is_submitter": true, "distinguished": null, "created_utc": 1647032233.0, "parent_id": "t1_i07dc3b", "replies": []}]}, {"author": "Secret_Association58", "id": "i04kno8", "score": 2, "subreddit": "BuyItForLife", "author_flair": null, "submission": "tauq2s", "stickied": false, "body": "You could say that about 90% of asbestos products", "is_submitter": false, "distinguished": null, "created_utc": 1646931487.0, "parent_id": "t1_i03mk21", "replies": []}, {"author": "Eyiolf_the_Foul", "id": "i05xb87", "score": 1, "subreddit": "BuyItForLife", "author_flair": null, "submission": "tauq2s", "stickied": false, "body": "Maybe for tank crews it would have made sense, but can\u2019t see them in trench coats in a tank.", "is_submitter": false, "distinguished": null, "created_utc": 1646950472.0, "parent_id": "t1_i03mk21", "replies": [{"author": "-Altra-", "id": "i06chti", "score": 2, "subreddit": "BuyItForLife", "author_flair": null, "submission": "tauq2s", "stickied": false, "body": "Honestly, I would say fire resistance in a war environment is beneficial regardless. Even for a general ground soldier because during the time these coats were made, there was the world wars. During the world wars flamethrowers we're a legit threat for the Red Army, and Soviet Russia had no shortage of asbestos to help with that.\n\nSo on paper, it would seem like more of a question of \"why not throw in some asbestos\", rather than \"why should we throw in asbestos\", just given that they had an abundance of the stuff and it genuinely could give their army an extra layer of defence in many common war time situations. It honestly adds up, and I can see why people would think there could be asbestos in these.", "is_submitter": true, "distinguished": null, "created_utc": 1646957031.0, "parent_id": "t1_i05xb87", "replies": []}]}]}, {"author": "borzoya", "id": "i037bl6", "score": 12, "subreddit": "BuyItForLife", "author_flair": null, "submission": "tauq2s", "stickied": false, "body": "Nice work! Thank you!", "is_submitter": false, "distinguished": null, "created_utc": 1646905261.0, "parent_id": "t3_tauq2s", "replies": []}, {"author": "GideonISR", "id": "i04pvdg", "score": 10, "subreddit": "BuyItForLife", "author_flair": null, "submission": "tauq2s", "stickied": false, "body": "There was a guy from the copper mining region of Ural, Pavel Petrovich Bazhov, who wrote tall tales about local folks, hard life of miners and metal workers and local fairy tales. One was a story of a poor girl who researched a way to make weavable asbestos thread to make fire-proof garments for the army. Most probably the roots are from this one.\n\nAnd let me bring you a dessert from the other side of Iron Curtain: there was a rumor that american bubble gum (very rare treat for soviet kids) have blades inside that evil capitalists put there to hurt innocent kids.\n\nAny ex-Wrigley's worker want to confess?:)", "is_submitter": false, "distinguished": null, "created_utc": 1646933476.0, "parent_id": "t3_tauq2s", "replies": [{"author": "concreteporchgoose", "id": "i04w4gh", "score": 5, "subreddit": "BuyItForLife", "author_flair": null, "submission": "tauq2s", "stickied": false, "body": "In fairness, the Wrigley plant in Chattanooga had two workplace accident deaths at it in two years... So while there may not be razor blades, the gum still might contain blood.", "is_submitter": false, "distinguished": null, "created_utc": 1646935892.0, "parent_id": "t1_i04pvdg", "replies": []}]}, {"author": "FURRYPORN42069", "id": "i04fs9l", "score": 3, "subreddit": "BuyItForLife", "author_flair": null, "submission": "tauq2s", "stickied": false, "body": "Soviet gas mask filters on the other hand", "is_submitter": false, "distinguished": null, "created_utc": 1646929611.0, "parent_id": "t3_tauq2s", "replies": []}, {"author": "flywheel_jimmy", "id": "i038076", "score": 7, "subreddit": "BuyItForLife", "author_flair": null, "submission": "tauq2s", "stickied": false, "body": "Well done", "is_submitter": false, "distinguished": null, "created_utc": 1646905829.0, "parent_id": "t3_tauq2s", "replies": []}, {"author": "Hekat0r", "id": "i03v7ud", "score": 7, "subreddit": "BuyItForLife", "author_flair": null, "submission": "tauq2s", "stickied": false, "body": "Any suggestion where you could buy such a coat?", "is_submitter": false, "distinguished": null, "created_utc": 1646920957.0, "parent_id": "t3_tauq2s", "replies": [{"author": "ranger24", "id": "i05714h", "score": 5, "subreddit": "BuyItForLife", "author_flair": null, "submission": "tauq2s", "stickied": false, "body": "Not this specific style, but Varusteleka has Polish and Bulgarian wool great coats for a good price.", "is_submitter": false, "distinguished": null, "created_utc": 1646940055.0, "parent_id": "t1_i03v7ud", "replies": [{"author": "Urbylden", "id": "i05qtjj", "score": 2, "subreddit": "BuyItForLife", "author_flair": null, "submission": "tauq2s", "stickied": false, "body": "I have the polish coat, highly recommended", "is_submitter": false, "distinguished": null, "created_utc": 1646947894.0, "parent_id": "t1_i05714h", "replies": [{"author": "ranger24", "id": "i062nid", "score": 2, "subreddit": "BuyItForLife", "author_flair": null, "submission": "tauq2s", "stickied": false, "body": "I, too, have the Polish coat; it is magnificent.", "is_submitter": false, "distinguished": null, "created_utc": 1646952676.0, "parent_id": "t1_i05qtjj", "replies": []}]}]}, {"author": "-Altra-", "id": "i0433cq", "score": 5, "subreddit": "BuyItForLife", "author_flair": null, "submission": "tauq2s", "stickied": false, "body": "eBay. I got mine for $100 which is quite a steal", "is_submitter": true, "distinguished": null, "created_utc": 1646924484.0, "parent_id": "t1_i03v7ud", "replies": []}]}, {"author": "madtownshakedown", "id": "i05qpd6", "score": 3, "subreddit": "BuyItForLife", "author_flair": null, "submission": "tauq2s", "stickied": false, "body": "I like ass bestest.", "is_submitter": false, "distinguished": null, "created_utc": 1646947846.0, "parent_id": "t3_tauq2s", "replies": []}, {"author": "rdldr1", "id": "i04hqu1", "score": 2, "subreddit": "BuyItForLife", "author_flair": null, "submission": "tauq2s", "stickied": false, "body": "Morty Seinfeld would be proud.", "is_submitter": false, "distinguished": null, "created_utc": 1646930371.0, "parent_id": "t3_tauq2s", "replies": [{"author": "anydentity", "id": "i05jak6", "score": 2, "subreddit": "BuyItForLife", "author_flair": null, "submission": "tauq2s", "stickied": false, "body": "Beltless beauty", "is_submitter": false, "distinguished": null, "created_utc": 1646944900.0, "parent_id": "t1_i04hqu1", "replies": []}]}, {"author": "Beelzeburb", "id": "i05lkgs", "score": 2, "subreddit": "BuyItForLife", "author_flair": null, "submission": "tauq2s", "stickied": false, "body": "Thats a good cat", "is_submitter": false, "distinguished": null, "created_utc": 1646945791.0, "parent_id": "t3_tauq2s", "replies": [{"author": "-Altra-", "id": "i06cwp6", "score": 1, "subreddit": "BuyItForLife", "author_flair": null, "submission": "tauq2s", "stickied": false, "body": "Indeed", "is_submitter": true, "distinguished": null, "created_utc": 1646957218.0, "parent_id": "t1_i05lkgs", "replies": []}]}, {"author": "ColdHoller", "id": "i05o934", "score": 2, "subreddit": "BuyItForLife", "author_flair": null, "submission": "tauq2s", "stickied": false, "body": "What is the name of this particular coat?", "is_submitter": false, "distinguished": null, "created_utc": 1646946859.0, "parent_id": "t3_tauq2s", "replies": [{"author": "-Altra-", "id": "i06di80", "score": 1, "subreddit": "BuyItForLife", "author_flair": null, "submission": "tauq2s", "stickied": false, "body": "I don't think they specifically named their coats besides with maybe a model ID or something. If someone knows how to read Russian maybe they could translate the markings I gave with the picture, then that could help properly identify it. \n\nI do know that these coats are commonly seen in pictures of Red Army soldiers and whatnot.", "is_submitter": true, "distinguished": null, "created_utc": 1646957492.0, "parent_id": "t1_i05o934", "replies": []}]}, {"author": "BeefEater81", "id": "i05oqtm", "score": 2, "subreddit": "BuyItForLife", "author_flair": null, "submission": "tauq2s", "stickied": false, "body": "Anyone else think the cat's name was \"Asbestos\" before they opened the thread?", "is_submitter": false, "distinguished": null, "created_utc": 1646947067.0, "parent_id": "t3_tauq2s", "replies": []}, {"author": "CapAquaCapMD", "id": "i2tl6vx", "score": 2, "subreddit": "BuyItForLife", "author_flair": null, "submission": "tauq2s", "stickied": false, "body": "Soviet uniform had strict state regulations called \u0413\u041e\u0421\u0422, the exact model of this coat is included in the tag, specifically \u0413\u041e\u0421\u0422 2908-85, in which it also includes coats for kadets. I highly doubt there would be asbestos in coats designed for 8 year olds. This coat was manufactured after 1985 so no ww2 connections either", "is_submitter": false, "distinguished": null, "created_utc": 1648712465.0, "parent_id": "t3_tauq2s", "replies": [{"author": "-Altra-", "id": "i3evfss", "score": 1, "subreddit": "BuyItForLife", "author_flair": null, "submission": "tauq2s", "stickied": false, "body": "Very interesting, thank you for the info. I see pictures of Stalin often wearing a coat very similar to this, do you know if all these coats were designed for kadets/children back in that era? Or were there models that were made for other purposes.", "is_submitter": true, "distinguished": null, "created_utc": 1649111184.0, "parent_id": "t1_i2tl6vx", "replies": [{"author": "CapAquaCapMD", "id": "i3g6fd9", "score": 2, "subreddit": "BuyItForLife", "author_flair": null, "submission": "tauq2s", "stickied": false, "body": "I'm glad u found it interesting! Yes for other purposes as well, it was a standard coat for everyone from police officers to cadets. Yes Stalin worn a similar coat, but that could be said about any basic garment.", "is_submitter": false, "distinguished": null, "created_utc": 1649131633.0, "parent_id": "t1_i3evfss", "replies": []}]}]}, {"author": "HotSauceHigh", "id": "i05ddpx", "score": -1, "subreddit": "BuyItForLife", "author_flair": null, "submission": "tauq2s", "stickied": false, "body": "Read the room, man", "is_submitter": false, "distinguished": null, "created_utc": 1646942564.0, "parent_id": "t3_tauq2s", "replies": []}, {"author": "ericje", "id": "i07koqf", "score": 1, "subreddit": "BuyItForLife", "author_flair": null, "submission": "tauq2s", "stickied": false, "body": "How much did the testing cost?", "is_submitter": false, "distinguished": null, "created_utc": 1646979262.0, "parent_id": "t3_tauq2s", "replies": [{"author": "-Altra-", "id": "i0aetjs", "score": 1, "subreddit": "BuyItForLife", "author_flair": null, "submission": "tauq2s", "stickied": false, "body": "$60 total. $20 for the kit, $40 to get it sent to a lab and tested.", "is_submitter": true, "distinguished": null, "created_utc": 1647032313.0, "parent_id": "t1_i07koqf", "replies": []}]}, {"author": "Christopher_LX", "id": "i063aul", "score": 0, "subreddit": "BuyItForLife", "author_flair": null, "submission": "tauq2s", "stickied": false, "body": "Only Party members have access to asbestos-lined coats.", "is_submitter": false, "distinguished": null, "created_utc": 1646952945.0, "parent_id": "t3_tauq2s", "replies": []}, {"author": "ApprehensiveDraft397", "id": "i06i6rx", "score": 0, "subreddit": "BuyItForLife", "author_flair": null, "submission": "tauq2s", "stickied": false, "body": "stupid people will believe anything.", "is_submitter": false, "distinguished": null, "created_utc": 1646959621.0, "parent_id": "t3_tauq2s", "replies": []}]}