{"title": "Seeking Tips for Cleaning / Maintenance of Clarks Leather Boots", "name": "t3_svzvs2", "url": "https://www.reddit.com/r/BuyItForLife/comments/svzvs2/seeking_tips_for_cleaning_maintenance_of_clarks/", "selftext": "Hello, I have a pair of [Clarks] (https://www.amazon.com/dp/B004DCSYZE/ref=cm_sw_r_apan_glt_i_2M9BYSQ9P2RMAW8CXK3S?_encoding=UTF8&psc=1) leather chukka boots that I like, and after maybe 5-10 nights out with them, they're getting a little beat up.\n\nI was seeking some general advice or suggestions for how to clean or maintain them. Not sure if I'm overthinking it, but I'd like to make them last and they could use some a little refresher.\n\nReally appreciate any input. Thanks in advance for any help. Pics of the boots below:\nhttps://i.imgur.com/Gv9SHLk.jpg\nhttps://i.imgur.com/sq35MaA.jpg\nhttps://i.imgur.com/Bt935mt.jpg\nhttps://i.imgur.com/8iTGCsh.jpg\nhttps://i.imgur.com/hkvFtNB.jpg", "score": 12, "upvote_ratio": 0.88, "permalink": "/r/BuyItForLife/comments/svzvs2/seeking_tips_for_cleaning_maintenance_of_clarks/", "id": "svzvs2", "author": "-SpaghettiCat-", "link_flair_text": "[Request]", "num_comments": 11, "over_18": false, "spoiler": false, "pinned": false, "locked": false, "distinguished": null, "created_utc": 1645239903.0, "comments": [{"author": "itwillmakesenselater", "id": "hxjf5gl", "score": 5, "subreddit": "BuyItForLife", "author_flair": null, "submission": "svzvs2", "stickied": false, "body": "Saddle soap and mink oil. Good laces in abundance also seconded.", "is_submitter": false, "distinguished": null, "created_utc": 1645243915.0, "parent_id": "t3_svzvs2", "replies": [{"author": "OneDankKneeGro", "id": "hxqj2l5", "score": 0, "subreddit": "BuyItForLife", "author_flair": null, "submission": "svzvs2", "stickied": false, "body": "Disagree 100%. Mink oil will add way too much moisture. Dr. Martens wonder Balsam is a much gentler conditioner that won\u2019t over condition the leather.", "is_submitter": false, "distinguished": null, "created_utc": 1645383914.0, "parent_id": "t1_hxjf5gl", "replies": []}]}, {"author": "bloodsoed", "id": "hxl733h", "score": 2, "subreddit": "BuyItForLife", "author_flair": null, "submission": "svzvs2", "stickied": false, "body": "First your best bet is r/askacobbler", "is_submitter": false, "distinguished": null, "created_utc": 1645285870.0, "parent_id": "t3_svzvs2", "replies": [{"author": "bblickle", "id": "hxlgjsa", "score": 1, "subreddit": "BuyItForLife", "author_flair": null, "submission": "svzvs2", "stickied": false, "body": "Or r/goodyearwelt", "is_submitter": false, "distinguished": null, "created_utc": 1645289749.0, "parent_id": "t1_hxl733h", "replies": []}]}, {"author": "Muncie4", "id": "hxjdpll", "score": -1, "subreddit": "BuyItForLife", "author_flair": null, "submission": "svzvs2", "stickied": false, "body": "Those are SUPPOSED to look beat up, that's their aesthetic.  What you need to do stat is to measure the shoe lace length and get new ones as yours will fail.  Waxed cotton is the better type of shoelace.\n\nYou clean them with a wet rag.\n\nJust about any product you use to condition them will change the leather color and not in a uniform manner, so do so at your own peril.  I have had those boots since Nixon was in office and have done less than zero in regards to maintenance.  They are BIFL boots that you can abuse without care and they will laugh at you....but those laces doe....buy some now.", "is_submitter": false, "distinguished": null, "created_utc": 1645243137.0, "parent_id": "t3_svzvs2", "replies": []}, {"author": "streetfirepushback", "id": "hxjr620", "score": 1, "subreddit": "BuyItForLife", "author_flair": null, "submission": "svzvs2", "stickied": false, "body": "saddle soap first. then a natural leather conditioner like bees wax or some shit. just make sure its natural with no chemicals", "is_submitter": false, "distinguished": null, "created_utc": 1645251193.0, "parent_id": "t3_svzvs2", "replies": []}, {"author": "ibewchuck", "id": "hxkffys", "score": 1, "subreddit": "BuyItForLife", "author_flair": null, "submission": "svzvs2", "stickied": false, "body": "I like Saddle Soap and Bicks 4. It works well for me.", "is_submitter": false, "distinguished": null, "created_utc": 1645270518.0, "parent_id": "t3_svzvs2", "replies": []}, {"author": "hotassnuts", "id": "hxo1muw", "score": 1, "subreddit": "BuyItForLife", "author_flair": null, "submission": "svzvs2", "stickied": false, "body": "Don\u2019t forget the horse hair brush.", "is_submitter": false, "distinguished": null, "created_utc": 1645332260.0, "parent_id": "t3_svzvs2", "replies": []}, {"author": "No-Communication3618", "id": "hxow6bn", "score": 1, "subreddit": "BuyItForLife", "author_flair": null, "submission": "svzvs2", "stickied": false, "body": "I use these \n\nDasco Renovating Polish - Mid Brown \n\nhttps://www.amazon.co.uk/dp/B00GN6X2QE/ref=cm_sw_r_cp_api_glt_i_8J9WWQPKK37GHVFD12PJ", "is_submitter": false, "distinguished": null, "created_utc": 1645354717.0, "parent_id": "t3_svzvs2", "replies": []}, {"author": "Petrospark", "id": "hxz0dii", "score": 1, "subreddit": "BuyItForLife", "author_flair": null, "submission": "svzvs2", "stickied": false, "body": "Huberds shoe grease!", "is_submitter": false, "distinguished": null, "created_utc": 1645543161.0, "parent_id": "t3_svzvs2", "replies": []}]}