{"title": "This Philips fan, that belonged to my grandparents, is cooling me right now", "name": "t3_90r0tx", "url": "https://i.imgur.com/ieq47vm.jpg", "selftext": "", "score": 2687, "upvote_ratio": 0.95, "permalink": "/r/BuyItForLife/comments/90r0tx/this_philips_fan_that_belonged_to_my_grandparents/", "id": "90r0tx", "author": "830311", "link_flair_text": null, "num_comments": 146, "over_18": false, "spoiler": false, "pinned": false, "locked": false, "distinguished": null, "created_utc": 1532194732.0, "comments": [{"author": "Dragonasaur", "id": "e2sy2pz", "score": 246, "subreddit": "BuyItForLife", "author_flair": null, "submission": "90r0tx", "stickied": false, "body": "Noctua colors", "is_submitter": false, "distinguished": null, "created_utc": 1532213250.0, "parent_id": "t3_90r0tx", "replies": [{"author": "SirWaldenIII", "id": "e2t2jut", "score": 91, "subreddit": "BuyItForLife", "author_flair": null, "submission": "90r0tx", "stickied": false, "body": "The key to good air flow. ", "is_submitter": false, "distinguished": null, "created_utc": 1532218285.0, "parent_id": "t1_e2sy2pz", "replies": [{"author": "DinkleDoge", "id": "e2tebz4", "score": 74, "subreddit": "BuyItForLife", "author_flair": null, "submission": "90r0tx", "stickied": false, "body": "Poop brown and vomit tan. The colors of quality and performance.", "is_submitter": false, "distinguished": null, "created_utc": 1532232733.0, "parent_id": "t1_e2t2jut", "replies": []}]}]}, {"author": "styroducky", "id": "e2szw4p", "score": 414, "subreddit": "BuyItForLife", "author_flair": null, "submission": "90r0tx", "stickied": false, "body": "Safety precautions are for the weak.", "is_submitter": false, "distinguished": null, "created_utc": 1532215295.0, "parent_id": "t3_90r0tx", "replies": [{"author": "AyrA_ch", "id": "e2t38io", "score": 155, "subreddit": "BuyItForLife", "author_flair": null, "submission": "90r0tx", "stickied": false, "body": "I had a very similar fan. It will not shred your finger to pieces but will still hurt a lot.", "is_submitter": false, "distinguished": null, "created_utc": 1532219084.0, "parent_id": "t1_e2szw4p", "replies": [{"author": "copperwatt", "id": "e2t9agm", "score": 387, "subreddit": "BuyItForLife", "author_flair": null, "submission": "90r0tx", "stickied": false, "body": "\"well don't do that.\"\n\n-all human safety mechanisms before 1980", "is_submitter": false, "distinguished": null, "created_utc": 1532226280.0, "parent_id": "t1_e2t38io", "replies": [{"author": "DELETED", "id": "e2taioc", "score": 39, "subreddit": "BuyItForLife", "author_flair": null, "submission": "90r0tx", "stickied": false, "body": "No pictures exist of it, but in college I had a full-size reciprocating floor fan that I removed the shroud from and taped to one of the legs of my bed. ", "is_submitter": false, "distinguished": null, "created_utc": 1532227765.0, "parent_id": "t1_e2t9agm", "replies": [{"author": "hello_raleigh-durham", "id": "e2tf2i4", "score": 31, "subreddit": "BuyItForLife", "author_flair": null, "submission": "90r0tx", "stickied": false, "body": "Wtf is a reciprocating fan?", "is_submitter": false, "distinguished": null, "created_utc": 1532233765.0, "parent_id": "t1_e2taioc", "replies": [{"author": "DELETED", "id": "e2tfaxg", "score": 38, "subreddit": "BuyItForLife", "author_flair": null, "submission": "90r0tx", "stickied": false, "body": "Sorry... oscillating fan. \n\nThe type that sweeps back and forth so it cools the whole room", "is_submitter": false, "distinguished": null, "created_utc": 1532234084.0, "parent_id": "t1_e2tf2i4", "replies": [{"author": "hello_raleigh-durham", "id": "e2tfmx9", "score": 34, "subreddit": "BuyItForLife", "author_flair": null, "submission": "90r0tx", "stickied": false, "body": "Lol, I was thinking about a reciprocating saw and envisioned some kind of tower with blades waving back and forth somehow. ", "is_submitter": false, "distinguished": null, "created_utc": 1532234561.0, "parent_id": "t1_e2tfaxg", "replies": [{"author": "tepkel", "id": "e2tqvzq", "score": 16, "subreddit": "BuyItForLife", "author_flair": null, "submission": "90r0tx", "stickied": false, "body": "No, it's just a fan that tells you it loves you back.", "is_submitter": false, "distinguished": null, "created_utc": 1532256889.0, "parent_id": "t1_e2tfmx9", "replies": [{"author": "DELETED", "id": "e2tr2o2", "score": 17, "subreddit": "BuyItForLife", "author_flair": null, "submission": "90r0tx", "stickied": false, "body": "My biggest fan? ", "is_submitter": false, "distinguished": null, "created_utc": 1532257314.0, "parent_id": "t1_e2tqvzq", "replies": []}]}]}, {"author": "oscillation1", "id": "e35gviy", "score": 1, "subreddit": "BuyItForLife", "author_flair": null, "submission": "90r0tx", "stickied": false, "body": "Thank you for correcting your mistake.", "is_submitter": false, "distinguished": null, "created_utc": 1532724372.0, "parent_id": "t1_e2tfaxg", "replies": [{"author": "DELETED", "id": "e35j0dh", "score": 1, "subreddit": "BuyItForLife", "author_flair": null, "submission": "90r0tx", "stickied": false, "body": "You\u2019re late.", "is_submitter": false, "distinguished": null, "created_utc": 1532726357.0, "parent_id": "t1_e35gviy", "replies": [{"author": "oscillation1", "id": "e35kqyz", "score": 1, "subreddit": "BuyItForLife", "author_flair": null, "submission": "90r0tx", "stickied": false, "body": "Fashionably late.", "is_submitter": false, "distinguished": null, "created_utc": 1532728022.0, "parent_id": "t1_e35j0dh", "replies": []}]}]}]}, {"author": "TheGreatB3", "id": "e2tfeai", "score": 7, "subreddit": "BuyItForLife", "author_flair": null, "submission": "90r0tx", "stickied": false, "body": "I think they mean an oscillating fan, which turns left and right.", "is_submitter": false, "distinguished": null, "created_utc": 1532234215.0, "parent_id": "t1_e2tf2i4", "replies": []}, {"author": "DELETED", "id": "e2tt8sg", "score": 3, "subreddit": "BuyItForLife", "author_flair": null, "submission": "90r0tx", "stickied": false, "body": "Me: good day to you Mr fan\n\nFan: good day to you as well greenish2", "is_submitter": false, "distinguished": null, "created_utc": 1532261792.0, "parent_id": "t1_e2tf2i4", "replies": []}, {"author": "ts_asum", "id": "e3ru8s4", "score": 1, "subreddit": "BuyItForLife", "author_flair": null, "submission": "90r0tx", "stickied": false, "body": "It doesn\u2019t just ask you to suck its dick but also sucks yours", "is_submitter": false, "distinguished": null, "created_utc": 1533662120.0, "parent_id": "t1_e2tf2i4", "replies": []}]}, {"author": "DisappointedBird", "id": "e2to5ff", "score": 5, "subreddit": "BuyItForLife", "author_flair": null, "submission": "90r0tx", "stickied": false, "body": "> that I removed the shroud from\n\nWhy?", "is_submitter": false, "distinguished": null, "created_utc": 1532250299.0, "parent_id": "t1_e2taioc", "replies": [{"author": "DELETED", "id": "e2ttzm0", "score": 8, "subreddit": "BuyItForLife", "author_flair": null, "submission": "90r0tx", "stickied": false, "body": "Beer", "is_submitter": false, "distinguished": null, "created_utc": 1532263092.0, "parent_id": "t1_e2to5ff", "replies": [{"author": "DisappointedBird", "id": "e2tv0ge", "score": 3, "subreddit": "BuyItForLife", "author_flair": null, "submission": "90r0tx", "stickied": false, "body": "Oh. ", "is_submitter": false, "distinguished": null, "created_utc": 1532264698.0, "parent_id": "t1_e2ttzm0", "replies": []}]}]}, {"author": "DELETED", "id": "e2tf3op", "score": 1, "subreddit": "BuyItForLife", "author_flair": null, "submission": "90r0tx", "stickied": false, "body": "[deleted]", "is_submitter": false, "distinguished": null, "created_utc": 1532233812.0, "parent_id": "t1_e2taioc", "replies": [{"author": "DELETED", "id": "e2tf8r4", "score": 5, "subreddit": "BuyItForLife", "author_flair": null, "submission": "90r0tx", "stickied": false, "body": "Early 00\u2019s, no camera phone fir a few years yet. ", "is_submitter": false, "distinguished": null, "created_utc": 1532234001.0, "parent_id": "t1_e2tf3op", "replies": []}]}]}, {"author": "InAFakeBritishAccent", "id": "e2tklqc", "score": 5, "subreddit": "BuyItForLife", "author_flair": null, "submission": "90r0tx", "stickied": false, "body": "I feel OK living in that world. It weeds out the stupid, slow and unlucky. I'm good tho, I put the \"IAL\" in S.P.E.C.I.A.L.", "is_submitter": false, "distinguished": null, "created_utc": 1532242832.0, "parent_id": "t1_e2t9agm", "replies": [{"author": "Diorama42", "id": "e2tv0z9", "score": 3, "subreddit": "BuyItForLife", "author_flair": null, "submission": "90r0tx", "stickied": false, "body": "I Am Lucky?", "is_submitter": false, "distinguished": null, "created_utc": 1532264720.0, "parent_id": "t1_e2tklqc", "replies": [{"author": "JasonDJ", "id": "e2u1k9m", "score": 2, "subreddit": "BuyItForLife", "author_flair": null, "submission": "90r0tx", "stickied": false, "body": "Intelligence, Agility, and Luck.  It's a Fallout reference.", "is_submitter": false, "distinguished": null, "created_utc": 1532272688.0, "parent_id": "t1_e2tv0z9", "replies": []}]}]}, {"author": "Phreakiture", "id": "e2tt46o", "score": 5, "subreddit": "BuyItForLife", "author_flair": null, "submission": "90r0tx", "stickied": false, "body": "That was one of the things I remember about my Grandpa , actually.\n\nGrandpa was very knowledgeable, because he had the same curiosity about things that I do, so I would ask a lot of questions. But, if my line of questions started to lead to something that would do damage, his response was to advise very gently, \"Well, you just don't do that.\"\n\nI miss him. Thanks for the fond reminder. ", "is_submitter": false, "distinguished": null, "created_utc": 1532261558.0, "parent_id": "t1_e2t9agm", "replies": []}, {"author": "DELETED", "id": "e2tsvge", "score": 5, "subreddit": "BuyItForLife", "author_flair": null, "submission": "90r0tx", "stickied": false, "body": "Maybe the key to dealing with over-population is to just take safety labels off things and let Darwinism play out.", "is_submitter": false, "distinguished": null, "created_utc": 1532261101.0, "parent_id": "t1_e2t9agm", "replies": [{"author": "Diorama42", "id": "e2tv4y8", "score": -4, "subreddit": "BuyItForLife", "author_flair": null, "submission": "90r0tx", "stickied": false, "body": "Or just kill the lowest performing 30% of each school grade. Far more efficient, doesn\u2019t leave it to dumb luck.\nAvoids the situation where the dumb-fuck brother knocks the dangerous appliance into the more intelligent sibling.", "is_submitter": false, "distinguished": null, "created_utc": 1532264885.0, "parent_id": "t1_e2tsvge", "replies": []}]}, {"author": "eta10mcleod", "id": "e34o3zs", "score": 3, "subreddit": "BuyItForLife", "author_flair": null, "submission": "90r0tx", "stickied": false, "body": "all human safety mechanisms before ~~1980~~ we started to protect every idiot on the planet, mostly due to the stupid american law system and the companys fear of being sued by a stupid person doing stupid things.", "is_submitter": false, "distinguished": null, "created_utc": 1532699796.0, "parent_id": "t1_e2t9agm", "replies": [{"author": "copperwatt", "id": "e35nh7r", "score": 3, "subreddit": "BuyItForLife", "author_flair": null, "submission": "90r0tx", "stickied": false, "body": "Well, to be fair car safety standards have saved hundreds of thousands of lives, many who where doing nothing more stupid than sitting in a car. And OSHA and the like have saved generations of the workers being forced to work in toxic and maming work environments.", "is_submitter": false, "distinguished": null, "created_utc": 1532730693.0, "parent_id": "t1_e34o3zs", "replies": []}]}]}, {"author": "csl110", "id": "e2u53db", "score": 1, "subreddit": "BuyItForLife", "author_flair": null, "submission": "90r0tx", "stickied": false, "body": "Father Gregory had these fans set up all over Ravenholme", "is_submitter": false, "distinguished": null, "created_utc": 1532276350.0, "parent_id": "t1_e2t38io", "replies": []}]}, {"author": "corntorteeya", "id": "e2t8bq0", "score": 40, "subreddit": "BuyItForLife", "author_flair": null, "submission": "90r0tx", "stickied": false, "body": "No fan shroud? \n\nr/BuyItForDeath ", "is_submitter": false, "distinguished": null, "created_utc": 1532225124.0, "parent_id": "t1_e2szw4p", "replies": [{"author": "DELETED", "id": "e2tajuo", "score": 14, "subreddit": "BuyItForLife", "author_flair": null, "submission": "90r0tx", "stickied": false, "body": "We need to revive this sub.", "is_submitter": false, "distinguished": null, "created_utc": 1532227804.0, "parent_id": "t1_e2t8bq0", "replies": [{"author": "BluShine", "id": "e2tqcfe", "score": 1, "subreddit": "BuyItForLife", "author_flair": null, "submission": "90r0tx", "stickied": false, "body": "Ask /u/bishmanrock", "is_submitter": false, "distinguished": null, "created_utc": 1532255602.0, "parent_id": "t1_e2tajuo", "replies": [{"author": "bishmanrock", "id": "e2tqpw0", "score": 2, "subreddit": "BuyItForLife", "author_flair": null, "submission": "90r0tx", "stickied": false, "body": "No need to ask - the subreddit is open for submissions whenever anyone sees anything relevant.", "is_submitter": false, "distinguished": null, "created_utc": 1532256493.0, "parent_id": "t1_e2tqcfe", "replies": []}]}]}]}, {"author": "m15cell", "id": "e2t7lpu", "score": 8, "subreddit": "BuyItForLife", "author_flair": null, "submission": "90r0tx", "stickied": false, "body": "I\u2019ll sleep hot when I\u2019m dead.", "is_submitter": false, "distinguished": null, "created_utc": 1532224248.0, "parent_id": "t1_e2szw4p", "replies": []}, {"author": "Falc0n28", "id": "e2t2jss", "score": 7, "subreddit": "BuyItForLife", "author_flair": null, "submission": "90r0tx", "stickied": false, "body": "Poor safety is best safety", "is_submitter": false, "distinguished": null, "created_utc": 1532218284.0, "parent_id": "t1_e2szw4p", "replies": [{"author": "Ahem_ak_achem_ACHOO", "id": "e2t757h", "score": 0, "subreddit": "BuyItForLife", "author_flair": null, "submission": "90r0tx", "stickied": false, "body": "Is crazyrussianhackers cyka motto", "is_submitter": false, "distinguished": null, "created_utc": 1532223693.0, "parent_id": "t1_e2t2jss", "replies": []}]}, {"author": "ChewinTheFat", "id": "e2tfc83", "score": 2, "subreddit": "BuyItForLife", "author_flair": null, "submission": "90r0tx", "stickied": false, "body": "Throw caution to the wind", "is_submitter": false, "distinguished": null, "created_utc": 1532234135.0, "parent_id": "t1_e2szw4p", "replies": []}, {"author": "DELETED", "id": "e339y8i", "score": 1, "subreddit": "BuyItForLife", "author_flair": null, "submission": "90r0tx", "stickied": false, "body": "I came here wondering how many injuries that has caused over its lifetime. ", "is_submitter": false, "distinguished": null, "created_utc": 1532637265.0, "parent_id": "t1_e2szw4p", "replies": []}]}, {"author": "Throwawaymister2", "id": "e2t0gvv", "score": 47, "subreddit": "BuyItForLife", "author_flair": null, "submission": "90r0tx", "stickied": false, "body": "you cool bro?", "is_submitter": false, "distinguished": null, "created_utc": 1532215952.0, "parent_id": "t3_90r0tx", "replies": [{"author": "830311", "id": "e2t0jov", "score": 35, "subreddit": "BuyItForLife", "author_flair": null, "submission": "90r0tx", "stickied": false, "body": "As long as the fan keeps working", "is_submitter": true, "distinguished": null, "created_utc": 1532216037.0, "parent_id": "t1_e2t0gvv", "replies": [{"author": "Throwawaymister2", "id": "e2t0pbd", "score": 14, "subreddit": "BuyItForLife", "author_flair": null, "submission": "90r0tx", "stickied": false, "body": "yeah, you're cool.", "is_submitter": false, "distinguished": null, "created_utc": 1532216212.0, "parent_id": "t1_e2t0jov", "replies": []}, {"author": "LORDFAIRFAX", "id": "e2tdhjw", "score": -3, "subreddit": "BuyItForLife", "author_flair": null, "submission": "90r0tx", "stickied": false, "body": "Woooosh", "is_submitter": false, "distinguished": null, "created_utc": 1532231584.0, "parent_id": "t1_e2t0jov", "replies": [{"author": "DELETED", "id": "e2twclo", "score": 4, "subreddit": "BuyItForLife", "author_flair": null, "submission": "90r0tx", "stickied": false, "body": "Woshhhhhhhhhhhhhhhhhhhhhhhhhhhh all summer long", "is_submitter": false, "distinguished": null, "created_utc": 1532266619.0, "parent_id": "t1_e2tdhjw", "replies": []}]}]}]}, {"author": "DELETED", "id": "e2sz3sw", "score": 61, "subreddit": "BuyItForLife", "author_flair": null, "submission": "90r0tx", "stickied": false, "body": "Any specs on the electrical draw on the bottom?  Curious if fans were as inefficient as everything else from that era. ", "is_submitter": false, "distinguished": null, "created_utc": 1532214400.0, "parent_id": "t3_90r0tx", "replies": [{"author": "DELETED", "id": "e2szekb", "score": 25, "subreddit": "BuyItForLife", "author_flair": null, "submission": "90r0tx", "stickied": false, "body": "[removed]", "is_submitter": false, "distinguished": null, "created_utc": 1532214742.0, "parent_id": "t1_e2sz3sw", "replies": [{"author": "sixstringsg", "id": "e2t42sm", "score": 32, "subreddit": "BuyItForLife", "author_flair": null, "submission": "90r0tx", "stickied": false, "body": "15W, 220V for those curious. ", "is_submitter": false, "distinguished": null, "created_utc": 1532220066.0, "parent_id": "t1_e2szekb", "replies": [{"author": "PeacefullyInsane", "id": "e2t53st", "score": 10, "subreddit": "BuyItForLife", "author_flair": null, "submission": "90r0tx", "stickied": false, "body": "> 220V\n\nOP is European I assume, possibly UK?", "is_submitter": false, "distinguished": null, "created_utc": 1532221282.0, "parent_id": "t1_e2t42sm", "replies": [{"author": "thirstymario", "id": "e2tt51k", "score": 5, "subreddit": "BuyItForLife", "author_flair": null, "submission": "90r0tx", "stickied": false, "body": "Probably Dutch since Philips is also Dutch.", "is_submitter": false, "distinguished": null, "created_utc": 1532261601.0, "parent_id": "t1_e2t53st", "replies": [{"author": "DELETED", "id": "e2twd5j", "score": 6, "subreddit": "BuyItForLife", "author_flair": null, "submission": "90r0tx", "stickied": false, "body": "TIL\n\nAlways assumed it was German ", "is_submitter": false, "distinguished": null, "created_utc": 1532266639.0, "parent_id": "t1_e2tt51k", "replies": []}]}]}]}, {"author": "DELETED", "id": "e2tc0bp", "score": 29, "subreddit": "BuyItForLife", "author_flair": null, "submission": "90r0tx", "stickied": false, "body": "Careful, friend. Looks like your real name might be attached to that Dropbox link. ", "is_submitter": false, "distinguished": null, "created_utc": 1532229656.0, "parent_id": "t1_e2szekb", "replies": [{"author": "830311", "id": "e2tpkti", "score": 9, "subreddit": "BuyItForLife", "author_flair": null, "submission": "90r0tx", "stickied": false, "body": "Oops yep. Ty. Changed it", "is_submitter": true, "distinguished": null, "created_utc": 1532253708.0, "parent_id": "t1_e2tc0bp", "replies": [{"author": "brainstorm42", "id": "e2u23kq", "score": 3, "subreddit": "BuyItForLife", "author_flair": null, "submission": "90r0tx", "stickied": false, "body": "Good. Once your real name gets out there you really need to get a new one. ", "is_submitter": false, "distinguished": null, "created_utc": 1532273253.0, "parent_id": "t1_e2tpkti", "replies": []}]}, {"author": "yech", "id": "e2tohnt", "score": 2, "subreddit": "BuyItForLife", "author_flair": null, "submission": "90r0tx", "stickied": false, "body": "Phillips Holland.", "is_submitter": false, "distinguished": null, "created_utc": 1532251087.0, "parent_id": "t1_e2tc0bp", "replies": []}]}, {"author": "PeacefullyInsane", "id": "e2t54ij", "score": 8, "subreddit": "BuyItForLife", "author_flair": null, "submission": "90r0tx", "stickied": false, "body": ">220V\n\nYou from the UK?", "is_submitter": false, "distinguished": null, "created_utc": 1532221305.0, "parent_id": "t1_e2szekb", "replies": [{"author": "830311", "id": "e2t5mnp", "score": 27, "subreddit": "BuyItForLife", "author_flair": null, "submission": "90r0tx", "stickied": false, "body": "I'm made in Holland like the fan is ;)", "is_submitter": true, "distinguished": null, "created_utc": 1532221905.0, "parent_id": "t1_e2t54ij", "replies": [{"author": "DELETED", "id": "e2twgeg", "score": 3, "subreddit": "BuyItForLife", "author_flair": null, "submission": "90r0tx", "stickied": false, "body": "I'm a big fan of Holland ! Groene thee", "is_submitter": false, "distinguished": null, "created_utc": 1532266762.0, "parent_id": "t1_e2t5mnp", "replies": [{"author": "Durrham", "id": "e2tzdmh", "score": 5, "subreddit": "BuyItForLife", "author_flair": null, "submission": "90r0tx", "stickied": false, "body": "As opposed to OPs little fan of Holland", "is_submitter": false, "distinguished": null, "created_utc": 1532270361.0, "parent_id": "t1_e2twgeg", "replies": []}]}]}]}]}, {"author": "gvbargen", "id": "e2t7tq2", "score": 11, "subreddit": "BuyItForLife", "author_flair": null, "submission": "90r0tx", "stickied": false, "body": "You can't tell from a fans nameplate.... \n\nUnless it has estimated flow as well.  Which is pretty uncommon.\n\nIt's probably an induction motor near the efficiency of today's", "is_submitter": false, "distinguished": null, "created_utc": 1532224513.0, "parent_id": "t1_e2sz3sw", "replies": []}, {"author": "sprashoo", "id": "e2t8yqp", "score": 17, "subreddit": "BuyItForLife", "author_flair": null, "submission": "90r0tx", "stickied": false, "body": "I don\u2019t think plain old electric motors have changed much. ", "is_submitter": false, "distinguished": null, "created_utc": 1532225890.0, "parent_id": "t1_e2sz3sw", "replies": [{"author": "Lampshader", "id": "e2tnwhy", "score": 13, "subreddit": "BuyItForLife", "author_flair": null, "submission": "90r0tx", "stickied": false, "body": "Modern brushless DC motors are much more efficient than old AC induction motors though", "is_submitter": false, "distinguished": null, "created_utc": 1532249738.0, "parent_id": "t1_e2t8yqp", "replies": [{"author": "sprashoo", "id": "e2tu578", "score": 4, "subreddit": "BuyItForLife", "author_flair": null, "submission": "90r0tx", "stickied": false, "body": "Ah... but do household fans use DC? We\u2019re not talking Tesla cars here ;)", "is_submitter": false, "distinguished": null, "created_utc": 1532263353.0, "parent_id": "t1_e2tnwhy", "replies": [{"author": "Lampshader", "id": "e2uu9ii", "score": 3, "subreddit": "BuyItForLife", "author_flair": null, "submission": "90r0tx", "stickied": false, "body": ">Tesla cars\n\nUmm\n\n>Nikola Tesla was a Serbian-American  inventor, electrical engineer, mechanical engineer, physicist, and  futurist who is best known for his contributions to the design of the  modern **alternating current** electricity supply system.\n\nTesla cars, as you'd expect given their namesake, run AC induction motors. (update: oh, the Model 3 actually uses an AC permanent magnet motor)\n\nComputer fans run DC brushless motors, and yes, you can get them in desktop and even ceiling fans too. (I don't personally like Dyson products, but [their motors are brushless DC](https://www.dyson.com/fans-and-heaters/dyson-cool-technology.html))", "is_submitter": false, "distinguished": null, "created_utc": 1532301665.0, "parent_id": "t1_e2tu578", "replies": [{"author": "sprashoo", "id": "e2vr22g", "score": 1, "subreddit": "BuyItForLife", "author_flair": null, "submission": "90r0tx", "stickied": false, "body": "Hm. Why would Teslas use AC motors (off DC batteries!) if they could be so much more efficient with DC?", "is_submitter": false, "distinguished": null, "created_utc": 1532349710.0, "parent_id": "t1_e2uu9ii", "replies": [{"author": "Lampshader", "id": "e2wqkps", "score": 2, "subreddit": "BuyItForLife", "author_flair": null, "submission": "90r0tx", "stickied": false, "body": "Do some research and you'll figure it out ;)", "is_submitter": false, "distinguished": null, "created_utc": 1532382004.0, "parent_id": "t1_e2vr22g", "replies": [{"author": "sprashoo", "id": "e2wrc4k", "score": 1, "subreddit": "BuyItForLife", "author_flair": null, "submission": "90r0tx", "stickied": false, "body": "I tried but it\u2019s seemingly quite complex. But it does seem like the simplified \u2018DC is more efficient than AC\u2019 info being spread here isn\u2019t correct ", "is_submitter": false, "distinguished": null, "created_utc": 1532382709.0, "parent_id": "t1_e2wqkps", "replies": [{"author": "Lampshader", "id": "e2wsvq6", "score": 1, "subreddit": "BuyItForLife", "author_flair": null, "submission": "90r0tx", "stickied": false, "body": "PM is more efficient than induction. Whether you call it AC PM or BL DC is pretty arbitrary.\n\n(Pedantic note: not all bldc are PM, but most are)", "is_submitter": false, "distinguished": null, "created_utc": 1532384165.0, "parent_id": "t1_e2wrc4k", "replies": []}]}]}]}]}, {"author": "DiggSucksNow", "id": "e2tyc8m", "score": 3, "subreddit": "BuyItForLife", "author_flair": null, "submission": "90r0tx", "stickied": false, "body": "The efficient ones do, yes.", "is_submitter": false, "distinguished": null, "created_utc": 1532269211.0, "parent_id": "t1_e2tu578", "replies": [{"author": "sprashoo", "id": "e2u2pkk", "score": 1, "subreddit": "BuyItForLife", "author_flair": null, "submission": "90r0tx", "stickied": false, "body": "Examples? Wouldn\u2019t the AC to DC conversion lose energy as well?", "is_submitter": false, "distinguished": null, "created_utc": 1532273892.0, "parent_id": "t1_e2tyc8m", "replies": [{"author": "DiggSucksNow", "id": "e2u898i", "score": 2, "subreddit": "BuyItForLife", "author_flair": null, "submission": "90r0tx", "stickied": false, "body": "[Vendor site](https://www.lumens.com/fan-buyers-guide/why-choose-dc-fans.html) so do independent research, but:\n\n>What's not to love about fans with DC motors? They consume up to 70% less energy and run almost silently.", "is_submitter": false, "distinguished": null, "created_utc": 1532279499.0, "parent_id": "t1_e2u2pkk", "replies": [{"author": "sprashoo", "id": "e2u8ii5", "score": 1, "subreddit": "BuyItForLife", "author_flair": null, "submission": "90r0tx", "stickied": false, "body": "Ah, thanks. Not really table fans though.  ", "is_submitter": false, "distinguished": null, "created_utc": 1532279755.0, "parent_id": "t1_e2u898i", "replies": [{"author": "DiggSucksNow", "id": "e2u8xpx", "score": 2, "subreddit": "BuyItForLife", "author_flair": null, "submission": "90r0tx", "stickied": false, "body": "DC table fans exist.", "is_submitter": false, "distinguished": null, "created_utc": 1532280172.0, "parent_id": "t1_e2u8ii5", "replies": []}]}]}]}]}]}]}]}, {"author": "ksquad80", "id": "e2t3h5b", "score": 11, "subreddit": "BuyItForLife", "author_flair": null, "submission": "90r0tx", "stickied": false, "body": "Ok banana what\u2019s the verdict??", "is_submitter": false, "distinguished": null, "created_utc": 1532219360.0, "parent_id": "t1_e2sz3sw", "replies": [{"author": "DELETED", "id": "e2trfo2", "score": 3, "subreddit": "BuyItForLife", "author_flair": null, "submission": "90r0tx", "stickied": false, "body": "0.06 amp draw's on par with modern 6\"-8\" fans.  Not bad at all. ", "is_submitter": false, "distinguished": null, "created_utc": 1532258140.0, "parent_id": "t1_e2t3h5b", "replies": []}]}, {"author": "DialsMavis", "id": "e2t6qo7", "score": 1, "subreddit": "BuyItForLife", "author_flair": null, "submission": "90r0tx", "stickied": false, "body": "Would it likely put off more heat from the old motor?", "is_submitter": false, "distinguished": null, "created_utc": 1532223204.0, "parent_id": "t1_e2sz3sw", "replies": []}, {"author": "ksavage68", "id": "e2tcunv", "score": 1, "subreddit": "BuyItForLife", "author_flair": null, "submission": "90r0tx", "stickied": false, "body": "I just surprised the brushes aren't worn out in the motor. ", "is_submitter": false, "distinguished": null, "created_utc": 1532230749.0, "parent_id": "t1_e2sz3sw", "replies": [{"author": "LucubrateIsh", "id": "e2u26kn", "score": 1, "subreddit": "BuyItForLife", "author_flair": null, "submission": "90r0tx", "stickied": false, "body": "Could use a squirrel cage instead", "is_submitter": false, "distinguished": null, "created_utc": 1532273340.0, "parent_id": "t1_e2tcunv", "replies": []}]}]}, {"author": "DELETED", "id": "e2srn57", "score": 59, "subreddit": "BuyItForLife", "author_flair": null, "submission": "90r0tx", "stickied": false, "body": "Cool.", "is_submitter": false, "distinguished": null, "created_utc": 1532206206.0, "parent_id": "t3_90r0tx", "replies": []}, {"author": "Szos", "id": "e2t9f0n", "score": 12, "subreddit": "BuyItForLife", "author_flair": null, "submission": "90r0tx", "stickied": false, "body": "Is that base supposed to be White or is the plastic supposed to be yellow?\n\nIf it is indeed supposed to be white, I highly recommend you get some retrobright and remove the oxidation from that plastic and return it back to its original color.\n\nBTW, do you have a model number for that fan?  I wonder if I could find one on eBay - I think it looks really cool.", "is_submitter": false, "distinguished": null, "created_utc": 1532226430.0, "parent_id": "t3_90r0tx", "replies": [{"author": "830311", "id": "e2tpfjc", "score": 7, "subreddit": "BuyItForLife", "author_flair": null, "submission": "90r0tx", "stickied": false, "body": "Philips Hz 5170", "is_submitter": true, "distinguished": null, "created_utc": 1532253351.0, "parent_id": "t1_e2t9f0n", "replies": []}, {"author": "Fatlantis", "id": "e2tqjeq", "score": 3, "subreddit": "BuyItForLife", "author_flair": null, "submission": "90r0tx", "stickied": false, "body": "I just typed \"retro fan\" into ebay and got lots of cool fans like OP's. I  really like the style of that era!", "is_submitter": false, "distinguished": null, "created_utc": 1532256074.0, "parent_id": "t1_e2t9f0n", "replies": [{"author": "Szos", "id": "e2tscxx", "score": 3, "subreddit": "BuyItForLife", "author_flair": null, "submission": "90r0tx", "stickied": false, "body": "Midcentury FTW", "is_submitter": false, "distinguished": null, "created_utc": 1532260093.0, "parent_id": "t1_e2tqjeq", "replies": []}]}, {"author": "830311", "id": "e2tqlx6", "score": 3, "subreddit": "BuyItForLife", "author_flair": null, "submission": "90r0tx", "stickied": false, "body": ">retrobright\n\nAnd thank you, I didnt know such a thing existed. Ill definitely use it, aswell for my old nintendo consoles", "is_submitter": true, "distinguished": null, "created_utc": 1532256235.0, "parent_id": "t1_e2t9f0n", "replies": []}]}, {"author": "lelememe", "id": "e2sx1h8", "score": 5, "subreddit": "BuyItForLife", "author_flair": null, "submission": "90r0tx", "stickied": false, "body": "Thats cool", "is_submitter": false, "distinguished": null, "created_utc": 1532212108.0, "parent_id": "t3_90r0tx", "replies": []}, {"author": "hampoule", "id": "e2swewm", "score": 4, "subreddit": "BuyItForLife", "author_flair": null, "submission": "90r0tx", "stickied": false, "body": "nice desing", "is_submitter": false, "distinguished": null, "created_utc": 1532211409.0, "parent_id": "t3_90r0tx", "replies": []}, {"author": "DELETED", "id": "e2si6z4", "score": 65, "subreddit": "BuyItForLife", "author_flair": null, "submission": "90r0tx", "stickied": false, "body": "[deleted]", "is_submitter": false, "distinguished": null, "created_utc": 1532196303.0, "parent_id": "t3_90r0tx", "replies": [{"author": "junkfunk", "id": "e2ssruw", "score": 115, "subreddit": "BuyItForLife", "author_flair": null, "submission": "90r0tx", "stickied": false, "body": "They probably did hurt people, hence putting on fan cages now. I am guessing most people that walk into fans don't mean to.", "is_submitter": false, "distinguished": null, "created_utc": 1532207416.0, "parent_id": "t1_e2si6z4", "replies": [{"author": "PM_ME_UR_THROW_AWAYS", "id": "e2t1eqq", "score": 44, "subreddit": "BuyItForLife", "author_flair": null, "submission": "90r0tx", "stickied": false, "body": "A guy I work with used to make prosthetics. Said airshow season was really good business, since the propellers move too fast to see if you're not paying attention. Lots of lost hands that way", "is_submitter": false, "distinguished": null, "created_utc": 1532217007.0, "parent_id": "t1_e2ssruw", "replies": [{"author": "DELETED", "id": "e2tirvb", "score": 9, "subreddit": "BuyItForLife", "author_flair": null, "submission": "90r0tx", "stickied": false, "body": "[deleted]", "is_submitter": false, "distinguished": null, "created_utc": 1532239475.0, "parent_id": "t1_e2t1eqq", "replies": [{"author": "BluShine", "id": "e2tqp5h", "score": 9, "subreddit": "BuyItForLife", "author_flair": null, "submission": "90r0tx", "stickied": false, "body": "The engine of a plane is so loud that you can't hear anything else, and most people working near airplanes are wearing heavy-duty ear protection. \n\nAlso, the propeller might be idling at a relatively low speed that produces very little wind, but can still easily shred a human. Airplane runways can also be naturally very windy.\n\n[This part of a propeller safety video](https://youtu.be/k-VH6OaDIdk?t=158) shows you just how close ground crew are often working to a spinning propeller. It's easy to see how someone could accidentally make contact with the propeller if they're working with an unfamiliar plane, or something else goes wrong. ", "is_submitter": false, "distinguished": null, "created_utc": 1532256447.0, "parent_id": "t1_e2tirvb", "replies": []}]}]}, {"author": "pfak", "id": "e2t98yp", "score": 12, "subreddit": "BuyItForLife", "author_flair": null, "submission": "90r0tx", "stickied": false, "body": "They still sell fans without cages:\n\nhttps://www.amazon.ca/Chinook-7-Inch-White-AC-Fan/dp/B0010UPOEQ/\n\nI've got one of these that's running strong after 30 years, and two new ones. ", "is_submitter": false, "distinguished": null, "created_utc": 1532226230.0, "parent_id": "t1_e2ssruw", "replies": []}, {"author": "hajamieli", "id": "e2synf8", "score": 21, "subreddit": "BuyItForLife", "author_flair": null, "submission": "90r0tx", "stickied": false, "body": "Yet nowadays you could put things like leds in the blades to [display moving images](https://www.youtube.com/watch?v=XT31stwjf3M) and generally make the fans more visible.", "is_submitter": false, "distinguished": null, "created_utc": 1532213891.0, "parent_id": "t1_e2ssruw", "replies": [{"author": "MCbrodie", "id": "e2t026g", "score": 7, "subreddit": "BuyItForLife", "author_flair": null, "submission": "90r0tx", "stickied": false, "body": "I never knew I needed this.", "is_submitter": false, "distinguished": null, "created_utc": 1532215485.0, "parent_id": "t1_e2synf8", "replies": [{"author": "DELETED", "id": "e2t1fiv", "score": 44, "subreddit": "BuyItForLife", "author_flair": null, "submission": "90r0tx", "stickied": false, "body": "[deleted]", "is_submitter": false, "distinguished": null, "created_utc": 1532217029.0, "parent_id": "t1_e2t026g", "replies": [{"author": "brainstorm42", "id": "e2u27dy", "score": 2, "subreddit": "BuyItForLife", "author_flair": null, "submission": "90r0tx", "stickied": false, "body": "/r/anticonsumption", "is_submitter": false, "distinguished": null, "created_utc": 1532273364.0, "parent_id": "t1_e2t1fiv", "replies": []}]}]}]}, {"author": "DELETED", "id": "e2t3a0n", "score": -16, "subreddit": "BuyItForLife", "author_flair": null, "submission": "90r0tx", "stickied": false, "body": "[deleted]", "is_submitter": false, "distinguished": null, "created_utc": 1532219134.0, "parent_id": "t1_e2ssruw", "replies": [{"author": "pepsifactory", "id": "e2t4tic", "score": 15, "subreddit": "BuyItForLife", "author_flair": null, "submission": "90r0tx", "stickied": false, "body": "Why are you so upset about cages being put over fans lmfao", "is_submitter": false, "distinguished": null, "created_utc": 1532220944.0, "parent_id": "t1_e2t3a0n", "replies": [{"author": "DELETED", "id": "e2tinwj", "score": -9, "subreddit": "BuyItForLife", "author_flair": null, "submission": "90r0tx", "stickied": false, "body": "[deleted]", "is_submitter": false, "distinguished": null, "created_utc": 1532239286.0, "parent_id": "t1_e2t4tic", "replies": [{"author": "wizcaps", "id": "e2tprcf", "score": 6, "subreddit": "BuyItForLife", "author_flair": null, "submission": "90r0tx", "stickied": false, "body": "Wow you\u2019re in the top 0.0000001% of intelligence? \n\nLookout everyone we\u2019re in the presence of a genius", "is_submitter": false, "distinguished": null, "created_utc": 1532254161.0, "parent_id": "t1_e2tinwj", "replies": []}]}]}, {"author": "junkfunk", "id": "e2t3kma", "score": 23, "subreddit": "BuyItForLife", "author_flair": null, "submission": "90r0tx", "stickied": false, "body": "I for one am fine with safety regulations. If you don\u2019t like the cage, take it off.  I really doubt it was government regulation that did it though, more likely legal liability. ", "is_submitter": false, "distinguished": null, "created_utc": 1532219469.0, "parent_id": "t1_e2t3a0n", "replies": [{"author": "bluecamel17", "id": "e2t42hy", "score": 25, "subreddit": "BuyItForLife", "author_flair": null, "submission": "90r0tx", "stickied": false, "body": "Or just consumers who aren't trying to mask insecurities and just want a damn fan that doesn't bite and is safe for toddlers to be around.", "is_submitter": false, "distinguished": null, "created_utc": 1532220057.0, "parent_id": "t1_e2t3kma", "replies": []}]}]}]}, {"author": "830311", "id": "e2sic2g", "score": 35, "subreddit": "BuyItForLife", "author_flair": null, "submission": "90r0tx", "stickied": false, "body": "The blades are even made out of rubber, so they can't do that much damage", "is_submitter": true, "distinguished": null, "created_utc": 1532196453.0, "parent_id": "t1_e2si6z4", "replies": [{"author": "diceblue", "id": "e2t16s1", "score": 8, "subreddit": "BuyItForLife", "author_flair": null, "submission": "90r0tx", "stickied": false, "body": "OP you must test this for science ", "is_submitter": false, "distinguished": null, "created_utc": 1532216762.0, "parent_id": "t1_e2sic2g", "replies": [{"author": "830311", "id": "e2t1ec8", "score": 33, "subreddit": "BuyItForLife", "author_flair": null, "submission": "90r0tx", "stickied": false, "body": "If you really think I didn't stick my finger in there when I got it, then you are sadly mistaken ;)", "is_submitter": true, "distinguished": null, "created_utc": 1532216995.0, "parent_id": "t1_e2t16s1", "replies": [{"author": "Falc0n28", "id": "e2t2lkt", "score": 2, "subreddit": "BuyItForLife", "author_flair": null, "submission": "90r0tx", "stickied": false, "body": "Then get a chicken wing or a hotdog", "is_submitter": false, "distinguished": null, "created_utc": 1532218339.0, "parent_id": "t1_e2t1ec8", "replies": [{"author": "cannongibb", "id": "e2ta9po", "score": 10, "subreddit": "BuyItForLife", "author_flair": null, "submission": "90r0tx", "stickied": false, "body": "He\u2019s saying he did", "is_submitter": false, "distinguished": null, "created_utc": 1532227458.0, "parent_id": "t1_e2t2lkt", "replies": [{"author": "MadCervantes", "id": "e2tdfaq", "score": 3, "subreddit": "BuyItForLife", "author_flair": null, "submission": "90r0tx", "stickied": false, "body": "Falcon just wants to see ops chicken wing or hotdog. Ew.", "is_submitter": false, "distinguished": null, "created_utc": 1532231500.0, "parent_id": "t1_e2ta9po", "replies": []}]}]}]}]}]}, {"author": "externality", "id": "e2szw8y", "score": 15, "subreddit": "BuyItForLife", "author_flair": null, "submission": "90r0tx", "stickied": false, "body": "You know, I was actually about to go onto ebay to find one of these cool fans until I pictured my cat putting her stupid face into it.", "is_submitter": false, "distinguished": null, "created_utc": 1532215298.0, "parent_id": "t1_e2si6z4", "replies": [{"author": "whimsicalsteve", "id": "e2t24d8", "score": 2, "subreddit": "BuyItForLife", "author_flair": null, "submission": "90r0tx", "stickied": false, "body": "Or being on the other side hand getting your hair stuck in it.", "is_submitter": false, "distinguished": null, "created_utc": 1532217799.0, "parent_id": "t1_e2szw8y", "replies": []}]}, {"author": "whimsicalsteve", "id": "e2t22ck", "score": 1, "subreddit": "BuyItForLife", "author_flair": null, "submission": "90r0tx", "stickied": false, "body": "If natural selection happened at the speed of Moore\u2019s law there would be a lot of dead people very quickly.", "is_submitter": false, "distinguished": null, "created_utc": 1532217735.0, "parent_id": "t1_e2si6z4", "replies": [{"author": "DrFujiwara", "id": "e2tln87", "score": 2, "subreddit": "BuyItForLife", "author_flair": null, "submission": "90r0tx", "stickied": false, "body": "I feel like you were downvoted unfairly. Given that means that twice as many people will die to natural selection every two years, you're technically correct.\n\nThe best kind of correct. ", "is_submitter": false, "distinguished": null, "created_utc": 1532244855.0, "parent_id": "t1_e2t22ck", "replies": []}]}]}, {"author": "Xenepa", "id": "e2tqb3c", "score": 3, "subreddit": "BuyItForLife", "author_flair": null, "submission": "90r0tx", "stickied": false, "body": "Damn, I realize we had that about 20 years ago. I remember using it as makeshift super powered potter's wheel to sculpt things in plasticine", "is_submitter": false, "distinguished": null, "created_utc": 1532255512.0, "parent_id": "t3_90r0tx", "replies": []}, {"author": "v8vh", "id": "e2tr3wh", "score": 3, "subreddit": "BuyItForLife", "author_flair": null, "submission": "90r0tx", "stickied": false, "body": "U can restore that yellowed plastic. Called retro brighting. 8 bit guy on youtube does it alot and its really easy.", "is_submitter": false, "distinguished": null, "created_utc": 1532257395.0, "parent_id": "t3_90r0tx", "replies": [{"author": "830311", "id": "e2trlhv", "score": 1, "subreddit": "BuyItForLife", "author_flair": null, "submission": "90r0tx", "stickied": false, "body": "Thank you. Yeah someone else said the same. I didn't know that existed. Will definitely use it, aswell for my old Nintendo consoles ", "is_submitter": true, "distinguished": null, "created_utc": 1532258498.0, "parent_id": "t1_e2tr3wh", "replies": [{"author": "v8vh", "id": "e2utc55", "score": 2, "subreddit": "BuyItForLife", "author_flair": null, "submission": "90r0tx", "stickied": false, "body": "I have wanted to but im so irrational about protecting my old consoles i havent taken the step yet. A non console item like this might be the ice breaker i need lol.", "is_submitter": false, "distinguished": null, "created_utc": 1532300671.0, "parent_id": "t1_e2trlhv", "replies": [{"author": "830311", "id": "e2vydmr", "score": 1, "subreddit": "BuyItForLife", "author_flair": null, "submission": "90r0tx", "stickied": false, "body": "Yeah now I see that you have to take them apart I'm also not so sure anymore :p", "is_submitter": true, "distinguished": null, "created_utc": 1532357583.0, "parent_id": "t1_e2utc55", "replies": []}]}]}]}, {"author": "keepthecharge", "id": "e2tur8j", "score": 3, "subreddit": "BuyItForLife", "author_flair": null, "submission": "90r0tx", "stickied": false, "body": "As a mechanical engineer, just letting you know of the potential to replace the fan blade construction with another design that delivers better airflow. The airfoils don't look too shabby but the shape/design that's used can definitely affect effective airflow. Could be a cool CAD + 3D printing project. That being said, the only things to be careful is not to increase torque on the motor shaft too much. Probably has a nice factor of safety included but still, better not to have it break in torsion and then fly off and away! ", "is_submitter": false, "distinguished": null, "created_utc": 1532264318.0, "parent_id": "t3_90r0tx", "replies": [{"author": "830311", "id": "e2yf40k", "score": 3, "subreddit": "BuyItForLife", "author_flair": null, "submission": "90r0tx", "stickied": false, "body": "Forgot to respond to this. But the airflow is actually really good for such a lil fan", "is_submitter": true, "distinguished": null, "created_utc": 1532453090.0, "parent_id": "t1_e2tur8j", "replies": [{"author": "keepthecharge", "id": "e2ykv96", "score": 3, "subreddit": "BuyItForLife", "author_flair": null, "submission": "90r0tx", "stickied": false, "body": "Cool! ", "is_submitter": false, "distinguished": null, "created_utc": 1532457744.0, "parent_id": "t1_e2yf40k", "replies": []}]}]}, {"author": "3rd_Shift", "id": "e2tdsg3", "score": 2, "subreddit": "BuyItForLife", "author_flair": null, "submission": "90r0tx", "stickied": false, "body": "How do you keep from banging your knuckles in the blades though?  HOW DO YOU KNOW NOT TO PUT YOUR FINGERS IN THE BLADES!?", "is_submitter": false, "distinguished": null, "created_utc": 1532231988.0, "parent_id": "t3_90r0tx", "replies": [{"author": "eta10mcleod", "id": "e34ocvd", "score": 3, "subreddit": "BuyItForLife", "author_flair": null, "submission": "90r0tx", "stickied": false, "body": "By having a three digit I.Q. would be my guess.", "is_submitter": false, "distinguished": null, "created_utc": 1532700028.0, "parent_id": "t1_e2tdsg3", "replies": []}]}, {"author": "DELETED", "id": "e2tot0x", "score": 2, "subreddit": "BuyItForLife", "author_flair": null, "submission": "90r0tx", "stickied": false, "body": "[deleted]", "is_submitter": false, "distinguished": null, "created_utc": 1532251835.0, "parent_id": "t3_90r0tx", "replies": [{"author": "830311", "id": "e2tpmxl", "score": 2, "subreddit": "BuyItForLife", "author_flair": null, "submission": "90r0tx", "stickied": false, "body": "https://m.ebay.fr/itm/Ventilateur-Philips-type-HZ-5170-Vintage-complet-H-20-cm-L-11-cm-/113151054293?oid=113089682448", "is_submitter": true, "distinguished": null, "created_utc": 1532253855.0, "parent_id": "t1_e2tot0x", "replies": []}]}, {"author": "BigBullin", "id": "e2u5ibs", "score": 2, "subreddit": "BuyItForLife", "author_flair": null, "submission": "90r0tx", "stickied": false, "body": "Seems pretty cool. I'm a fan.", "is_submitter": false, "distinguished": null, "created_utc": 1532276765.0, "parent_id": "t3_90r0tx", "replies": []}, {"author": "porgherder", "id": "e2t0teb", "score": 2, "subreddit": "BuyItForLife", "author_flair": null, "submission": "90r0tx", "stickied": false, "body": "Unfortunately that IKEA couch isn\u2019t bifl. \ud83d\ude02", "is_submitter": false, "distinguished": null, "created_utc": 1532216340.0, "parent_id": "t3_90r0tx", "replies": [{"author": "830311", "id": "e2t0wvq", "score": 5, "subreddit": "BuyItForLife", "author_flair": null, "submission": "90r0tx", "stickied": false, "body": "Haha impressive that you recognize it.", "is_submitter": true, "distinguished": null, "created_utc": 1532216449.0, "parent_id": "t1_e2t0teb", "replies": [{"author": "monsieurpeanutman", "id": "e2t2flr", "score": 5, "subreddit": "BuyItForLife", "author_flair": null, "submission": "90r0tx", "stickied": false, "body": "good ol' friheten ", "is_submitter": false, "distinguished": null, "created_utc": 1532218151.0, "parent_id": "t1_e2t0wvq", "replies": [{"author": "830311", "id": "e2t2hbv", "score": 2, "subreddit": "BuyItForLife", "author_flair": null, "submission": "90r0tx", "stickied": false, "body": "That's the one", "is_submitter": true, "distinguished": null, "created_utc": 1532218206.0, "parent_id": "t1_e2t2flr", "replies": []}]}]}, {"author": "mewlingquimlover", "id": "e2t16jt", "score": 1, "subreddit": "BuyItForLife", "author_flair": null, "submission": "90r0tx", "stickied": false, "body": "Hopefully it is at least flame retardant. If not it may be bifl very soon.", "is_submitter": false, "distinguished": null, "created_utc": 1532216755.0, "parent_id": "t1_e2t0teb", "replies": []}]}, {"author": "reformed1118", "id": "e2t33x3", "score": 3, "subreddit": "BuyItForLife", "author_flair": null, "submission": "90r0tx", "stickied": false, "body": "Right now when you took the picture? Or right now when you wrote the post? Or right now when I saw the post? Or right now when you're reading this comment? Or right now?\n\nEdit: unnecessary capitalization", "is_submitter": false, "distinguished": null, "created_utc": 1532218934.0, "parent_id": "t3_90r0tx", "replies": [{"author": "830311", "id": "e2t371u", "score": 2, "subreddit": "BuyItForLife", "author_flair": null, "submission": "90r0tx", "stickied": false, "body": "From when I posted till 5 mins ago ;)", "is_submitter": true, "distinguished": null, "created_utc": 1532219036.0, "parent_id": "t1_e2t33x3", "replies": []}, {"author": "LegendofLaw", "id": "e2t3z4o", "score": 2, "subreddit": "BuyItForLife", "author_flair": null, "submission": "90r0tx", "stickied": false, "body": "There is no such thing as the present, only past and future.....", "is_submitter": false, "distinguished": null, "created_utc": 1532219941.0, "parent_id": "t1_e2t33x3", "replies": [{"author": "reformed1118", "id": "e2t40dn", "score": 2, "subreddit": "BuyItForLife", "author_flair": null, "submission": "90r0tx", "stickied": false, "body": "So it isn't cooling you now.. But was and will be? ", "is_submitter": false, "distinguished": null, "created_utc": 1532219984.0, "parent_id": "t1_e2t3z4o", "replies": [{"author": "LegendofLaw", "id": "e3001cy", "score": 2, "subreddit": "BuyItForLife", "author_flair": null, "submission": "90r0tx", "stickied": false, "body": "Something like that.", "is_submitter": false, "distinguished": null, "created_utc": 1532516551.0, "parent_id": "t1_e2t40dn", "replies": []}]}]}]}, {"author": "neocondiment", "id": "e2t3m2t", "score": 2, "subreddit": "BuyItForLife", "author_flair": null, "submission": "90r0tx", "stickied": false, "body": "Really? It doesn\u2019t appear to be on.", "is_submitter": false, "distinguished": null, "created_utc": 1532219517.0, "parent_id": "t3_90r0tx", "replies": []}, {"author": "Kitten_Hammer", "id": "e2tme03", "score": 3, "subreddit": "BuyItForLife", "author_flair": null, "submission": "90r0tx", "stickied": false, "body": "My father lost a chunk of his ear to a cowlingless metal fan back in the 60s.\n\nCuriously, I was born without the same chunk in my own ear. ", "is_submitter": false, "distinguished": null, "created_utc": 1532246372.0, "parent_id": "t3_90r0tx", "replies": []}, {"author": "DELETED", "id": "e2te01c", "score": 1, "subreddit": "BuyItForLife", "author_flair": null, "submission": "90r0tx", "stickied": false, "body": "Just curious- how many Watts is it?", "is_submitter": false, "distinguished": null, "created_utc": 1532232277.0, "parent_id": "t3_90r0tx", "replies": [{"author": "830311", "id": "e2tpl4j", "score": 1, "subreddit": "BuyItForLife", "author_flair": null, "submission": "90r0tx", "stickied": false, "body": "15w", "is_submitter": true, "distinguished": null, "created_utc": 1532253731.0, "parent_id": "t1_e2te01c", "replies": []}]}, {"author": "SpellsThatWrong", "id": "e2tegj6", "score": 1, "subreddit": "BuyItForLife", "author_flair": null, "submission": "90r0tx", "stickied": false, "body": "Is it as effective as modern fans?", "is_submitter": false, "distinguished": null, "created_utc": 1532232908.0, "parent_id": "t3_90r0tx", "replies": []}, {"author": "MerlinsGymSocks", "id": "e2tg5ab", "score": 1, "subreddit": "BuyItForLife", "author_flair": null, "submission": "90r0tx", "stickied": false, "body": "Fuck safety!", "is_submitter": false, "distinguished": null, "created_utc": 1532235305.0, "parent_id": "t3_90r0tx", "replies": []}, {"author": "Xeno_Strike", "id": "e2thwjj", "score": 1, "subreddit": "BuyItForLife", "author_flair": null, "submission": "90r0tx", "stickied": false, "body": "Doesn't look like it, the blades aren't moving.", "is_submitter": false, "distinguished": null, "created_utc": 1532238008.0, "parent_id": "t3_90r0tx", "replies": []}, {"author": "bradgard420", "id": "e2tpvn8", "score": 1, "subreddit": "BuyItForLife", "author_flair": null, "submission": "90r0tx", "stickied": false, "body": "That can't be true because its off.", "is_submitter": false, "distinguished": null, "created_utc": 1532254463.0, "parent_id": "t3_90r0tx", "replies": []}, {"author": "bud_hasselhoff", "id": "e2tvgns", "score": 1, "subreddit": "BuyItForLife", "author_flair": null, "submission": "90r0tx", "stickied": false, "body": "I once bought a little desk fan that advertised a 5 year warranty.  It died right at the 5 year mark.", "is_submitter": false, "distinguished": null, "created_utc": 1532265372.0, "parent_id": "t3_90r0tx", "replies": []}, {"author": "vintagefancollector", "id": "e2vbkf6", "score": 1, "subreddit": "BuyItForLife", "author_flair": null, "submission": "90r0tx", "stickied": false, "body": "I wish modern fans could last as long as their vintage counterparts. ", "is_submitter": false, "distinguished": null, "created_utc": 1532321729.0, "parent_id": "t3_90r0tx", "replies": []}, {"author": "YoureInGoodHands", "id": "e2t04r3", "score": 1, "subreddit": "BuyItForLife", "author_flair": null, "submission": "90r0tx", "stickied": false, "body": "This model is called \"the finger shortener\". ", "is_submitter": false, "distinguished": null, "created_utc": 1532215567.0, "parent_id": "t3_90r0tx", "replies": []}, {"author": "idahocrab", "id": "e2t1mjr", "score": -1, "subreddit": "BuyItForLife", "author_flair": null, "submission": "90r0tx", "stickied": false, "body": "r/oldschoolcool sounds like a good place for this post too. Love it!", "is_submitter": false, "distinguished": null, "created_utc": 1532217244.0, "parent_id": "t3_90r0tx", "replies": [{"author": "830311", "id": "e2t1pel", "score": 5, "subreddit": "BuyItForLife", "author_flair": null, "submission": "90r0tx", "stickied": false, "body": "Thanks but all posts on that subreddit must feature a person", "is_submitter": true, "distinguished": null, "created_utc": 1532217333.0, "parent_id": "t1_e2t1mjr", "replies": [{"author": "idahocrab", "id": "e2t21d6", "score": 2, "subreddit": "BuyItForLife", "author_flair": null, "submission": "90r0tx", "stickied": false, "body": "Lol shows that I\u2019ve never tried to post there! Sorry about that!", "is_submitter": false, "distinguished": null, "created_utc": 1532217703.0, "parent_id": "t1_e2t1pel", "replies": []}]}]}, {"author": "BefuddledSpork", "id": "e2td3sp", "score": 0, "subreddit": "BuyItForLife", "author_flair": null, "submission": "90r0tx", "stickied": false, "body": "Ah, a better time when people could be trusted to not injure themselves doing stupid shit around rotating blades.", "is_submitter": false, "distinguished": null, "created_utc": 1532231078.0, "parent_id": "t3_90r0tx", "replies": []}, {"author": "Ikinhaszkarmakplx2", "id": "e2tm68b", "score": 0, "subreddit": "BuyItForLife", "author_flair": null, "submission": "90r0tx", "stickied": false, "body": "Bruh! Fuck you! I had one like this in me office. Somebody stole it! GIEV IT BACK!", "is_submitter": false, "distinguished": null, "created_utc": 1532245923.0, "parent_id": "t3_90r0tx", "replies": []}]}