{"title": "The Queen Mother\u2019s fridge has outlasted her.", "name": "t3_tfcd9p", "url": "https://www.thescottishsun.co.uk/news/853572/queen-mother-fridge-passed-electrical-test/", "selftext": "", "score": 12, "upvote_ratio": 0.84, "permalink": "/r/BuyItForLife/comments/tfcd9p/the_queen_mothers_fridge_has_outlasted_her/", "id": "tfcd9p", "author": "admburns2020", "link_flair_text": "Vintage", "num_comments": 18, "over_18": false, "spoiler": false, "pinned": false, "locked": false, "distinguished": null, "created_utc": 1647417448.0, "comments": [{"author": "lou_parr", "id": "i0uztq1", "score": 14, "subreddit": "BuyItForLife", "author_flair": null, "submission": "tfcd9p", "stickied": false, "body": "Yeah, this is one of the times when new technology is so much better than old that it makes sense to upgrade any fridge more than about 10 years old.\n\nEven a cheap, nasty fridge or freezer available now will be enormously more efficient than an old one, using less than half the electricity and likely less. With Queen Mother budget 1/10th is probably more reasonable. The one exception would be \"bar fridge\" type things which are often junk (many don't even have efficiency ratings).", "is_submitter": false, "distinguished": null, "created_utc": 1647418448.0, "parent_id": "t3_tfcd9p", "replies": [{"author": "bblickle", "id": "i0w04bn", "score": 9, "subreddit": "BuyItForLife", "author_flair": null, "submission": "tfcd9p", "stickied": false, "body": "Yes, a new fridge that lasts three years then goes to the landfill to be replaced is vastly more efficient. Had it happen and know 5 other people in my little town that had the same. New appliances are shit.", "is_submitter": false, "distinguished": null, "created_utc": 1647441076.0, "parent_id": "t1_i0uztq1", "replies": [{"author": "lou_parr", "id": "i100emh", "score": 4, "subreddit": "BuyItForLife", "author_flair": null, "submission": "tfcd9p", "stickied": false, "body": "I buy based on energy consumption so haven't had a really cheap fridge, but buying the cheapest of the more efficient ones works for me. I have one that's about 8 or 9 years old and another we bought second hand more than 10 years ago. Mind you, in Australia the ACCC says 5 years is the bare minimum a fridge should last so it would be a fun argument with the retailer if they wouldn't replace one that failed before then.\n\nI'm sure you can buy absolute junk, but that seems like a silly idea in general, but especially with whitegoods.", "is_submitter": false, "distinguished": null, "created_utc": 1647510990.0, "parent_id": "t1_i0w04bn", "replies": [{"author": "bblickle", "id": "i10w4h0", "score": 2, "subreddit": "BuyItForLife", "author_flair": null, "submission": "tfcd9p", "stickied": false, "body": "They weren\u2019t junk. They were all LGs main line.", "is_submitter": false, "distinguished": null, "created_utc": 1647528554.0, "parent_id": "t1_i100emh", "replies": [{"author": "bblickle", "id": "i10w6ul", "score": 4, "subreddit": "BuyItForLife", "author_flair": null, "submission": "tfcd9p", "stickied": false, "body": "Well they were junk but they shouldn\u2019t have been.", "is_submitter": false, "distinguished": null, "created_utc": 1647528579.0, "parent_id": "t1_i10w4h0", "replies": []}]}, {"author": "BrightAd306", "id": "i1hb5af", "score": 1, "subreddit": "BuyItForLife", "author_flair": null, "submission": "tfcd9p", "stickied": false, "body": "How much energy and materials end up in landfills to make up for junking a refrigerator every 6 years?", "is_submitter": false, "distinguished": null, "created_utc": 1647827996.0, "parent_id": "t1_i100emh", "replies": [{"author": "lou_parr", "id": "i1ib1j3", "score": 2, "subreddit": "BuyItForLife", "author_flair": null, "submission": "tfcd9p", "stickied": false, "body": "Less than junking one every 2-3 years. And when you're burning coal to power the fridge like the US and AU do, using 300kWh/year instead of [1500kWh/year](https://dropbymyhouse.com/how-much-electricity-does-an-old-fridge-use/) can make up for a lot of new fridges.\n\nOf course recycling them would make even more sense, but at least in Oz you're lucky if the copper gets stripped before it's put in landfill.", "is_submitter": false, "distinguished": null, "created_utc": 1647851847.0, "parent_id": "t1_i1hb5af", "replies": []}]}]}, {"author": "edcculus", "id": "i0ys5kf", "score": 2, "subreddit": "BuyItForLife", "author_flair": null, "submission": "tfcd9p", "stickied": false, "body": "That\u2019s the big problem. New ones are more efficient, but most are utter crap.", "is_submitter": false, "distinguished": null, "created_utc": 1647482135.0, "parent_id": "t1_i0w04bn", "replies": []}, {"author": "paulrob", "id": "i17pxrp", "score": 2, "subreddit": "BuyItForLife", "author_flair": null, "submission": "tfcd9p", "stickied": false, "body": "Keep in mind that fridge probably cost at least three grand in the US in today's dollars and I don't think inflation tells the whole story. That might've been upwards of 30x the average weekly wage in postwar UK. If you bought something like for 10x today's average weekly wage, I'm sure you could find something BIFL worthy.", "is_submitter": false, "distinguished": null, "created_utc": 1647643739.0, "parent_id": "t1_i0w04bn", "replies": []}]}]}, {"author": "majoroutage", "id": "i0ypbu7", "score": 2, "subreddit": "BuyItForLife", "author_flair": null, "submission": "tfcd9p", "stickied": false, "body": "Rented a condo in New Hampshire last year that had a fridge that was a few years older than my mom. Damn thing was still running like a champ.", "is_submitter": false, "distinguished": null, "created_utc": 1647480869.0, "parent_id": "t3_tfcd9p", "replies": [{"author": "admburns2020", "id": "i0zr7sa", "score": 2, "subreddit": "BuyItForLife", "author_flair": null, "submission": "tfcd9p", "stickied": false, "body": "I think it may have been a load bearing fridge and that\u2019s why she kept it for so long. \ud83d\ude02", "is_submitter": true, "distinguished": null, "created_utc": 1647503026.0, "parent_id": "t1_i0ypbu7", "replies": []}]}, {"author": "prawnandcocktail", "id": "i0uys1a", "score": -3, "subreddit": "BuyItForLife", "author_flair": null, "submission": "tfcd9p", "stickied": false, "body": "Such a waste of electricity to use such an old fridge. With global warming it's ridiculous they have not replaced it with something more modern", "is_submitter": false, "distinguished": null, "created_utc": 1647417554.0, "parent_id": "t3_tfcd9p", "replies": [{"author": "apprpm", "id": "i0uzllf", "score": 9, "subreddit": "BuyItForLife", "author_flair": null, "submission": "tfcd9p", "stickied": false, "body": "It depends. Some of the older ones without auto defrost are more efficient than you\u2019d guess.", "is_submitter": false, "distinguished": null, "created_utc": 1647418252.0, "parent_id": "t1_i0uys1a", "replies": []}, {"author": "AndrewJS2804", "id": "i0vp5a3", "score": 7, "subreddit": "BuyItForLife", "author_flair": null, "submission": "tfcd9p", "stickied": false, "body": "Really? That one fridge is a problem? Not the vastly inefficient infrastructure we all depend on?   You REALLY fell for that individual responsibility thing corporations sold to the public, they did so to avoid taking responsibility for their actions that are responsible for the vast majority of global climate issues.  They have people like you arguing about separating your various recyclables, meanwhile 90% of that stiff goes directly to the same landfill as the rest of your trash because they haven't actually invested in recycling the way they lead you to believe.\n\nAnd now here you are wasting electricity to post a complaint about a single old fridge using a bit more power than it needs to.  What a buffoon.", "is_submitter": false, "distinguished": null, "created_utc": 1647436122.0, "parent_id": "t1_i0uys1a", "replies": []}, {"author": "Significant_One_2214", "id": "i0v1rvi", "score": 1, "subreddit": "BuyItForLife", "author_flair": null, "submission": "tfcd9p", "stickied": false, "body": "I partly agree with you. From my point of view the saved resources, work hours, and energy that would be due with buying a new product far out weight the higher energy consompution of the old maschine.\nBecause electricity is there one thing that we can make more of the easiest.", "is_submitter": false, "distinguished": null, "created_utc": 1647420150.0, "parent_id": "t1_i0uys1a", "replies": [{"author": "RedditAccountVNext", "id": "i23dwaq", "score": 1, "subreddit": "BuyItForLife", "author_flair": null, "submission": "tfcd9p", "stickied": false, "body": "Not to mention the energy and pollution costs you also need to factor in for the manufacture and transport of the fridge in the first place.", "is_submitter": false, "distinguished": null, "created_utc": 1648231138.0, "parent_id": "t1_i0v1rvi", "replies": []}]}, {"author": "No_Click5147", "id": "i18ftnq", "score": 1, "subreddit": "BuyItForLife", "author_flair": null, "submission": "tfcd9p", "stickied": false, "body": "The biggest waste is spending one sec of your life  worrying about your fridges cost on the environment. Let policy makers and manufacturers worry about that. Nothing you do is going to make a difference. Manufacturing is the segment that fucks up the environment.", "is_submitter": false, "distinguished": null, "created_utc": 1647656077.0, "parent_id": "t1_i0uys1a", "replies": []}, {"author": "BrightAd306", "id": "i1hb8zb", "score": 1, "subreddit": "BuyItForLife", "author_flair": null, "submission": "tfcd9p", "stickied": false, "body": "How much energy and fossil fuels does it take to make a new fridge? How long for the old one to decompose in the lqndfill.", "is_submitter": false, "distinguished": null, "created_utc": 1647828046.0, "parent_id": "t1_i0uys1a", "replies": []}]}]}