{"title": "Leonard Refrigerator", "name": "t3_t0v66g", "url": "https://i.redd.it/dkhe5zppswj81.jpg", "selftext": "", "score": 31, "upvote_ratio": 0.88, "permalink": "/r/BuyItForLife/comments/t0v66g/leonard_refrigerator/", "id": "t0v66g", "author": "ads4vivek", "link_flair_text": "Vintage", "num_comments": 3, "over_18": false, "spoiler": false, "pinned": false, "locked": false, "distinguished": null, "created_utc": 1645764306.0, "comments": [{"author": "ads4vivek", "id": "hycjqhg", "score": 2, "subreddit": "BuyItForLife", "author_flair": null, "submission": "t0v66g", "stickied": false, "body": "Dad bought this when I mom got pregnant with me. I will turn 45 this April. Still up and running like a Tundra beast in hot summers ot India.", "is_submitter": true, "distinguished": null, "created_utc": 1645768818.0, "parent_id": "t3_t0v66g", "replies": [{"author": "sunmine321", "id": "hyggjw7", "score": 5, "subreddit": "BuyItForLife", "author_flair": null, "submission": "t0v66g", "stickied": false, "body": "what \ud83d\udc80\ud83d\udc80\ud83d\udc80", "is_submitter": false, "distinguished": null, "created_utc": 1645837550.0, "parent_id": "t1_hycjqhg", "replies": []}]}, {"author": "jdjain47", "id": "hz1gnms", "score": 1, "subreddit": "BuyItForLife", "author_flair": null, "submission": "t0v66g", "stickied": false, "body": "My dad bought that in 1980, we scrap it in 2014 in working condition. I hv had photo of it. I ll post later.", "is_submitter": false, "distinguished": null, "created_utc": 1646223314.0, "parent_id": "t3_t0v66g", "replies": []}]}