{"title": "Looking for an in-stock similar version of the Flint and Tinder 10-Year Pullover", "name": "t3_t4pff3", "url": "https://www.reddit.com/r/BuyItForLife/comments/t4pff3/looking_for_an_instock_similar_version_of_the/", "selftext": "Sold out on their website. I want one. Any alternatives (esp for Canadians)? [https://huckberry.com/store/flint-and-tinder/category/p/45699-10-year-pullover](https://huckberry.com/store/flint-and-tinder/category/p/45699-10-year-pullover)", "score": 8, "upvote_ratio": 0.85, "permalink": "/r/BuyItForLife/comments/t4pff3/looking_for_an_instock_similar_version_of_the/", "id": "t4pff3", "author": "AdventurousAccident7", "link_flair_text": "[Request]", "num_comments": 11, "over_18": false, "spoiler": false, "pinned": false, "locked": false, "distinguished": null, "created_utc": 1646188496.0, "comments": [{"author": "CapeManiac", "id": "hz03yjb", "score": 4, "subreddit": "BuyItForLife", "author_flair": null, "submission": "t4pff3", "stickied": false, "body": "https://www.allamericanclothing.com/collections/sweatshirts-made-in-usa", "is_submitter": false, "distinguished": null, "created_utc": 1646191407.0, "parent_id": "t3_t4pff3", "replies": []}, {"author": "tigerbalmz", "id": "hz0dnkt", "score": 3, "subreddit": "BuyItForLife", "author_flair": null, "submission": "t4pff3", "stickied": false, "body": "I\u2019ve been wearing my Champion hoody for like 5 years. It still looks brand new and I\u2019m pretty sure I probably got it for like $20 at Costco. Sometimes you randomly get lucky with a good one\u2026I don\u2019t see it falling apart unless something tragically  happens in the wash.", "is_submitter": false, "distinguished": null, "created_utc": 1646196005.0, "parent_id": "t3_t4pff3", "replies": []}, {"author": "nate_valyou", "id": "hz2zk6a", "score": 3, "subreddit": "BuyItForLife", "author_flair": null, "submission": "t4pff3", "stickied": false, "body": "American Giant Classic Pullover", "is_submitter": false, "distinguished": null, "created_utc": 1646246792.0, "parent_id": "t3_t4pff3", "replies": []}, {"author": "stanbeeman1", "id": "hyzy77w", "score": 3, "subreddit": "BuyItForLife", "author_flair": null, "submission": "t4pff3", "stickied": false, "body": "These hoodies suck. Try reigning champ. Similar price, way better quality, and a Canadian company.", "is_submitter": false, "distinguished": null, "created_utc": 1646188938.0, "parent_id": "t3_t4pff3", "replies": [{"author": "cavinaugh1234", "id": "hz069rv", "score": 1, "subreddit": "BuyItForLife", "author_flair": null, "submission": "t4pff3", "stickied": false, "body": "Why do these suck?  I was thinking of picking one up.", "is_submitter": false, "distinguished": null, "created_utc": 1646192443.0, "parent_id": "t1_hyzy77w", "replies": [{"author": "stanbeeman1", "id": "hz06kzx", "score": 3, "subreddit": "BuyItForLife", "author_flair": null, "submission": "t4pff3", "stickied": false, "body": "I ordered one\u2026 thin material similar to Jersey brand from Walmart. Very short body and sleeves. Weird cut. For the similar price, reining champ is way better quality and fit.", "is_submitter": false, "distinguished": null, "created_utc": 1646192585.0, "parent_id": "t1_hz069rv", "replies": []}]}]}, {"author": "CommaHorror", "id": "hz007to", "score": 1, "subreddit": "BuyItForLife", "author_flair": null, "submission": "t4pff3", "stickied": false, "body": "[these are great,](https://www.american-giant.com/products/mens-classic-pullover-black?variant=19842946760801&g_network=g&g_productchannel=online&g_device=m&g_adid=456235935726&g_keyword=&g_adtype=pla&g_keywordid=pla-950195249922&g_campaign=Shopping+-+Item+Level+-+Mens+-+NB+-+New+Customer&g_ifcreative=&g_adgroupid=107520528620&g_productid=M1-1A-2B-BL-XXL&g_merchantid=112419975&g_acctid=206-822-0570&g_partition=950195249922&g_campaignid=10823428689&g_ifproduct=product&utm_source=adwords&utm_medium=cpc&utm_campaign=&utm_term=&utm_content=456235935726&utm_id=t_pla-950195249922:ag_107520528620:cp_10823428689:n_g:d_m:fi_&gclid=CjwKCAiApfeQBhAUEiwA7K_UH01CHXUXph-zl-Qggm2RkNxxc4YVfFW_j9JbVkfSFSeAH3u6uIaeJBoC_EUQAvD_BwE)", "is_submitter": false, "distinguished": null, "created_utc": 1646189801.0, "parent_id": "t3_t4pff3", "replies": []}, {"author": "pdxbilly", "id": "hz0jfr1", "score": 1, "subreddit": "BuyItForLife", "author_flair": null, "submission": "t4pff3", "stickied": false, "body": "I really like the Filson prospector hoodie.", "is_submitter": false, "distinguished": null, "created_utc": 1646199135.0, "parent_id": "t3_t4pff3", "replies": []}, {"author": "jv0810", "id": "hz18k2w", "score": 1, "subreddit": "BuyItForLife", "author_flair": null, "submission": "t4pff3", "stickied": false, "body": "Don\u2019t be too disappointed. I have Navy and Dark Gray from Q4 2018 and they\u2019re awesome. I still wear them almost daily in the fall/winter. I bought Light Gray in October 2020, and it was a completely different, seemingly lesser material, so I returned it.", "is_submitter": false, "distinguished": null, "created_utc": 1646217427.0, "parent_id": "t3_t4pff3", "replies": []}, {"author": "Jazzlike_Expert", "id": "hyzz4in", "score": 0, "subreddit": "BuyItForLife", "author_flair": null, "submission": "t4pff3", "stickied": false, "body": "https://redwoodclassics.net/", "is_submitter": false, "distinguished": null, "created_utc": 1646189335.0, "parent_id": "t3_t4pff3", "replies": []}]}