{"title": "Tom Becbke canvas weekender a good purchase?", "name": "t3_svwgjn", "url": "https://www.reddit.com/r/BuyItForLife/comments/svwgjn/tom_becbke_canvas_weekender_a_good_purchase/", "selftext": "I\u2019m eyeing the [Tom Beckbe Canvas Weekender](https://tombeckbe.com/products/field-canvas-weekender) since it\u2019s a similar size to a duffel I currently have (think early 2000s tech company branded) and looking for something that doesn\u2019t lose its style. Main use is for weekend trips lol. I saw the Filson medium duffel, but I wish they did the tin cloth on the duffel. 48hr bag from them is too small :/", "score": 2, "upvote_ratio": 1.0, "permalink": "/r/BuyItForLife/comments/svwgjn/tom_becbke_canvas_weekender_a_good_purchase/", "id": "svwgjn", "author": "ajumbaje", "link_flair_text": "Discussion", "num_comments": 3, "over_18": false, "spoiler": false, "pinned": false, "locked": false, "distinguished": null, "created_utc": 1645229477.0, "comments": [{"author": "AutoModerator", "id": "hxiltoe", "score": 1, "subreddit": "BuyItForLife", "author_flair": null, "submission": "svwgjn", "stickied": false, "body": "Hello /u/ajumbaje! Thank you for your submission! The AutoMod thought that your post might be a request type post and has changed the flair accordingly, but if this was wrong feel free to change it back!\n\n*I am a bot, and this action was performed automatically. Please [contact the moderators of this subreddit](/message/compose/?to=/r/BuyItForLife) if you have any questions or concerns.*", "is_submitter": false, "distinguished": "moderator", "created_utc": 1645229478.0, "parent_id": "t3_svwgjn", "replies": []}, {"author": "pdxbilly", "id": "hxix1uc", "score": 1, "subreddit": "BuyItForLife", "author_flair": null, "submission": "svwgjn", "stickied": false, "body": "I have the Filson medium duffel and love it. It\u2019s also carry on size for weekend trips. They also came out with a camo waxed version recently.", "is_submitter": false, "distinguished": null, "created_utc": 1645234792.0, "parent_id": "t3_svwgjn", "replies": [{"author": "ajumbaje", "id": "hxlilbe", "score": 1, "subreddit": "BuyItForLife", "author_flair": null, "submission": "svwgjn", "stickied": false, "body": "I like the medium as well. Only downside is if I got a side bag that\u2019s tin cloth, the colors won\u2019t match. Not a big deal, but tom beckbe matches", "is_submitter": true, "distinguished": null, "created_utc": 1645290577.0, "parent_id": "t1_hxix1uc", "replies": []}]}]}