{"title": "goodyear welt boots with a munson last?", "name": "t3_t5j7rn", "url": "https://www.reddit.com/r/BuyItForLife/comments/t5j7rn/goodyear_welt_boots_with_a_munson_last/", "selftext": "It's hard to find boots with a munson last, i am looking for some that are available online as it's almost certain that none will be available where i live, they would also need to be able to be shipped internationally\n\npreferably not too expensive, but i will look at all options", "score": 3, "upvote_ratio": 0.72, "permalink": "/r/BuyItForLife/comments/t5j7rn/goodyear_welt_boots_with_a_munson_last/", "id": "t5j7rn", "author": "AlasdairDracul", "link_flair_text": "[Request]", "num_comments": 6, "over_18": false, "spoiler": false, "pinned": false, "locked": false, "distinguished": null, "created_utc": 1646282006.0, "comments": [{"author": "Muncie4", "id": "hz699cu", "score": 0, "subreddit": "BuyItForLife", "author_flair": null, "submission": "t5j7rn", "stickied": false, "body": "This is not a BIFL question, this is a question for google.  And expense is not a metric for consideration as you can only buy what you can find and whatever price they are is what you are going to either pay or not pay.  The easy button for this is likely the Red Wing Munson Iron Ranger, so I'd put Munson into eBay and see what pops up as there are some new/used ones for sale as its common for people to buy the limited edition boots and keep/resell them online.\n\nThe modern comparable that's still being made would likely be the Barrie last from Alden.", "is_submitter": false, "distinguished": null, "created_utc": 1646309413.0, "parent_id": "t3_t5j7rn", "replies": [{"author": "AlasdairDracul", "id": "hz6bras", "score": 4, "subreddit": "BuyItForLife", "author_flair": null, "submission": "t5j7rn", "stickied": false, "body": "it is a BIFL question, it is also one i have put into google and come up with few relevant results. most of the results are people just talking about the last, one of them was even a place to buy the last itself.\n\nexpense is a metric for consideration, but i know this is not a widely available item, which is why i said i would take all options into consideration.\n\ni have searched ebay but there was *one* relevant result (as in a boot with munson last) which was in the wrong size, colour and style\n\ni haven't been able to find a munson iron ranger for sale, or at least one that ships to my country.", "is_submitter": true, "distinguished": null, "created_utc": 1646310926.0, "parent_id": "t1_hz699cu", "replies": [{"author": "Muncie4", "id": "hz6e8va", "score": -1, "subreddit": "BuyItForLife", "author_flair": null, "submission": "t5j7rn", "stickied": false, "body": "You are obfuscating the purpose of this subreddit.  We provide the what.  You provide find the source and buy it.  In your case, you already know what you want.  Now you get to go find it.  This is not a \"help me find\" subreddit.  Do your own footwork.  Set up an alert on eBay.  Find a shipping forwarder that will ship items to your country.  Heck, call Nick's/White's/Allen Edmonds/John Lobb and other places and see if they'll make you boots with the last if you send it to them.  There are options to getting what you want, find them.", "is_submitter": false, "distinguished": null, "created_utc": 1646312324.0, "parent_id": "t1_hz6bras", "replies": [{"author": "AlasdairDracul", "id": "hz6we1b", "score": 5, "subreddit": "BuyItForLife", "author_flair": null, "submission": "t5j7rn", "stickied": false, "body": "i am not. if this wasn't a purpose of the subreddit, there would be no \"request\" flair. if anyone is obfuscating the purpose of this subreddit, it's you. look at rule 2a. \n\nall you do is troll other posts on this subreddit, why even bother?", "is_submitter": true, "distinguished": null, "created_utc": 1646320686.0, "parent_id": "t1_hz6e8va", "replies": [{"author": "Muncie4", "id": "hz6xu4l", "score": 0, "subreddit": "BuyItForLife", "author_flair": null, "submission": "t5j7rn", "stickied": false, "body": "Trolls don't offer valid options only personal attacks, I've offered several options and no personal attacks.  You can take that advice or not.  I would recommend you read advice without thinking the advisor is offering animosity and read the advice given.", "is_submitter": false, "distinguished": null, "created_utc": 1646321261.0, "parent_id": "t1_hz6we1b", "replies": []}]}]}]}]}, {"author": "DrKennethNoisewater-", "id": "hz6a07a", "score": 1, "subreddit": "BuyItForLife", "author_flair": null, "submission": "t5j7rn", "stickied": false, "body": "r/goodyearwelt", "is_submitter": false, "distinguished": null, "created_utc": 1646309881.0, "parent_id": "t3_t5j7rn", "replies": []}]}