{"title": "Scored a used set of All-Clad D5 stainless steel pots and pans", "name": "t3_pfna4s", "url": "https://www.reddit.com/gallery/pfna4s", "selftext": "", "score": 3097, "upvote_ratio": 0.98, "permalink": "/r/BuyItForLife/comments/pfna4s/scored_a_used_set_of_allclad_d5_stainless_steel/", "id": "pfna4s", "author": "alspdx", "link_flair_text": "Currently sold", "num_comments": 166, "over_18": false, "spoiler": false, "pinned": false, "locked": false, "distinguished": null, "created_utc": 1630473750.0, "comments": [{"author": "alspdx", "id": "hb5jlhp", "score": 367, "subreddit": "BuyItForLife", "author_flair": null, "submission": "pfna4s", "stickied": false, "body": "Got a great deal on a set of USA made All-Clad D5 stainless steel pots and pans. Lady sold them because she didn\u2019t like that the pans got \u201cdamaged\u201d after using them a few times, and she didn\u2019t know how to clean them. About an hour of scrubbing with Bar Keeper\u2019s Friend and they look pretty great, looking forward to many years with these pans!", "is_submitter": true, "distinguished": null, "created_utc": 1630473935.0, "parent_id": "t3_pfna4s", "replies": [{"author": "omg_pwnies", "id": "hb5mklj", "score": 146, "subreddit": "BuyItForLife", "author_flair": null, "submission": "pfna4s", "stickied": false, "body": "Stellar find and they look absolutely brand-new now that you've repaired the \"damage\". :p  BKF is so good on stainless!", "is_submitter": false, "distinguished": null, "created_utc": 1630476060.0, "parent_id": "t1_hb5jlhp", "replies": [{"author": "alspdx", "id": "hb5q7hs", "score": 95, "subreddit": "BuyItForLife", "author_flair": null, "submission": "pfna4s", "stickied": false, "body": "Definitely not pristine, but these things are going to get heavily used \u2014 happy to have those initial scuffs out of the way already.", "is_submitter": true, "distinguished": null, "created_utc": 1630478867.0, "parent_id": "t1_hb5mklj", "replies": [{"author": "omg_pwnies", "id": "hb5se15", "score": 51, "subreddit": "BuyItForLife", "author_flair": null, "submission": "pfna4s", "stickied": false, "body": "Well, they look fantastic, I hope you enjoy them for a very long time. \n\nHere's my current favorite food in the whole world, can be made in your lovely big skillet:  https://www.epicurious.com/recipes/food/views/moroccan-chicken-with-green-olives-and-lemon-352532", "is_submitter": false, "distinguished": null, "created_utc": 1630480634.0, "parent_id": "t1_hb5q7hs", "replies": [{"author": "alspdx", "id": "hb5sl7q", "score": 24, "subreddit": "BuyItForLife", "author_flair": null, "submission": "pfna4s", "stickied": false, "body": "That looks really great, it actually prompted me to make a \"recipes\" folder in my bookmarks. Thanks!", "is_submitter": true, "distinguished": null, "created_utc": 1630480802.0, "parent_id": "t1_hb5se15", "replies": [{"author": "omg_pwnies", "id": "hb5sxsk", "score": 14, "subreddit": "BuyItForLife", "author_flair": null, "submission": "pfna4s", "stickied": false, "body": "I'm so glad! That dish is sooo tasty! \n\nThe only thing I'd say is if I have 1 giant regular lemon, I don't use 2 -- I cut half of it into 6-ish slices to go into the pan, and juice the other half. Don't waste a whole lemon using 2, but do put half the lemon's slices with skins on, into the pan; the oil off the skin lends a great lemon zing to that dish.", "is_submitter": false, "distinguished": null, "created_utc": 1630481094.0, "parent_id": "t1_hb5sl7q", "replies": []}, {"author": "JFlash7", "id": "hgbau3f", "score": 2, "subreddit": "BuyItForLife", "author_flair": null, "submission": "pfna4s", "stickied": false, "body": "Check out the Paprika app. IMO worth the small investment if you\u2019re cooking a lot. It scrapes recipe pages into an easy to read format. Super simple to just open the app and plan meals for the week (one button and all ingredients go to your shopping list)", "is_submitter": false, "distinguished": null, "created_utc": 1634009868.0, "parent_id": "t1_hb5sl7q", "replies": []}]}]}]}]}, {"author": "TheLizzyIzzi", "id": "hb5pbno", "score": 51, "subreddit": "BuyItForLife", "author_flair": null, "submission": "pfna4s", "stickied": false, "body": "Wtf. I can\u2019t think of another pan that holds up as well as all-clad. I even splurged on their baking sheets because I was sick of the all the others looking like sh*t after a year.", "is_submitter": false, "distinguished": null, "created_utc": 1630478175.0, "parent_id": "t1_hb5jlhp", "replies": [{"author": "alspdx", "id": "hb5qrgu", "score": 15, "subreddit": "BuyItForLife", "author_flair": null, "submission": "pfna4s", "stickied": false, "body": "Nice, I hadn't even thought of them for baking sheets. It's probably a bit overkill but I'd like to get one of their roasting pans eventually too.", "is_submitter": true, "distinguished": null, "created_utc": 1630479305.0, "parent_id": "t1_hb5pbno", "replies": [{"author": "gokiburi_sandwich", "id": "hb8th0d", "score": 10, "subreddit": "BuyItForLife", "author_flair": null, "submission": "pfna4s", "stickied": false, "body": "I have a roasting pan. They have a few different versions, but make sure you get the one that can be used on the stovetop. It makes it super easy to make gravy from drippings after roasting a chicken or turkey. \n\nAlso, check homeandcooksales.com. All-clad has sales here periodically. Stuff like damaged packing or other blemished items. I\u2019ve bought several items this way and never even noticed a blemish on any of them and they work just fine.", "is_submitter": false, "distinguished": null, "created_utc": 1630535585.0, "parent_id": "t1_hb5qrgu", "replies": [{"author": "wamamama", "id": "hb8uudi", "score": 3, "subreddit": "BuyItForLife", "author_flair": null, "submission": "pfna4s", "stickied": false, "body": "Most of my cookware is All Clad and Staub. About ten years ago I was looking to add a roasting pan to my collection and my local kitchenware store convinced me to look at Mauviel (note they carried all three brands). It\u2019s a beautiful pan and I haven\u2019t regretted it at all. \n\nTo be fair, I actually do most of my roasting in my big 8qt Staub, but still love the Mauviel when I have cause to break it out.", "is_submitter": false, "distinguished": null, "created_utc": 1630536255.0, "parent_id": "t1_hb8th0d", "replies": [{"author": "gokiburi_sandwich", "id": "hb9322t", "score": 4, "subreddit": "BuyItForLife", "author_flair": null, "submission": "pfna4s", "stickied": false, "body": "I don\u2019t own any Mauviel but I hear it is a great brand also. I have the all clad flared roaster. It retails for around $250 I think, but I scored it for around $75. Great pan!", "is_submitter": false, "distinguished": null, "created_utc": 1630540398.0, "parent_id": "t1_hb8uudi", "replies": []}]}]}]}, {"author": "Ontherimz", "id": "hdpbcka", "score": 2, "subreddit": "BuyItForLife", "author_flair": null, "submission": "pfna4s", "stickied": false, "body": "I have the all-clad Cuisinart set, and have used plenty of others.. I kind of hate them. Some are better than others ( I'm not sure if this is the composition of the metal..or what? )\nLove that they last, look really nice, and won't rust.\nI don't enjoy cleaning the tarnish, or that they stick so badly. They don't like eggs, and I love breakfast food.\nAfter cooking in steakhouses and shit the last decade..I've found carbon-steel to be my favorite to use. No experience with titanium.", "is_submitter": false, "distinguished": null, "created_utc": 1632221116.0, "parent_id": "t1_hb5pbno", "replies": [{"author": "TheLizzyIzzi", "id": "hdsns38", "score": 1, "subreddit": "BuyItForLife", "author_flair": null, "submission": "pfna4s", "stickied": false, "body": "I agree that they\u2019re no good for cooking eggs. I have a crepe pan from Mauviel that\u2019s black/carbon steel. I haven\u2019t used it a ton for eggs (I had a nonstick pan I used almost exclusively for scrambled eggs) but it definitely works better for stuff like pancakes and grilled cheese. Still, I find that if I have enough butter/oil on the bread I can make a grilled cheese just fine on the all-clad. For veggies and greens I just add extra water to keep it from sticking. Tbh, I don\u2019t mind cleaning the tarnish off, just because on any other pan you\u2019d be stuck with it.", "is_submitter": false, "distinguished": null, "created_utc": 1632276275.0, "parent_id": "t1_hdpbcka", "replies": [{"author": "Ontherimz", "id": "hdsuro7", "score": 1, "subreddit": "BuyItForLife", "author_flair": null, "submission": "pfna4s", "stickied": false, "body": "A lot of the appeal might come from my steak & egg diet lol. I definitely see the appeal though. Only other thing that I really don't like them for is fish.\nI still use mine quite a bit, almost always my little all-clad skillet for veggies. \nImagine they make a damn good grill cheese.\nI also really like the stock pots, etc.\nI guess, what it is about the tarnish is I feel like I'm cleaning them more often..or that the heat, is causing it after one or 2 uses.\n Still your right..my other pans are ugly AF compared to my stainless. Wouldn't even think about hanging them out in the open, etc. \nI haven't used a lot of the home brands, but thinking about grabbing one of these or something similar \nas a non-stick option.\nThey've always treated me good, and it has a lifetime warranty. [  Vollrath Z4012 Wear-Ever 12\" Aluminum Non-Stick Fry Pan with CeramiGuard II Coating and Blue Cool Handle ]\n\n[Edit] A restaurant I worked for burnt down.. we had tons of these.. why didn't I cash in that warranty lol.", "is_submitter": false, "distinguished": null, "created_utc": 1632279807.0, "parent_id": "t1_hdsns38", "replies": []}]}]}, {"author": "brandarchitectDC", "id": "hb8e8v8", "score": 1, "subreddit": "BuyItForLife", "author_flair": null, "submission": "pfna4s", "stickied": false, "body": "Demeyere will last a lifetime.", "is_submitter": false, "distinguished": null, "created_utc": 1630528645.0, "parent_id": "t1_hb5pbno", "replies": []}]}, {"author": "Juan911411", "id": "hb63egk", "score": 17, "subreddit": "BuyItForLife", "author_flair": null, "submission": "pfna4s", "stickied": false, "body": "Wow how much did you pay?", "is_submitter": false, "distinguished": null, "created_utc": 1630490347.0, "parent_id": "t1_hb5jlhp", "replies": [{"author": "alspdx", "id": "hb6zwg1", "score": 11, "subreddit": "BuyItForLife", "author_flair": null, "submission": "pfna4s", "stickied": false, "body": "A little below half of retail price.", "is_submitter": true, "distinguished": null, "created_utc": 1630508113.0, "parent_id": "t1_hb63egk", "replies": [{"author": "Juan911411", "id": "hb718qq", "score": 7, "subreddit": "BuyItForLife", "author_flair": null, "submission": "pfna4s", "stickied": false, "body": "Wow the D3 are like 800 so these have to be 1k... Good job OP", "is_submitter": false, "distinguished": null, "created_utc": 1630508673.0, "parent_id": "t1_hb6zwg1", "replies": []}]}]}, {"author": "MitoCringo", "id": "hb5qr8x", "score": 10, "subreddit": "BuyItForLife", "author_flair": null, "submission": "pfna4s", "stickied": false, "body": "That\u2019s an amazing find. I have four All-Clad pans I\u2019ve acquired over the years and using them is a joy compared to all my other pans. It\u2019s wild she didn\u2019t do a little research and just clean them.", "is_submitter": false, "distinguished": null, "created_utc": 1630479300.0, "parent_id": "t1_hb5jlhp", "replies": [{"author": "getMeSomeDunkin", "id": "hb6age2", "score": 15, "subreddit": "BuyItForLife", "author_flair": null, "submission": "pfna4s", "stickied": false, "body": "I love mine. I've been slowly replacing pots and pans with All-Clad copper core pans about once a year or every two years. So far I have the 2qt pot, 4qt pot, and the big saute pan. Then a non stick pan which isn't copper core, but it's still awesome.\n\nIf you cook regularly and consider that they'll last forever, you can justify the price tag on them.", "is_submitter": false, "distinguished": null, "created_utc": 1630495546.0, "parent_id": "t1_hb5qr8x", "replies": [{"author": "MitoCringo", "id": "hb6f6ir", "score": 6, "subreddit": "BuyItForLife", "author_flair": null, "submission": "pfna4s", "stickied": false, "body": "Exactly. And some of their pans are almost always on sale, like their large frying pan.", "is_submitter": false, "distinguished": null, "created_utc": 1630498441.0, "parent_id": "t1_hb6age2", "replies": []}, {"author": "fishsupreme", "id": "hb8r95e", "score": 3, "subreddit": "BuyItForLife", "author_flair": null, "submission": "pfna4s", "stickied": false, "body": "I've done pretty much the same thing, slowly picking up All-Clad Copper Core. But I find it interesting I've done it in almost the opposite order. :)\n\nI have a couple of fry pans, the big saut\u00e9 pan, and a saucier, but haven't picked up any of the pots, because I feel like I just can't justify the cost for big pots since the fast, even heat transmission that's the main benefit of Copper Core doesn't really matter much for the kinds of things I cook in big pots (i.e. boiling liquid.)\n\nBut they do look great, perform really well, and last forever.", "is_submitter": false, "distinguished": null, "created_utc": 1630534499.0, "parent_id": "t1_hb6age2", "replies": [{"author": "getMeSomeDunkin", "id": "hb94ald", "score": 2, "subreddit": "BuyItForLife", "author_flair": null, "submission": "pfna4s", "stickied": false, "body": "Yeah I don't think I'll ever get any pot bigger than the 4qt. At that point I don't think it's worth the price at all. I I already have a big dutch oven and then I just have a random big-ass cheap pot to boil water and use to fry in. The smaller pots are the ones I'm actually cooking with, like hot wing sauce and gravy and rice. \n\nI also started with cast iron pans which take the place of the fry pans, so I'd only get a copper core one if I fuck up my current cast iron.\n\nAnyway, this is all to say to get what you're going to use. Don't need the whole set of anything. Just what you like.", "is_submitter": false, "distinguished": null, "created_utc": 1630541038.0, "parent_id": "t1_hb8r95e", "replies": [{"author": "Gouldylocs", "id": "hb9i27y", "score": 2, "subreddit": "BuyItForLife", "author_flair": null, "submission": "pfna4s", "stickied": false, "body": "It is a funny thing to come across someone in the void of internet who does the same thing I do.  I have a few All Clad copper core essential pieces that I have picked up over the years.  I don\u2019t have plans for anything else at moment as my cast iron frying Pan and griddle are all I need/use.", "is_submitter": false, "distinguished": null, "created_utc": 1630547350.0, "parent_id": "t1_hb94ald", "replies": []}]}]}]}, {"author": "alspdx", "id": "hb5r4l9", "score": 30, "subreddit": "BuyItForLife", "author_flair": null, "submission": "pfna4s", "stickied": false, "body": "I think she wants something that she can just throw in the dishwasher and have them come out sparkling (does that even exist?) \u2014 sent her a before/after pic about 90 minutes after I drove away with them, she was quite surprised that was all it took to make them look that good.", "is_submitter": true, "distinguished": null, "created_utc": 1630479601.0, "parent_id": "t1_hb5qr8x", "replies": [{"author": "MitoCringo", "id": "hb5rcbw", "score": 19, "subreddit": "BuyItForLife", "author_flair": null, "submission": "pfna4s", "stickied": false, "body": "Could be! Without knowing her, she could simply be the spending type who likes to update relatively often, or she might not like the weight of the All-Clads.", "is_submitter": false, "distinguished": null, "created_utc": 1630479774.0, "parent_id": "t1_hb5r4l9", "replies": [{"author": "theressomanydogs", "id": "hb6ekte", "score": 24, "subreddit": "BuyItForLife", "author_flair": null, "submission": "pfna4s", "stickied": false, "body": "My MIL is like that. She loves buying things so she makes up things \u201cwrong\u201d with them, like how she threw away a perfectly good set of knives with block after a year bc \u201cthey\u2019re probably getting dull\u201d. They were barely used, she just wanted to buy a new set. Stuff doesn\u2019t stay long in her house.", "is_submitter": false, "distinguished": null, "created_utc": 1630498096.0, "parent_id": "t1_hb5rcbw", "replies": [{"author": "MitoCringo", "id": "hb6fb2f", "score": 19, "subreddit": "BuyItForLife", "author_flair": null, "submission": "pfna4s", "stickied": false, "body": "Now to establish an annual check-in where you get first dibs on items she's throwing away. ;)", "is_submitter": false, "distinguished": null, "created_utc": 1630498511.0, "parent_id": "t1_hb6ekte", "replies": [{"author": "theressomanydogs", "id": "hb6gaep", "score": 21, "subreddit": "BuyItForLife", "author_flair": null, "submission": "pfna4s", "stickied": false, "body": "Lol, she gave us a new set of knives that year too. It was random and we didn\u2019t need them so we just exchanged them for something we did need. She doesn\u2019t like to give people her used stuff, even if barely used. She acts like you\u2019re crazy and throws the item in the trash instead. I\u2019ve tried to get her to donate things but she won\u2019t. It\u2019s odd to me.", "is_submitter": false, "distinguished": null, "created_utc": 1630499053.0, "parent_id": "t1_hb6fb2f", "replies": [{"author": "bhove", "id": "hb6nwye", "score": 19, "subreddit": "BuyItForLife", "author_flair": null, "submission": "pfna4s", "stickied": false, "body": "Wow. Wasteful and rude", "is_submitter": false, "distinguished": null, "created_utc": 1630502912.0, "parent_id": "t1_hb6gaep", "replies": [{"author": "theressomanydogs", "id": "hb6wjp4", "score": 9, "subreddit": "BuyItForLife", "author_flair": null, "submission": "pfna4s", "stickied": false, "body": "Yeah, the waste bothers me a lot. She\u2019s probably thrown a couple of houses worth of perfectly good things away for no real reason.", "is_submitter": false, "distinguished": null, "created_utc": 1630506712.0, "parent_id": "t1_hb6nwye", "replies": []}]}, {"author": "pmster1", "id": "hb71i2b", "score": 10, "subreddit": "BuyItForLife", "author_flair": null, "submission": "pfna4s", "stickied": false, "body": "Ugh, this hurts my soul. At least donate to goodwill or something.", "is_submitter": false, "distinguished": null, "created_utc": 1630508781.0, "parent_id": "t1_hb6gaep", "replies": [{"author": "theressomanydogs", "id": "hb7vwgw", "score": 8, "subreddit": "BuyItForLife", "author_flair": null, "submission": "pfna4s", "stickied": false, "body": "I know, it\u2019s part of the reason we rarely spend Christmas with them anymore, it happens a lot then.", "is_submitter": false, "distinguished": null, "created_utc": 1630521192.0, "parent_id": "t1_hb71i2b", "replies": []}]}, {"author": "Pr0crastin0r", "id": "hb6s3tu", "score": 6, "subreddit": "BuyItForLife", "author_flair": null, "submission": "pfna4s", "stickied": false, "body": "Just say you'll throw it away for her and donate or sell it", "is_submitter": false, "distinguished": null, "created_utc": 1630504797.0, "parent_id": "t1_hb6gaep", "replies": [{"author": "theressomanydogs", "id": "hb6ww0g", "score": 13, "subreddit": "BuyItForLife", "author_flair": null, "submission": "pfna4s", "stickied": false, "body": "Yeah, I tried that and she refused. I even tried to get the knife set out of the garbage (clean bag) so I could donate it but she came in and caught me and got upset. She ended up pouring leftover food all over it in the trash can. Now she watches me if she\u2019s throwing things away like that. She\u2019s very strange.", "is_submitter": false, "distinguished": null, "created_utc": 1630506856.0, "parent_id": "t1_hb6s3tu", "replies": [{"author": "Pr0crastin0r", "id": "hb6x00g", "score": 5, "subreddit": "BuyItForLife", "author_flair": null, "submission": "pfna4s", "stickied": false, "body": "Oh wow \ud83d\ude33", "is_submitter": false, "distinguished": null, "created_utc": 1630506903.0, "parent_id": "t1_hb6ww0g", "replies": []}, {"author": "SarahPallorMortis", "id": "hb89rlp", "score": 4, "subreddit": "BuyItForLife", "author_flair": null, "submission": "pfna4s", "stickied": false, "body": "She\u2019s aware that what she\u2019s throwing away is still worth something or she wouldn\u2019t care.", "is_submitter": false, "distinguished": null, "created_utc": 1630526830.0, "parent_id": "t1_hb6ww0g", "replies": []}, {"author": "Rehkl", "id": "hb87mvd", "score": 3, "subreddit": "BuyItForLife", "author_flair": null, "submission": "pfna4s", "stickied": false, "body": "Maybe it\u2019s because she can justify in her head buying new stuff if the old is no longer useful? As in, if the old knife set could still be used by anyone, then there\u2019s no justification for her overspending. Obviously a weird and wasteful mindset but hopefully not too destructive (financially or emotionally)...", "is_submitter": false, "distinguished": null, "created_utc": 1630525973.0, "parent_id": "t1_hb6ww0g", "replies": []}]}]}, {"author": "Hiro-of-Shadows", "id": "hb8ja2b", "score": 2, "subreddit": "BuyItForLife", "author_flair": null, "submission": "pfna4s", "stickied": false, "body": "I'm sorry but that's horrid and disgusting. What the absolute fuck is wrong with someone that they think that's okay. I would not be able to restain myself from going off on someone who does that.", "is_submitter": false, "distinguished": null, "created_utc": 1630530791.0, "parent_id": "t1_hb6gaep", "replies": [{"author": "theressomanydogs", "id": "hb8utpm", "score": 3, "subreddit": "BuyItForLife", "author_flair": null, "submission": "pfna4s", "stickied": false, "body": "Eh, you might if they were your in-laws. Going off on them wouldn\u2019t change their behavior so nothing would be gained. I just try to remove myself from situations where that tends to happen, like Christmas.", "is_submitter": false, "distinguished": null, "created_utc": 1630536246.0, "parent_id": "t1_hb8ja2b", "replies": []}]}]}]}, {"author": "dolerbom", "id": "hb79a4f", "score": 2, "subreddit": "BuyItForLife", "author_flair": null, "submission": "pfna4s", "stickied": false, "body": "Wow, that's pretty wasteful. I wish I could be around when they are tossing out perfectly good products.", "is_submitter": false, "distinguished": null, "created_utc": 1630511972.0, "parent_id": "t1_hb6ekte", "replies": [{"author": "theressomanydogs", "id": "hb7vzub", "score": 1, "subreddit": "BuyItForLife", "author_flair": null, "submission": "pfna4s", "stickied": false, "body": "No, they wouldn\u2019t let you have them. She has a thing about it.", "is_submitter": false, "distinguished": null, "created_utc": 1630521231.0, "parent_id": "t1_hb79a4f", "replies": []}]}]}]}]}]}, {"author": "run66", "id": "hb7m21p", "score": 3, "subreddit": "BuyItForLife", "author_flair": null, "submission": "pfna4s", "stickied": false, "body": "All Clad is like the quintessential pots and pans upgrade. how many people do you know that had them on their wedding registry? i was one of them 11 years ago. that being said, cooking on stainless isn't for everyone. stainless can be a shit sticking everywhere nightmare if you don't take the time to learn how to use them right? i went a step further and bought the All Clad measuring cups. they're awesome for warming sauces and stuff too. stupid expensive for what they are, but i love them.", "is_submitter": false, "distinguished": null, "created_utc": 1630517159.0, "parent_id": "t1_hb5jlhp", "replies": []}, {"author": "tryitout91", "id": "hb6z3hs", "score": 1, "subreddit": "BuyItForLife", "author_flair": null, "submission": "pfna4s", "stickied": false, "body": "how much did she charge you?", "is_submitter": false, "distinguished": null, "created_utc": 1630507779.0, "parent_id": "t1_hb5jlhp", "replies": []}, {"author": "oldasshit", "id": "hb9cstx", "score": 1, "subreddit": "BuyItForLife", "author_flair": null, "submission": "pfna4s", "stickied": false, "body": "Truly bifl.  Absolutely love ours.", "is_submitter": false, "distinguished": null, "created_utc": 1630544908.0, "parent_id": "t1_hb5jlhp", "replies": []}, {"author": "jumpingnoodlepoodle", "id": "hb9fln9", "score": 1, "subreddit": "BuyItForLife", "author_flair": null, "submission": "pfna4s", "stickied": false, "body": "Wtf?!?! I just spent $160 on one 2qt all clad pot \ud83d\ude2d\ud83d\ude2d\ud83d\ude2d congrats, that is seriously a steal", "is_submitter": false, "distinguished": null, "created_utc": 1630546184.0, "parent_id": "t1_hb5jlhp", "replies": []}]}, {"author": "bestghoulfriends", "id": "hb5llq2", "score": 116, "subreddit": "BuyItForLife", "author_flair": null, "submission": "pfna4s", "stickied": false, "body": "Please send her to my DMs in a few months when her new set gets \"ruined.\" Nice score \ud83d\ude09", "is_submitter": false, "distinguished": null, "created_utc": 1630475351.0, "parent_id": "t3_pfna4s", "replies": [{"author": "MitoCringo", "id": "hb5qlqg", "score": 38, "subreddit": "BuyItForLife", "author_flair": null, "submission": "pfna4s", "stickied": false, "body": "OP starts an after market business cleaning and selling that woman\u2019s barely used pans. \ud83d\ude02", "is_submitter": false, "distinguished": null, "created_utc": 1630479177.0, "parent_id": "t1_hb5llq2", "replies": [{"author": "alspdx", "id": "hb5rj49", "score": 46, "subreddit": "BuyItForLife", "author_flair": null, "submission": "pfna4s", "stickied": false, "body": "When I was younger I supplemented my income buying, repairing, and selling older road bikes and track bikes \u2014 a lot of times a good cleaning goes a long way toward making something a whole lot more appealing, it's amazing how many people don't put in even a small amount of effort.", "is_submitter": true, "distinguished": null, "created_utc": 1630479924.0, "parent_id": "t1_hb5qlqg", "replies": [{"author": "recchiap", "id": "hb7izgu", "score": 20, "subreddit": "BuyItForLife", "author_flair": null, "submission": "pfna4s", "stickied": false, "body": "I remember a car salesman saying that 95% of the time when someone wants a new car, they really just need a good detail on their car. Gives you that new car feeling at like 2% of the price.\n\nThe older I get, the more I realize that the secret to basically everything is just maintenance. Items you buy, your health, your house, your hygeine, your habits, your sanity. Properly maintained, they're fantastic. Poorly maintained, they fall apart so quickly.", "is_submitter": false, "distinguished": null, "created_utc": 1630515910.0, "parent_id": "t1_hb5rj49", "replies": [{"author": "chaun2", "id": "hb8lwsb", "score": 5, "subreddit": "BuyItForLife", "author_flair": null, "submission": "pfna4s", "stickied": false, "body": "TBH electronics are the only thing you should have to regularly upgrade, and even then I go at least 3-5 years between my phone/computer/laptop upgrades", "is_submitter": false, "distinguished": null, "created_utc": 1630531976.0, "parent_id": "t1_hb7izgu", "replies": []}]}, {"author": "MitoCringo", "id": "hb5rzp1", "score": 10, "subreddit": "BuyItForLife", "author_flair": null, "submission": "pfna4s", "stickied": false, "body": "You\u2019re definitely in the right subreddit, then! Haha. It\u2019s true that many people don\u2019t put in the effort, when they really should.", "is_submitter": false, "distinguished": null, "created_utc": 1630480303.0, "parent_id": "t1_hb5rj49", "replies": []}]}]}, {"author": "betweenthebam", "id": "hb7gekz", "score": 10, "subreddit": "BuyItForLife", "author_flair": null, "submission": "pfna4s", "stickied": false, "body": ">Nice score\n\nAlso, nice scour.\n\nY'know, for cleaning up the *damage*.\n\nI'm sorry, I'll see myself out...", "is_submitter": false, "distinguished": null, "created_utc": 1630514869.0, "parent_id": "t1_hb5llq2", "replies": [{"author": "bestghoulfriends", "id": "hb7gsik", "score": 6, "subreddit": "BuyItForLife", "author_flair": null, "submission": "pfna4s", "stickied": false, "body": "Please stay- good pun! Pan? Good pan?", "is_submitter": false, "distinguished": null, "created_utc": 1630515023.0, "parent_id": "t1_hb7gekz", "replies": []}]}]}, {"author": "eclipsed-by-the-moon", "id": "hb63vt0", "score": 34, "subreddit": "BuyItForLife", "author_flair": null, "submission": "pfna4s", "stickied": false, "body": "Do you guys put your stainless pans in the dishwasher?", "is_submitter": false, "distinguished": null, "created_utc": 1630490745.0, "parent_id": "t3_pfna4s", "replies": [{"author": "bigjilm123", "id": "hb68mbt", "score": 50, "subreddit": "BuyItForLife", "author_flair": null, "submission": "pfna4s", "stickied": false, "body": "My all-clad has been going in the dishwasher for 20 years and still looks amazing. Sometimes elbow grease is needed to get off the stubborn stuff, so a quick prescrub might happen.", "is_submitter": false, "distinguished": null, "created_utc": 1630494301.0, "parent_id": "t1_hb63vt0", "replies": [{"author": "khovs", "id": "hb69s2o", "score": 18, "subreddit": "BuyItForLife", "author_flair": null, "submission": "pfna4s", "stickied": false, "body": "This. Ive got two dozen or so all clasd/mauviel/ruffoni pans, I used to baby all the copper core stuff but now it all goes in the dishwasher. If I sauted and theres burnt oil, of course gonna need BKF. Nowadays I'd rather spend time with my kids than handwashing pans", "is_submitter": false, "distinguished": null, "created_utc": 1630495099.0, "parent_id": "t1_hb68mbt", "replies": [{"author": "bigjilm123", "id": "hb6av7r", "score": 2, "subreddit": "BuyItForLife", "author_flair": null, "submission": "pfna4s", "stickied": false, "body": "Exactly!  I don\u2019t baby anything in the kitchen anymore. The all-clad looks brand new (minor scrapes and dents aside) but not because I put effort into keeping it that way.\n\nMy carbon-steel pans look better with a well-used patina and are going to last 100 years.  High heat and neglect are all they need.", "is_submitter": false, "distinguished": null, "created_utc": 1630495818.0, "parent_id": "t1_hb69s2o", "replies": []}]}]}, {"author": "aaa7uap", "id": "hb65c44", "score": 2, "subreddit": "BuyItForLife", "author_flair": null, "submission": "pfna4s", "stickied": false, "body": "I want to know this too", "is_submitter": false, "distinguished": null, "created_utc": 1630491914.0, "parent_id": "t1_hb63vt0", "replies": [{"author": "roadrunnersk", "id": "hb6j3m9", "score": 8, "subreddit": "BuyItForLife", "author_flair": null, "submission": "pfna4s", "stickied": false, "body": "Yes, wash them in the dishwasher. They are 100% dishwasher safe.", "is_submitter": false, "distinguished": null, "created_utc": 1630500565.0, "parent_id": "t1_hb65c44", "replies": []}]}, {"author": "roadrunnersk", "id": "hb6h4pb", "score": 2, "subreddit": "BuyItForLife", "author_flair": null, "submission": "pfna4s", "stickied": false, "body": "Absolutely.", "is_submitter": false, "distinguished": null, "created_utc": 1630499519.0, "parent_id": "t1_hb63vt0", "replies": []}, {"author": "LavishnessGold769", "id": "hb66vit", "score": 5, "subreddit": "BuyItForLife", "author_flair": null, "submission": "pfna4s", "stickied": false, "body": "No", "is_submitter": false, "distinguished": null, "created_utc": 1630493072.0, "parent_id": "t1_hb63vt0", "replies": [{"author": "eclipsed-by-the-moon", "id": "hb66wsr", "score": 5, "subreddit": "BuyItForLife", "author_flair": null, "submission": "pfna4s", "stickied": false, "body": "Why not?", "is_submitter": false, "distinguished": null, "created_utc": 1630493097.0, "parent_id": "t1_hb66vit", "replies": [{"author": "LavishnessGold769", "id": "hb67cos", "score": 0, "subreddit": "BuyItForLife", "author_flair": null, "submission": "pfna4s", "stickied": false, "body": "\ud83e\udd37\ud83c\udfff\u200d\u2640\ufe0fEasier to just wash em. Don\u2019t let me tell you what to do.  It\u2019s just wasteful to me to run the washer when there\u2019s like 2 items in it.", "is_submitter": false, "distinguished": null, "created_utc": 1630493407.0, "parent_id": "t1_hb66wsr", "replies": [{"author": "recchiap", "id": "hb7jr8b", "score": 14, "subreddit": "BuyItForLife", "author_flair": null, "submission": "pfna4s", "stickied": false, "body": "Fun fact: It can often use less water to run a dishwashing cycle than to handwash (unless you're properly sparing in your water usage). Dishwashers are remarkably efficient when it comes to water use. Most modern dishwashers use about 3 gallons of water per use. \n\nSo if it's just 2 items, and you're just doing a scrub/rinse - you're right, less wasteful to handwash, but that flips the other way rather quickly - especially for those who like to \"soak\" dishes.\n\nThis is a great video on Dishwashers (and detergent):[https://www.youtube.com/watch?v=\\_rBO8neWw04](https://www.youtube.com/watch?v=_rBO8neWw04)\n\n\\~25:30 begins a discussion of water usage.", "is_submitter": false, "distinguished": null, "created_utc": 1630516229.0, "parent_id": "t1_hb67cos", "replies": []}, {"author": "eclipsed-by-the-moon", "id": "hb6a2su", "score": 3, "subreddit": "BuyItForLife", "author_flair": null, "submission": "pfna4s", "stickied": false, "body": "Lmao how is it easer to hand scrub something rather than put it in the dishwasher? And who would only wash 2 things at a time? You don\u2019t have to wash them seperate from everything else.", "is_submitter": false, "distinguished": null, "created_utc": 1630495296.0, "parent_id": "t1_hb67cos", "replies": [{"author": "LavishnessGold769", "id": "hb6dhg0", "score": 15, "subreddit": "BuyItForLife", "author_flair": null, "submission": "pfna4s", "stickied": false, "body": "I guess it depends on the size of your dish washer. I have all clads like the poster but a small apt washer. Easy to just deglaze a hot pan with water and scrub what little remains.\n\nAnd nice shit like quality knives and cookware typically shouldn\u2019t go in the dishwasher. Hand care is best for quality goods.", "is_submitter": false, "distinguished": null, "created_utc": 1630497459.0, "parent_id": "t1_hb6a2su", "replies": [{"author": "CompleteFusion", "id": "hb6r0lp", "score": 7, "subreddit": "BuyItForLife", "author_flair": null, "submission": "pfna4s", "stickied": false, "body": "Knives can dull with the heat from ky understanding, but I think part of being \"quality goods\" can certainly mean tough enough to withstand a dishwasher. Also dishwashers use significantly less water than handwashing.", "is_submitter": false, "distinguished": null, "created_utc": 1630504317.0, "parent_id": "t1_hb6dhg0", "replies": [{"author": "acathode", "id": "hb8242n", "score": 6, "subreddit": "BuyItForLife", "author_flair": null, "submission": "pfna4s", "stickied": false, "body": ">  but I think part of being \"quality goods\" can certainly mean tough enough to withstand a dishwasher.\n\nNo, get that though out of your head. A lot of high quality cooking goods do not fare well in dishwashers and should always be hand washed - dishwashers simply are far to aggressive, the chemicals (soap) are so much harsher and the heat cycles are more intense than hand washing. \n\nAnything you actually want to keep sharp should stay out of the dishwasher, not just knives but graters, mandolins, microplanes, etc. as well. Maybe it's not the end of the world if you chuck those items in now and then, but they absolutely last longer and are pleasant to use for a longer time when treated with some care.\n\nNot only do dishwashers screw up the edges of knives though - dishwashing risk destroying the handles, which are often wood or some composite material. The handles cracking, have rivets go loose, the finish being ruined, etc is a real PITA and often is what marks the end of the life for a knife. You can can almost always re-sharpen an edge, bit of a hussle but all you really need is a sharpening stone and some time/patience to learn sharpening. Refurbishing/fixing the whole handle is a ton of work that most would never put in though.\n\nVarious pots and pans should also never ever see the inside of a dishwasher - cast iron is an obvious no-no, but also layered (\"ply\") stainless pots/pans where the layers are exposed at the rim is a bad idea, since the aluminium layers can corrode depending on the detergents you use. \n\nOh, and also, obviously anyone who puts a wooden cutting board in the dishwasher should be flogged. It should go without saying, but look at Amazon reviews for wooden cutting boards and just gawk at the number of 1 star reviews going \"*This wood board split after going through the dishwasher just once!!*\"", "is_submitter": false, "distinguished": null, "created_utc": 1630523744.0, "parent_id": "t1_hb6r0lp", "replies": [{"author": "CompleteFusion", "id": "hb867rw", "score": 3, "subreddit": "BuyItForLife", "author_flair": null, "submission": "pfna4s", "stickied": false, "body": "I mean, I stand by the statement that some goods being quality means it can withstand a dishwasher.  Yes I recognize that it is harmful on knives/sharp things. As I said previously.  \n \nAnd obviously cast iron and wood is not good.\n\nBut a nice stainless steel frying pan? The original topic of discussion?  Which specifically says dishwasher safe? Yeah. Its going In the dishwasher.", "is_submitter": false, "distinguished": null, "created_utc": 1630525401.0, "parent_id": "t1_hb8242n", "replies": [{"author": "acathode", "id": "hb88n1s", "score": 2, "subreddit": "BuyItForLife", "author_flair": null, "submission": "pfna4s", "stickied": false, "body": "and again, if that's a layered stainless pan that has the aluminium exposed, it's probably not a good idea if you want to really keep it BILF. \n\nThere's a few high quality layered stainless steel pots and pans, for example some All Clad models, that have exposed aluminium that risk corroding, which shouldn't be put in the washer if you want them to last.", "is_submitter": false, "distinguished": null, "created_utc": 1630526380.0, "parent_id": "t1_hb867rw", "replies": []}]}]}, {"author": "LavishnessGold769", "id": "hb75m3q", "score": 0, "subreddit": "BuyItForLife", "author_flair": null, "submission": "pfna4s", "stickied": false, "body": "Eh I\u2019ve always doubted that claim. You don\u2019t have to leave water running to wash the dishes.", "is_submitter": false, "distinguished": null, "created_utc": 1630510481.0, "parent_id": "t1_hb6r0lp", "replies": [{"author": "CompleteFusion", "id": "hb7dffn", "score": 2, "subreddit": "BuyItForLife", "author_flair": null, "submission": "pfna4s", "stickied": false, "body": "I mean feel free to do your own trials on it. I'm sure it's vs. Average water usage.maybe you use less than average.  But its pretty well known", "is_submitter": false, "distinguished": null, "created_utc": 1630513665.0, "parent_id": "t1_hb75m3q", "replies": []}, {"author": "awenother1", "id": "hb7qk52", "score": 2, "subreddit": "BuyItForLife", "author_flair": null, "submission": "pfna4s", "stickied": false, "body": "Dishwashers, just like hand washing, largely use mechanic force to remove stuck stuff from what it\u2019s washing. Dishwashers do this by circulating water over and over again on the dish, thereby using less water to clean the same amount of dishes. One dishwasher\u2019s fill of water is much less used to wash and rinse every individual dish by hand. After that, they just need a quick rinse and maybe a sanitization by heat, and then your dishes are clean.", "is_submitter": false, "distinguished": null, "created_utc": 1630518997.0, "parent_id": "t1_hb75m3q", "replies": [{"author": "LavishnessGold769", "id": "hb7xhem", "score": -6, "subreddit": "BuyItForLife", "author_flair": null, "submission": "pfna4s", "stickied": false, "body": "Eh I doubt it.", "is_submitter": false, "distinguished": null, "created_utc": 1630521846.0, "parent_id": "t1_hb7qk52", "replies": []}]}, {"author": "64Olds", "id": "hb9ni31", "score": 1, "subreddit": "BuyItForLife", "author_flair": null, "submission": "pfna4s", "stickied": false, "body": "Seriously. You can wash an entire pan with like 2 cups of water if you're not a dumbass.", "is_submitter": false, "distinguished": null, "created_utc": 1630549998.0, "parent_id": "t1_hb75m3q", "replies": []}]}]}]}]}]}, {"author": "c4seyj0nes", "id": "hb7uyyb", "score": 1, "subreddit": "BuyItForLife", "author_flair": null, "submission": "pfna4s", "stickied": false, "body": "Not OP but I was told that dishwasher detergent can pit them. I\u2019m not really sure if that\u2019s true or not though.\n\nEdit: Looks like that wasn\u2019t accurate ([source](https://www.seriouseats.com/how-to-load-a-dishwasher)) maybe I was just being told not to put my nonstick in the dishwasher.", "is_submitter": false, "distinguished": null, "created_utc": 1630520810.0, "parent_id": "t1_hb66wsr", "replies": []}]}]}, {"author": "LongRoofFan", "id": "hb7n6nq", "score": 1, "subreddit": "BuyItForLife", "author_flair": null, "submission": "pfna4s", "stickied": false, "body": "Yep for almost a decade now", "is_submitter": false, "distinguished": null, "created_utc": 1630517624.0, "parent_id": "t1_hb63vt0", "replies": []}]}, {"author": "exccord", "id": "hb6c4zt", "score": 12, "subreddit": "BuyItForLife", "author_flair": null, "submission": "pfna4s", "stickied": false, "body": "Best Brand I've ever used. There was an 8 or 10 piece set (black anodized?) I saw for sale in TJ Maxx last year for 299. Bought it with the intention to flip it but loved them too much to do so, now Its my go to set. Dunno if it's just me but everything heats up better and water boils more quickly?", "is_submitter": false, "distinguished": null, "created_utc": 1630496628.0, "parent_id": "t3_pfna4s", "replies": [{"author": "hasanyoneseenmymom", "id": "hb80y37", "score": 2, "subreddit": "BuyItForLife", "author_flair": null, "submission": "pfna4s", "stickied": false, "body": "Nice! Last time I saw all clad at tj maxx it was a single pot for about $180", "is_submitter": false, "distinguished": null, "created_utc": 1630523267.0, "parent_id": "t1_hb6c4zt", "replies": [{"author": "exccord", "id": "hbd96pv", "score": 1, "subreddit": "BuyItForLife", "author_flair": null, "submission": "pfna4s", "stickied": false, "body": "Damn!  My S.O. sent me a pic via text and said, \"Hey look what they have\".  It was weird because I had been reading about All-Clad the week before and was looking at what could be put on a registry list but opted against it.  Once I saw that set I couldn't help but not buy it since I was using the same stuff I had in college which was pretty much piece together T-Fal stuff I would get at Ross or TJ Maxx.  I absolutely love the All-Clad though and don't think I will ever go back to anything again.  The pots/pans function way better than anything I have ever had.", "is_submitter": false, "distinguished": null, "created_utc": 1630617971.0, "parent_id": "t1_hb80y37", "replies": []}]}]}, {"author": "glide_right_by", "id": "hb73038", "score": 10, "subreddit": "BuyItForLife", "author_flair": null, "submission": "pfna4s", "stickied": false, "body": "Can I ask how much you paid? There a set for sale near me. $320 for a 10-piece 5D set. Is that a good price for a used set?", "is_submitter": false, "distinguished": null, "created_utc": 1630509409.0, "parent_id": "t3_pfna4s", "replies": [{"author": "bpetersonlaw", "id": "hb740xt", "score": 14, "subreddit": "BuyItForLife", "author_flair": null, "submission": "pfna4s", "stickied": false, "body": "Retail about $1,400.  You can get the set on Amazon for $800.  OP mentioned paying about 1/2 price so I assume they paid $400-$500 so $320 would be a good deal.\n\nMake sure they are D5 instead of D3 which are a less expensive line.", "is_submitter": false, "distinguished": null, "created_utc": 1630509828.0, "parent_id": "t1_hb73038", "replies": [{"author": "kungF-U", "id": "hb7d85r", "score": 8, "subreddit": "BuyItForLife", "author_flair": null, "submission": "pfna4s", "stickied": false, "body": "ATK did some tests and came to the conclusion that D5 doesn\u2019t make any noticeable difference when compared to D3 so they recommended to save the money and stick to D3", "is_submitter": false, "distinguished": null, "created_utc": 1630513584.0, "parent_id": "t1_hb740xt", "replies": [{"author": "bpetersonlaw", "id": "hb7fx8p", "score": 7, "subreddit": "BuyItForLife", "author_flair": null, "submission": "pfna4s", "stickied": false, "body": "I bet they are very similar in performance.  I've seen the Chinese-made Tramotina also score similar to All-Clad in testing too.  But the user was asking about a good price for a used set of D5.  Whether warranted by performance or not, the value of D5 is higher than D3 or Tramotina.", "is_submitter": false, "distinguished": null, "created_utc": 1630514675.0, "parent_id": "t1_hb7d85r", "replies": [{"author": "mimefrog", "id": "hb8n0ma", "score": 1, "subreddit": "BuyItForLife", "author_flair": null, "submission": "pfna4s", "stickied": false, "body": "Tramotinas are great cheap pans.", "is_submitter": false, "distinguished": null, "created_utc": 1630532489.0, "parent_id": "t1_hb7fx8p", "replies": []}]}]}, {"author": "madapiaristswife", "id": "hb8ufpq", "score": 2, "subreddit": "BuyItForLife", "author_flair": null, "submission": "pfna4s", "stickied": false, "body": "I'm pretty sure the D5 set is $695 Cdn at my local Costco", "is_submitter": false, "distinguished": null, "created_utc": 1630536057.0, "parent_id": "t1_hb740xt", "replies": []}]}]}, {"author": "CoreyH213", "id": "hb6a0ng", "score": 12, "subreddit": "BuyItForLife", "author_flair": null, "submission": "pfna4s", "stickied": false, "body": "I've had cutco stainless steel pans and we returned them cause it seemed like we burned everything on the pan. I know it was user error. Do you know what we did wrong?\n\nGreat find. I hope to get stainless steel pans again someday", "is_submitter": false, "distinguished": null, "created_utc": 1630495258.0, "parent_id": "t3_pfna4s", "replies": [{"author": "Fuck_A_Suck", "id": "hb6lap7", "score": 24, "subreddit": "BuyItForLife", "author_flair": null, "submission": "pfna4s", "stickied": false, "body": "Actual stainless conducts heat pretty poorly. It tends to develop hot spots and is generally a pain in the ass to use. The all clad ones above are made from alternating layers of stainless steel and aluminum. The steel has great heat retention and the aluminum has good heat conduction. These 3 layer pans are easier to work with. [Edit- the all clad actually have 5 alternating layers, hence the d5].\n\nOther than that, I would just make sure to use oil appropriately. There are some use cases where I just won\u2019t even try to use my tri-ply pan. Cast iron and nonstick definitely have their own unique advantages.", "is_submitter": false, "distinguished": null, "created_utc": 1630501659.0, "parent_id": "t1_hb6a0ng", "replies": [{"author": "Xerxero", "id": "hb85nz1", "score": 1, "subreddit": "BuyItForLife", "author_flair": null, "submission": "pfna4s", "stickied": false, "body": "For me it\u2019s fish. Can\u2019t make it on an my well seasoned steel pan. Somehow it will always stick \n\nFor that I get a non stick.", "is_submitter": false, "distinguished": null, "created_utc": 1630525178.0, "parent_id": "t1_hb6lap7", "replies": []}]}, {"author": "travelerswarden", "id": "hb6ln6j", "score": 8, "subreddit": "BuyItForLife", "author_flair": null, "submission": "pfna4s", "stickied": false, "body": "Make sure you're getting triply clad pans all the way through, not just on the bottom (some just have a triply clad bottom disc.) Also - cook on low to medium heat, never high. Another big tip: look into the leidenfrost effect to help make your pans nonstick and learn what the proper cooking temp/technique is.", "is_submitter": false, "distinguished": null, "created_utc": 1630501829.0, "parent_id": "t1_hb6a0ng", "replies": []}, {"author": "Jesus_will_return", "id": "hb6gdp3", "score": 32, "subreddit": "BuyItForLife", "author_flair": null, "submission": "pfna4s", "stickied": false, "body": "What you did wrong is to buy something from Cutco.", "is_submitter": false, "distinguished": null, "created_utc": 1630499102.0, "parent_id": "t1_hb6a0ng", "replies": []}, {"author": "Elhehir", "id": "hb6tw15", "score": 5, "subreddit": "BuyItForLife", "author_flair": null, "submission": "pfna4s", "stickied": false, "body": "Hot pan cold oil. Heat pan first, over low to medium heat. Add cold oil when pan is hot enough. Don't wait too long or the oil will burn. Add food immediately.\n\nPan is hot enough when tiny water droplets you throw in the hot pan bead up and skate around. If they splash and sizzle/evaporate, pan is too cold.", "is_submitter": false, "distinguished": null, "created_utc": 1630505583.0, "parent_id": "t1_hb6a0ng", "replies": []}]}, {"author": "tellmetheworld", "id": "hb6bgrs", "score": 5, "subreddit": "BuyItForLife", "author_flair": null, "submission": "pfna4s", "stickied": false, "body": "I have some Kirkland all-clad knock offs and I can\u2019t get them to be nonstick foe the life of me. What am I doing wrong? I switched to carbon steel where at least I can build up some seasoning", "is_submitter": false, "distinguished": null, "created_utc": 1630496204.0, "parent_id": "t3_pfna4s", "replies": [{"author": "sarhoshamiral", "id": "hb6l1rv", "score": 15, "subreddit": "BuyItForLife", "author_flair": null, "submission": "pfna4s", "stickied": false, "body": "You are probably not using enough heat and oil. I have all-clad pan as well it is only nonstick if you preheat it well and use enough oil.", "is_submitter": false, "distinguished": null, "created_utc": 1630501538.0, "parent_id": "t1_hb6bgrs", "replies": [{"author": "Anthop", "id": "hb6ty0m", "score": 7, "subreddit": "BuyItForLife", "author_flair": null, "submission": "pfna4s", "stickied": false, "body": "Also important is to preheat the pan.  Even if it gets hot enough later, stuff will stick if it isn't hot enough at the start.", "is_submitter": false, "distinguished": null, "created_utc": 1630505606.0, "parent_id": "t1_hb6l1rv", "replies": []}]}, {"author": "Mydingdingdong97", "id": "hb6getx", "score": 3, "subreddit": "BuyItForLife", "author_flair": null, "submission": "pfna4s", "stickied": false, "body": "Personally i use seasoned carbon steel for frying things and stainless for veggies and/or sauces. (some sauces leave taste in the seasoning or strip the seasoning). That combo works for me. \n\n(I can get stainless to be non-stick, but that is with a little more oil/fats then I would like)", "is_submitter": false, "distinguished": null, "created_utc": 1630499119.0, "parent_id": "t1_hb6bgrs", "replies": []}, {"author": "travelerswarden", "id": "hb6lska", "score": 4, "subreddit": "BuyItForLife", "author_flair": null, "submission": "pfna4s", "stickied": false, "body": "Look into the leidenfrost effect to make your pans nonstick and learn what the proper cooking temp/technique is. You can also season stainless pans like you can carbon steel / cast iron.", "is_submitter": false, "distinguished": null, "created_utc": 1630501901.0, "parent_id": "t1_hb6bgrs", "replies": []}, {"author": "pmster1", "id": "hb72iw2", "score": 3, "subreddit": "BuyItForLife", "author_flair": null, "submission": "pfna4s", "stickied": false, "body": "I also have the kirkland knock offs. They will never be nonstick, but if you let your pan get hot and let your chicken, veggies, etc get a nice sear on them before trying to stir/flip there should be minimal sticking. Then after just deglaze with a little liquid to remove whatever is left stuck on. That stuff stuck on adds flavor to your dish.\n\nWith that said, there are some things for which I do still use nonstick coated pans.", "is_submitter": false, "distinguished": null, "created_utc": 1630509211.0, "parent_id": "t1_hb6bgrs", "replies": []}]}, {"author": "Dont_PM_me_ur_demoEP", "id": "hb6d4hc", "score": 3, "subreddit": "BuyItForLife", "author_flair": null, "submission": "pfna4s", "stickied": false, "body": "What kind of cloth did you use to scrub wit? Was it soft or abrasive?", "is_submitter": false, "distinguished": null, "created_utc": 1630497239.0, "parent_id": "t3_pfna4s", "replies": [{"author": "alspdx", "id": "hb7umxd", "score": 3, "subreddit": "BuyItForLife", "author_flair": null, "submission": "pfna4s", "stickied": false, "body": "Scrubby side of a blue \"non-scratch\" sponge with Bar Keeper's Friend. I'm not trying to keep these pans pristine so I won't worry about any microscratches that may have added to the polished surfaces, just want them to be clean and silver.", "is_submitter": true, "distinguished": null, "created_utc": 1630520673.0, "parent_id": "t1_hb6d4hc", "replies": []}]}, {"author": "TheBurningBeard", "id": "hb6fw9q", "score": 3, "subreddit": "BuyItForLife", "author_flair": null, "submission": "pfna4s", "stickied": false, "body": "Barely used is more like it", "is_submitter": false, "distinguished": null, "created_utc": 1630498838.0, "parent_id": "t3_pfna4s", "replies": []}, {"author": "Low-Possible2773", "id": "hb6tvct", "score": 3, "subreddit": "BuyItForLife", "author_flair": null, "submission": "pfna4s", "stickied": false, "body": "I bought a set of SS all clad in 1998. Still going strong and look great. I even drop them in the dishwasher with no problems. Great product. Certainly a great buy.", "is_submitter": false, "distinguished": null, "created_utc": 1630505575.0, "parent_id": "t3_pfna4s", "replies": []}, {"author": "Thristor", "id": "hb883ee", "score": 3, "subreddit": "BuyItForLife", "author_flair": null, "submission": "pfna4s", "stickied": false, "body": "Words cannot describe the jelly in my jar right now", "is_submitter": false, "distinguished": null, "created_utc": 1630526159.0, "parent_id": "t3_pfna4s", "replies": [{"author": "alspdx", "id": "hb8kbma", "score": 1, "subreddit": "BuyItForLife", "author_flair": null, "submission": "pfna4s", "stickied": false, "body": "I hope it's raspberry.", "is_submitter": true, "distinguished": null, "created_utc": 1630531263.0, "parent_id": "t1_hb883ee", "replies": []}]}, {"author": "onebaddesi", "id": "hb5y0at", "score": 7, "subreddit": "BuyItForLife", "author_flair": null, "submission": "pfna4s", "stickied": false, "body": "Wow!! Lucky you! I have a set and swear by them. Care for them well and they are the most BIFL things in my kitchen.", "is_submitter": false, "distinguished": null, "created_utc": 1630485575.0, "parent_id": "t3_pfna4s", "replies": []}, {"author": "kyohanson", "id": "hb6dmd6", "score": 2, "subreddit": "BuyItForLife", "author_flair": null, "submission": "pfna4s", "stickied": false, "body": "I just got a set and really like them. I wish mine had those extra handles though, these suckers are so heavy.", "is_submitter": false, "distinguished": null, "created_utc": 1630497541.0, "parent_id": "t3_pfna4s", "replies": []}, {"author": "roadrunnersk", "id": "hb6j68d", "score": 2, "subreddit": "BuyItForLife", "author_flair": null, "submission": "pfna4s", "stickied": false, "body": "Wow. You got lucky!!! These are buy once and pass down ten generations.", "is_submitter": false, "distinguished": null, "created_utc": 1630500602.0, "parent_id": "t3_pfna4s", "replies": []}, {"author": "IrnBroski", "id": "hb6wlnn", "score": 2, "subreddit": "BuyItForLife", "author_flair": null, "submission": "pfna4s", "stickied": false, "body": "Used as what? Beauty dishes ?", "is_submitter": false, "distinguished": null, "created_utc": 1630506734.0, "parent_id": "t3_pfna4s", "replies": []}, {"author": "The_Gregory", "id": "hb81fyf", "score": 2, "subreddit": "BuyItForLife", "author_flair": null, "submission": "pfna4s", "stickied": false, "body": "Used by who, Mr Clean?", "is_submitter": false, "distinguished": null, "created_utc": 1630523472.0, "parent_id": "t3_pfna4s", "replies": []}, {"author": "qqqqqqqqqqx10", "id": "hb83zbi", "score": 2, "subreddit": "BuyItForLife", "author_flair": null, "submission": "pfna4s", "stickied": false, "body": "You can get the all All-Clad stainless sets on sale at discount outlets for about half the price once or twice a year.", "is_submitter": false, "distinguished": null, "created_utc": 1630524498.0, "parent_id": "t3_pfna4s", "replies": [{"author": "Toilet_Crumbs", "id": "hk5onef", "score": 1, "subreddit": "BuyItForLife", "author_flair": null, "submission": "pfna4s", "stickied": false, "body": "Where can someone find one of these discount outlets?", "is_submitter": false, "distinguished": null, "created_utc": 1636600528.0, "parent_id": "t1_hb83zbi", "replies": []}]}, {"author": "tjengawongi", "id": "hb8f1j6", "score": 2, "subreddit": "BuyItForLife", "author_flair": null, "submission": "pfna4s", "stickied": false, "body": "They look very good and new actually, personally I use Demeyere pro line also very long lasting.", "is_submitter": false, "distinguished": null, "created_utc": 1630528966.0, "parent_id": "t3_pfna4s", "replies": [{"author": "alspdx", "id": "hb8jkox", "score": 1, "subreddit": "BuyItForLife", "author_flair": null, "submission": "pfna4s", "stickied": false, "body": "Those look really nice too", "is_submitter": true, "distinguished": null, "created_utc": 1630530924.0, "parent_id": "t1_hb8f1j6", "replies": []}]}, {"author": "RedRaven117", "id": "hb697xe", "score": 2, "subreddit": "BuyItForLife", "author_flair": null, "submission": "pfna4s", "stickied": false, "body": "Damn son, where did you get that?", "is_submitter": false, "distinguished": null, "created_utc": 1630494718.0, "parent_id": "t3_pfna4s", "replies": [{"author": "alspdx", "id": "hb7uo7d", "score": 1, "subreddit": "BuyItForLife", "author_flair": null, "submission": "pfna4s", "stickied": false, "body": "Craigslist.", "is_submitter": true, "distinguished": null, "created_utc": 1630520687.0, "parent_id": "t1_hb697xe", "replies": []}]}, {"author": "fuckcombustion", "id": "hb7h3we", "score": 1, "subreddit": "BuyItForLife", "author_flair": null, "submission": "pfna4s", "stickied": false, "body": "I\u2019m waiting for some with comfy handles. Nice score!", "is_submitter": false, "distinguished": null, "created_utc": 1630515148.0, "parent_id": "t3_pfna4s", "replies": [{"author": "GrumpyGuss", "id": "hb7rzkt", "score": 1, "subreddit": "BuyItForLife", "author_flair": null, "submission": "pfna4s", "stickied": false, "body": "Check out [Mauviel cookware](https://mauviel-usa.com/). I used them for years at a restaurant and was planning on stealing a pan or two when I left. Ended up buying a set once I had the money.\n\nPersonally I find the handles very comfortable, and the pans are as high of quality as all-clad", "is_submitter": false, "distinguished": null, "created_utc": 1630519584.0, "parent_id": "t1_hb7h3we", "replies": [{"author": "fuckcombustion", "id": "hb7xf8t", "score": 2, "subreddit": "BuyItForLife", "author_flair": null, "submission": "pfna4s", "stickied": false, "body": "Will do\u2019", "is_submitter": false, "distinguished": null, "created_utc": 1630521821.0, "parent_id": "t1_hb7rzkt", "replies": []}]}]}, {"author": "DELETED", "id": "hb5xfwv", "score": 0, "subreddit": "BuyItForLife", "author_flair": null, "submission": "pfna4s", "stickied": false, "body": "Score!! Wow those look fantastic. Is this after cleaning, I assume?", "is_submitter": false, "distinguished": null, "created_utc": 1630485060.0, "parent_id": "t3_pfna4s", "replies": []}, {"author": "staringattheplates", "id": "hb6ewyn", "score": 1, "subreddit": "BuyItForLife", "author_flair": null, "submission": "pfna4s", "stickied": false, "body": "I'm so envious. That's awesome.", "is_submitter": false, "distinguished": null, "created_utc": 1630498290.0, "parent_id": "t3_pfna4s", "replies": []}, {"author": "LookReadLearn", "id": "hb6gw2l", "score": 1, "subreddit": "BuyItForLife", "author_flair": null, "submission": "pfna4s", "stickied": false, "body": "Yeah you \"fixed\" them. IU also recommend \"Bon Ami\" as it is a great cleaner and does not scratch anything. It's all natural too and non toxic.", "is_submitter": false, "distinguished": null, "created_utc": 1630499385.0, "parent_id": "t3_pfna4s", "replies": []}, {"author": "CaptZ", "id": "hb6zcrp", "score": 1, "subreddit": "BuyItForLife", "author_flair": null, "submission": "pfna4s", "stickied": false, "body": "Same stove I got. I love that thing! Makes great jerky besides everyday cooking.", "is_submitter": false, "distinguished": null, "created_utc": 1630507887.0, "parent_id": "t3_pfna4s", "replies": [{"author": "alspdx", "id": "hb7vezu", "score": 1, "subreddit": "BuyItForLife", "author_flair": null, "submission": "pfna4s", "stickied": false, "body": "Oh interesting, do you use one of the convection settings for jerky?", "is_submitter": true, "distinguished": null, "created_utc": 1630520993.0, "parent_id": "t1_hb6zcrp", "replies": [{"author": "CaptZ", "id": "hb7xo1z", "score": 1, "subreddit": "BuyItForLife", "author_flair": null, "submission": "pfna4s", "stickied": false, "body": "I use the \"Dehydrate\" button but adjust the temperature accordingly. I think the default on the button is 150 degrees", "is_submitter": false, "distinguished": null, "created_utc": 1630521924.0, "parent_id": "t1_hb7vezu", "replies": []}]}]}, {"author": "coffeejn", "id": "hb71jmb", "score": 1, "subreddit": "BuyItForLife", "author_flair": null, "submission": "pfna4s", "stickied": false, "body": "I find using baking soda also helps to polish or remove tough stains on pots.   Just make a paste or rub it with very little water.", "is_submitter": false, "distinguished": null, "created_utc": 1630508799.0, "parent_id": "t3_pfna4s", "replies": []}, {"author": "Naytica", "id": "hb73of3", "score": 1, "subreddit": "BuyItForLife", "author_flair": null, "submission": "pfna4s", "stickied": false, "body": "The only thing I'm sad about living in a country where the second hand industry is so good everyone knows the correct prices for stuff, is all in this post. I have never and would never be able to find such a steal :') \n\nNot to say secondhand items I found aren't of quality, but I'd never be able to find them at a \"score\" of a price. It's always what you'd price a secondhand quality item if you knew its worth.", "is_submitter": false, "distinguished": null, "created_utc": 1630509687.0, "parent_id": "t3_pfna4s", "replies": []}, {"author": "beefcat_", "id": "hb76o62", "score": 1, "subreddit": "BuyItForLife", "author_flair": null, "submission": "pfna4s", "stickied": false, "body": "I got a set with my new induction range and I had no idea how much I would love them.", "is_submitter": false, "distinguished": null, "created_utc": 1630510909.0, "parent_id": "t3_pfna4s", "replies": []}, {"author": "NicklovesHer", "id": "hb7dyvs", "score": 1, "subreddit": "BuyItForLife", "author_flair": null, "submission": "pfna4s", "stickied": false, "body": "Dang, this is nice", "is_submitter": false, "distinguished": null, "created_utc": 1630513882.0, "parent_id": "t3_pfna4s", "replies": []}, {"author": "BadWowDoge", "id": "hb7gt35", "score": 1, "subreddit": "BuyItForLife", "author_flair": null, "submission": "pfna4s", "stickied": false, "body": "We have these and they cook great but very difficult to use properly and hard to clean. \n\nWe actually have a couple non-stick pans in the cabinet for quick meals, they are so much easier.", "is_submitter": false, "distinguished": null, "created_utc": 1630515029.0, "parent_id": "t3_pfna4s", "replies": []}, {"author": "ootskbbysitr", "id": "hb7nh4z", "score": 1, "subreddit": "BuyItForLife", "author_flair": null, "submission": "pfna4s", "stickied": false, "body": "Lucky!", "is_submitter": false, "distinguished": null, "created_utc": 1630517743.0, "parent_id": "t3_pfna4s", "replies": []}, {"author": "vesperfall", "id": "hb7ohjz", "score": 1, "subreddit": "BuyItForLife", "author_flair": null, "submission": "pfna4s", "stickied": false, "body": "Wow. I would call this a once in a lifetime deal considering those pans can literally last you a lifetime. Good for you OP!", "is_submitter": false, "distinguished": null, "created_utc": 1630518158.0, "parent_id": "t3_pfna4s", "replies": []}, {"author": "SKILLETNUTZ", "id": "hb7p6ed", "score": 1, "subreddit": "BuyItForLife", "author_flair": null, "submission": "pfna4s", "stickied": false, "body": "F\u2019n SCORE!", "is_submitter": false, "distinguished": null, "created_utc": 1630518438.0, "parent_id": "t3_pfna4s", "replies": []}, {"author": "downwind_giftshop", "id": "hb7q3wi", "score": 1, "subreddit": "BuyItForLife", "author_flair": null, "submission": "pfna4s", "stickied": false, "body": "I have this same set! Love the absolute fuck out of them, but I need to polish them to help with food sticking.", "is_submitter": false, "distinguished": null, "created_utc": 1630518811.0, "parent_id": "t3_pfna4s", "replies": []}, {"author": "Unthar01", "id": "hb7qlcj", "score": 1, "subreddit": "BuyItForLife", "author_flair": null, "submission": "pfna4s", "stickied": false, "body": "Mine does not clean up like that. I like my all clad but pretty dumb you can't use them in the dishwasher", "is_submitter": false, "distinguished": null, "created_utc": 1630519011.0, "parent_id": "t3_pfna4s", "replies": [{"author": "alspdx", "id": "hb7v7dx", "score": 3, "subreddit": "BuyItForLife", "author_flair": null, "submission": "pfna4s", "stickied": false, "body": "Plenty of commenters here talking about throwing theirs in the dishwasher with no issues, I'll be putting these in as needed.", "is_submitter": true, "distinguished": null, "created_utc": 1630520907.0, "parent_id": "t1_hb7qlcj", "replies": [{"author": "Unthar01", "id": "hb7veci", "score": 1, "subreddit": "BuyItForLife", "author_flair": null, "submission": "pfna4s", "stickied": false, "body": "Those things are gorgeous tho, congrats", "is_submitter": false, "distinguished": null, "created_utc": 1630520985.0, "parent_id": "t1_hb7v7dx", "replies": []}]}]}, {"author": "sumwonzmom", "id": "hb7s2w4", "score": 1, "subreddit": "BuyItForLife", "author_flair": null, "submission": "pfna4s", "stickied": false, "body": "Wonderful pans. May all your kitchen dreams come true.", "is_submitter": false, "distinguished": null, "created_utc": 1630519621.0, "parent_id": "t3_pfna4s", "replies": []}, {"author": "NapClub", "id": "hb7twks", "score": 1, "subreddit": "BuyItForLife", "author_flair": null, "submission": "pfna4s", "stickied": false, "body": "All clad is the opposite of naked chef.", "is_submitter": false, "distinguished": null, "created_utc": 1630520371.0, "parent_id": "t3_pfna4s", "replies": []}, {"author": "bizzi2654", "id": "hb84bbk", "score": 1, "subreddit": "BuyItForLife", "author_flair": null, "submission": "pfna4s", "stickied": false, "body": "Nice score!", "is_submitter": false, "distinguished": null, "created_utc": 1630524634.0, "parent_id": "t3_pfna4s", "replies": []}, {"author": "thisiskerry", "id": "hb84n7u", "score": 1, "subreddit": "BuyItForLife", "author_flair": null, "submission": "pfna4s", "stickied": false, "body": "I\u2019m hunting for exactly this. Score!", "is_submitter": false, "distinguished": null, "created_utc": 1630524768.0, "parent_id": "t3_pfna4s", "replies": []}, {"author": "MildSauced", "id": "hb89q42", "score": 1, "subreddit": "BuyItForLife", "author_flair": null, "submission": "pfna4s", "stickied": false, "body": "They\u2019re beautiful, congratulations!", "is_submitter": false, "distinguished": null, "created_utc": 1630526813.0, "parent_id": "t3_pfna4s", "replies": []}, {"author": "FindingMyWay9", "id": "hb8hzb2", "score": 1, "subreddit": "BuyItForLife", "author_flair": null, "submission": "pfna4s", "stickied": false, "body": "I am so jealous I love my all clad pan", "is_submitter": false, "distinguished": null, "created_utc": 1630530217.0, "parent_id": "t3_pfna4s", "replies": []}, {"author": "Sevv2102", "id": "hb8lz4v", "score": 1, "subreddit": "BuyItForLife", "author_flair": null, "submission": "pfna4s", "stickied": false, "body": "Welder here, I cannot believe what a score this is. Amazing quality stainless, I cannot believe how minimal the \u201cdamage\u201d was! Amazing buy mate", "is_submitter": false, "distinguished": null, "created_utc": 1630532008.0, "parent_id": "t3_pfna4s", "replies": []}, {"author": "Emily_Postal", "id": "hb8nbsc", "score": 1, "subreddit": "BuyItForLife", "author_flair": null, "submission": "pfna4s", "stickied": false, "body": "All Clad is the best.", "is_submitter": false, "distinguished": null, "created_utc": 1630532636.0, "parent_id": "t3_pfna4s", "replies": []}, {"author": "TourmalineTart", "id": "hb8ng5j", "score": 1, "subreddit": "BuyItForLife", "author_flair": null, "submission": "pfna4s", "stickied": false, "body": "This is an amazing find! We bought a big set of these as the big ticket item with our wedding money and they were well worth it brand new, so getting a deal on used ones is amazing!", "is_submitter": false, "distinguished": null, "created_utc": 1630532693.0, "parent_id": "t3_pfna4s", "replies": []}, {"author": "Positivistdino", "id": "hb8uljr", "score": 1, "subreddit": "BuyItForLife", "author_flair": null, "submission": "pfna4s", "stickied": false, "body": "Damn, nice find!", "is_submitter": false, "distinguished": null, "created_utc": 1630536136.0, "parent_id": "t3_pfna4s", "replies": []}, {"author": "treetopflyin", "id": "hb8zn40", "score": 1, "subreddit": "BuyItForLife", "author_flair": null, "submission": "pfna4s", "stickied": false, "body": "Your grandma wants those back", "is_submitter": false, "distinguished": null, "created_utc": 1630538646.0, "parent_id": "t3_pfna4s", "replies": []}, {"author": "Excuse_my_GRAMMER", "id": "hb9aswe", "score": 1, "subreddit": "BuyItForLife", "author_flair": null, "submission": "pfna4s", "stickied": false, "body": "Wish you made a YouTube video of you cleaning them..", "is_submitter": false, "distinguished": null, "created_utc": 1630543998.0, "parent_id": "t3_pfna4s", "replies": []}, {"author": "DELETED", "id": "hb9s2y4", "score": 1, "subreddit": "BuyItForLife", "author_flair": null, "submission": "pfna4s", "stickied": false, "body": "Oh my heart. I saw these and was like \u201cyes that\u2019s the set I want\u201d then saw the price", "is_submitter": false, "distinguished": null, "created_utc": 1630552340.0, "parent_id": "t3_pfna4s", "replies": []}, {"author": "Millennial_Man", "id": "hba52fa", "score": 1, "subreddit": "BuyItForLife", "author_flair": null, "submission": "pfna4s", "stickied": false, "body": "Is bar keepers friend just an abrasive? I\u2019ve never used it", "is_submitter": false, "distinguished": null, "created_utc": 1630559780.0, "parent_id": "t3_pfna4s", "replies": []}, {"author": "bigdaddybryusa2", "id": "hh12hkr", "score": 1, "subreddit": "BuyItForLife", "author_flair": null, "submission": "pfna4s", "stickied": false, "body": "Holy crap! What a score. And i thought i did well today with the factory sale. 3qt and 4qt d5 saucepan with the two handles and a d5 8qt stockpot for under $400", "is_submitter": false, "distinguished": null, "created_utc": 1634503760.0, "parent_id": "t3_pfna4s", "replies": []}]}