{"title": "My \"New\" (Renewed) Osprey AG 50 backpack from the Renewal Workshop. Only $140 USD and zero waste!", "name": "t3_o6lt83", "url": "https://i.imgur.com/VITt7PY.jpg", "selftext": "", "score": 2820, "upvote_ratio": 0.96, "permalink": "/r/BuyItForLife/comments/o6lt83/my_new_renewed_osprey_ag_50_backpack_from_the/", "id": "o6lt83", "author": "AnalogDan", "link_flair_text": "Currently sold", "num_comments": 221, "over_18": false, "spoiler": false, "pinned": false, "locked": false, "distinguished": null, "created_utc": 1624481784.0, "comments": [{"author": "phybere", "id": "h2tcybg", "score": 284, "subreddit": "BuyItForLife", "author_flair": null, "submission": "o6lt83", "stickied": false, "body": "This is BIFL with their lifetime warranty! Sadly often their warranty means they just send you a new pack instead of repairing the one you sent.", "is_submitter": false, "distinguished": null, "created_utc": 1624483946.0, "parent_id": "t3_o6lt83", "replies": [{"author": "JimmyTheFace", "id": "h2tz1uq", "score": 80, "subreddit": "BuyItForLife", "author_flair": null, "submission": "o6lt83", "stickied": false, "body": "I wonder if when Osprey sends a brand new bag as a replacement if the old bag is sent to Renewal Workshop.", "is_submitter": false, "distinguished": null, "created_utc": 1624495295.0, "parent_id": "t1_h2tcybg", "replies": [{"author": "DELETED", "id": "h2uf9w4", "score": 102, "subreddit": "BuyItForLife", "author_flair": null, "submission": "o6lt83", "stickied": false, "body": ">If your Pack has sentimental value and you don\u2019t want a replacement please let us know at the time of your repair request submission and we will mark your pack \u201csentimental\u201d.  Failure to notify us of this initially could result in your bag being recycled by the Processing Team.  Packs marked sentimental will be returned unrepaired instead of being replaced through our warranty.\n\nThis blurb is from the warranty info. So it sounds like it gets recycled in some form, whether it's renewal or broken down for parts.", "is_submitter": false, "distinguished": null, "created_utc": 1624503865.0, "parent_id": "t1_h2tz1uq", "replies": [{"author": "thebrain345", "id": "h2unbvb", "score": 22, "subreddit": "BuyItForLife", "author_flair": null, "submission": "o6lt83", "stickied": false, "body": "From experience, they don't ask for (day)packs back. Have used a couple through school, worn holes, faulty zippers, more holes. They just have you pick something similar if your pack has been discontinued.", "is_submitter": false, "distinguished": null, "created_utc": 1624508744.0, "parent_id": "t1_h2uf9w4", "replies": []}, {"author": "Rettata", "id": "h2w3ky6", "score": 4, "subreddit": "BuyItForLife", "author_flair": null, "submission": "o6lt83", "stickied": false, "body": "I dont get this. So if you warrent the item but mark it as sentimental, they wont repair it nor replace it.. so what do they do? Nothing?", "is_submitter": false, "distinguished": null, "created_utc": 1624546649.0, "parent_id": "t1_h2uf9w4", "replies": [{"author": "DELETED", "id": "h2w5goi", "score": 4, "subreddit": "BuyItForLife", "author_flair": null, "submission": "o6lt83", "stickied": false, "body": "They do their best to repair warrantied items, but sometimes it\u2019s too far gone and can\u2019t be fixed. In that case the normal process is to recycle the old one and send you a brand new bag.\n\nIf you mark it sentimental then they still do their best to repair it, but if it\u2019s too far gone then they\u2019ll return it to you instead of destroying/recycling it.", "is_submitter": false, "distinguished": null, "created_utc": 1624547510.0, "parent_id": "t1_h2w3ky6", "replies": [{"author": "DMTallovermyface", "id": "h2whows", "score": 3, "subreddit": "BuyItForLife", "author_flair": null, "submission": "o6lt83", "stickied": false, "body": "Funny that they don't say that in the paragraph tho.", "is_submitter": false, "distinguished": null, "created_utc": 1624552898.0, "parent_id": "t1_h2w5goi", "replies": []}, {"author": "Rettata", "id": "h2z08uj", "score": 4, "subreddit": "BuyItForLife", "author_flair": null, "submission": "o6lt83", "stickied": false, "body": "But it says \u201cPacks marked sentimental will be returned _unrepaired instead of being replaced_\u2026\u201d\n\nSo they dont repair it, nor replace it.. from the text atleast.", "is_submitter": false, "distinguished": null, "created_utc": 1624606275.0, "parent_id": "t1_h2w5goi", "replies": []}]}, {"author": "Nordicpunk", "id": "h2xffl9", "score": 2, "subreddit": "BuyItForLife", "author_flair": null, "submission": "o6lt83", "stickied": false, "body": "It\u2019s far cheaper to have a new bag shipped over seas than to pay a US worker to sew up a bag. That osprey bag probably costs less than 30 bucks landed to the company.", "is_submitter": false, "distinguished": null, "created_utc": 1624568057.0, "parent_id": "t1_h2w3ky6", "replies": []}]}]}]}, {"author": "squeagy", "id": "h2ti8o4", "score": 84, "subreddit": "BuyItForLife", "author_flair": null, "submission": "o6lt83", "stickied": false, "body": "I found an osprey backpack in a dumpster and sent it to them and they sent me a brand new one.", "is_submitter": false, "distinguished": null, "created_utc": 1624486495.0, "parent_id": "t1_h2tcybg", "replies": [{"author": "cwfutureboy", "id": "h2tlqzz", "score": 95, "subreddit": "BuyItForLife", "author_flair": null, "submission": "o6lt83", "stickied": false, "body": "Please don\u2019t do this.", "is_submitter": false, "distinguished": null, "created_utc": 1624488233.0, "parent_id": "t1_h2ti8o4", "replies": [{"author": "Lakario", "id": "h2u41f4", "score": 161, "subreddit": "BuyItForLife", "author_flair": null, "submission": "o6lt83", "stickied": false, "body": "Please do.\n\nSomeone wasted a product with a lifetime guarantee. Why shouldn't anyone else wise to the option take advantage of the guarantee? If the vendor stands by their product, let them do so.\n\nThe L.L. Bean argument given below is as BS as them changing their policy. Is it a lifetime warranty, or a lifetime warranty for the first purchaser? What the hell is the difference who owned it first? The only reason a company would be specific here is as a way to avoid accountability for their so-called guarantee.", "is_submitter": false, "distinguished": null, "created_utc": 1624497974.0, "parent_id": "t1_h2tlqzz", "replies": [{"author": "RelentlessFuckery", "id": "h2ubbzj", "score": 96, "subreddit": "BuyItForLife", "author_flair": null, "submission": "o6lt83", "stickied": false, "body": "I worked for another backpack manufacturer with a substantial guarantee (not lifetime, but extremely well supported) and when a hiker on the AT/PCT/etc had a significant issue we would replace the bag with the only question being \"where should I send it?\" however we did ask they deface the bag by coloring in the logo on the bag so it could be IDd as having been replaced already. \n\nWhy? Because we absolutely supported our product and our hikers, but it wasnt and could not be a free for all. If we did not have the logo defaced all it would take is for someone to \"find\" it, claim it, and get a replacement. Again and again and again. Simply not viable.\n\nSo, the first owner got the warranty. Dougie Dumpsterdiver got nothing. \n\nAnd yes, sometimes someone would trash their bag without defacing the logo and someone would claim it as their own and they would get a free bag. It sucks for the small company trying to do good by their paying customers and get a replacement stolen due to deceit. \n\nBut fuck them for trying, right?", "is_submitter": false, "distinguished": null, "created_utc": 1624501805.0, "parent_id": "t1_h2u41f4", "replies": [{"author": "HallOfGlory1", "id": "h2uejm4", "score": 32, "subreddit": "BuyItForLife", "author_flair": null, "submission": "o6lt83", "stickied": false, "body": "The simple solution seems to be just have them send you the damaged bag. Then you don't have to worry about some dumpster diver.", "is_submitter": false, "distinguished": null, "created_utc": 1624503478.0, "parent_id": "t1_h2ubbzj", "replies": [{"author": "secondlessonisfree", "id": "h2uug4f", "score": 11, "subreddit": "BuyItForLife", "author_flair": null, "submission": "o6lt83", "stickied": false, "body": "Or send a photo... \"Remove the logo with a scissor and send us a photo\". If it is an actual issue, then this is a simole problem to solve.", "is_submitter": false, "distinguished": null, "created_utc": 1624513831.0, "parent_id": "t1_h2uejm4", "replies": [{"author": "HallOfGlory1", "id": "h2uums8", "score": 12, "subreddit": "BuyItForLife", "author_flair": null, "submission": "o6lt83", "stickied": false, "body": "I was thinking more along the lines that they repair and sell the used one. I think everybody in this sub would appreciate that.", "is_submitter": false, "distinguished": null, "created_utc": 1624513978.0, "parent_id": "t1_h2uug4f", "replies": []}, {"author": "RelentlessFuckery", "id": "h2vc5ow", "score": 4, "subreddit": "BuyItForLife", "author_flair": null, "submission": "o6lt83", "stickied": false, "body": "Sending in a photo on the defaced logo was actually the standard before shipping in most situations, but for hikers we didn't screw around with that because you don't always have great reception for sending photos and/or their timelines are less elastic due to when they will be reaching/leaving town. Sometimes you just do what you have to to make the customer whole. But it was still really shitty to know you JUST sent a replacement to \"Joe's Podunk Trail Store\" in BFE Nowhere and magically three or four people show up trying to get a \"replacement\" on \"their\" pack over the course the next week or two all with the exact same model with the EXACT same problem. Weird that. Really makes you wonder about what kind of people are making claims on shit they dig out of the trash.\n\n\nEdit: this is to say NOTHING about the number of claims we didn't honor from people claiming warranties on already defaced bags and then fucking SCREAMING at me over \"YoU dOnT SuPpOrT yOuR pRoDuCT!!!! I'm telling the world!\" like finding the bag gives them some special claim not just to a replacement but to be assholes. Sometimes we would get more claims in a day on defaced items than on actual warranty items. Absolutely wild. \n\n\"I can color on my own bag without ruining the warranty! It's mine! I can do whatever I want!!!\"\n\n \"Oh, ok, so you scribbled over the logo with a sharpie for looks then?\" (HIGHLY paraphrased on my part. I bent over backwards to not make accusations, just get clarification).\n\n\"FUCK YOU! I'm telling EVERYONE you don't support your product. You guys fucking suck!\" (NOT paraphrased, unfortunately.) \n\nMeanwhile the person who actually bought the product is skipping down the road with their fully realized warrantied item, that itself has it's own warranty, and has no idea about any of this happening.", "is_submitter": false, "distinguished": null, "created_utc": 1624530181.0, "parent_id": "t1_h2uug4f", "replies": [{"author": "secondlessonisfree", "id": "h2w24rh", "score": 3, "subreddit": "BuyItForLife", "author_flair": null, "submission": "o6lt83", "stickied": false, "body": "Yes I understand your point and it makes sense, this is why I was talking about scissors. Why not do that? I mean, some of your points are from before the smartphone era. But now: photo of a cut logo or something.", "is_submitter": false, "distinguished": null, "created_utc": 1624545991.0, "parent_id": "t1_h2vc5ow", "replies": [{"author": "RelentlessFuckery", "id": "h2wbz7l", "score": 2, "subreddit": "BuyItForLife", "author_flair": null, "submission": "o6lt83", "stickied": false, "body": "This was from 2018. What part of this is pre smartphone? Why is destructively defacing the bag better than non destructive permanent marking? \n\nWe still got photos of defaced logos when possible... It's just not always possible if you are trying to get the customer taken care of asap. \n\nIt's a bit of a catch 20/20. Either you bend over backwards to make your paying customers experience as clean and hassle free as possible and run into issues with scammers down the line, or you muck up the works for everyone because scammers be scamming. In either case, somebody is gonna be mad.", "is_submitter": false, "distinguished": null, "created_utc": 1624550388.0, "parent_id": "t1_h2w24rh", "replies": []}]}]}, {"author": "lps2", "id": "h2vwij7", "score": 1, "subreddit": "BuyItForLife", "author_flair": null, "submission": "o6lt83", "stickied": false, "body": "Or have you send in the serial number, seems the easiest solution. Mark that S/N as having been replaced and that's it. If another claim comes in for that S/N, it gets denied", "is_submitter": false, "distinguished": null, "created_utc": 1624543358.0, "parent_id": "t1_h2uug4f", "replies": []}]}, {"author": "Pircay", "id": "h2uetva", "score": 30, "subreddit": "BuyItForLife", "author_flair": null, "submission": "o6lt83", "stickied": false, "body": "At scale, this is not worth doing because then the company has to dispose of it themselves", "is_submitter": false, "distinguished": null, "created_utc": 1624503629.0, "parent_id": "t1_h2uejm4", "replies": [{"author": "RelentlessFuckery", "id": "h2ufxb4", "score": 25, "subreddit": "BuyItForLife", "author_flair": null, "submission": "o6lt83", "stickied": false, "body": "Also makes sending them a replacement on the trail (which we did, a lot) very difficult and time consuming. No one wants to wait while their bag gets exchanged at the manufacturer. It's way better to have it waiting for them at the next gear drop and then have them deface and dispose there.", "is_submitter": false, "distinguished": null, "created_utc": 1624504223.0, "parent_id": "t1_h2uetva", "replies": [{"author": "PoppiesnPeas", "id": "h2uom7n", "score": 13, "subreddit": "BuyItForLife", "author_flair": null, "submission": "o6lt83", "stickied": false, "body": "I work for a company with a lifetime warranty on their products - when processing a warranty claim they email customers a shipping label, when they see that the damaged item has been scanned in by the postal carrier they send out the replacement, they don\u2019t wait to receive the damaged item.", "is_submitter": false, "distinguished": null, "created_utc": 1624509612.0, "parent_id": "t1_h2ufxb4", "replies": [{"author": "RelentlessFuckery", "id": "h2vdjp9", "score": 6, "subreddit": "BuyItForLife", "author_flair": null, "submission": "o6lt83", "stickied": false, "body": "That's a common practice. Didn't work for our model. Either the customer needed a replacement right away, in which case that was too long of a wait or we just plain didn't want it back. Under many circumstances that meant the customer now had two bags, one with a new warranty (the replacement) and one without a warranty anymore (the defaced original) that the owner could do with as they pleased (including continue to use, if the failure was one which fell under warranty but may not have made it unusable.)", "is_submitter": false, "distinguished": null, "created_utc": 1624531412.0, "parent_id": "t1_h2uom7n", "replies": []}, {"author": "Slippschitts", "id": "h2v18au", "score": 2, "subreddit": "BuyItForLife", "author_flair": null, "submission": "o6lt83", "stickied": false, "body": "What company is this?", "is_submitter": false, "distinguished": null, "created_utc": 1624519605.0, "parent_id": "t1_h2uom7n", "replies": []}]}]}]}]}, {"author": "ZippyDan", "id": "h2uh75d", "score": 4, "subreddit": "BuyItForLife", "author_flair": null, "submission": "o6lt83", "stickied": false, "body": "But in the story above, the commenter specifically said they had to send in the bag.", "is_submitter": false, "distinguished": null, "created_utc": 1624504939.0, "parent_id": "t1_h2ubbzj", "replies": [{"author": "RelentlessFuckery", "id": "h2uk2xa", "score": 6, "subreddit": "BuyItForLife", "author_flair": null, "submission": "o6lt83", "stickied": false, "body": "I was responding to the comment about: \"Is it a lifetime warranty, or a lifetime warranty for the first purchaser? What the hell is the difference who owned it first? The only reason a company would be specific here is as a way to avoid accountability for their so-called guarantee.\"\n\nand I disagree with that premise. The guarantee is not (necessarily) bound to the product (some companies do do that and those who reneg, like LLBean, can get fucked) but between the buyer and seller and the seller can 100% stand behind their product without owing anything to trash can man.", "is_submitter": false, "distinguished": null, "created_utc": 1624506671.0, "parent_id": "t1_h2uh75d", "replies": [{"author": "ZippyDan", "id": "h2ukitv", "score": 6, "subreddit": "BuyItForLife", "author_flair": null, "submission": "o6lt83", "stickied": false, "body": "And I, and the commenter you replied to, are saying that that's a choice the company makes that is not a *necessary* choice.  \n\nThere are ways to provide an unlimited warranty to whoever holds the item without being taken advantage of: e.g. have them send the item in for replacement.\n\nThe part that the commenter may have been wrong about is that it is a cover for denying responsibility.  But, I'd say more often than not, he is right.  Many companies offer \"lifetime\" warranties that are actually *limited* lifetime warranties with so many limitations and restrictions that the warranty becomes useless to the consumer and is just a marketing tool.", "is_submitter": false, "distinguished": null, "created_utc": 1624506940.0, "parent_id": "t1_h2uk2xa", "replies": []}, {"author": "Py687", "id": "h2x88s9", "score": 1, "subreddit": "BuyItForLife", "author_flair": null, "submission": "o6lt83", "stickied": false, "body": "I think it's fair for companies to offer a warranty for the consumer vs for the product. Though it needs to be clear.\n\nOf course consider the following example as well. It's not dumpster diving but where would you stand?\n\n1. Original owner uses the warranty for a replacement and resells it to me.\n\n2. Original owner resells used product, which I purchase, and then I exercise the warranty for.", "is_submitter": false, "distinguished": null, "created_utc": 1624564684.0, "parent_id": "t1_h2uk2xa", "replies": [{"author": "RelentlessFuckery", "id": "h2xh85c", "score": 1, "subreddit": "BuyItForLife", "author_flair": null, "submission": "o6lt83", "stickied": false, "body": "Those are good questions and I dont have good answers. \n\nOn paper, for that company, the rule was \"original owner\" for warranty coverage. Authorized retailers were not considered the original owner, but unauthorized retailers (resellers) were. I do not agree with this stance and called it out. A LOT. However the argument was that a reseller may be selling used goods, unauthorized refurbs (of unknown quality), or knock offs (major! problem!) and the company didnt want to be on the hook for some eBay dude selling knock offs. \n\nMy personal opinion (and the thing I went off of unless told otherwise) was that if I had no reason to assume shenanigans, I didnt. And I tried REALLY hard to not find a reason to assume shenanigans. Like, REALLY REALLY hard. But if you tried to play fuckfuck games and got caught, well... sorry dude.", "is_submitter": false, "distinguished": null, "created_utc": 1624568987.0, "parent_id": "t1_h2x88s9", "replies": []}]}]}]}, {"author": "Lakario", "id": "h2uc6bg", "score": 1, "subreddit": "BuyItForLife", "author_flair": null, "submission": "o6lt83", "stickied": false, "body": "And by all means, if this is your policy, state it and stick to it. Don't call it a lifetime warranty and then try to weasel it out of it on a case by case basis.\n\nRespect.", "is_submitter": false, "distinguished": null, "created_utc": 1624502240.0, "parent_id": "t1_h2ubbzj", "replies": []}, {"author": "OverTheCandleStick", "id": "h2udrxq", "score": -1, "subreddit": "BuyItForLife", "author_flair": null, "submission": "o6lt83", "stickied": false, "body": "Horseshit. The margins in textiles are so fucking high that you pay for 6 backpacks buying one. Probably 10 with a small shop brand.", "is_submitter": false, "distinguished": null, "created_utc": 1624503086.0, "parent_id": "t1_h2ubbzj", "replies": []}, {"author": "fgyoysgaxt", "id": "h2uem9z", "score": 1, "subreddit": "BuyItForLife", "author_flair": null, "submission": "o6lt83", "stickied": false, "body": "Don't offer something you can't honor.", "is_submitter": false, "distinguished": null, "created_utc": 1624503517.0, "parent_id": "t1_h2ubbzj", "replies": [{"author": "RelentlessFuckery", "id": "h2ugdy2", "score": 9, "subreddit": "BuyItForLife", "author_flair": null, "submission": "o6lt83", "stickied": false, "body": "What is the offer not being honored? The person who purchased the bag gets the support. Not the dude who digs it out of the trash. I don't understand why people think the warranty contract is bound to the item and not the agreement between purchaser and seller.", "is_submitter": false, "distinguished": null, "created_utc": 1624504480.0, "parent_id": "t1_h2uem9z", "replies": [{"author": "fgyoysgaxt", "id": "h2uj3he", "score": -8, "subreddit": "BuyItForLife", "author_flair": null, "submission": "o6lt83", "stickied": false, "body": "That's just word games mate, no one thinks like that.", "is_submitter": false, "distinguished": null, "created_utc": 1624506072.0, "parent_id": "t1_h2ugdy2", "replies": [{"author": "RelentlessFuckery", "id": "h2ujj92", "score": 1, "subreddit": "BuyItForLife", "author_flair": null, "submission": "o6lt83", "stickied": false, "body": "It's not. People just want to read into shit and game the system. I get it. But assuming warranty rights just cuz you found something is more than \"word games\". That's some \"I got mine, Fuck you.\" energy right there.", "is_submitter": false, "distinguished": null, "created_utc": 1624506337.0, "parent_id": "t1_h2uj3he", "replies": []}]}]}]}]}, {"author": "americanrivermint", "id": "h2u9l47", "score": -4, "subreddit": "BuyItForLife", "author_flair": null, "submission": "o6lt83", "stickied": false, "body": ">Please do.\n>\n>Someone wasted a product with a lifetime guarantee. Why shouldn't anyone else wise to the option take advantage of the guarantee? If the vendor stands by their product, let them do so.\n>\n>The L.L. Bean argument given below is as BS as them changing their policy. Is it a lifetime warranty, or a lifetime warranty for the first purchaser? \n\nIt's a lifetime warranty unless too many people use it in which case it isn't viable.\n\n\nHence \"please don't do this so it remains viable\"", "is_submitter": false, "distinguished": null, "created_utc": 1624500881.0, "parent_id": "t1_h2u41f4", "replies": [{"author": "DarienStegosaur", "id": "h2ud7qv", "score": 16, "subreddit": "BuyItForLife", "author_flair": null, "submission": "o6lt83", "stickied": false, "body": ">It's a lifetime warranty unless too many people use it \n\nYou sound like an insurance company trying to get out of paying.\n\nThe warranty is as much a part of the product sold as the actual bag. Stop kissing a company's ass so hard that not only do you not expect them to honor the legal contract they entered into willingly, but you expect the other party to not activate that contract when necessary.\n\nIf using the warranty makes them change the policy or go out of business, then you never had a warranty\u2014you had a lie about a shitty product.", "is_submitter": false, "distinguished": null, "created_utc": 1624502791.0, "parent_id": "t1_h2u9l47", "replies": [{"author": "cwfutureboy", "id": "h2uhv8l", "score": -1, "subreddit": "BuyItForLife", "author_flair": null, "submission": "o6lt83", "stickied": false, "body": "Legal contracts are made between persons not inanimate objects.", "is_submitter": false, "distinguished": null, "created_utc": 1624505331.0, "parent_id": "t1_h2ud7qv", "replies": [{"author": "DELETED", "id": "h2usidm", "score": 13, "subreddit": "BuyItForLife", "author_flair": null, "submission": "o6lt83", "stickied": false, "body": "[deleted]", "is_submitter": false, "distinguished": null, "created_utc": 1624512385.0, "parent_id": "t1_h2uhv8l", "replies": [{"author": "PlumJuggler", "id": "h2vt582", "score": 3, "subreddit": "BuyItForLife", "author_flair": null, "submission": "o6lt83", "stickied": false, "body": "Exactly this, the warranty is a property of the product and you should be able to sell or give the product to whoever you please and the property of 'lifetime warranty' should remain.\n\nEdit: great example with Zippo. They know how to provide a lifetime warranty.", "is_submitter": false, "distinguished": null, "created_utc": 1624541674.0, "parent_id": "t1_h2usidm", "replies": []}, {"author": "TrptJim", "id": "h2vt9tg", "score": -1, "subreddit": "BuyItForLife", "author_flair": null, "submission": "o6lt83", "stickied": false, "body": "Unless they word it to mean the expected lifetime of a product.", "is_submitter": false, "distinguished": null, "created_utc": 1624541739.0, "parent_id": "t1_h2usidm", "replies": []}]}]}]}, {"author": "Lakario", "id": "h2ub05j", "score": 4, "subreddit": "BuyItForLife", "author_flair": null, "submission": "o6lt83", "stickied": false, "body": "I think the question of viability only starts to come up if people are getting a product replaced because they don't like wear and tear, say by intentionally damaging it. To exercise a guarantee legitimately on a product that has one is the whole point.", "is_submitter": false, "distinguished": null, "created_utc": 1624501632.0, "parent_id": "t1_h2u9l47", "replies": []}]}, {"author": "PageFault", "id": "h2yvvaq", "score": 1, "subreddit": "BuyItForLife", "author_flair": null, "submission": "o6lt83", "stickied": false, "body": "> Someone wasted a product with a lifetime guarantee.\n\nDid they? Maybe the original owner died. How many lifetimes is the guarantee good for? The warrantee was never meant to cover it until the end of time.", "is_submitter": false, "distinguished": null, "created_utc": 1624602554.0, "parent_id": "t1_h2u41f4", "replies": []}]}, {"author": "squeagy", "id": "h2tta8f", "score": 15, "subreddit": "BuyItForLife", "author_flair": null, "submission": "o6lt83", "stickied": false, "body": "Why? Someone bought it.", "is_submitter": false, "distinguished": null, "created_utc": 1624492246.0, "parent_id": "t1_h2tlqzz", "replies": [{"author": "JayStar1213", "id": "h2tug4y", "score": 28, "subreddit": "BuyItForLife", "author_flair": null, "submission": "o6lt83", "stickied": false, "body": "No shit, if their policy doesn't require proof of purchase then they basically accept this as a possibility", "is_submitter": false, "distinguished": null, "created_utc": 1624492868.0, "parent_id": "t1_h2tta8f", "replies": [{"author": "americanrivermint", "id": "h2u9vme", "score": 3, "subreddit": "BuyItForLife", "author_flair": null, "submission": "o6lt83", "stickied": false, "body": "Because if too many people do that they'll stop accepting it as a possibility.", "is_submitter": false, "distinguished": null, "created_utc": 1624501037.0, "parent_id": "t1_h2tug4y", "replies": [{"author": "achairmadeoflemons", "id": "h2ue2k7", "score": 10, "subreddit": "BuyItForLife", "author_flair": null, "submission": "o6lt83", "stickied": false, "body": "Does this make sense? Like, there's just 1 backpack, you aren't somehow cloning the backpack to get two backpacks.\n\nSo like, original owner sends in their old backpack for repair/replacement, the company is out x dollars. Or someone else sends it in for repair or replacement and the company is out the same exact x dollars. What's the difference?", "is_submitter": false, "distinguished": null, "created_utc": 1624503232.0, "parent_id": "t1_h2u9vme", "replies": [{"author": "americanrivermint", "id": "h2uf1bz", "score": -7, "subreddit": "BuyItForLife", "author_flair": null, "submission": "o6lt83", "stickied": false, "body": "The difference is that some purchasers decide to warranty their backpacks and some don't. Net, the company makes money by offering the policy. Thrifters and dumpster finders throw off that balance, so now they cancel the policy.", "is_submitter": false, "distinguished": null, "created_utc": 1624503739.0, "parent_id": "t1_h2ue2k7", "replies": [{"author": "achairmadeoflemons", "id": "h2ufl4k", "score": 7, "subreddit": "BuyItForLife", "author_flair": null, "submission": "o6lt83", "stickied": false, "body": "It seems like you'd either offer the product with the warranty included in the sales prices or require proof of buying the warranty, since it's more like insurance in that case", "is_submitter": false, "distinguished": null, "created_utc": 1624504034.0, "parent_id": "t1_h2uf1bz", "replies": []}]}]}, {"author": "JayStar1213", "id": "h2uc2cr", "score": 3, "subreddit": "BuyItForLife", "author_flair": null, "submission": "o6lt83", "stickied": false, "body": "It's no skin off their teeth, someone bought that backpack", "is_submitter": false, "distinguished": null, "created_utc": 1624502184.0, "parent_id": "t1_h2u9vme", "replies": [{"author": "americanrivermint", "id": "h2uc7sd", "score": 8, "subreddit": "BuyItForLife", "author_flair": null, "submission": "o6lt83", "stickied": false, "body": "Cool, now the policy is discontinued because of people like you lol. You really got em!", "is_submitter": false, "distinguished": null, "created_utc": 1624502261.0, "parent_id": "t1_h2uc2cr", "replies": [{"author": "JayStar1213", "id": "h2ud4vf", "score": 7, "subreddit": "BuyItForLife", "author_flair": null, "submission": "o6lt83", "stickied": false, "body": "What are you talking about? I didn't do anything.", "is_submitter": false, "distinguished": null, "created_utc": 1624502750.0, "parent_id": "t1_h2uc7sd", "replies": [{"author": "MrDirt", "id": "h2umtgx", "score": 4, "subreddit": "BuyItForLife", "author_flair": null, "submission": "o6lt83", "stickied": false, "body": "The implication is that someone taking advantage of a lifetime warranty for an item that they weren't the initial purchaser of will ultimately lead the company to stop offering the lifetime warranty.\n\nBy getting a replacement, and often new, backpack from Osprey that you or whomever purchased or found second hand can be viewed as disingenuous. At least with Osprey it seems the returned bag is taken out of circulation or reconditioned. \n\nHowever, could this lead to the end of the lifetime warranty? Perhaps. Other brands have started to end their generous policies after practices like this took off. You may this you're purchasing into a lifestyle, but you're just making a purchase from a corporation. A small one compared to big box stores like Walmart and Target, but still a company with profit margins. If margins get too slim we might see them getting bought by a larger company and the quality decline along with the loss of great warranties.", "is_submitter": false, "distinguished": null, "created_utc": 1624508407.0, "parent_id": "t1_h2ud4vf", "replies": []}]}, {"author": "addywoot", "id": "h2umirx", "score": 1, "subreddit": "BuyItForLife", "author_flair": null, "submission": "o6lt83", "stickied": false, "body": "They got theirs, at least.", "is_submitter": false, "distinguished": null, "created_utc": 1624508213.0, "parent_id": "t1_h2uc7sd", "replies": []}]}]}]}]}, {"author": "cwfutureboy", "id": "h2tyn1x", "score": 28, "subreddit": "BuyItForLife", "author_flair": null, "submission": "o6lt83", "stickied": false, "body": "Cause shit like this is why LL Bean and other brands are getting rid of their return policies.", "is_submitter": false, "distinguished": null, "created_utc": 1624495071.0, "parent_id": "t1_h2tta8f", "replies": [{"author": "Lakario", "id": "h2u5pvs", "score": 24, "subreddit": "BuyItForLife", "author_flair": null, "submission": "o6lt83", "stickied": false, "body": "Capitalism and not caring about customers are the reasons companies are changing their return policies.", "is_submitter": false, "distinguished": null, "created_utc": 1624498864.0, "parent_id": "t1_h2tyn1x", "replies": [{"author": "americanrivermint", "id": "h2u9njv", "score": 14, "subreddit": "BuyItForLife", "author_flair": null, "submission": "o6lt83", "stickied": false, "body": "Jesus Christ the level of entitlement. How dare they discontinue an extremely generous policy that  we all loved just because so many people are abusing   it that it becomes economically impossible to continue ?", "is_submitter": false, "distinguished": null, "created_utc": 1624500919.0, "parent_id": "t1_h2u5pvs", "replies": [{"author": "OverTheCandleStick", "id": "h2ueedb", "score": 16, "subreddit": "BuyItForLife", "author_flair": null, "submission": "o6lt83", "stickied": false, "body": "Generous. \n\nLol. \n\nThey priced a product to pay for replacement.", "is_submitter": false, "distinguished": null, "created_utc": 1624503400.0, "parent_id": "t1_h2u9njv", "replies": [{"author": "americanrivermint", "id": "h2uev5f", "score": -6, "subreddit": "BuyItForLife", "author_flair": null, "submission": "o6lt83", "stickied": false, "body": "Yeah, generous. Most companies don't do this. And go off about capitalism and then find me another system on the planet that will provide a better luxury hiking  back pack for you lmao", "is_submitter": false, "distinguished": null, "created_utc": 1624503649.0, "parent_id": "t1_h2ueedb", "replies": [{"author": "OverTheCandleStick", "id": "h2uf14q", "score": 4, "subreddit": "BuyItForLife", "author_flair": null, "submission": "o6lt83", "stickied": false, "body": "Most companies don\u2019t price a shit product the way they do. \n\nI don\u2019t have a problem with capitalism. I have a problem when corporations can\u2019t uphold what they sold. \n\nThey aren\u2019t selling a backpack. They\u2019re selling a warranty.", "is_submitter": false, "distinguished": null, "created_utc": 1624503737.0, "parent_id": "t1_h2uev5f", "replies": []}]}]}, {"author": "DarienStegosaur", "id": "h2udxj2", "score": 13, "subreddit": "BuyItForLife", "author_flair": null, "submission": "o6lt83", "stickied": false, "body": "Jesus Christ the level of entitlement. How dare those multi-billion-dollar corporations keep charging the same amount of money for the products when the warranty went from lifetime to a year or less.\n\nThe warranty is as much a part of the product sold as the actual bag. Stop kissing a company's ass so hard that not only do you not expect them to honor the legal contract they entered into willingly, but you expect the other party to not activate that contract when necessary.\r  \n\r  \nIf using the warranty makes them change the policy or go out of business, then you never had a warranty\u2014you had a lie about a shitty product.", "is_submitter": false, "distinguished": null, "created_utc": 1624503165.0, "parent_id": "t1_h2u9njv", "replies": [{"author": "MrDirt", "id": "h2unbd2", "score": 2, "subreddit": "BuyItForLife", "author_flair": null, "submission": "o6lt83", "stickied": false, "body": "Osprey had a revenue report of $31million in 2019, not billions.", "is_submitter": false, "distinguished": null, "created_utc": 1624508734.0, "parent_id": "t1_h2udxj2", "replies": [{"author": "DarienStegosaur", "id": "h2w0fw2", "score": 0, "subreddit": "BuyItForLife", "author_flair": null, "submission": "o6lt83", "stickied": false, "body": "Yearly revenue =/= total valuation.\n\nI'm also specifically talking about LL Bean, which is the company that discontinued its warranty after using it as a sales pitch and becoming worth billions.", "is_submitter": false, "distinguished": null, "created_utc": 1624545209.0, "parent_id": "t1_h2unbd2", "replies": []}]}, {"author": "americanrivermint", "id": "h2uf3jo", "score": -1, "subreddit": "BuyItForLife", "author_flair": null, "submission": "o6lt83", "stickied": false, "body": "You're disconnected from reality.", "is_submitter": false, "distinguished": null, "created_utc": 1624503771.0, "parent_id": "t1_h2udxj2", "replies": [{"author": "DarienStegosaur", "id": "h2uglu8", "score": 11, "subreddit": "BuyItForLife", "author_flair": null, "submission": "o6lt83", "stickied": false, "body": "You're the one disconnected. Let me explain to you the reality of the situation.\n\nI can pay $11.49 for 12 pairs of socks\u2014delivered to my doorstep tomorrow morning at no extra charge\u2014and still generate a profit for the shipping company, the retailer, the manufacturer, the raw materials supplier, and all of the logistics companies that moved stuff between all of those people\n\nWhy would you buy a pair that costs $25 from LL Bean? Because they last *forever,* right? Well how do you know they last forever before purchase if they don't have a warranty that guarantees they will last forever? Buy it and hope this multi-billion-dollar company didn't lie to you just for the sale?\n\nLL Bean's socks don't cost 25x more in raw materials to make. The other $24 is the warranty. The warranty is part of the product. If you itemized the cost, the warranty is the product more than the *actual* socks.\n\nCorporations aren't your friend. They don't love you. They don't do anything nice for you just because it's the right thing to do. Corporations are machines for extracting value from human suffering and anything they say or do is to get you to buy what they're selling.\n\nThat's how reality works. Don't comment again until you are capable of understanding it.", "is_submitter": false, "distinguished": null, "created_utc": 1624504604.0, "parent_id": "t1_h2uf3jo", "replies": []}]}]}, {"author": "fgyoysgaxt", "id": "h2uf0d7", "score": 7, "subreddit": "BuyItForLife", "author_flair": null, "submission": "o6lt83", "stickied": false, "body": "Getting what you paid for is entitlement?\n\nlmao, the lengths that companies go to...\n\nImagine you to go MacDonald's and order a large coke, and they give you a small instead. Is it entitlement to tell them to give you a large one even though it costs them more? Of course not, that's literally what you paid for.\n\nLL Bean is a BILLION dollar company. They are not going bankrupt because they have to honor their warranties.", "is_submitter": false, "distinguished": null, "created_utc": 1624503725.0, "parent_id": "t1_h2u9njv", "replies": [{"author": "americanrivermint", "id": "h2ugc4f", "score": 5, "subreddit": "BuyItForLife", "author_flair": null, "submission": "o6lt83", "stickied": false, "body": ">Getting what you paid for is entitlement?\n>\n\nHm when did the guy who found it in a dumpster pay for it? I'm tired of you clowns", "is_submitter": false, "distinguished": null, "created_utc": 1624504452.0, "parent_id": "t1_h2uf0d7", "replies": [{"author": "fgyoysgaxt", "id": "h2uizfa", "score": 5, "subreddit": "BuyItForLife", "author_flair": null, "submission": "o6lt83", "stickied": false, "body": "Ask yourself why you are ok with someone getting a backpack out of the trash, but not the company honoring their warranty. You have no consistency.", "is_submitter": false, "distinguished": null, "created_utc": 1624506003.0, "parent_id": "t1_h2ugc4f", "replies": []}]}]}, {"author": "MrRainStormJr", "id": "h2uf5s4", "score": 4, "subreddit": "BuyItForLife", "author_flair": null, "submission": "o6lt83", "stickied": false, "body": "Im kind of sick of all the people who buy stuff to use once a s return. It think it drives prices up for everyone else. \n\nIts pretty bad when retail companies own return center warehouses with full staff to take and put everything on pallets. Then they send those pallets to auctions, those auctions buys then find their way onto craigslist and facebook marketplace\u2026 \n\nBut still tired lf it.", "is_submitter": false, "distinguished": null, "created_utc": 1624503805.0, "parent_id": "t1_h2u9njv", "replies": [{"author": "americanrivermint", "id": "h2ug91m", "score": 1, "subreddit": "BuyItForLife", "author_flair": null, "submission": "o6lt83", "stickied": false, "body": "Yep, same deal. The 30-60-90 day return policy relies on cooperation from the public to not abuse it. If too many people abuse it, companies will have to change those policies.", "is_submitter": false, "distinguished": null, "created_utc": 1624504404.0, "parent_id": "t1_h2uf5s4", "replies": []}]}, {"author": "rootyb", "id": "h2uo6aa", "score": 3, "subreddit": "BuyItForLife", "author_flair": null, "submission": "o6lt83", "stickied": false, "body": "What\u2019s \u201cabuse\u201d about it? Would it be any different if you bought it at a yard sale and had it replaced under warranty?", "is_submitter": false, "distinguished": null, "created_utc": 1624509309.0, "parent_id": "t1_h2u9njv", "replies": [{"author": "americanrivermint", "id": "h2uohb7", "score": 2, "subreddit": "BuyItForLife", "author_flair": null, "submission": "o6lt83", "stickied": false, "body": "Well, things like that are getting policies canceled so now no one gets them. What do you think champ", "is_submitter": false, "distinguished": null, "created_utc": 1624509518.0, "parent_id": "t1_h2uo6aa", "replies": [{"author": "rootyb", "id": "h2uq28o", "score": 6, "subreddit": "BuyItForLife", "author_flair": null, "submission": "o6lt83", "stickied": false, "body": "There\u2019s no need to be rude. I asked a pretty simple question. What\u2019s the difference between fishing one out of a dumpster and buying one secondhand? Neither magically create a new item and associated warranty from the ether. \n\nFor the company, there\u2019s no difference between the original owner getting it replaced under warranty and the next owner (however they got it) getting it replaced.\n\nIt just doesn\u2019t make much sense to laud a \u201cgenerous\u201d warranty, then in the same breath, try to gatekeep who\u2019s using it \u201ccorrectly\u201d. \n\nWould you be complaining about a viral Facebook post telling everyone about this great warranty, causing a spike in replacement requests? That will have more of an impact on the company\u2019s bottom line (and therefore, their willingness to keep the warranty) than the occasional secondhand user filing a claim.\n\nCompanies aren\u2019t your friend. They don\u2019t offer \u201cgenerous\u201d warranties to be nice. They do it because it\u2019s a marketing tactic. Someone getting a brand new replacement after finding one in a dumpster and telling people about it is still marketing for them.", "is_submitter": false, "distinguished": null, "created_utc": 1624510614.0, "parent_id": "t1_h2uohb7", "replies": []}]}]}, {"author": "Lakario", "id": "h2uarrf", "score": 1, "subreddit": "BuyItForLife", "author_flair": null, "submission": "o6lt83", "stickied": false, "body": "I think we have different definitions of abuse.", "is_submitter": false, "distinguished": null, "created_utc": 1624501508.0, "parent_id": "t1_h2u9njv", "replies": [{"author": "americanrivermint", "id": "h2ucbv6", "score": 9, "subreddit": "BuyItForLife", "author_flair": null, "submission": "o6lt83", "stickied": false, "body": "\"let me send in this dumpster find to get a brand new product that's not taking advantage at all\"\n\n\nYeah we probably do", "is_submitter": false, "distinguished": null, "created_utc": 1624502320.0, "parent_id": "t1_h2uarrf", "replies": [{"author": "Lakario", "id": "h2ucq21", "score": 6, "subreddit": "BuyItForLife", "author_flair": null, "submission": "o6lt83", "stickied": false, "body": "Why is it in a dumpster? Waste or ignorance.\n\nWe don't have to agree. I just don't see the point of throwing something away which shouldn't be.\n\nIf there's a means to fix something damaged, that is infinitely better than throwing it away and letting it rot. Now, if the \"fix\" is to replace it with a brand new one, then I am not nearly as convicted in my position. Waste is waste.", "is_submitter": false, "distinguished": null, "created_utc": 1624502534.0, "parent_id": "t1_h2ucbv6", "replies": []}]}]}]}]}, {"author": "DarienStegosaur", "id": "h2udcqw", "score": 4, "subreddit": "BuyItForLife", "author_flair": null, "submission": "o6lt83", "stickied": false, "body": "The warranty is as much a part of the product sold as the actual bag. Stop kissing a company's ass so hard that not only do you not expect them to honor the legal contract they entered into willingly, but you expect the other party to not activate that contract when necessary.\r  \n\r  \nIf using the warranty makes them change the policy or go out of business, then you never had a warranty\u2014you had a lie about a shitty product.", "is_submitter": false, "distinguished": null, "created_utc": 1624502863.0, "parent_id": "t1_h2tyn1x", "replies": [{"author": "cwfutureboy", "id": "h2uitsg", "score": 0, "subreddit": "BuyItForLife", "author_flair": null, "submission": "o6lt83", "stickied": false, "body": "Yes, kissing a company\u2019s ass. Lol. Cool story, bro. \n\nI\u2019m not quite sure what world you live in when a stranger can pick up a contract between two parties they were not a part of when the contract was created and expect to be compensated by said contract. Lol.", "is_submitter": false, "distinguished": null, "created_utc": 1624505906.0, "parent_id": "t1_h2udcqw", "replies": [{"author": "DarienStegosaur", "id": "h2umb62", "score": 6, "subreddit": "BuyItForLife", "author_flair": null, "submission": "o6lt83", "stickied": false, "body": "The warranty was sold. It doesn't matter who is in possession of the item.\n\nMany companies explicitly allow you to transfer warranties, and every company that explicitly doesn't allow you is just trying to weasel out of having to honor it.\n\n>I\u2019m not quite sure what world you live in when a stranger can pick up a contract between two parties they were not a part of when the contract was created and expect to be compensated by said contract.\n\nThe real world. People being responsible for something someone else does happens *all the time* in a variety of different contexts.\n\nThis is literally how car insurance works. If I run you over with my car, you're not part of the contract between me and my insurance company, but my insurance company will pay you.\n\nWelcome to the real world. Stop living in the Republican fantasy where corporations can do whatever they want and if you get screwed it's because you didn't work hard enough.", "is_submitter": false, "distinguished": null, "created_utc": 1624508075.0, "parent_id": "t1_h2uitsg", "replies": [{"author": "cwfutureboy", "id": "h2uoek9", "score": -1, "subreddit": "BuyItForLife", "author_flair": null, "submission": "o6lt83", "stickied": false, "body": ">\u2026it\u2019s literally how insurance works.\n\nAs stated in the auto insurance contract. \n\nYou can\u2019t just go pick up a phone you found on the street and, after finding out it had replacement insurance on it, demand a new phone.", "is_submitter": false, "distinguished": null, "created_utc": 1624509465.0, "parent_id": "t1_h2umb62", "replies": [{"author": "seashoreduck", "id": "h2vsn52", "score": 1, "subreddit": "BuyItForLife", "author_flair": null, "submission": "o6lt83", "stickied": false, "body": "Actually yeah, you kinda can. At least if its an Apple product.  Apple care follows the serial number for legitimately owned products.\n\nWhen they offer a repair replace, it's about the device.  I had a used iPhone that was gifted to me.  During the whole battery scandal they replaced it for free.  \n\n\nSo yeah...you can if the insurance covers it and it's legally yours.....you can just pick up a phone on the street and demand they cover it with insurance that made for it.", "is_submitter": false, "distinguished": null, "created_utc": 1624541414.0, "parent_id": "t1_h2uoek9", "replies": []}, {"author": "DarienStegosaur", "id": "h2w1a9u", "score": 0, "subreddit": "BuyItForLife", "author_flair": null, "submission": "o6lt83", "stickied": false, "body": ">You can\u2019t just go pick up a phone you found on the street and, after finding out it had replacement insurance on it, demand a new phone.\n\nYes you can, for phones that offer that as a product.\n\nMost phone insurance is a monthly premium attached to your cell phone service account, not your device.\n\nAs the other guy mentioned, Apple Care is sold as an add-on to your product and is fully transferrable.\n\nYour analogy is bad and you should feel bad.", "is_submitter": false, "distinguished": null, "created_utc": 1624545599.0, "parent_id": "t1_h2uoek9", "replies": []}]}, {"author": "TigerJas", "id": "h2vb02l", "score": -1, "subreddit": "BuyItForLife", "author_flair": null, "submission": "o6lt83", "stickied": false, "body": "Wow. You are not too bright, are you?", "is_submitter": false, "distinguished": null, "created_utc": 1624529112.0, "parent_id": "t1_h2umb62", "replies": []}]}]}]}, {"author": "squeagy", "id": "h2tyzbe", "score": -8, "subreddit": "BuyItForLife", "author_flair": null, "submission": "o6lt83", "stickied": false, "body": "So companies are getting rid of their return policies because people are *gasp* using it? Lol", "is_submitter": false, "distinguished": null, "created_utc": 1624495258.0, "parent_id": "t1_h2tyn1x", "replies": [{"author": "cwfutureboy", "id": "h2tzdfz", "score": 13, "subreddit": "BuyItForLife", "author_flair": null, "submission": "o6lt83", "stickied": false, "body": "No, they\u2019re getting rid of it because people are abusing it.", "is_submitter": false, "distinguished": null, "created_utc": 1624495466.0, "parent_id": "t1_h2tyzbe", "replies": [{"author": "squeagy", "id": "h2tzicq", "score": 10, "subreddit": "BuyItForLife", "author_flair": null, "submission": "o6lt83", "stickied": false, "body": "How is sending a defective product back abuse?", "is_submitter": false, "distinguished": null, "created_utc": 1624495540.0, "parent_id": "t1_h2tzdfz", "replies": [{"author": "MrDirt", "id": "h2unudw", "score": 2, "subreddit": "BuyItForLife", "author_flair": null, "submission": "o6lt83", "stickied": false, "body": "Sending the bag in isn't abuse. Sending something you got for free to the company to in turn get a brand new one of is just taking advantage of the system in a way that seems disingenuous. Osprey isn't some billion dollar company. \n\nI'm not your mom, I'm not going to tell you what to do. I just wonder if when I need a repair made on the Osprey bag I purchased that the warranty will still be there due to people's need to exploit something.", "is_submitter": false, "distinguished": null, "created_utc": 1624509088.0, "parent_id": "t1_h2tzicq", "replies": [{"author": "squeagy", "id": "h2usrwe", "score": 2, "subreddit": "BuyItForLife", "author_flair": null, "submission": "o6lt83", "stickied": false, "body": "Someone fucking bought it and could have used the warranty. Why would it matter if it's free or a gift or anything. It doesn't.", "is_submitter": false, "distinguished": null, "created_utc": 1624512579.0, "parent_id": "t1_h2unudw", "replies": []}]}, {"author": "urbancyclingclub", "id": "h2u0ila", "score": 1, "subreddit": "BuyItForLife", "author_flair": null, "submission": "o6lt83", "stickied": false, "body": "What exactly are you supposed to send back then?", "is_submitter": false, "distinguished": null, "created_utc": 1624496070.0, "parent_id": "t1_h2tzicq", "replies": [{"author": "squeagy", "id": "h2u1fgl", "score": 6, "subreddit": "BuyItForLife", "author_flair": null, "submission": "o6lt83", "stickied": false, "body": "Maybe if no one sends anything back, glorious corporations will keep their return policies......wait", "is_submitter": false, "distinguished": null, "created_utc": 1624496556.0, "parent_id": "t1_h2u0ila", "replies": []}]}]}, {"author": "DrKennethNoisewater-", "id": "h2u02qb", "score": 4, "subreddit": "BuyItForLife", "author_flair": null, "submission": "o6lt83", "stickied": false, "body": "It was a damaged backpack. Is it abuse if the original owner sends it in? The same pack gets fixed. Edit* I'm unfamiliar with Ospreys warranty policy. If they warranty any product with their name on it, that's on them. They're a business and any sensible business can see the potential negatives of that policy. Logic would tell me they should require some kind of proof of purchase if they don't want that taken advantage of.", "is_submitter": false, "distinguished": null, "created_utc": 1624495837.0, "parent_id": "t1_h2tzdfz", "replies": []}]}]}]}, {"author": "PageFault", "id": "h2yw385", "score": 1, "subreddit": "BuyItForLife", "author_flair": null, "submission": "o6lt83", "stickied": false, "body": "Yes, and that someone decided not to send it in. How many times can it be saved from a dumpster? How many lifetimes is the guarantee good for? The warrantee was never meant to cover it until the end of time.", "is_submitter": false, "distinguished": null, "created_utc": 1624602733.0, "parent_id": "t1_h2tta8f", "replies": [{"author": "squeagy", "id": "h2z9kwq", "score": 1, "subreddit": "BuyItForLife", "author_flair": null, "submission": "o6lt83", "stickied": false, "body": "The warranty only covers manufacturer defects. It doesn't cover mold, dirt or wear/tear. So, lol, I bet you feel dumb now you didn't know that.", "is_submitter": false, "distinguished": null, "created_utc": 1624615154.0, "parent_id": "t1_h2yw385", "replies": [{"author": "PageFault", "id": "h3043mo", "score": 1, "subreddit": "BuyItForLife", "author_flair": null, "submission": "o6lt83", "stickied": false, "body": "[Osprey will repair any damage or defect for any reason free of charge \u2013 whether it was purchased in 1974 or yesterday.](https://www.osprey.com/us/en/customer-support/return-authorization)", "is_submitter": false, "distinguished": null, "created_utc": 1624633792.0, "parent_id": "t1_h2z9kwq", "replies": []}]}]}]}, {"author": "Cheeseguy88_RS3", "id": "h44nrxs", "score": 1, "subreddit": "BuyItForLife", "author_flair": null, "submission": "o6lt83", "stickied": false, "body": "Why would you not?", "is_submitter": false, "distinguished": null, "created_utc": 1625493620.0, "parent_id": "t1_h2tlqzz", "replies": []}]}, {"author": "BeckerHollow", "id": "h2tor0w", "score": 27, "subreddit": "BuyItForLife", "author_flair": null, "submission": "o6lt83", "stickied": false, "body": "Have you ever heard the saying \u201cthis is why we don\u2019t have nice things?\u201d\n\nWell, you\u2019re the reason your parents stopped having sex years ago.", "is_submitter": false, "distinguished": null, "created_utc": 1624489817.0, "parent_id": "t1_h2ti8o4", "replies": [{"author": "imakemyownroux", "id": "h2tryzh", "score": 24, "subreddit": "BuyItForLife", "author_flair": null, "submission": "o6lt83", "stickied": false, "body": "Or, this is why good companies go out of business", "is_submitter": false, "distinguished": null, "created_utc": 1624491544.0, "parent_id": "t1_h2tor0w", "replies": [{"author": "hungry-hungry-haole", "id": "h2tu8pi", "score": 22, "subreddit": "BuyItForLife", "author_flair": null, "submission": "o6lt83", "stickied": false, "body": "Or why good companies downgrade their warranties or send manufacturing overseas.  I have an Osprey backpack that I bought brand new 5 years ago and it\u2019s the best backpack I\u2019ve ever owned.", "is_submitter": false, "distinguished": null, "created_utc": 1624492757.0, "parent_id": "t1_h2tryzh", "replies": [{"author": "squeagy", "id": "h2tvrd2", "score": 12, "subreddit": "BuyItForLife", "author_flair": null, "submission": "o6lt83", "stickied": false, "body": "But if the strap broke would you use the warranty you purchased or put it in the garbage?", "is_submitter": false, "distinguished": null, "created_utc": 1624493535.0, "parent_id": "t1_h2tu8pi", "replies": [{"author": "hungry-hungry-haole", "id": "h2u0erd", "score": 6, "subreddit": "BuyItForLife", "author_flair": null, "submission": "o6lt83", "stickied": false, "body": "I would send it in and I would be perfectly happy if they repaired it instead of replacing it. But keep in mind that I\u2019m the original purchaser. I BOUGHT it partially for the warranty.  I don\u2019t agree with finding a busted up one in the dumpster and sending it in for a replacement. There really is a difference between using a warranty and abusing a warranty.", "is_submitter": false, "distinguished": null, "created_utc": 1624496013.0, "parent_id": "t1_h2tvrd2", "replies": [{"author": "squeagy", "id": "h2u2n3i", "score": 7, "subreddit": "BuyItForLife", "author_flair": null, "submission": "o6lt83", "stickied": false, "body": "I just wanted them to sew it up, otherwise it was perfectly fine. I guess everyone is assuming it was trash because someone threw it away, but in reality it was a great find. \n\nThey have rules for returns/repairs. Only manufacturer defects are covered. Not wear/tear, mold, dirt. etc.", "is_submitter": false, "distinguished": null, "created_utc": 1624497219.0, "parent_id": "t1_h2u0erd", "replies": []}]}]}]}, {"author": "squeagy", "id": "h2ttgcy", "score": 11, "subreddit": "BuyItForLife", "author_flair": null, "submission": "o6lt83", "stickied": false, "body": "Because they honor their own return policy? That's why good companies go out of business?", "is_submitter": false, "distinguished": null, "created_utc": 1624492337.0, "parent_id": "t1_h2tryzh", "replies": [{"author": "NicklovesHer", "id": "h2u3dyx", "score": 2, "subreddit": "BuyItForLife", "author_flair": null, "submission": "o6lt83", "stickied": false, "body": "Doesnt matter if you didnt buy it.  What conditions forfeit a person's right to the warranty? \n\nI appreciate where you're coming from, but relax pal. I think that it would only matter if it was actually a fake product, if you were taking actual products discarded by the manufacturer due to a warrantee claim and trying to submit them as your own, or if you damaged the product intentionally. \n\nWhat if you were given the pack as a gift from a friend? Or you bought it for 1 cent?\n\nAnd oh my..... if you think its this stuff that makes companies cancel their warrantee programs.... or actually go out of buisness!", "is_submitter": false, "distinguished": null, "created_utc": 1624497622.0, "parent_id": "t1_h2ttgcy", "replies": [{"author": "squeagy", "id": "h2u8oic", "score": 5, "subreddit": "BuyItForLife", "author_flair": null, "submission": "o6lt83", "stickied": false, "body": "I think you missed my point, this is exactly what I'm trying to get across. Someone threw out a backpack that was under warranty and I used that warranty.", "is_submitter": false, "distinguished": null, "created_utc": 1624500409.0, "parent_id": "t1_h2u3dyx", "replies": [{"author": "NicklovesHer", "id": "h2ub1ae", "score": -1, "subreddit": "BuyItForLife", "author_flair": null, "submission": "o6lt83", "stickied": false, "body": "Pickles are an abomination. Waste of perfectly good cucumber.", "is_submitter": false, "distinguished": null, "created_utc": 1624501649.0, "parent_id": "t1_h2u8oic", "replies": []}]}]}, {"author": "OrthodoxSauce", "id": "h2txisk", "score": -1, "subreddit": "BuyItForLife", "author_flair": null, "submission": "o6lt83", "stickied": false, "body": "You didn\u2019t fuckin buy it", "is_submitter": false, "distinguished": null, "created_utc": 1624494456.0, "parent_id": "t1_h2ttgcy", "replies": [{"author": "Py687", "id": "h2x7cx6", "score": 1, "subreddit": "BuyItForLife", "author_flair": null, "submission": "o6lt83", "stickied": false, "body": "The warranty follows the product, not the person.\n\nAlso, explain to me the difference in the following example scenario (I know it's not 1:1 with dumpster diving, but bear with me):\n\n1. Original owner uses the warranty for a replacement and resells it to me.\n\n2. Original owner resells used product, which I purchase, and then I exercise the warranty for.", "is_submitter": false, "distinguished": null, "created_utc": 1624564283.0, "parent_id": "t1_h2txisk", "replies": []}]}, {"author": "DoogieMcDoogs", "id": "h2ty9wx", "score": 2, "subreddit": "BuyItForLife", "author_flair": null, "submission": "o6lt83", "stickied": false, "body": "Don\u2019t listen to these scuffs. I would\u2019ve done the exact same thing and anyone who says they wouldn\u2019t is a liar.", "is_submitter": false, "distinguished": null, "created_utc": 1624494872.0, "parent_id": "t1_h2ttgcy", "replies": [{"author": "OrthodoxSauce", "id": "h2u1lzx", "score": -7, "subreddit": "BuyItForLife", "author_flair": null, "submission": "o6lt83", "stickied": false, "body": "He\u2019s bragging about it like a cunt.", "is_submitter": false, "distinguished": null, "created_utc": 1624496654.0, "parent_id": "t1_h2ty9wx", "replies": []}, {"author": "TigerJas", "id": "h2vba8d", "score": -2, "subreddit": "BuyItForLife", "author_flair": null, "submission": "o6lt83", "stickied": false, "body": "People with no principles can\u2019t fathom anyone acting by moral guidelines. \n\nExample, all the Democrats constant complaining about Republicans voting \u201cagainst their best interests\u201d.\n\nWhat a sad way to live.", "is_submitter": false, "distinguished": null, "created_utc": 1624529373.0, "parent_id": "t1_h2ty9wx", "replies": []}]}]}, {"author": "BeckerHollow", "id": "h2tthke", "score": 2, "subreddit": "BuyItForLife", "author_flair": null, "submission": "o6lt83", "stickied": false, "body": "Yes. That was my point.", "is_submitter": false, "distinguished": null, "created_utc": 1624492354.0, "parent_id": "t1_h2tryzh", "replies": []}, {"author": "fgyoysgaxt", "id": "h2uf92a", "score": 1, "subreddit": "BuyItForLife", "author_flair": null, "submission": "o6lt83", "stickied": false, "body": "Lmao if a company goes out of business because they can't afford to deliver what you paid for then they aren't a good company.", "is_submitter": false, "distinguished": null, "created_utc": 1624503853.0, "parent_id": "t1_h2tryzh", "replies": [{"author": "TigerJas", "id": "h2vbea4", "score": 1, "subreddit": "BuyItForLife", "author_flair": null, "submission": "o6lt83", "stickied": false, "body": "I\u2019m this case the guy did not paid them for anything. \n\nThe guys may be holding a bag, but the guy did not pay Osprey for the warranty he\u2019s trying to take advantage of.", "is_submitter": false, "distinguished": null, "created_utc": 1624529479.0, "parent_id": "t1_h2uf92a", "replies": [{"author": "fgyoysgaxt", "id": "h2y9gq2", "score": 0, "subreddit": "BuyItForLife", "author_flair": null, "submission": "o6lt83", "stickied": false, "body": "Nevertheless, Osprey already collected their money.", "is_submitter": false, "distinguished": null, "created_utc": 1624588180.0, "parent_id": "t1_h2vbea4", "replies": [{"author": "TigerJas", "id": "h30esqt", "score": 2, "subreddit": "BuyItForLife", "author_flair": null, "submission": "o6lt83", "stickied": false, "body": ">Nevertheless, Osprey already collected their money.\n\nAnd the original owner enjoyed the coverage of the warranty. So what's your point? The contract between those two parties was successfully completed.  \n\n\nWho told you that you are entitled to benefit from the warranty I paid for?", "is_submitter": false, "distinguished": null, "created_utc": 1624638574.0, "parent_id": "t1_h2y9gq2", "replies": []}]}]}]}]}]}, {"author": "lakorai", "id": "h2v9osm", "score": 3, "subreddit": "BuyItForLife", "author_flair": null, "submission": "o6lt83", "stickied": false, "body": "Damn. That's the ultimate deal find. r/campinggear would give you an award for that.", "is_submitter": false, "distinguished": null, "created_utc": 1624527876.0, "parent_id": "t1_h2ti8o4", "replies": []}]}, {"author": "Occhrome", "id": "h2tx4tc", "score": 2, "subreddit": "BuyItForLife", "author_flair": null, "submission": "o6lt83", "stickied": false, "body": "These modern materials are probably much harder to tailor and skilled workers are very expensive now.", "is_submitter": false, "distinguished": null, "created_utc": 1624494262.0, "parent_id": "t1_h2tcybg", "replies": [{"author": "phybere", "id": "h2u1kql", "score": 4, "subreddit": "BuyItForLife", "author_flair": null, "submission": "o6lt83", "stickied": false, "body": "Yeah I'm sure it's entirely a cost analysis thing; cheaper to send a new one from the factory vs the time required to do the repair.\n\nMore wasteful, but cheaper.", "is_submitter": false, "distinguished": null, "created_utc": 1624496636.0, "parent_id": "t1_h2tx4tc", "replies": []}, {"author": "DELETED", "id": "h2uga91", "score": 3, "subreddit": "BuyItForLife", "author_flair": null, "submission": "o6lt83", "stickied": false, "body": "The repairs they do usually aren't incredible works of art or anything. You can see the kinds of stuff they do at the [bottom of this page](https://www.osprey.com/us/en/customer-support/return-authorization). They pretty much just slap a square of fabric over rips or tears. It shouldn't take *too* much skill to fix it up like that.\n\nAnything that can't be repaired quick and easy gets sent somewhere else for a more complete rebuild and sold as a renewed pack. That's where the more skilled workers come into play. If it can't be renewed it gets recycled.", "is_submitter": false, "distinguished": null, "created_utc": 1624504423.0, "parent_id": "t1_h2tx4tc", "replies": [{"author": "Occhrome", "id": "h2yb51g", "score": 1, "subreddit": "BuyItForLife", "author_flair": null, "submission": "o6lt83", "stickied": false, "body": "thats good to know. i have 2 osprey packs that I love and hope to keep for years to come", "is_submitter": false, "distinguished": null, "created_utc": 1624589093.0, "parent_id": "t1_h2uga91", "replies": []}]}, {"author": "NuTrumpism", "id": "h2u1u9d", "score": 3, "subreddit": "BuyItForLife", "author_flair": null, "submission": "o6lt83", "stickied": false, "body": "Fabric getting sewn together? Seems like standard old world craftsmanship.", "is_submitter": false, "distinguished": null, "created_utc": 1624496778.0, "parent_id": "t1_h2tx4tc", "replies": []}]}, {"author": "theepi_pillodu", "id": "h2u8mv4", "score": 1, "subreddit": "BuyItForLife", "author_flair": null, "submission": "o6lt83", "stickied": false, "body": "Just like Ogio", "is_submitter": false, "distinguished": null, "created_utc": 1624500386.0, "parent_id": "t1_h2tcybg", "replies": []}]}, {"author": "AmishTechno", "id": "h2tirk5", "score": 92, "subreddit": "BuyItForLife", "author_flair": null, "submission": "o6lt83", "stickied": false, "body": "I have 3 Ospreys. A day pack, a medium sized one, and a full hiking backpack. I love that they are warranteed forever. However, I love even more that they don't seem like they're gonna need it! They're just built like tanks.", "is_submitter": false, "distinguished": null, "created_utc": 1624486758.0, "parent_id": "t3_o6lt83", "replies": [{"author": "Shadaar1", "id": "h2ueyiu", "score": 5, "subreddit": "BuyItForLife", "author_flair": null, "submission": "o6lt83", "stickied": false, "body": "Same boat here. Raptor 14, Talon Pro 30, and Aether AG 60. These three can get me through pretty much anything and they don't show any signs of wear.", "is_submitter": false, "distinguished": null, "created_utc": 1624503698.0, "parent_id": "t1_h2tirk5", "replies": []}, {"author": "DELETED", "id": "h2uy1ay", "score": 3, "subreddit": "BuyItForLife", "author_flair": null, "submission": "o6lt83", "stickied": false, "body": "[deleted]", "is_submitter": false, "distinguished": null, "created_utc": 1624516786.0, "parent_id": "t1_h2tirk5", "replies": [{"author": "SeanCline", "id": "h2vtrz2", "score": 6, "subreddit": "BuyItForLife", "author_flair": null, "submission": "o6lt83", "stickied": false, "body": "Not OP, but I have a similar setup:\n\n* Osprey Exos 58L for hiking. Mine is the old style with the belt pockets. Hopefully it holds up because I like it better than the new Exos.\n* Osprey Farpoint 40L for traveling. It fits in most carry-on and can cinch things like clothes to be pretty small.\n* Osprey Daylight Plus 20L. Just a day pack, for day pack things.\n\nI've picked them up over the years and, in total, they've cost me $245 from deal hunting. I haven't had a single issue with any of them.", "is_submitter": false, "distinguished": null, "created_utc": 1624541999.0, "parent_id": "t1_h2uy1ay", "replies": [{"author": "DELETED", "id": "h30wagg", "score": 1, "subreddit": "BuyItForLife", "author_flair": null, "submission": "o6lt83", "stickied": false, "body": "[deleted]", "is_submitter": false, "distinguished": null, "created_utc": 1624646495.0, "parent_id": "t1_h2vtrz2", "replies": []}]}, {"author": "AmishTechno", "id": "h2vyib5", "score": 2, "subreddit": "BuyItForLife", "author_flair": null, "submission": "o6lt83", "stickied": false, "body": "Sure! I'll answer here, and then also make a whole post about it!  \n\n  \n\\- Osprey DayLite Plus - 20L  \n\\- Osprey Stratos - 36L  \n\\- Osprey Aether - 65L", "is_submitter": false, "distinguished": null, "created_utc": 1624544315.0, "parent_id": "t1_h2uy1ay", "replies": []}]}, {"author": "lesfeuilles", "id": "h2u4tdg", "score": 7, "subreddit": "BuyItForLife", "author_flair": null, "submission": "o6lt83", "stickied": false, "body": "I\u2019ve had my hiking pack for about 10 years now and I don\u2019t even think it has tears on it", "is_submitter": false, "distinguished": null, "created_utc": 1624498386.0, "parent_id": "t1_h2tirk5", "replies": [{"author": "pussyaficianado", "id": "h2vefis", "score": 10, "subreddit": "BuyItForLife", "author_flair": null, "submission": "o6lt83", "stickied": false, "body": "If you\u2019re not crying into your rucksack at night you\u2019re not hiking hard enough!", "is_submitter": false, "distinguished": null, "created_utc": 1624532166.0, "parent_id": "t1_h2u4tdg", "replies": []}]}, {"author": "IAMAscientistAMA", "id": "h2usrqw", "score": 2, "subreddit": "BuyItForLife", "author_flair": null, "submission": "o6lt83", "stickied": false, "body": "Not to mention how amazingly comfortable they are. I've tried other packs but my Exos is just goldilocks baby.", "is_submitter": false, "distinguished": null, "created_utc": 1624512576.0, "parent_id": "t1_h2tirk5", "replies": []}, {"author": "Nathaniel_Higgers", "id": "h2v9lq7", "score": -1, "subreddit": "BuyItForLife", "author_flair": null, "submission": "o6lt83", "stickied": false, "body": "Bull. Clips broke on mine, I didn't even use it that much.", "is_submitter": false, "distinguished": null, "created_utc": 1624527793.0, "parent_id": "t1_h2tirk5", "replies": []}]}, {"author": "RandomestUserName69", "id": "h2te725", "score": 23, "subreddit": "BuyItForLife", "author_flair": null, "submission": "o6lt83", "stickied": false, "body": "Do you have any complaints about what shape the bag is in?", "is_submitter": false, "distinguished": null, "created_utc": 1624484527.0, "parent_id": "t3_o6lt83", "replies": [{"author": "AnalogDan", "id": "h2tfozp", "score": 44, "subreddit": "BuyItForLife", "author_flair": null, "submission": "o6lt83", "stickied": false, "body": "Shape, as in the condition of the bag? \n\nAside from some very minor wear of the Osprey logo on the rain cover, I don't seem to be able to find even a single frayed stitch. It's in great condition, including the mesh anti-grav system, which looks new enough that it may have been completely replaced. \n\nThe first thing I did when I opened the bag was smell it thoroughly for even a slight hint of odor. Couldn't detect anything at all.", "is_submitter": true, "distinguished": null, "created_utc": 1624485230.0, "parent_id": "t1_h2te725", "replies": []}, {"author": "Random_Name_Whoa", "id": "h2tp316", "score": 22, "subreddit": "BuyItForLife", "author_flair": null, "submission": "o6lt83", "stickied": false, "body": "My username is more random than yours", "is_submitter": false, "distinguished": null, "created_utc": 1624489992.0, "parent_id": "t1_h2te725", "replies": [{"author": "DonKeydek", "id": "h2tu0rz", "score": 15, "subreddit": "BuyItForLife", "author_flair": null, "submission": "o6lt83", "stickied": false, "body": "The gauntlet has been thrown.", "is_submitter": false, "distinguished": null, "created_utc": 1624492638.0, "parent_id": "t1_h2tp316", "replies": []}]}]}, {"author": "davebare", "id": "h2tg05m", "score": 15, "subreddit": "BuyItForLife", "author_flair": null, "submission": "o6lt83", "stickied": false, "body": "I need a good bag and now I know what I'll be looking for! NICE!", "is_submitter": false, "distinguished": null, "created_utc": 1624485379.0, "parent_id": "t3_o6lt83", "replies": []}, {"author": "yepimasian", "id": "h2u1hks", "score": 8, "subreddit": "BuyItForLife", "author_flair": null, "submission": "o6lt83", "stickied": false, "body": "Aside from the great warranty, these bags are awesome. \n\nThe suspension makes the weight evenly distributed.\n\nThe organization is second to none with the amount of pockets and compartments.\n\nThe build quality is amazing. \n\nI have an Atmos 65l that I took on several backpacking trips and I'm always impressed with it. Great buy!", "is_submitter": false, "distinguished": null, "created_utc": 1624496589.0, "parent_id": "t3_o6lt83", "replies": []}, {"author": "ckyhnitz", "id": "h2tav99", "score": 38, "subreddit": "BuyItForLife", "author_flair": null, "submission": "o6lt83", "stickied": false, "body": "Okay, what's the renewal workshop?\nEdit: nm I see the website", "is_submitter": false, "distinguished": null, "created_utc": 1624482979.0, "parent_id": "t3_o6lt83", "replies": [{"author": "cwfutureboy", "id": "h2tlvhx", "score": 54, "subreddit": "BuyItForLife", "author_flair": null, "submission": "o6lt83", "stickied": false, "body": "This is Reddit, you\u2019re not allowed to look stuff up on your own.\n\nEdit: I was really proud that the user above me looked it up on their own.", "is_submitter": false, "distinguished": null, "created_utc": 1624488298.0, "parent_id": "t1_h2tav99", "replies": [{"author": "DELETED", "id": "h2u1n32", "score": 10, "subreddit": "BuyItForLife", "author_flair": null, "submission": "o6lt83", "stickied": false, "body": "[deleted]", "is_submitter": false, "distinguished": null, "created_utc": 1624496671.0, "parent_id": "t1_h2tlvhx", "replies": [{"author": "beerstearns", "id": "h2u43ca", "score": 7, "subreddit": "BuyItForLife", "author_flair": null, "submission": "o6lt83", "stickied": false, "body": "Its a website where you can look up anything and get the answer in seconds. Its not very useful.", "is_submitter": false, "distinguished": null, "created_utc": 1624498002.0, "parent_id": "t1_h2u1n32", "replies": [{"author": "tribrnl", "id": "h2u4hat", "score": 5, "subreddit": "BuyItForLife", "author_flair": null, "submission": "o6lt83", "stickied": false, "body": "I found somebody farther down who linked it. Phew, I can save my keyboard button presses.", "is_submitter": false, "distinguished": null, "created_utc": 1624498206.0, "parent_id": "t1_h2u43ca", "replies": []}]}]}, {"author": "AcceptableCondition", "id": "h2v4mzi", "score": 5, "subreddit": "BuyItForLife", "author_flair": null, "submission": "o6lt83", "stickied": false, "body": "Whats Reddit? I thought this was the internet.\n\nEdit: So I guess since reddit was my home page I always thought that was it.\n\nSent from Internet Explorer", "is_submitter": false, "distinguished": null, "created_utc": 1624522847.0, "parent_id": "t1_h2tlvhx", "replies": []}]}, {"author": "_Didnt_Read_It", "id": "h2uaap3", "score": 1, "subreddit": "BuyItForLife", "author_flair": null, "submission": "o6lt83", "stickied": false, "body": "What's the website? /S", "is_submitter": false, "distinguished": null, "created_utc": 1624501256.0, "parent_id": "t1_h2tav99", "replies": []}]}, {"author": "montagic", "id": "h2ts9rv", "score": 5, "subreddit": "BuyItForLife", "author_flair": null, "submission": "o6lt83", "stickied": false, "body": "I have that exact same bag and love it. One of the clips broke off recently; need to contact them and see what I can do!", "is_submitter": false, "distinguished": null, "created_utc": 1624491706.0, "parent_id": "t3_o6lt83", "replies": [{"author": "6C6F6C636174", "id": "h2uvuc5", "score": 1, "subreddit": "BuyItForLife", "author_flair": null, "submission": "o6lt83", "stickied": false, "body": "Wife's pack had a clip break. They sent her replacement clips.\n\nWhich she was too lazy to install. Guess it doesn't bug her that much. \ud83d\ude06", "is_submitter": false, "distinguished": null, "created_utc": 1624514953.0, "parent_id": "t1_h2ts9rv", "replies": []}]}, {"author": "bobLobIaw", "id": "h2u48jx", "score": 4, "subreddit": "BuyItForLife", "author_flair": null, "submission": "o6lt83", "stickied": false, "body": "I wish I knew of this option before I bought a new one for the trip I had booked for May of 2020 that never happened. Its standing by for when a trip happens but I could have saved some money", "is_submitter": false, "distinguished": null, "created_utc": 1624498076.0, "parent_id": "t3_o6lt83", "replies": []}, {"author": "andregio", "id": "h2txfe2", "score": 3, "subreddit": "BuyItForLife", "author_flair": null, "submission": "o6lt83", "stickied": false, "body": "Out of curiosity, what makes it \"zero waste\"?", "is_submitter": false, "distinguished": null, "created_utc": 1624494405.0, "parent_id": "t3_o6lt83", "replies": [{"author": "editorgrrl", "id": "h2u25xi", "score": 17, "subreddit": "BuyItForLife", "author_flair": null, "submission": "o6lt83", "stickied": false, "body": "https://renewalworkshop.com/pages/faq\n\n>We assess all apparel and textiles that come into our facility for its highest use. The best environmental impact is to get that product back out into use as it was originally designed for. So we focus on getting garments Renewed and back to customers. \n\n>For everything else we find other solutions which could include upcycling products into new items, a jacket becomes tote bag or a pair of jeans a pouch for your school supplies. Items might also be downcycled and used as a recycled material in something like carpet padding or textiles in cars. Or the garment might become feedback or the raw material for recycling, this is the exciting opportunity where garments become new fibers and yarns for future clothing.", "is_submitter": false, "distinguished": null, "created_utc": 1624496956.0, "parent_id": "t1_h2txfe2", "replies": [{"author": "andregio", "id": "h2u3a4z", "score": 4, "subreddit": "BuyItForLife", "author_flair": null, "submission": "o6lt83", "stickied": false, "body": "That's interesting, tnx", "is_submitter": false, "distinguished": null, "created_utc": 1624497564.0, "parent_id": "t1_h2u25xi", "replies": []}]}]}, {"author": "B0B_LAW", "id": "h2tsbbi", "score": 3, "subreddit": "BuyItForLife", "author_flair": null, "submission": "o6lt83", "stickied": false, "body": "Just got my Nebula today and it feels like a tank.", "is_submitter": false, "distinguished": null, "created_utc": 1624491730.0, "parent_id": "t3_o6lt83", "replies": []}, {"author": "Lebraan", "id": "h2u40f7", "score": 3, "subreddit": "BuyItForLife", "author_flair": null, "submission": "o6lt83", "stickied": false, "body": "Still using mine many years later! Great choice OP.", "is_submitter": false, "distinguished": null, "created_utc": 1624497959.0, "parent_id": "t3_o6lt83", "replies": []}, {"author": "chenyu768", "id": "h2u2wsa", "score": 2, "subreddit": "BuyItForLife", "author_flair": null, "submission": "o6lt83", "stickied": false, "body": "I had no idea they were that expensive. I got one for xmas a few years back now im gonna have to get them something nicer this xmas.", "is_submitter": false, "distinguished": null, "created_utc": 1624497368.0, "parent_id": "t3_o6lt83", "replies": []}, {"author": "ColorbyGarden-er", "id": "h2uf5js", "score": 2, "subreddit": "BuyItForLife", "author_flair": null, "submission": "o6lt83", "stickied": false, "body": "Man, the Renewal Workshop seems awesome! I had no idea. I love my Osprey and wish I had known about this before I bought it. That said, I have a North Face bag that took me all through college, but some of the mesh pockets are just gone...I wonder if they have any sort of commission system...\n\nCongratulations on the new bag!", "is_submitter": false, "distinguished": null, "created_utc": 1624503802.0, "parent_id": "t3_o6lt83", "replies": []}, {"author": "teddybonez", "id": "h2uohfl", "score": 2, "subreddit": "BuyItForLife", "author_flair": null, "submission": "o6lt83", "stickied": false, "body": "Thanks OP! Been looking for another Osprey for my teen (13years-medium). \n\nI've had the 65l Atmos AG and we LOVE the anti-gravity webbing. \n\nThis pack looked really new and has the Built for life Quality we've enjoyed.\n\n50l Atmos AG for $144 shipped!!!", "is_submitter": false, "distinguished": null, "created_utc": 1624509520.0, "parent_id": "t3_o6lt83", "replies": []}, {"author": "watchmeasifly", "id": "h2uuhpj", "score": 2, "subreddit": "BuyItForLife", "author_flair": null, "submission": "o6lt83", "stickied": false, "body": "I have the same one. Got me through Asia really well. I've been wondering though if these outdoorsy hydrophobic materials have any toxic microplastic risk (PFAS I think they're called)", "is_submitter": false, "distinguished": null, "created_utc": 1624513865.0, "parent_id": "t3_o6lt83", "replies": []}, {"author": "KriKi-M", "id": "h2ug4ck", "score": 3, "subreddit": "BuyItForLife", "author_flair": null, "submission": "o6lt83", "stickied": false, "body": "A lot of people here are getting really heated over a backpack lol.", "is_submitter": false, "distinguished": null, "created_utc": 1624504332.0, "parent_id": "t3_o6lt83", "replies": []}, {"author": "LubieDobreJedzenie", "id": "h2unwl5", "score": 1, "subreddit": "BuyItForLife", "author_flair": null, "submission": "o6lt83", "stickied": false, "body": "140 dollars for a used backpack? Yikes, how much does a new one cost", "is_submitter": false, "distinguished": null, "created_utc": 1624509129.0, "parent_id": "t3_o6lt83", "replies": [{"author": "teddybonez", "id": "h2uo7e6", "score": 8, "subreddit": "BuyItForLife", "author_flair": null, "submission": "o6lt83", "stickied": false, "body": "$280 US. Buy It For Life type goods. Worth it", "is_submitter": false, "distinguished": null, "created_utc": 1624509330.0, "parent_id": "t1_h2unwl5", "replies": []}]}, {"author": "tux_unit", "id": "h2uwghb", "score": 1, "subreddit": "BuyItForLife", "author_flair": null, "submission": "o6lt83", "stickied": false, "body": "I love this idea!", "is_submitter": false, "distinguished": null, "created_utc": 1624515470.0, "parent_id": "t3_o6lt83", "replies": []}, {"author": "hereforthefleebjuice", "id": "h2v51sv", "score": 1, "subreddit": "BuyItForLife", "author_flair": null, "submission": "o6lt83", "stickied": false, "body": "I love this idea! It\u2019s a shame they don\u2019t ship to the U.K. does anyone know of any similar companies going that do?", "is_submitter": false, "distinguished": null, "created_utc": 1624523252.0, "parent_id": "t3_o6lt83", "replies": []}, {"author": "unwrittenglory", "id": "h2vkfv2", "score": 1, "subreddit": "BuyItForLife", "author_flair": null, "submission": "o6lt83", "stickied": false, "body": "Didn't know Osprey had a lifetime warranty. Need to look into their packs.", "is_submitter": false, "distinguished": null, "created_utc": 1624536626.0, "parent_id": "t3_o6lt83", "replies": []}, {"author": "SpaceGhost1992", "id": "h2wsifu", "score": 1, "subreddit": "BuyItForLife", "author_flair": null, "submission": "o6lt83", "stickied": false, "body": "Best backpack I\u2019ve ever had", "is_submitter": false, "distinguished": null, "created_utc": 1624557621.0, "parent_id": "t3_o6lt83", "replies": []}, {"author": "Jeepdog539", "id": "h2x8z1s", "score": 1, "subreddit": "BuyItForLife", "author_flair": null, "submission": "o6lt83", "stickied": false, "body": "I am curious how this bag you just bought is \"buy it for life\"?  Did you send in your old pack and they repaired it and sent this back to you?", "is_submitter": false, "distinguished": null, "created_utc": 1624565018.0, "parent_id": "t3_o6lt83", "replies": []}, {"author": "A1ex4nd3r", "id": "h3ibq2d", "score": 1, "subreddit": "BuyItForLife", "author_flair": null, "submission": "o6lt83", "stickied": false, "body": "This is nice to see.  Just bought an Aether Plus 60 as my first hiking backpack.  Loved it so much I decided to get the Apogee for my everyday pack.  I've been searching for years for \"the one\" of backpacks and I think I've found it.", "is_submitter": false, "distinguished": null, "created_utc": 1625015632.0, "parent_id": "t3_o6lt83", "replies": []}, {"author": "Cjvthompson", "id": "h2tgqn2", "score": -22, "subreddit": "BuyItForLife", "author_flair": null, "submission": "o6lt83", "stickied": false, "body": "If it doesn\u2019t get sold to current buyer dm me.", "is_submitter": false, "distinguished": null, "created_utc": 1624485736.0, "parent_id": "t3_o6lt83", "replies": [{"author": "cokiwi", "id": "h2tpyv4", "score": 12, "subreddit": "BuyItForLife", "author_flair": null, "submission": "o6lt83", "stickied": false, "body": "/r/LostRedditors?", "is_submitter": false, "distinguished": null, "created_utc": 1624490463.0, "parent_id": "t1_h2tgqn2", "replies": [{"author": "twitterwit91", "id": "h2tvvoq", "score": 7, "subreddit": "BuyItForLife", "author_flair": null, "submission": "o6lt83", "stickied": false, "body": "To be fair, I only glanced at the title and had to double check that I wasn\u2019t in /r/geartrade when the comments weren\u2019t what I expected. Maybe this person had the same accident?", "is_submitter": false, "distinguished": null, "created_utc": 1624493599.0, "parent_id": "t1_h2tpyv4", "replies": [{"author": "Cjvthompson", "id": "h2upgno", "score": 5, "subreddit": "BuyItForLife", "author_flair": null, "submission": "o6lt83", "stickied": false, "body": "Yep exactly what happened, I saw 140$ and I saw currently sold and didn\u2019t look at what sub subreddit. Hell yeah op I\u2019ve been looking at those they are such nice packs!", "is_submitter": false, "distinguished": null, "created_utc": 1624510193.0, "parent_id": "t1_h2tvvoq", "replies": []}]}]}]}]}