{"title": "Any e-reader recommendations?", "name": "t3_uf2hrw", "url": "https://www.reddit.com/r/BuyItForLife/comments/uf2hrw/any_ereader_recommendations/", "selftext": "Thinking about getting my first e-reader, is one of the expensive kindles the way to go?\n\nThought I'd ask my BIFL fam", "score": 45, "upvote_ratio": 0.76, "permalink": "/r/BuyItForLife/comments/uf2hrw/any_ereader_recommendations/", "id": "uf2hrw", "author": "anonymouspsy", "link_flair_text": "Discussion", "num_comments": 107, "over_18": false, "spoiler": false, "pinned": false, "locked": false, "distinguished": null, "created_utc": 1651288965.0, "comments": [{"author": "Whatshername_Stew", "id": "i6rd86y", "score": 20, "subreddit": "BuyItForLife", "author_flair": null, "submission": "uf2hrw", "stickied": false, "body": "I have a kobo Libre, and absolutely love it. Battery life is great, easy, very readable in the light and dark.", "is_submitter": false, "distinguished": null, "created_utc": 1651296982.0, "parent_id": "t3_uf2hrw", "replies": []}, {"author": "Loren_Storees", "id": "i6r587n", "score": 56, "subreddit": "BuyItForLife", "author_flair": null, "submission": "uf2hrw", "stickied": false, "body": "I found a Kindle in the trash. Reset it and loaded it with books from Project Gutenberg. I never signed into Amazon or even connected it to the internet so I don't get advertising on it. I recommend it.", "is_submitter": false, "distinguished": null, "created_utc": 1651291612.0, "parent_id": "t3_uf2hrw", "replies": []}, {"author": "Geistbar", "id": "i6r3xag", "score": 77, "subreddit": "BuyItForLife", "author_flair": null, "submission": "uf2hrw", "stickied": false, "body": "I'm super happy with my Kobo. I went with the Libra 2.\n\nIt's basically a Kindle without being attached to Amazon. Better format support. There's two physical buttons for page forward / page backward as well, which I find very convenient.", "is_submitter": false, "distinguished": null, "created_utc": 1651290843.0, "parent_id": "t3_uf2hrw", "replies": [{"author": "JohnSith", "id": "i6rd3o9", "score": 16, "subreddit": "BuyItForLife", "author_flair": null, "submission": "uf2hrw", "stickied": false, "body": ">basically a Kindle without being attached to Amazon\n\nThat sounds lovely. I've only ever had a Kindle; is it attached to anything? How do you get books from it? A Kobo store or what?", "is_submitter": false, "distinguished": null, "created_utc": 1651296890.0, "parent_id": "t1_i6r3xag", "replies": [{"author": "jabearbuddy", "id": "i6rdcjr", "score": 16, "subreddit": "BuyItForLife", "author_flair": null, "submission": "uf2hrw", "stickied": false, "body": "Yes there's a kobo store and also has overdrive so you can link it to your local library", "is_submitter": false, "distinguished": null, "created_utc": 1651297071.0, "parent_id": "t1_i6rd3o9", "replies": [{"author": "JohnSith", "id": "i6re3g3", "score": 3, "subreddit": "BuyItForLife", "author_flair": null, "submission": "uf2hrw", "stickied": false, "body": "Thanks. Do you know if it's possible to transfer over Kindle books?", "is_submitter": false, "distinguished": null, "created_utc": 1651297631.0, "parent_id": "t1_i6rdcjr", "replies": [{"author": "charwhee", "id": "i6rftt6", "score": 19, "subreddit": "BuyItForLife", "author_flair": null, "submission": "uf2hrw", "stickied": false, "body": "Legally, no. But there is a plugin for Calibre which allows you to reformat Kindle books to Epub and they can be used with a Kobo.", "is_submitter": false, "distinguished": null, "created_utc": 1651298970.0, "parent_id": "t1_i6re3g3", "replies": [{"author": "SpiderHack", "id": "i6sqcgi", "score": 3, "subreddit": "BuyItForLife", "author_flair": null, "submission": "uf2hrw", "stickied": false, "body": "So legality on this is actually under flux, depending on what the librarian of congress decides are the current 3 year rules of legal copyright circumvention are...\n\nJust like how rooting your phone was legal for 3 years but I believe now isn't... (Aka... its stupid all around)", "is_submitter": false, "distinguished": null, "created_utc": 1651331744.0, "parent_id": "t1_i6rftt6", "replies": []}]}, {"author": "CoffeeSweat", "id": "i6rf92y", "score": 5, "subreddit": "BuyItForLife", "author_flair": null, "submission": "uf2hrw", "stickied": false, "body": "You might need to Google that one. But you can easily get all kinds of files on it. I own the Hobbit book so I had no issue pirating versions to read on my Kobo and I had a range of options for file types and versions and found one that worked really well.", "is_submitter": false, "distinguished": null, "created_utc": 1651298525.0, "parent_id": "t1_i6re3g3", "replies": []}, {"author": "Sigmund_Six", "id": "i6sjgo3", "score": 3, "subreddit": "BuyItForLife", "author_flair": null, "submission": "uf2hrw", "stickied": false, "body": "So this is what\u2019s given Amazon/Kindle a monopoly on the ereader market. There are books that are kindle exclusives, not released anywhere else, and their ebook format is proprietary. \n\nYou can learn how to remove the drm from ebooks with Calibre and additional plugins (de-drming is not an official feature of the software) but it will require a computer and a little learning on your part.\n\nSomething to consider: I used to own a sony ereader, but found there were books I wanted only available on Amazon. So I finally just switched over to a kindle because, if I was already going to give them my money for the ebooks, it seemed silly to waste time removing the drm and manually transferring the books over to my ereader. Everything with kindles and purchasing is wireless and immediate. \n\nI\u2019m no fan of Amazon, but it\u2019s just something to be aware of.", "is_submitter": false, "distinguished": null, "created_utc": 1651328467.0, "parent_id": "t1_i6re3g3", "replies": []}]}]}, {"author": "CheeseOilFish", "id": "i6s6wrr", "score": 1, "subreddit": "BuyItForLife", "author_flair": null, "submission": "uf2hrw", "stickied": false, "body": "You get it from anywhere except Amazon (can also pirate it)", "is_submitter": false, "distinguished": null, "created_utc": 1651321573.0, "parent_id": "t1_i6rd3o9", "replies": []}]}, {"author": "birdsandbones", "id": "i6rhss5", "score": 18, "subreddit": "BuyItForLife", "author_flair": null, "submission": "uf2hrw", "stickied": false, "body": "I\u2019m also really happy with my Libra 2. I love that I can get library books on it for free with the Overdrive/Libby integration. It\u2019s also waterproof which is very reassuring for my bath-reading self. Plus, not supporting Amazon, which for me is a bonus.", "is_submitter": false, "distinguished": null, "created_utc": 1651300574.0, "parent_id": "t1_i6r3xag", "replies": []}, {"author": "charwhee", "id": "i6rg4f2", "score": 10, "subreddit": "BuyItForLife", "author_flair": null, "submission": "uf2hrw", "stickied": false, "body": "I think it's a bit more than that. Two of my favorite features: Overdrive integration so I can download library books directly onto the Kobo; and Pocket integration that allows me to one-click save on-line articles that can be synced and read later on the Kobo. You can even use IFTTT to subscribe to blogs and automatically download them to your Kobo. I've had mine for a number of years, and it's still going strong.", "is_submitter": false, "distinguished": null, "created_utc": 1651299206.0, "parent_id": "t1_i6r3xag", "replies": []}, {"author": "arestelle", "id": "i6rlzvn", "score": 7, "subreddit": "BuyItForLife", "author_flair": null, "submission": "uf2hrw", "stickied": false, "body": "Same. The Overdrive support is a little quirky but it works, love downloading library books directly instead of having to go through ADE like I did on my Nook, and absolutely glad not to be in the Amazon ecosystem (though Kobo is tied to Walmart).\n\nETA fwiw the Nook (Simple Touch, first gen) still works perfectly fine for what it offers, I just found myself never using it anymore because it's a pain to load library books.", "is_submitter": false, "distinguished": null, "created_utc": 1651304160.0, "parent_id": "t1_i6r3xag", "replies": []}, {"author": "Eirenex", "id": "i6rj2rr", "score": 5, "subreddit": "BuyItForLife", "author_flair": null, "submission": "uf2hrw", "stickied": false, "body": "Also have one, it\u2019s worth the money", "is_submitter": false, "distinguished": null, "created_utc": 1651301646.0, "parent_id": "t1_i6r3xag", "replies": []}, {"author": "Hanlans_Dreaming", "id": "i6scxv0", "score": 2, "subreddit": "BuyItForLife", "author_flair": null, "submission": "uf2hrw", "stickied": false, "body": "I love kobo as well as well and use it to get books from my library. I also just got the libra 2 as unfortunately lost my previous one on public transit somehow.", "is_submitter": false, "distinguished": null, "created_utc": 1651325106.0, "parent_id": "t1_i6r3xag", "replies": []}, {"author": "scriminal", "id": "i6s7nuc", "score": 1, "subreddit": "BuyItForLife", "author_flair": null, "submission": "uf2hrw", "stickied": false, "body": "You can't replace the battery in that, how is it BIFL?", "is_submitter": false, "distinguished": null, "created_utc": 1651322043.0, "parent_id": "t1_i6r3xag", "replies": [{"author": "Geistbar", "id": "i6tg8x3", "score": 1, "subreddit": "BuyItForLife", "author_flair": null, "submission": "uf2hrw", "stickied": false, "body": "I doubt there are any modern ereaders with replaceable batteries. They're built well enough that they will last beyond the point that most consumers will feel its out of date and want a replacement. Which, in the world of consumer electronics, is as close to BIFL as you can get.", "is_submitter": false, "distinguished": null, "created_utc": 1651343499.0, "parent_id": "t1_i6s7nuc", "replies": [{"author": "scriminal", "id": "i6tr1fo", "score": 0, "subreddit": "BuyItForLife", "author_flair": null, "submission": "uf2hrw", "stickied": false, "body": "https://c.tenor.com/EzNwq1RaIxYAAAAd/inigo-montoia.gif", "is_submitter": false, "distinguished": null, "created_utc": 1651348614.0, "parent_id": "t1_i6tg8x3", "replies": [{"author": "Geistbar", "id": "i6tzh8o", "score": 1, "subreddit": "BuyItForLife", "author_flair": null, "submission": "uf2hrw", "stickied": false, "body": "> Rules\n\n> 1 This is a subreddit emphasizing products that are Durable, Practical, Proven, and Made-to-Last.\n\n> Products that are well-made and durable (**even if they won't last a lifetime**) are accepted.", "is_submitter": false, "distinguished": null, "created_utc": 1651352724.0, "parent_id": "t1_i6tr1fo", "replies": [{"author": "scriminal", "id": "i6w27x1", "score": 0, "subreddit": "BuyItForLife", "author_flair": null, "submission": "uf2hrw", "stickied": false, "body": "Nothing that's intrinsically designed to fail is BIFL, goes against the whole idea.", "is_submitter": false, "distinguished": null, "created_utc": 1651400031.0, "parent_id": "t1_i6tzh8o", "replies": []}]}]}]}]}]}, {"author": "Grilled_Pig", "id": "i6raxgh", "score": 10, "subreddit": "BuyItForLife", "author_flair": null, "submission": "uf2hrw", "stickied": false, "body": "I use a Kobo for already a few years and am very happy. I get my books from my country's e-library. I use it daily. Good battery life, comfortable settings etc.\n\nNo experience with other brands.", "is_submitter": false, "distinguished": null, "created_utc": 1651295329.0, "parent_id": "t3_uf2hrw", "replies": []}, {"author": "jhaluska", "id": "i6rdumz", "score": 11, "subreddit": "BuyItForLife", "author_flair": null, "submission": "uf2hrw", "stickied": false, "body": "I have a Kobo Clara HD with a cover.  Pretty good so far, but I really don't know the longevity.  It is at least hackable and supports a lot of formats.", "is_submitter": false, "distinguished": null, "created_utc": 1651297447.0, "parent_id": "t3_uf2hrw", "replies": []}, {"author": "LeeisureTime", "id": "i6r9kok", "score": 9, "subreddit": "BuyItForLife", "author_flair": null, "submission": "uf2hrw", "stickied": false, "body": "It was pricey but omg, so awesome: The reMarkable 2. It\u2019s got a huge screen, you can write on it, usb c (I am so sick of proprietary wires!) and can email documents to your phone. I think they have a subscription plan now (ugh!) but if you can get one used or without the plan, so worth it. I use mine every day (wife stole my Kindle) and it\u2019s my favorite ereader. Also, roughly magazine sized so plenty of viewing space", "is_submitter": false, "distinguished": null, "created_utc": 1651294402.0, "parent_id": "t3_uf2hrw", "replies": [{"author": "djingrain", "id": "i6sx498", "score": 3, "subreddit": "BuyItForLife", "author_flair": null, "submission": "uf2hrw", "stickied": false, "body": "what ereaders use proprietary cables? i thought they pretty much all used microusb or usb-c", "is_submitter": false, "distinguished": null, "created_utc": 1651334828.0, "parent_id": "t1_i6r9kok", "replies": []}, {"author": "DeviousThread", "id": "i6smoq8", "score": 2, "subreddit": "BuyItForLife", "author_flair": null, "submission": "uf2hrw", "stickied": false, "body": "I was looking at these. Not just for reading, but for digital journaling. I\u2019m down to deciding between the supernote a5x and the new reMarkable. \n\nHow is the note/doodle on it?", "is_submitter": false, "distinguished": null, "created_utc": 1651330023.0, "parent_id": "t1_i6r9kok", "replies": []}]}, {"author": "yourdogisagoodboy", "id": "i6rgw5v", "score": 9, "subreddit": "BuyItForLife", "author_flair": null, "submission": "uf2hrw", "stickied": false, "body": "So I don\u2019t expect any e-reader to be BIFL but I bought a Kobo aura one in 2018 and it still works great. I didn\u2019t want to get a kindle because of Amazon, and kobo has overdrive so I can borrow books from the library without connecting it to a computer.", "is_submitter": false, "distinguished": null, "created_utc": 1651299820.0, "parent_id": "t3_uf2hrw", "replies": []}, {"author": "Springaloe", "id": "i6r7g3b", "score": 30, "subreddit": "BuyItForLife", "author_flair": null, "submission": "uf2hrw", "stickied": false, "body": "Kindles are not expensive. I bought my new one at Amazon for $39 or $49 during sales.", "is_submitter": false, "distinguished": null, "created_utc": 1651293006.0, "parent_id": "t3_uf2hrw", "replies": []}, {"author": "CableVannotFBI", "id": "i6r910g", "score": 19, "subreddit": "BuyItForLife", "author_flair": null, "submission": "uf2hrw", "stickied": false, "body": "I\u2019d suggest the Libby app for your smartphone. Free access to library ebooks and audio books.", "is_submitter": false, "distinguished": null, "created_utc": 1651294037.0, "parent_id": "t3_uf2hrw", "replies": []}, {"author": "stealthiesthippo", "id": "i6r40ws", "score": 48, "subreddit": "BuyItForLife", "author_flair": null, "submission": "uf2hrw", "stickied": false, "body": "I personally went kobo over kindle, because fuck Amazon giving you ads on books. Also kobo can have the library app on it and supports epub out of the box. But get when you will use.", "is_submitter": false, "distinguished": null, "created_utc": 1651290901.0, "parent_id": "t3_uf2hrw", "replies": [{"author": "foursixntwo", "id": "i6s7so8", "score": 12, "subreddit": "BuyItForLife", "author_flair": null, "submission": "uf2hrw", "stickied": false, "body": "Kindle does not give you ads on books. The cheaper version shows ads on your homescreen, never while reading.\n\nThat's an important distinction...", "is_submitter": false, "distinguished": null, "created_utc": 1651322126.0, "parent_id": "t1_i6r40ws", "replies": [{"author": "stealthiesthippo", "id": "i6scyps", "score": 0, "subreddit": "BuyItForLife", "author_flair": null, "submission": "uf2hrw", "stickied": false, "body": "I disagree, showing ads anywhere on a device you purchased is unacceptable, but doubly so in a device meant for reading.", "is_submitter": false, "distinguished": null, "created_utc": 1651325119.0, "parent_id": "t1_i6s7so8", "replies": [{"author": "tp32323", "id": "i6smm77", "score": 2, "subreddit": "BuyItForLife", "author_flair": null, "submission": "uf2hrw", "stickied": false, "body": "There's a version with ads and another without, it's like a 10\u20ac difference I think", "is_submitter": false, "distinguished": null, "created_utc": 1651329991.0, "parent_id": "t1_i6scyps", "replies": [{"author": "stealthiesthippo", "id": "i6soun7", "score": 2, "subreddit": "BuyItForLife", "author_flair": null, "submission": "uf2hrw", "stickied": false, "body": "Blows my mind that people are defending the ads on kindle, why support a company that does shit like forcing you to pay 10 bucks to not have ads on something you bought? It's not like it's free but as supported.", "is_submitter": false, "distinguished": null, "created_utc": 1651331041.0, "parent_id": "t1_i6smm77", "replies": [{"author": "tp32323", "id": "i6svhn6", "score": 3, "subreddit": "BuyItForLife", "author_flair": null, "submission": "uf2hrw", "stickied": false, "body": "Im not defending it, just claryfying the way you puted it sounded like it was like adds os youtube or spotify and it's no way as evasive as that.\n\nThis post is about asking for recommendations I'm just trying to give an idea of what you're getting if you go down that route.\n\nSince you're initial comment might have ben a little misleading in my opinion.\n\nAlso there are ways to get the ads of for free thru amazon, not cracking the device or anything like that.", "is_submitter": false, "distinguished": null, "created_utc": 1651334095.0, "parent_id": "t1_i6soun7", "replies": [{"author": "stealthiesthippo", "id": "i6svr2e", "score": 1, "subreddit": "BuyItForLife", "author_flair": null, "submission": "uf2hrw", "stickied": false, "body": "Fair enough. Apologies if I came off as abrasive.", "is_submitter": false, "distinguished": null, "created_utc": 1651334215.0, "parent_id": "t1_i6svhn6", "replies": [{"author": "tp32323", "id": "i6svy2w", "score": 2, "subreddit": "BuyItForLife", "author_flair": null, "submission": "uf2hrw", "stickied": false, "body": "Not at all, I understand you're point", "is_submitter": false, "distinguished": null, "created_utc": 1651334304.0, "parent_id": "t1_i6svr2e", "replies": []}]}]}]}]}]}]}, {"author": "katthepandaa", "id": "i6rg08f", "score": 6, "subreddit": "BuyItForLife", "author_flair": null, "submission": "uf2hrw", "stickied": false, "body": "Ads? \n\nI use a kindle and I've never gotten an ad while reading. Not even on my kindle app. \ud83e\udd28", "is_submitter": false, "distinguished": null, "created_utc": 1651299114.0, "parent_id": "t1_i6r40ws", "replies": [{"author": "arestelle", "id": "i6rmdpx", "score": 8, "subreddit": "BuyItForLife", "author_flair": null, "submission": "uf2hrw", "stickied": false, "body": "They have 'ad-supported' slightly cheaper versions", "is_submitter": false, "distinguished": null, "created_utc": 1651304502.0, "parent_id": "t1_i6rg08f", "replies": [{"author": "mikehighroller", "id": "i6s0juh", "score": 8, "subreddit": "BuyItForLife", "author_flair": null, "submission": "uf2hrw", "stickied": false, "body": "Yeah but the add only shows while it\u2019s not being used. Like a screensaver. No adds while actually reading.", "is_submitter": false, "distinguished": null, "created_utc": 1651317113.0, "parent_id": "t1_i6rmdpx", "replies": [{"author": "GroovyGarden", "id": "i6sl04w", "score": 0, "subreddit": "BuyItForLife", "author_flair": null, "submission": "uf2hrw", "stickied": false, "body": "No ads while reading YET", "is_submitter": false, "distinguished": null, "created_utc": 1651329221.0, "parent_id": "t1_i6s0juh", "replies": []}]}]}]}]}, {"author": "diamondt1ts", "id": "i6r92fu", "score": 14, "subreddit": "BuyItForLife", "author_flair": null, "submission": "uf2hrw", "stickied": false, "body": "I\u2019ve had my kindle paperwhite since 2014 and it\u2019s worked flawlessly since then. And I don\u2019t expect it to die anytime soon. I rent library books for the most part. I\u2019d highly recommend it!!", "is_submitter": false, "distinguished": null, "created_utc": 1651294064.0, "parent_id": "t3_uf2hrw", "replies": [{"author": "wrong_assumption", "id": "i6rikch", "score": 3, "subreddit": "BuyItForLife", "author_flair": null, "submission": "uf2hrw", "stickied": false, "body": "Can you borrow them, or do you have to rent library books?", "is_submitter": false, "distinguished": null, "created_utc": 1651301215.0, "parent_id": "t1_i6r92fu", "replies": [{"author": "Loren_Storees", "id": "i6rk6dp", "score": 2, "subreddit": "BuyItForLife", "author_flair": null, "submission": "uf2hrw", "stickied": false, "body": "You can download for free from websites like Project Gutenberg and then drag and drop the ebook files onto the Kindle.", "is_submitter": false, "distinguished": null, "created_utc": 1651302573.0, "parent_id": "t1_i6rikch", "replies": []}, {"author": "SunnySunflower381", "id": "i6rk9df", "score": 2, "subreddit": "BuyItForLife", "author_flair": null, "submission": "uf2hrw", "stickied": false, "body": "I use libby to borrow for free", "is_submitter": false, "distinguished": null, "created_utc": 1651302645.0, "parent_id": "t1_i6rikch", "replies": []}, {"author": "hiddikel", "id": "i6s89wa", "score": 1, "subreddit": "BuyItForLife", "author_flair": null, "submission": "uf2hrw", "stickied": false, "body": "You can also download books as epub file type and email them to your kindle email address and it loads it for you.\n\nYou can even get them from the pirate ship and stuff.", "is_submitter": false, "distinguished": null, "created_utc": 1651322418.0, "parent_id": "t1_i6rikch", "replies": []}, {"author": "diamondt1ts", "id": "i6sq71a", "score": 1, "subreddit": "BuyItForLife", "author_flair": null, "submission": "uf2hrw", "stickied": false, "body": "You can rent digital copies of library books. You can rent them for 2-3 weeks. They get auto delivered to your kindle via wifi. I use the app Overdrive and it makes it very simple\n\nI also torrent books sometimes and drop b them onto my kindle via my computer", "is_submitter": false, "distinguished": null, "created_utc": 1651331674.0, "parent_id": "t1_i6rikch", "replies": []}]}]}, {"author": "MoleUK", "id": "i6rehtu", "score": 4, "subreddit": "BuyItForLife", "author_flair": null, "submission": "uf2hrw", "stickied": false, "body": "Bought my Kobo Aura One at the end of '16, still going strong. Bigger screen than the kindles of the time (and still is afaik) and it's not locked to .mobi", "is_submitter": false, "distinguished": null, "created_utc": 1651297934.0, "parent_id": "t3_uf2hrw", "replies": []}, {"author": "StretchMarkFractals", "id": "i6r9jr1", "score": 4, "subreddit": "BuyItForLife", "author_flair": null, "submission": "uf2hrw", "stickied": false, "body": "It definitely depends on what your individual needs are. If it\u2019s just book reading, any ereader should do the job. They don\u2019t all handle PDFs or different file formats as well though. \n\nPersonally, I have an old kindle paper white I bought off Craigslist and it\u2019s hefty (in a good way). It\u2019s a bit slow, and I don\u2019t love that it\u2019s only touchscreen, but it feels like I could chuck it across the room it wouldn\u2019t even scratch. \n\nKeep in might that electronics are never truly going to be BFL.", "is_submitter": false, "distinguished": null, "created_utc": 1651294384.0, "parent_id": "t3_uf2hrw", "replies": []}, {"author": "-Aphelion-", "id": "i6rerh1", "score": 4, "subreddit": "BuyItForLife", "author_flair": null, "submission": "uf2hrw", "stickied": false, "body": "I have a Kobo and I love it", "is_submitter": false, "distinguished": null, "created_utc": 1651298144.0, "parent_id": "t3_uf2hrw", "replies": []}, {"author": "DebiDebbyDebbie", "id": "i6ra34z", "score": 11, "subreddit": "BuyItForLife", "author_flair": null, "submission": "uf2hrw", "stickied": false, "body": "Got a kindle paper white. Load it with library books (ebooks). Best tip is once I\u2019ve downloaded them I turn off WiFi. While you\u2019re on airplane mode you can keep books past return date. When you get back on Wi-Fi they will return themselves.", "is_submitter": false, "distinguished": null, "created_utc": 1651294752.0, "parent_id": "t3_uf2hrw", "replies": [{"author": "576875", "id": "i6shcb3", "score": 2, "subreddit": "BuyItForLife", "author_flair": null, "submission": "uf2hrw", "stickied": false, "body": "that said the send to kindle with libby is U.S only \n\n&#x200B;\n\nif you are elsewhere u/anonymouspsy a kobo might have better overdrive support", "is_submitter": false, "distinguished": null, "created_utc": 1651327408.0, "parent_id": "t1_i6ra34z", "replies": []}]}, {"author": "betarded", "id": "i6rgjdt", "score": 3, "subreddit": "BuyItForLife", "author_flair": null, "submission": "uf2hrw", "stickied": false, "body": "Any kindle is great, you don't need to overpay for the fancy doodads. That said, if money isn't a concern, the Oasis is amazing and got me to start reading more because of the feel, the ease of use and the fact that I can take it to the beach or pool without any concerns.", "is_submitter": false, "distinguished": null, "created_utc": 1651299542.0, "parent_id": "t3_uf2hrw", "replies": []}, {"author": "jriverfort", "id": "i6rmyqi", "score": 3, "subreddit": "BuyItForLife", "author_flair": null, "submission": "uf2hrw", "stickied": false, "body": "I have on Onyx poke 3. It\u2019s a bit pricier than the alternatives but it was the only one that I found supports both library apps Libby and Hoopla.\n\nIt\u2019s an android device so you aren\u2019t limited to only kindle store or kobo store. Theoretically, you can install any all on the google play store including project Gutenberg and so on.", "is_submitter": false, "distinguished": null, "created_utc": 1651305020.0, "parent_id": "t3_uf2hrw", "replies": []}, {"author": "cmy88", "id": "i6rfohu", "score": 5, "subreddit": "BuyItForLife", "author_flair": null, "submission": "uf2hrw", "stickied": false, "body": "I've been using a kindle paperwhite(V2.0, 2013) since it was released, wifi version. Apparently it's supposed to have ads, but mine is never connected to the internet and doesn't show any. I think it uses micro-usb, so just connect it to your PC. YMMV. It's large enough to read comfortably, but small enough that it's not a hassle using it.\n\nWhichever e-reader you get, I recommend getting [Calibre Ebook Manager](https://calibre-ebook.com/). You can download books from anywhere, convert them into w/e format you want. Make further adjustments if you so desire(spacing, fonts, cover pictures, naming, grouping of series etc). In addition to a public library app, I think Libby is the recommended one, but I'm not sure.", "is_submitter": false, "distinguished": null, "created_utc": 1651298851.0, "parent_id": "t3_uf2hrw", "replies": []}, {"author": "MP______", "id": "i6r11hq", "score": 15, "subreddit": "BuyItForLife", "author_flair": null, "submission": "uf2hrw", "stickied": false, "body": "Support your library", "is_submitter": false, "distinguished": null, "created_utc": 1651289219.0, "parent_id": "t3_uf2hrw", "replies": [{"author": "Okika13", "id": "i6r1a9r", "score": 49, "subreddit": "BuyItForLife", "author_flair": null, "submission": "uf2hrw", "stickied": false, "body": "You can borrow ebooks from the library.", "is_submitter": false, "distinguished": null, "created_utc": 1651289355.0, "parent_id": "t1_i6r11hq", "replies": [{"author": "NoSuch", "id": "i6r6tfv", "score": 19, "subreddit": "BuyItForLife", "author_flair": null, "submission": "uf2hrw", "stickied": false, "body": "I do it all the time! There is an app called Libby that connects to your library card to make it really easy. Highly recommend!", "is_submitter": false, "distinguished": null, "created_utc": 1651292598.0, "parent_id": "t1_i6r1a9r", "replies": [{"author": "JohnSith", "id": "i6rddyi", "score": 4, "subreddit": "BuyItForLife", "author_flair": null, "submission": "uf2hrw", "stickied": false, "body": "I use Libby, but can does the app work on ereaders?\n\nedit: Nevermind. A quick google search says \"yes.\"", "is_submitter": false, "distinguished": null, "created_utc": 1651297100.0, "parent_id": "t1_i6r6tfv", "replies": [{"author": "friedbean4", "id": "i6s2k22", "score": 3, "subreddit": "BuyItForLife", "author_flair": null, "submission": "uf2hrw", "stickied": false, "body": "With a kobo, I find the easiest way is to download the book on libby in your phone, then just hit the sync button on the ereader.", "is_submitter": false, "distinguished": null, "created_utc": 1651318629.0, "parent_id": "t1_i6rddyi", "replies": [{"author": "JohnSith", "id": "i6sbjus", "score": 3, "subreddit": "BuyItForLife", "author_flair": null, "submission": "uf2hrw", "stickied": false, "body": "Awesome, thank you!", "is_submitter": false, "distinguished": null, "created_utc": 1651324336.0, "parent_id": "t1_i6s2k22", "replies": []}]}]}]}, {"author": "CableVannotFBI", "id": "i6r8x32", "score": 5, "subreddit": "BuyItForLife", "author_flair": null, "submission": "uf2hrw", "stickied": false, "body": "An audio books too!  I was able to pull the plug on Audible by using Libby.", "is_submitter": false, "distinguished": null, "created_utc": 1651293964.0, "parent_id": "t1_i6r1a9r", "replies": [{"author": "Hanlans_Dreaming", "id": "i6sdqwf", "score": 2, "subreddit": "BuyItForLife", "author_flair": null, "submission": "uf2hrw", "stickied": false, "body": "My new kobo has ebooks - I haven\u2019t tried it yet but I am looking forward to that as my old one didn\u2019t support that as it was so old (unfortunately lost it on public transit, but otherwise was going strong)!", "is_submitter": false, "distinguished": null, "created_utc": 1651325539.0, "parent_id": "t1_i6r8x32", "replies": []}]}]}]}, {"author": "Perelka_L", "id": "i6rhfl5", "score": 2, "subreddit": "BuyItForLife", "author_flair": null, "submission": "uf2hrw", "stickied": false, "body": "I'll recommend Pocketbook. They are less popular but their readers can read almost any format you throw at them (from epub through PDF txt cbz... It was super useful during my uni years), you can send books through mail to them, if it's available you can read drmed books or sign up for Legimi if it's available for you. Also, it still has buttons, which I find really awesome. Mine has like four years and is doing fantastic, higher tier than my old Touch lux 3 can be waterproof as well. It can't do audiobooka but newer models can do those and have thrown in really cool light regulation options.", "is_submitter": false, "distinguished": null, "created_utc": 1651300272.0, "parent_id": "t3_uf2hrw", "replies": []}, {"author": "hello_motherfuckers_", "id": "i6rhpjw", "score": 2, "subreddit": "BuyItForLife", "author_flair": null, "submission": "uf2hrw", "stickied": false, "body": "Ipad is nice, for both manga and text", "is_submitter": false, "distinguished": null, "created_utc": 1651300499.0, "parent_id": "t3_uf2hrw", "replies": []}, {"author": "wrong_assumption", "id": "i6rieh3", "score": 2, "subreddit": "BuyItForLife", "author_flair": null, "submission": "uf2hrw", "stickied": false, "body": "Obviously, no electronics that connect to the internet are BIFL. However, I still have my 2010 keyboard Kindle, and works flawlessly. 12 years is truly BIFL for a computing device. Kindles have very few points of failure.", "is_submitter": false, "distinguished": null, "created_utc": 1651301077.0, "parent_id": "t3_uf2hrw", "replies": []}, {"author": "Tinnisher", "id": "i6ro500", "score": 2, "subreddit": "BuyItForLife", "author_flair": null, "submission": "uf2hrw", "stickied": false, "body": "I have a kindle Oasis and LOVE it. Totally worth it imo.", "is_submitter": false, "distinguished": null, "created_utc": 1651306084.0, "parent_id": "t3_uf2hrw", "replies": []}, {"author": "PiratesOfTheArctic", "id": "i6rpw3b", "score": 2, "subreddit": "BuyItForLife", "author_flair": null, "submission": "uf2hrw", "stickied": false, "body": "I hand a kindle NT4 (one with the paddle), jailbroke it and put on koreader. I don't use wifi and send books via calibre. Bought it off ebay for about \u00a320, battery is superb, screen is great.", "is_submitter": false, "distinguished": null, "created_utc": 1651307694.0, "parent_id": "t3_uf2hrw", "replies": []}, {"author": "couldbeyouornot", "id": "i6sbh7k", "score": 2, "subreddit": "BuyItForLife", "author_flair": null, "submission": "uf2hrw", "stickied": false, "body": "someone gave me their old kindle paper white and I love it. I NEVER thought i'd use an e-reader, but it's handy for when the power is out (sadly, happens often) or when I am reading an advanced copy of a book, since it's free for the publishers to provide downloads instead of sending paper copies out for review. it's super lightweight, and doesn't hurt my eyes to read. I have migraines, so that's important to me. I haven't had any problems downloading free books to it either, and when the wifi is off, it lasts an eternity. uses a standard micro-USB charger that I already had around the house. maybe look for a refurb/used one? I looked into the newest ones when I was looking for one for my grandmother, but ultimately decided it wasn't worth the price for her or me. a cheap paper white is great. I would not go for the expensive version.", "is_submitter": false, "distinguished": null, "created_utc": 1651324295.0, "parent_id": "t3_uf2hrw", "replies": []}, {"author": "MDfoodie", "id": "i6r103q", "score": 6, "subreddit": "BuyItForLife", "author_flair": null, "submission": "uf2hrw", "stickied": false, "body": "A Kindle Paperwhite is probably your best bet\u2026and under $150.", "is_submitter": false, "distinguished": null, "created_utc": 1651289197.0, "parent_id": "t3_uf2hrw", "replies": [{"author": "Imthehighwayman23", "id": "i6r55kg", "score": 14, "subreddit": "BuyItForLife", "author_flair": null, "submission": "uf2hrw", "stickied": false, "body": "Kindle doesn't support epub format, plus you get Amazon ads. Kobo is more open source", "is_submitter": false, "distinguished": null, "created_utc": 1651291567.0, "parent_id": "t1_i6r103q", "replies": [{"author": "reverend93", "id": "i6r8azt", "score": 8, "subreddit": "BuyItForLife", "author_flair": null, "submission": "uf2hrw", "stickied": false, "body": "You can chat with customer service and they'll usually remove the ads for free.", "is_submitter": false, "distinguished": null, "created_utc": 1651293559.0, "parent_id": "t1_i6r55kg", "replies": [{"author": "Wader_Man", "id": "i6r8yiq", "score": 6, "subreddit": "BuyItForLife", "author_flair": null, "submission": "uf2hrw", "stickied": false, "body": "That's what I did and they immediately and politely removed the ads from my kindle.", "is_submitter": false, "distinguished": null, "created_utc": 1651293991.0, "parent_id": "t1_i6r8azt", "replies": []}]}, {"author": "NWVoS", "id": "i6rb2zl", "score": 3, "subreddit": "BuyItForLife", "author_flair": null, "submission": "uf2hrw", "stickied": false, "body": ">plus you get Amazon ads.\n\nOnly if you pay the reduced price for one. It's $20 for no-ads.", "is_submitter": false, "distinguished": null, "created_utc": 1651295437.0, "parent_id": "t1_i6r55kg", "replies": []}, {"author": "avolt88", "id": "i6r9v65", "score": 3, "subreddit": "BuyItForLife", "author_flair": null, "submission": "uf2hrw", "stickied": false, "body": "You can easily convert Epub to Mobi files with cloudconverter though, all you need is to find a decent Epub or pdf download source.\n\nMy old first flight Paperwhite is a tank, as a piece of hardware it has yet to let me down, and it still gets a ton of batter life.\n\nAlso, since when did Amazon start pushing ads to their own products? I'm guessing this is a US thing? I'd be pretty pissed off if I purchased an ebook & reader with good money and was STILL subjected to bullshit advertising at every turn.", "is_submitter": false, "distinguished": null, "created_utc": 1651294601.0, "parent_id": "t1_i6r55kg", "replies": []}, {"author": "duluoz1", "id": "i6sadff", "score": 1, "subreddit": "BuyItForLife", "author_flair": null, "submission": "uf2hrw", "stickied": false, "body": "You can\u2019t email books to Kobo", "is_submitter": false, "distinguished": null, "created_utc": 1651323668.0, "parent_id": "t1_i6r55kg", "replies": []}]}, {"author": "ndwolf", "id": "i6r64xx", "score": 3, "subreddit": "BuyItForLife", "author_flair": null, "submission": "uf2hrw", "stickied": false, "body": "I've only ever used Nooks and they've been great. Way back when they were the only white screens you could get, Kindle was this weird gray color. Epub support was a major factor too.", "is_submitter": false, "distinguished": null, "created_utc": 1651292172.0, "parent_id": "t1_i6r103q", "replies": []}, {"author": "JohnSith", "id": "i6rdcs4", "score": 4, "subreddit": "BuyItForLife", "author_flair": null, "submission": "uf2hrw", "stickied": false, "body": "It's amazing ... except you're locked into Amazon's ecosystem. As someone who was, I would recommend a different one if you can.", "is_submitter": false, "distinguished": null, "created_utc": 1651297076.0, "parent_id": "t1_i6r103q", "replies": []}]}, {"author": "YourComputerGuyNZ", "id": "i6rivdq", "score": 0, "subreddit": "BuyItForLife", "author_flair": null, "submission": "uf2hrw", "stickied": false, "body": "The latest Kindle Paperwhite has warm light. There is no reason to spend double on Oasis now.", "is_submitter": false, "distinguished": null, "created_utc": 1651301468.0, "parent_id": "t3_uf2hrw", "replies": []}, {"author": "AutoModerator", "id": "i6r0l0p", "score": 1, "subreddit": "BuyItForLife", "author_flair": null, "submission": "uf2hrw", "stickied": false, "body": "Hello /u/anonymouspsy! Thank you for your submission! The AutoMod thought that your post might be a request type post and has changed the flair accordingly, but if this was wrong feel free to change it back!\n\n*I am a bot, and this action was performed automatically. Please [contact the moderators of this subreddit](/message/compose/?to=/r/BuyItForLife) if you have any questions or concerns.*", "is_submitter": false, "distinguished": "moderator", "created_utc": 1651288965.0, "parent_id": "t3_uf2hrw", "replies": []}, {"author": "AegorBlake", "id": "i6r2tro", "score": 1, "subreddit": "BuyItForLife", "author_flair": null, "submission": "uf2hrw", "stickied": false, "body": "Onc3 the pinenote is complete I'd recommend.", "is_submitter": false, "distinguished": null, "created_utc": 1651290216.0, "parent_id": "t3_uf2hrw", "replies": []}, {"author": "SoulCrusherPabs", "id": "i6rdmri", "score": 1, "subreddit": "BuyItForLife", "author_flair": null, "submission": "uf2hrw", "stickied": false, "body": "Rooted Kindle with lineageos + z-lib app <3", "is_submitter": false, "distinguished": null, "created_utc": 1651297283.0, "parent_id": "t3_uf2hrw", "replies": []}, {"author": "RaggaDruida", "id": "i6rs0l2", "score": 1, "subreddit": "BuyItForLife", "author_flair": null, "submission": "uf2hrw", "stickied": false, "body": "I'm on my second Kobo right now, only because the first one I had wasn't waterproof and I made a mistake, otherwise I'd still be on my first one! I can totally recommend!\nThere's also Tolino, they have the same parent company as Kobo, but are more accessible in Eastern Europe and other places...\nPocketbook is the other alternative I considered, but I haven't owned one so I can't say for sure...\n\nAvoid Kindle, they're part of Amazon, and have already demonstrated that, specially software-wise, they can be problematic, control your content, push publicity on you, etc. And are not compatible with the .epub format that is the standard...", "is_submitter": false, "distinguished": null, "created_utc": 1651309652.0, "parent_id": "t3_uf2hrw", "replies": []}, {"author": "smeltsone", "id": "i6ruf9f", "score": 1, "subreddit": "BuyItForLife", "author_flair": null, "submission": "uf2hrw", "stickied": false, "body": "I\u2019ve had my Kobo Glo since 2012 and it still works perfectly. I upgraded to a Kobo Libre 2 only because I wanted the waterproof feature and faster page turning.", "is_submitter": false, "distinguished": null, "created_utc": 1651311845.0, "parent_id": "t3_uf2hrw", "replies": []}, {"author": "ddu663", "id": "i6rvlhh", "score": 1, "subreddit": "BuyItForLife", "author_flair": null, "submission": "uf2hrw", "stickied": false, "body": "Bought a kobo touch in 2012 and it's still going strong", "is_submitter": false, "distinguished": null, "created_utc": 1651312910.0, "parent_id": "t3_uf2hrw", "replies": []}, {"author": "dts-five", "id": "i6ryoqu", "score": 1, "subreddit": "BuyItForLife", "author_flair": null, "submission": "uf2hrw", "stickied": false, "body": "I have a kindle keyboard 3g since 2010, still use it all the time. I manually load azw or mobi files on it. The 3g internet still worked last time I tried it, but I think it\u2019s done now, has more to do with 3g networks going away than anything else. It was good to use in a pinch.  \n\nBut I also have a Tolino Shine, that I got for $30 on eBay in 2014. It\u2019s still working fine. I manually load epub files on it.  \n\nPros of the keyboard: it had limited 3g until recently, came in super handy on occasion. Has tactile buttons, work fine when your hands are wet at the beach.\n\nCons of the keyboard: no epub support. Everything had to be converted to mobi. No backlight support. It was nearly $200 when I bought it. No backlight. The case has one like you\u2019d use with a traditional book.  \n\nPros of the tolino: $30 bucks. Epub support. Backlight available for night reading.  \n\nCons: touch screen doesn\u2019t work great with wet fingers at the beach. Getting an English dictionary loaded was tough, but I did figure it out eventually. Not a lot of support for it for English speakers, since it\u2019s a German device.  \n\nBut they are both nearly 10 years old and still working fine.", "is_submitter": false, "distinguished": null, "created_utc": 1651315589.0, "parent_id": "t3_uf2hrw", "replies": []}, {"author": "Giantstink", "id": "i6s2ofa", "score": 1, "subreddit": "BuyItForLife", "author_flair": null, "submission": "uf2hrw", "stickied": false, "body": "I've been rocking a Kobo Aura H20 since it came out in 2014. It's IP67 waterproof and dustproof. I read with it in the bathtub with 0 concern.\n\nMine has a leather case (which is showing some wear but still holding up) and a 32GB micro SD card. 4GB onboard memory + the 32GB SS card = 36GB of storage for epubs = the potential to hold roughly something like 50,000 books? More than I'll ever be able to read in my lifetime.\n\nThe battery lasts over a month on a single charge. It can load files via Wi-Fi or a USB A to micro-USB cable. No proprietary file format to worry about. No proprietary cable connector. No fiddling with an account. No ads. I just find epubs or PDFs online and upload them to my Kobo.\n\nIt truly is one of the best purchases I've ever made. I love it.", "is_submitter": false, "distinguished": null, "created_utc": 1651318719.0, "parent_id": "t3_uf2hrw", "replies": []}, {"author": "maketurch", "id": "i6s3d3y", "score": 1, "subreddit": "BuyItForLife", "author_flair": null, "submission": "uf2hrw", "stickied": false, "body": "I bought Kobo Aura back in 2014 and it's still working without problem. With Calibre, it's super easy to add books, convert between formats. Definitely recommend Kobo", "is_submitter": false, "distinguished": null, "created_utc": 1651319219.0, "parent_id": "t3_uf2hrw", "replies": []}, {"author": "baki_rings", "id": "i6s56qn", "score": 1, "subreddit": "BuyItForLife", "author_flair": null, "submission": "uf2hrw", "stickied": false, "body": "check discount stores. That\u2019s where i found my kobo for 20. has backlit screen and everything", "is_submitter": false, "distinguished": null, "created_utc": 1651320453.0, "parent_id": "t3_uf2hrw", "replies": []}, {"author": "Ecstatic-Basil-457", "id": "i6s62zd", "score": 1, "subreddit": "BuyItForLife", "author_flair": null, "submission": "uf2hrw", "stickied": false, "body": "I'm still loving my Kobo Touch from 2012 lol. I'm just guessing anything newer will be better.", "is_submitter": false, "distinguished": null, "created_utc": 1651321049.0, "parent_id": "t3_uf2hrw", "replies": []}, {"author": "CheeseOilFish", "id": "i6s71qb", "score": 1, "subreddit": "BuyItForLife", "author_flair": null, "submission": "uf2hrw", "stickied": false, "body": "Kobos are great, the more expensive ones have some extra features which you don\u2019t really need (but decide that for yourself). Spend a bit extra for a case to keep it nice", "is_submitter": false, "distinguished": null, "created_utc": 1651321661.0, "parent_id": "t3_uf2hrw", "replies": []}, {"author": "scriminal", "id": "i6s785r", "score": 1, "subreddit": "BuyItForLife", "author_flair": null, "submission": "uf2hrw", "stickied": false, "body": "almost all of them have a non-replaceable battery which precludes it right from the start.", "is_submitter": false, "distinguished": null, "created_utc": 1651321776.0, "parent_id": "t3_uf2hrw", "replies": [{"author": "Perelka_L", "id": "i6tyqqj", "score": 1, "subreddit": "BuyItForLife", "author_flair": null, "submission": "uf2hrw", "stickied": false, "body": "Worth noting that usually even under intense use you charge the battery maybe once a month or two, since e-ink only consumes energy only when you make it change something on screen and not when it displays, plus maybe OS and backlight (also not much unless you choose android-based book, then battery time is counted in weeks). Due to that, in comparison to other devices we use on every day basis, the battery might not be the first to go, like we are used to these days.", "is_submitter": false, "distinguished": null, "created_utc": 1651352369.0, "parent_id": "t1_i6s785r", "replies": []}]}, {"author": "hooovahh", "id": "i6s82dm", "score": 1, "subreddit": "BuyItForLife", "author_flair": null, "submission": "uf2hrw", "stickied": false, "body": "I still enjoy my Kindle 3 I bought in 2011. I think it was about $150, and came with 3G service that was free and amazing. Looks like eBay is under $40. I used it all the time to check my mail, and was able to send SMS through Google voice for a while, without needing a subscription.\n\nIt has a full physical keyboard, and two sets of page turning buttons. The 3G service stopped working recently but I use Calibre to sync and convert books. The battery still lasts at least a week. I think there were some basic games. And you could listen to music stored on it while you read. But some might find that distracting.\n\nThere are probably better solutions now, but in the spirit of BIFL I wanted to share how one of these early devices still hold up.", "is_submitter": false, "distinguished": null, "created_utc": 1651322291.0, "parent_id": "t3_uf2hrw", "replies": []}, {"author": "FlippingPossum", "id": "i6s9tpl", "score": 1, "subreddit": "BuyItForLife", "author_flair": null, "submission": "uf2hrw", "stickied": false, "body": "I bought a Kindle Paperwhite to use at the pool. I like it but I still tend to get physical books from the library.", "is_submitter": false, "distinguished": null, "created_utc": 1651323352.0, "parent_id": "t3_uf2hrw", "replies": []}, {"author": "tommyleepickles", "id": "i6sbrzj", "score": 1, "subreddit": "BuyItForLife", "author_flair": null, "submission": "uf2hrw", "stickied": false, "body": "I love my iPad for reading books", "is_submitter": false, "distinguished": null, "created_utc": 1651324463.0, "parent_id": "t3_uf2hrw", "replies": []}, {"author": "Zylea", "id": "i6sefxt", "score": 1, "subreddit": "BuyItForLife", "author_flair": null, "submission": "uf2hrw", "stickied": false, "body": "I love my Kindle Oasis (no ads version of course)", "is_submitter": false, "distinguished": null, "created_utc": 1651325911.0, "parent_id": "t3_uf2hrw", "replies": []}, {"author": "ComprehensiveRow4189", "id": "i6sinv0", "score": 1, "subreddit": "BuyItForLife", "author_flair": null, "submission": "uf2hrw", "stickied": false, "body": "Physical books  ( \u0361\u00b0 \u035c\u0296 \u0361\u00b0)", "is_submitter": false, "distinguished": null, "created_utc": 1651328078.0, "parent_id": "t3_uf2hrw", "replies": []}, {"author": "Revivalista", "id": "i6sl5ij", "score": 1, "subreddit": "BuyItForLife", "author_flair": null, "submission": "uf2hrw", "stickied": false, "body": "Love my kindle paperwhite.", "is_submitter": false, "distinguished": null, "created_utc": 1651329294.0, "parent_id": "t3_uf2hrw", "replies": []}, {"author": "tp32323", "id": "i6snknx", "score": 1, "subreddit": "BuyItForLife", "author_flair": null, "submission": "uf2hrw", "stickied": false, "body": "I have a Kindle paper White, bought it last year and I love it, coupled with calibre it's a great choice, it alows you to put anything into it even some pdfs but these are really finecky.  \nThe batery is great, it always lasts a couple of months.\n\nIt's really light weight if im going somewhere were I know I will need to wait for a while ill bring it with me.  \nI'd recoment the kindle paper white because of better screen, and some other quality of life improvements compared with the base version.", "is_submitter": false, "distinguished": null, "created_utc": 1651330442.0, "parent_id": "t3_uf2hrw", "replies": []}, {"author": "schuke", "id": "i6spjf9", "score": 1, "subreddit": "BuyItForLife", "author_flair": null, "submission": "uf2hrw", "stickied": false, "body": "I still use a Kindle 5 which was launched in September 2012, with physical buttons and no backlight. Electronic devices is somewhat anti-BIFL but this one I think is as good as BIFL gets for electronic gadgets. No other device I bought then is still in use. I love the physical buttons because I get to freely put my fingers on the screen, hold the device however the F I want.  Relax beats most gimmicks when it comes to reading.", "is_submitter": false, "distinguished": null, "created_utc": 1651331364.0, "parent_id": "t3_uf2hrw", "replies": []}, {"author": "ChucklesDaCuddleCuck", "id": "i6stlfc", "score": 1, "subreddit": "BuyItForLife", "author_flair": null, "submission": "uf2hrw", "stickied": false, "body": "I'm happy with my kindle paperwhite. I haven't tried any of the non Amazon e-readers though.", "is_submitter": false, "distinguished": null, "created_utc": 1651333236.0, "parent_id": "t3_uf2hrw", "replies": []}, {"author": "DarthRazor", "id": "i6t5zfy", "score": 1, "subreddit": "BuyItForLife", "author_flair": null, "submission": "uf2hrw", "stickied": false, "body": "I have my Kobo Glo since 2012, and have read an average 20 novels a year on it. Still has the original battery that lasts a good week per charge. I use this one mainly at home. \n\nI also have a Kobo Mini, but I bought that one used so I don\u2019t know how much it was used.  This one sits in my jacket pocket and gets used seldomly - mainly in waiting rooms for appointments\n\nBefore that, I used an OG Sony PRS-505 from 2007.  Built like a tank and still works great, but is a bit slow with today\u2019s EPUBs that use images for chapter headers instead of just text. That one is on its second battery. I should use this one more because I love the tactile feel of the keys, but it\u2019s mainly a backup these days", "is_submitter": false, "distinguished": null, "created_utc": 1651338826.0, "parent_id": "t3_uf2hrw", "replies": []}, {"author": "thebadslime", "id": "i6vaw27", "score": 1, "subreddit": "BuyItForLife", "author_flair": null, "submission": "uf2hrw", "stickied": false, "body": "A cheap kindle from shopgoodwill will work fine, I have a 3rd gen with keyboard, great for daily use, although I miss the backlight of my paperwhite ( downsized)", "is_submitter": false, "distinguished": null, "created_utc": 1651378004.0, "parent_id": "t3_uf2hrw", "replies": []}, {"author": "mechman19", "id": "i6r9e0p", "score": -10, "subreddit": "BuyItForLife", "author_flair": null, "submission": "uf2hrw", "stickied": false, "body": "This sub is trash", "is_submitter": false, "distinguished": null, "created_utc": 1651294276.0, "parent_id": "t3_uf2hrw", "replies": [{"author": "QuickieChickie", "id": "i6rpxo4", "score": 1, "subreddit": "BuyItForLife", "author_flair": null, "submission": "uf2hrw", "stickied": false, "body": "Haha dick head", "is_submitter": false, "distinguished": null, "created_utc": 1651307732.0, "parent_id": "t1_i6r9e0p", "replies": []}]}, {"author": "T-Rax", "id": "i6tqtc6", "score": 0, "subreddit": "BuyItForLife", "author_flair": null, "submission": "uf2hrw", "stickied": false, "body": "What a meme this sub is... How can something with a lithium battery glued inside be BIFL...", "is_submitter": false, "distinguished": null, "created_utc": 1651348501.0, "parent_id": "t3_uf2hrw", "replies": []}]}