{"title": "ISO a high-quality zippered padfolio.", "name": "t3_tx3c5b", "url": "https://www.reddit.com/r/BuyItForLife/comments/tx3c5b/iso_a_highquality_zippered_padfolio/", "selftext": "Looking for a high quality zippered padfolio. Just a basic setup with the notepad, pen holder, and a 3 pocket (card, small, & document) design. \n\nThe tricky part is that I would prefer an alternative material such as cordura (or waxed canvas, rip-stop, etc). Nothing against leather, just trying to avoid the price and maintain durability.  \n\nMy first stop was at Maxpedition but didn\u2019t find anything. Rite in the Rain has a [Large Planner](https://www.riteintherain.com/large-planner-starter-kit) that gets close to what I\u2019m looking for but I need an A4 legal pad setup. \n\nOpen to any and all suggestions even if they are not exactly what I\u2019m looking for. If you have a zippered portfolio that you love, tell me about it.", "score": 3, "upvote_ratio": 0.81, "permalink": "/r/BuyItForLife/comments/tx3c5b/iso_a_highquality_zippered_padfolio/", "id": "tx3c5b", "author": "AntiqueTechnique", "link_flair_text": "[Request]", "num_comments": 4, "over_18": false, "spoiler": false, "pinned": false, "locked": false, "distinguished": null, "created_utc": 1649188042.0, "comments": [{"author": "Canuck_in_a_Bunnyhug", "id": "i3jyoja", "score": 1, "subreddit": "BuyItForLife", "author_flair": null, "submission": "tx3c5b", "stickied": false, "body": "I have been looking around for a padfolio as well, but I haven't made a purchase yet, so my suggestion may not be worth much. The one I have been eyeing is by [Maruse](https://www.maruse-italy.com/leather-portfolio+color-Brown), but it is leather and it is expensive, so it may not be anything like what you are seeking. It is definitely an investment piece. I'm going to be checking back to see what other recommendations you receive, as I haven't done all of my research yet and I can be easily swayed...ha ha!", "is_submitter": false, "distinguished": null, "created_utc": 1649199688.0, "parent_id": "t3_tx3c5b", "replies": [{"author": "AntiqueTechnique", "id": "i3keh9y", "score": 2, "subreddit": "BuyItForLife", "author_flair": null, "submission": "tx3c5b", "stickied": false, "body": "Very nice! I\u2019m not totally against leather, I just think (or really sort of hoping, lol) that I might be able to get a better value and avoid the leather premium price.", "is_submitter": true, "distinguished": null, "created_utc": 1649206720.0, "parent_id": "t1_i3jyoja", "replies": []}]}, {"author": "fcdawg96", "id": "i3k8zyu", "score": 1, "subreddit": "BuyItForLife", "author_flair": null, "submission": "tx3c5b", "stickied": false, "body": "Have you looked at BattleBoards? Maybe the scout large.", "is_submitter": false, "distinguished": null, "created_utc": 1649204261.0, "parent_id": "t3_tx3c5b", "replies": [{"author": "AntiqueTechnique", "id": "i3ke6mt", "score": 1, "subreddit": "BuyItForLife", "author_flair": null, "submission": "tx3c5b", "stickied": false, "body": "I don\u2019t think that fits my needs exactly but definitely some cool products. Thanks for the recommendation!", "is_submitter": true, "distinguished": null, "created_utc": 1649206588.0, "parent_id": "t1_i3k8zyu", "replies": []}]}]}