{"title": "Did I buy the wrong Corella dish set?", "name": "t3_ta68s4", "url": "https://www.reddit.com/r/BuyItForLife/comments/ta68s4/did_i_buy_the_wrong_corella_dish_set/", "selftext": "I decided to buy some Corelle dishes for the first time thinking I would be getting a really durable product. I received them two days ago and found one of the smaller plates in the dishwasher this morning broken into three pieces. I thought when they broke they shattered but this broke into a few different pieces cleanly. Did I not buy the right thing? Ive linked what I bought below and just looking to make sure I bought the right stuff.\n\n[Link Here](https://www.amazon.com/dp/B07F35WHNL?psc=1&ref=ppx_yo2_dt_b_product_details)", "score": 6, "upvote_ratio": 0.71, "permalink": "/r/BuyItForLife/comments/ta68s4/did_i_buy_the_wrong_corella_dish_set/", "id": "ta68s4", "author": "arch7", "link_flair_text": "[Request]", "num_comments": 25, "over_18": false, "spoiler": false, "pinned": false, "locked": false, "distinguished": null, "created_utc": 1646827081.0, "comments": [{"author": "regular_sized_egg", "id": "hzzlu50", "score": 8, "subreddit": "BuyItForLife", "author_flair": null, "submission": "ta68s4", "stickied": false, "body": "Yep. Have stopped trusting Amazon for anything because there are too many fakes. (And on cheapie stuff where you don't care if it's \"fake,\" AliExpress is cheaper)", "is_submitter": false, "distinguished": null, "created_utc": 1646843401.0, "parent_id": "t3_ta68s4", "replies": []}, {"author": "thegeeksbrother101", "id": "hzyrkxl", "score": 6, "subreddit": "BuyItForLife", "author_flair": null, "submission": "ta68s4", "stickied": false, "body": "That's strange. I purchased from that same link a few years ago and I got legit stuff.  Probably a vendor sent in some fakes.  \nThe last set, I bought at target.  On sale, it's about the same price as Amazon.", "is_submitter": false, "distinguished": null, "created_utc": 1646829680.0, "parent_id": "t3_ta68s4", "replies": [{"author": "arch7", "id": "hzyrse3", "score": 13, "subreddit": "BuyItForLife", "author_flair": null, "submission": "ta68s4", "stickied": false, "body": "Yeah. I just processed a refund through amazon and going to order the same stuff from the actual Corelle website for cheaper. I didnt even notice my set didnt come with mugs while the cheaper set from Corelle actually does.", "is_submitter": true, "distinguished": null, "created_utc": 1646829804.0, "parent_id": "t1_hzyrkxl", "replies": [{"author": "thegeeksbrother101", "id": "hzyu77w", "score": 3, "subreddit": "BuyItForLife", "author_flair": null, "submission": "ta68s4", "stickied": false, "body": "Yeah, I bought that set because I never really use the mugs. We have plenty of coffee mugs but never enough plates and bowls.", "is_submitter": false, "distinguished": null, "created_utc": 1646831167.0, "parent_id": "t1_hzyrse3", "replies": []}, {"author": "throwaredddddit", "id": "hzz9mt9", "score": 3, "subreddit": "BuyItForLife", "author_flair": null, "submission": "ta68s4", "stickied": false, "body": "If you are looking at the white set, the mugs are a disappointment.  Generic junk.  Color is off.  They pick up marks from metal.  Not made from Corelle material.  Fifty cent junk.\n\nThe rest of the set is great.", "is_submitter": false, "distinguished": null, "created_utc": 1646838481.0, "parent_id": "t1_hzyrse3", "replies": []}]}]}, {"author": "TheKodachromeMethod", "id": "hzyvezl", "score": 5, "subreddit": "BuyItForLife", "author_flair": null, "submission": "ta68s4", "stickied": false, "body": "I'm not sure they shatter into a million pieces anymore, I've broken a couple over the years buy dropping stuff on them and they had clean breaks.", "is_submitter": false, "distinguished": null, "created_utc": 1646831831.0, "parent_id": "t3_ta68s4", "replies": []}, {"author": "blackhawk0258", "id": "hzypd4k", "score": 4, "subreddit": "BuyItForLife", "author_flair": null, "submission": "ta68s4", "stickied": false, "body": "Those should be the correct dishes but that is definitely a weird break. Check the bottom and make sure it says \"made in USA\" and \"break and chip resistant\" the comments on that Amazon link talk about possible counterfeits", "is_submitter": false, "distinguished": null, "created_utc": 1646828292.0, "parent_id": "t3_ta68s4", "replies": [{"author": "arch7", "id": "hzypgc8", "score": 4, "subreddit": "BuyItForLife", "author_flair": null, "submission": "ta68s4", "stickied": false, "body": "Okay. \nIt just says corelle vitrelle USA on the bottom", "is_submitter": true, "distinguished": null, "created_utc": 1646828349.0, "parent_id": "t1_hzypd4k", "replies": [{"author": "blackhawk0258", "id": "hzyplrv", "score": 4, "subreddit": "BuyItForLife", "author_flair": null, "submission": "ta68s4", "stickied": false, "body": "Yeah I think you may have fake ones.", "is_submitter": false, "distinguished": null, "created_utc": 1646828444.0, "parent_id": "t1_hzypgc8", "replies": [{"author": "arch7", "id": "hzypobd", "score": 2, "subreddit": "BuyItForLife", "author_flair": null, "submission": "ta68s4", "stickied": false, "body": "Well Dang it. Guess I\u2019ll look around for some real ones", "is_submitter": true, "distinguished": null, "created_utc": 1646828487.0, "parent_id": "t1_hzyplrv", "replies": []}]}]}]}, {"author": "Tear_Agile", "id": "hzz0wgp", "score": 3, "subreddit": "BuyItForLife", "author_flair": null, "submission": "ta68s4", "stickied": false, "body": "You either bought from Walmart, or bought fakes online. Amazon?", "is_submitter": false, "distinguished": null, "created_utc": 1646834593.0, "parent_id": "t3_ta68s4", "replies": [{"author": "arch7", "id": "hzz0xqi", "score": 2, "subreddit": "BuyItForLife", "author_flair": null, "submission": "ta68s4", "stickied": false, "body": "Amazon", "is_submitter": true, "distinguished": null, "created_utc": 1646834610.0, "parent_id": "t1_hzz0wgp", "replies": [{"author": "Tear_Agile", "id": "hzz1oms", "score": 2, "subreddit": "BuyItForLife", "author_flair": null, "submission": "ta68s4", "stickied": false, "body": "I'll dm you a picture of the bottom of a new one to compare.", "is_submitter": false, "distinguished": null, "created_utc": 1646834963.0, "parent_id": "t1_hzz0xqi", "replies": [{"author": "arch7", "id": "hzz1qar", "score": 2, "subreddit": "BuyItForLife", "author_flair": null, "submission": "ta68s4", "stickied": false, "body": "Sweet.  Thank you", "is_submitter": true, "distinguished": null, "created_utc": 1646834985.0, "parent_id": "t1_hzz1oms", "replies": []}]}]}]}, {"author": "RJFerret", "id": "hzzh9av", "score": 3, "subreddit": "BuyItForLife", "author_flair": null, "submission": "ta68s4", "stickied": false, "body": "That's an Amazon link, they have a rep for counterfeits as they batch inventory, so everyone selling similar product gets combined together, then picked from that same allotment even if sourced differently.  \n\n(I'd also worry about lead if a Chinese knockoff.)", "is_submitter": false, "distinguished": null, "created_utc": 1646841593.0, "parent_id": "t3_ta68s4", "replies": []}, {"author": "Sonystars", "id": "hzyqoj2", "score": 2, "subreddit": "BuyItForLife", "author_flair": null, "submission": "ta68s4", "stickied": false, "body": "Do you mean corelle?\n\nEdit: sorry clicked on the link. I wouldn't trust it considering the reviews. Do you guys not sell it at supermarkets over there? In Australia you can buy it from Woolworths..", "is_submitter": false, "distinguished": null, "created_utc": 1646829123.0, "parent_id": "t3_ta68s4", "replies": [{"author": "arch7", "id": "hzyqzdr", "score": 2, "subreddit": "BuyItForLife", "author_flair": null, "submission": "ta68s4", "stickied": false, "body": "lol. never paid too much attention that I was spelling it wrong. thank you", "is_submitter": true, "distinguished": null, "created_utc": 1646829310.0, "parent_id": "t1_hzyqoj2", "replies": [{"author": "Sonystars", "id": "hzyr8vd", "score": 6, "subreddit": "BuyItForLife", "author_flair": null, "submission": "ta68s4", "stickied": false, "body": "I thought it was some fancy cruella deville plate ware \ud83e\udd23", "is_submitter": false, "distinguished": null, "created_utc": 1646829472.0, "parent_id": "t1_hzyqzdr", "replies": []}]}]}, {"author": "lotanis", "id": "i037hdb", "score": 2, "subreddit": "BuyItForLife", "author_flair": null, "submission": "ta68s4", "stickied": false, "body": "Unfortunately buying from Amazon comes with a high risk of fakes. Even if you buy directly from a particular vendor on Amazon (e.g. the product is listed by the manufacturer), other people can have the 'same' product sold by Amazon and they put them all in the same bin in the warehouse (because theoretically they are the same). That means that even if you think you're buying a product straight from the manufacturer on Amazon there is a good risk of fake items.\n\nThis means that for anything apart from trivial stuff I try not to buy from Amazon because I worry about what I'm going to get. Hard to find other vendors though.", "is_submitter": false, "distinguished": null, "created_utc": 1646905395.0, "parent_id": "t3_ta68s4", "replies": []}, {"author": "BuzzCave", "id": "hzz20cu", "score": 1, "subreddit": "BuyItForLife", "author_flair": null, "submission": "ta68s4", "stickied": false, "body": "Perhaps it was a manufacturing defect. I\u2019ve had my set for 5 years and haven\u2019t broke a single one. I\u2019ve even dropped a few pieces on the linoleum floor, and a couple times in the sink.", "is_submitter": false, "distinguished": null, "created_utc": 1646835116.0, "parent_id": "t3_ta68s4", "replies": []}, {"author": "pancow123", "id": "hzzg207", "score": 1, "subreddit": "BuyItForLife", "author_flair": null, "submission": "ta68s4", "stickied": false, "body": "Q", "is_submitter": false, "distinguished": null, "created_utc": 1646841117.0, "parent_id": "t3_ta68s4", "replies": []}, {"author": "EntrancedOrange", "id": "i07k8u5", "score": 1, "subreddit": "BuyItForLife", "author_flair": null, "submission": "ta68s4", "stickied": false, "body": "I bought the same dishes. They are glass and definitely feel breakable. But they have survived so far. \n\nPersonally I really hate the heavy thick plates, especially stoneware that grind on the bottoms. So figured I give those a shot. Also they freed up a lot of cabinet space.", "is_submitter": false, "distinguished": null, "created_utc": 1646978968.0, "parent_id": "t3_ta68s4", "replies": []}, {"author": "ConBroMitch", "id": "i0dllv8", "score": 1, "subreddit": "BuyItForLife", "author_flair": null, "submission": "ta68s4", "stickied": false, "body": "Never order name brands from Amazon. Their supply chain is overrun with fakes. (Pooling skus)", "is_submitter": false, "distinguished": null, "created_utc": 1647099116.0, "parent_id": "t3_ta68s4", "replies": []}]}