{"title": "My girlfriend uses this sewing machine to make masks. Her great-grandmother bought it new back in 1925. It still works perfectly.", "name": "t3_mgpkjw", "url": "https://i.redd.it/x5kysws598q61.jpg", "selftext": "", "score": 5875, "upvote_ratio": 0.97, "permalink": "/r/BuyItForLife/comments/mgpkjw/my_girlfriend_uses_this_sewing_machine_to_make/", "id": "mgpkjw", "author": "archpope", "link_flair_text": "Vintage", "num_comments": 125, "over_18": false, "spoiler": false, "pinned": false, "locked": false, "distinguished": null, "created_utc": 1617137108.0, "comments": [{"author": "QuevedoDeMalVino", "id": "gsuf6sm", "score": 169, "subreddit": "BuyItForLife", "author_flair": null, "submission": "mgpkjw", "stickied": false, "body": "I have one of those, also working. Very reliable and simple, oil it and treat it reasonably well and all you need is consumables and the occasional replacement for a broken needle.\n\nComputerized models do a lot more with less effort of course. But in this age having a machine built almost a century ago making actual production jobs is not something you see every day.", "is_submitter": false, "distinguished": null, "created_utc": 1617138631.0, "parent_id": "t3_mgpkjw", "replies": [{"author": "archpope", "id": "gsui1vf", "score": 85, "subreddit": "BuyItForLife", "author_flair": null, "submission": "mgpkjw", "stickied": false, "body": "I was surprised at all the attachments that are available for it that all still work. [Zigzags](http://i.ytimg.com/vi/yqoIooib_Us/maxresdefault.jpg), [buttonholes](https://img1.etsystatic.com/039/0/5879109/il_570xN.610692629_scl2.jpg), and more all managed from mechanical devices that clamp onto the machine. Some of them were made as late as the 1980's, and still work just fine with this machine.", "is_submitter": true, "distinguished": null, "created_utc": 1617139998.0, "parent_id": "t1_gsuf6sm", "replies": [{"author": "F-21", "id": "gsvrs2l", "score": 32, "subreddit": "BuyItForLife", "author_flair": null, "submission": "mgpkjw", "stickied": false, "body": "They work as intended, though they have drawbacks (zig zag moves the fabric instead of the needle...).\n\nIf someone's buying an old sewing machine, something the likes of Pfaff 138 is wonderful (rotary bobbin, proper zig zag mechanism, capable of doing a decent stitch length for leather...). These were old industrial sewing machines - the old home-use machines were very good, but these are on another level.", "is_submitter": false, "distinguished": null, "created_utc": 1617165316.0, "parent_id": "t1_gsui1vf", "replies": []}]}, {"author": "Vesper2000", "id": "gsw48i0", "score": 13, "subreddit": "BuyItForLife", "author_flair": null, "submission": "mgpkjw", "stickied": false, "body": "I am a fairly serious sewing person and I just got rid of a computerized sewing machine I had for 15 years. The circuit boards went bad. Never again. I have a machine like this one, a hand crank model from 1940\u2019s England, a treadle machine from 1910\u2019s US, a fully mechanical machine I got in high school, and a new fully mechanical fully loaded heavy duty machine and I expect I won\u2019t need another one.", "is_submitter": false, "distinguished": null, "created_utc": 1617174568.0, "parent_id": "t1_gsuf6sm", "replies": []}, {"author": "The_alchemist667", "id": "hw43sz2", "score": 2, "subreddit": "BuyItForLife", "author_flair": null, "submission": "mgpkjw", "stickied": false, "body": "You can buy sewing machine oil and its actually really good for things like fans or things that rotate.\n\nI use it on my PC fans once in a while.. It can go from making noise to being silent with the stuff its great", "is_submitter": false, "distinguished": null, "created_utc": 1644344659.0, "parent_id": "t1_gsuf6sm", "replies": []}]}, {"author": "Jubal93", "id": "gsudvvr", "score": 54, "subreddit": "BuyItForLife", "author_flair": null, "submission": "mgpkjw", "stickied": false, "body": "Where can I buy one now?", "is_submitter": false, "distinguished": null, "created_utc": 1617138013.0, "parent_id": "t3_mgpkjw", "replies": [{"author": "courtnet85", "id": "gsuio6c", "score": 21, "subreddit": "BuyItForLife", "author_flair": null, "submission": "mgpkjw", "stickied": false, "body": "Facebook Marketplace too!", "is_submitter": false, "distinguished": null, "created_utc": 1617140296.0, "parent_id": "t1_gsudvvr", "replies": []}, {"author": "Grammareyetwitch", "id": "gsv8794", "score": 11, "subreddit": "BuyItForLife", "author_flair": null, "submission": "mgpkjw", "stickied": false, "body": "Ask r/vintagesewing", "is_submitter": false, "distinguished": null, "created_utc": 1617153683.0, "parent_id": "t1_gsudvvr", "replies": []}, {"author": "jkrdr", "id": "gsufth7", "score": 30, "subreddit": "BuyItForLife", "author_flair": null, "submission": "mgpkjw", "stickied": false, "body": "Craigslist ! They\u2019re all over the place", "is_submitter": false, "distinguished": null, "created_utc": 1617138933.0, "parent_id": "t1_gsudvvr", "replies": [{"author": "JTFindustries", "id": "gsv0tx6", "score": 26, "subreddit": "BuyItForLife", "author_flair": null, "submission": "mgpkjw", "stickied": false, "body": "You actually can find anything on Craigslist any more? Wow, all my searches just return with ads for Led shop lights. \ud83d\ude44", "is_submitter": false, "distinguished": null, "created_utc": 1617149668.0, "parent_id": "t1_gsufth7", "replies": [{"author": "jkrdr", "id": "gsv1ram", "score": 40, "subreddit": "BuyItForLife", "author_flair": null, "submission": "mgpkjw", "stickied": false, "body": "\ud83d\ude0eLED-SHOP-OFFICE-LIGHT LIQUIDATION CLEARANCE CALL NOW", "is_submitter": false, "distinguished": null, "created_utc": 1617150165.0, "parent_id": "t1_gsv0tx6", "replies": [{"author": "JTFindustries", "id": "gsv38nw", "score": 7, "subreddit": "BuyItForLife", "author_flair": null, "submission": "mgpkjw", "stickied": false, "body": "\ud83d\ude06\ud83e\udd23\ud83d\ude02", "is_submitter": false, "distinguished": null, "created_utc": 1617150969.0, "parent_id": "t1_gsv1ram", "replies": []}]}]}, {"author": "Wetwire", "id": "gsvf54z", "score": 6, "subreddit": "BuyItForLife", "author_flair": null, "submission": "mgpkjw", "stickied": false, "body": "Just bought a house and when they were clearing it out there were 4 of them in there.", "is_submitter": false, "distinguished": null, "created_utc": 1617157481.0, "parent_id": "t1_gsufth7", "replies": []}, {"author": "HomersDonuts", "id": "gswdfeq", "score": 2, "subreddit": "BuyItForLife", "author_flair": null, "submission": "mgpkjw", "stickied": false, "body": "Can confirm. Just checked and found an identical one for $165 in my area.", "is_submitter": false, "distinguished": null, "created_utc": 1617183844.0, "parent_id": "t1_gsufth7", "replies": []}]}, {"author": "citoyenne", "id": "gsuosn6", "score": 20, "subreddit": "BuyItForLife", "author_flair": null, "submission": "mgpkjw", "stickied": false, "body": "Check out local vintage/secondhand stores. I saw one very similar to this (same era, early 20th century) in great condition at a vintage store near me a few years ago. It wasn't expensive either - around $100, including the table - but like an idiot I didn't buy it. I still regret that decision, even though I have a perfectly nice (modern) Singer now.", "is_submitter": false, "distinguished": null, "created_utc": 1617143349.0, "parent_id": "t1_gsudvvr", "replies": [{"author": "Take14theteam", "id": "gsv4aam", "score": 6, "subreddit": "BuyItForLife", "author_flair": null, "submission": "mgpkjw", "stickied": false, "body": "I have 2 if you are interested", "is_submitter": false, "distinguished": null, "created_utc": 1617151540.0, "parent_id": "t1_gsuosn6", "replies": [{"author": "urbanail1", "id": "gsvh7bl", "score": 8, "subreddit": "BuyItForLife", "author_flair": null, "submission": "mgpkjw", "stickied": false, "body": "I have one on my mostly covered porch as my amazon package table, I don't have room for it but can't get rid of it. It was my grandmothers tv stand since the 80's lol.", "is_submitter": false, "distinguished": null, "created_utc": 1617158658.0, "parent_id": "t1_gsv4aam", "replies": []}]}]}, {"author": "Pattern_Is_Movement", "id": "gsvlcbj", "score": 4, "subreddit": "BuyItForLife", "author_flair": null, "submission": "mgpkjw", "stickied": false, "body": "they really are fairly cheap and readily available", "is_submitter": false, "distinguished": null, "created_utc": 1617161110.0, "parent_id": "t1_gsudvvr", "replies": []}, {"author": "whatisliquidity", "id": "gsvgw9o", "score": 3, "subreddit": "BuyItForLife", "author_flair": null, "submission": "mgpkjw", "stickied": false, "body": "Try thrift shops they have them some times", "is_submitter": false, "distinguished": null, "created_utc": 1617158483.0, "parent_id": "t1_gsudvvr", "replies": []}, {"author": "worrymonster", "id": "gsy56er", "score": 3, "subreddit": "BuyItForLife", "author_flair": null, "submission": "mgpkjw", "stickied": false, "body": "If you're in the US, I suggest specifically looking for a Singer 99 if you're interested in antique and vintage sewing machines. It's one of the most common and lighter weight models (25ish lbs).\n\nI've found them all over facebook marketplace and charity shops like Salvation Army and Goodwill. You can even post your interest in buying one on a neighborhood group and see if a neighbor has one sitting around in the garage.  \n\n\nEdit: Said Singer 66, when I meant 99. They're very similar, the 99 is just smaller and a little lighter.", "is_submitter": false, "distinguished": null, "created_utc": 1617218696.0, "parent_id": "t1_gsudvvr", "replies": []}, {"author": "waukeecla", "id": "gsvl9ba", "score": 2, "subreddit": "BuyItForLife", "author_flair": null, "submission": "mgpkjw", "stickied": false, "body": "Just saw two on facebook marketplace for SC", "is_submitter": false, "distinguished": null, "created_utc": 1617161059.0, "parent_id": "t1_gsudvvr", "replies": []}, {"author": "Icy-Patient1206", "id": "gsvlg9i", "score": 2, "subreddit": "BuyItForLife", "author_flair": null, "submission": "mgpkjw", "stickied": false, "body": "Guatemala. Lots of them there when I visited. No electricity needed.", "is_submitter": false, "distinguished": null, "created_utc": 1617161178.0, "parent_id": "t1_gsudvvr", "replies": []}, {"author": "yayunicorns", "id": "gsy62ec", "score": 2, "subreddit": "BuyItForLife", "author_flair": null, "submission": "mgpkjw", "stickied": false, "body": "Every estate sale ever.", "is_submitter": false, "distinguished": null, "created_utc": 1617219103.0, "parent_id": "t1_gsudvvr", "replies": []}, {"author": "DELETED", "id": "gsvmbjr", "score": 0, "subreddit": "BuyItForLife", "author_flair": null, "submission": "mgpkjw", "stickied": false, "body": "[deleted]", "is_submitter": false, "distinguished": null, "created_utc": 1617161724.0, "parent_id": "t1_gsudvvr", "replies": [{"author": "lizphiz", "id": "gsvn3im", "score": 2, "subreddit": "BuyItForLife", "author_flair": null, "submission": "mgpkjw", "stickied": false, "body": "You can't; they don't make them anymore. If they did, they'd be made with plastic. These suckers last because they were built like tanks.", "is_submitter": false, "distinguished": null, "created_utc": 1617162214.0, "parent_id": "t1_gsvmbjr", "replies": []}, {"author": "archpope", "id": "gsvnaj0", "score": 1, "subreddit": "BuyItForLife", "author_flair": null, "submission": "mgpkjw", "stickied": false, "body": "Lots of places have new Singer sewing machines, but my friends who sew say they are nowhere near as well-built now.", "is_submitter": true, "distinguished": null, "created_utc": 1617162340.0, "parent_id": "t1_gsvmbjr", "replies": [{"author": "MsRatbag", "id": "gsvwsry", "score": 1, "subreddit": "BuyItForLife", "author_flair": null, "submission": "mgpkjw", "stickied": false, "body": "Yep I had a new singer. Didn't last a year. Light plastic crap", "is_submitter": false, "distinguished": null, "created_utc": 1617169219.0, "parent_id": "t1_gsvnaj0", "replies": []}]}, {"author": "ajp0206", "id": "gsvx9bi", "score": 1, "subreddit": "BuyItForLife", "author_flair": null, "submission": "mgpkjw", "stickied": false, "body": "Juki", "is_submitter": false, "distinguished": null, "created_utc": 1617169605.0, "parent_id": "t1_gsvmbjr", "replies": []}]}, {"author": "Moffee", "id": "gsw8q3l", "score": 1, "subreddit": "BuyItForLife", "author_flair": null, "submission": "mgpkjw", "stickied": false, "body": "Walk around your cosy centre, likely you may find plenty sitting in the window.... Of some fancy artisan cafe.\n\nThese things are like a collectors item. And, while this doesn't answer your question (again) I saw so many of these used as art/deco pieces while on Poland.", "is_submitter": false, "distinguished": null, "created_utc": 1617178902.0, "parent_id": "t1_gsudvvr", "replies": []}]}, {"author": "Snnide_Remark", "id": "gsulddz", "score": 6, "subreddit": "BuyItForLife", "author_flair": null, "submission": "mgpkjw", "stickied": false, "body": "My granny used to have the same one! It made a distinctive sound when she used it and I always thought it looked like a ladies skate boot.", "is_submitter": false, "distinguished": null, "created_utc": 1617141628.0, "parent_id": "t3_mgpkjw", "replies": []}, {"author": "courtnet85", "id": "gsuereo", "score": 32, "subreddit": "BuyItForLife", "author_flair": null, "submission": "mgpkjw", "stickied": false, "body": "I adore vintage Singer sewing machines. My main machine is my great-grandmother\u2019s 1948 and it\u2019s sewed hundreds of masks like a champ, along with a quilt for my niece during quarantine (and let me put it this way, she\u2019d easily be able to sew stuff for her great-grandchildren some day on this, her great-great-grandma\u2019s machine. These things don\u2019t quit.) They sew nicer straight stitches than multi-thousand-dollar plastic machines and can be easily found for cheap. You can even save these things if they\u2019re rusty messes, but usually they just need an oiling and a rewire of the machine at most. There\u2019s tons of how-tos online if you need to rewire one.", "is_submitter": false, "distinguished": null, "created_utc": 1617138431.0, "parent_id": "t3_mgpkjw", "replies": [{"author": "SANPres09", "id": "gsvi4b2", "score": 6, "subreddit": "BuyItForLife", "author_flair": null, "submission": "mgpkjw", "stickied": false, "body": "Crazy! I have a Singer 6268 model from my grandmother. Is it worth getting tuned up and running? For the $100 tune up and the $30 foot pedal, I'm not sure if it's worth it. She sewed a lot so I know she took good care of it when she used it.", "is_submitter": false, "distinguished": null, "created_utc": 1617159187.0, "parent_id": "t1_gsuereo", "replies": [{"author": "courtnet85", "id": "gsvjyqt", "score": 3, "subreddit": "BuyItForLife", "author_flair": null, "submission": "mgpkjw", "stickied": false, "body": "That model has some plastic parts and some electronic components, so it\u2019s hard to say. I would probably say not unless you do it for the sentimental value. They\u2019re good machines, it\u2019s just hard to predict when the electronics will fail, and then it\u2019s pretty catastrophic. With the ones from the 60s and earlier, the only electrical part is the motor, and there are enough of those that you can find an original replacement if one is fried. The parts on the older ones are all metal so as long as they stay oiled, they won\u2019t wear much or break unexpectedly.", "is_submitter": false, "distinguished": null, "created_utc": 1617160280.0, "parent_id": "t1_gsvi4b2", "replies": [{"author": "tallbutshy", "id": "gsvwjns", "score": 3, "subreddit": "BuyItForLife", "author_flair": null, "submission": "mgpkjw", "stickied": false, "body": "I inherited a Singer from my grandmother but not sure exactly how old it is. I know it's got a box of stitch cams with it.\n\nI think I might need to get someone to have a look at it before I try running it since it's been sitting in a cupboard for 20 something years.", "is_submitter": false, "distinguished": null, "created_utc": 1617169004.0, "parent_id": "t1_gsvjyqt", "replies": [{"author": "ajp0206", "id": "gsvxflx", "score": 2, "subreddit": "BuyItForLife", "author_flair": null, "submission": "mgpkjw", "stickied": false, "body": "If you can find the serial number you can figure out [how old it is.](http://ismacs.net/singer_sewing_machine_company/serial-numbers/singer-sewing-machine-serial-number-database.html)", "is_submitter": false, "distinguished": null, "created_utc": 1617169752.0, "parent_id": "t1_gsvwjns", "replies": [{"author": "tallbutshy", "id": "gsvz1w6", "score": 1, "subreddit": "BuyItForLife", "author_flair": null, "submission": "mgpkjw", "stickied": false, "body": "Ta much. I'll have a wee look later", "is_submitter": false, "distinguished": null, "created_utc": 1617170937.0, "parent_id": "t1_gsvxflx", "replies": []}]}, {"author": "courtnet85", "id": "gsxnit9", "score": 2, "subreddit": "BuyItForLife", "author_flair": null, "submission": "mgpkjw", "stickied": false, "body": "If you look up the serial number and get a model name for it, try looking up Andy Tube on YouTube. He\u2019s got tons of tutorials for the 50s-70s era Singers. If yours has cams it might fall into his range and you might be able to save yourself some money having someone check it out. Sometimes repair places aren\u2019t really interested in helping with older machines, which makes me sad, since I think they\u2019re awesome. I love their history.", "is_submitter": false, "distinguished": null, "created_utc": 1617210657.0, "parent_id": "t1_gsvwjns", "replies": []}]}, {"author": "SANPres09", "id": "gswyvz6", "score": 1, "subreddit": "BuyItForLife", "author_flair": null, "submission": "mgpkjw", "stickied": false, "body": "Got it, my aunt tried telling me it had all metal parts so that's good to know. It weighs a lot for having plastic parts inside, unless there are just a few.\n\nSo it's perhaps a good idea to drop $30 for a foot pedal, see if it works, and then go from there if it's usable?\n\nOtherwise, a newer machine might be a better use of money.", "is_submitter": false, "distinguished": null, "created_utc": 1617199292.0, "parent_id": "t1_gsvjyqt", "replies": [{"author": "courtnet85", "id": "gsxn1qi", "score": 2, "subreddit": "BuyItForLife", "author_flair": null, "submission": "mgpkjw", "stickied": false, "body": "That probably what I would do! Although my \u201cnew\u201d machine would probably be an older one lol. I don\u2019t really sew clothes, though, so I only need a straight stitch. If you want zigzag and some decorative stitches but all metal parts, you might consider looking into the Singer 400- and 500- series. (I\u2019m not positive every single model has fancy stitches though so you\u2019d want to double-check.) But hopefully your family one will work with a new foot pedal and who knows, it could go for years still.", "is_submitter": false, "distinguished": null, "created_utc": 1617210443.0, "parent_id": "t1_gswyvz6", "replies": []}]}]}]}]}, {"author": "bit-cycle", "id": "gsun3nz", "score": 14, "subreddit": "BuyItForLife", "author_flair": null, "submission": "mgpkjw", "stickied": false, "body": "Is it Electric? \nI have a pedal driven one from another company built even earlier. It will also work forever I guess. With the machine came a picture of the factory and the number of machines they produced everyday. I think it was more than 1000 Machines. . Maybe I will post a Picture here aswell.", "is_submitter": false, "distinguished": null, "created_utc": 1617142490.0, "parent_id": "t3_mgpkjw", "replies": [{"author": "archpope", "id": "gsunwsf", "score": 15, "subreddit": "BuyItForLife", "author_flair": null, "submission": "mgpkjw", "stickied": false, "body": "It is electric. From what we can tell, it was just the second or third year that electric machines were available. Before that, they were all treadle powered. This one uses a knee lever instead of a foot pedal. That's the curved bar you see below the table on the right side.\n\nAnd the power cord is from the era where consumers were expected to attach their own plug to the end of it.", "is_submitter": true, "distinguished": null, "created_utc": 1617142900.0, "parent_id": "t1_gsun3nz", "replies": [{"author": "thagthebarbarian", "id": "gsvi6sx", "score": 5, "subreddit": "BuyItForLife", "author_flair": null, "submission": "mgpkjw", "stickied": false, "body": "They weren't expected to attach a plug. It predates the power outlet. It would've been hard wired to the house circuits", "is_submitter": false, "distinguished": null, "created_utc": 1617159229.0, "parent_id": "t1_gsunwsf", "replies": [{"author": "FrenchFryCattaneo", "id": "gsvpx9h", "score": 6, "subreddit": "BuyItForLife", "author_flair": null, "submission": "mgpkjw", "stickied": false, "body": "For an appliance like this they would most commonly come with a lightbulb plug on the end of the cord. You would unscrew a lightbulb and screw in your appliance cord.", "is_submitter": false, "distinguished": null, "created_utc": 1617164034.0, "parent_id": "t1_gsvi6sx", "replies": [{"author": "thagthebarbarian", "id": "gsvr56l", "score": 3, "subreddit": "BuyItForLife", "author_flair": null, "submission": "mgpkjw", "stickied": false, "body": "I suppose it would be by the owners desire if they wanted to do it that way, 100% of my experience with old electrical things comes from my grandmother and her talking about her things in her house when I was young...", "is_submitter": false, "distinguished": null, "created_utc": 1617164862.0, "parent_id": "t1_gsvpx9h", "replies": []}]}, {"author": "archpope", "id": "gsvmsuk", "score": 3, "subreddit": "BuyItForLife", "author_flair": null, "submission": "mgpkjw", "stickied": false, "body": "OK, that's kinda scary. Amazing what we take for granted nowadays.", "is_submitter": true, "distinguished": null, "created_utc": 1617162026.0, "parent_id": "t1_gsvi6sx", "replies": [{"author": "thagthebarbarian", "id": "gsvpxis", "score": 3, "subreddit": "BuyItForLife", "author_flair": null, "submission": "mgpkjw", "stickied": false, "body": "Look up knob and tube wiring to be even more scared of what the wiring running through the house into that machine was like", "is_submitter": false, "distinguished": null, "created_utc": 1617164038.0, "parent_id": "t1_gsvmsuk", "replies": []}]}]}]}]}, {"author": "orangexmelon", "id": "gsvd9t2", "score": 4, "subreddit": "BuyItForLife", "author_flair": null, "submission": "mgpkjw", "stickied": false, "body": "The sewing machine table looks so elegant.", "is_submitter": false, "distinguished": null, "created_utc": 1617156430.0, "parent_id": "t3_mgpkjw", "replies": [{"author": "archpope", "id": "gsvlb7t", "score": 4, "subreddit": "BuyItForLife", "author_flair": null, "submission": "mgpkjw", "stickied": false, "body": "It's not the original table. Her grandmother put it into this table some time in the 70's. It was an ugly mustard yellow when my girlfriend got it, but she painted it black.", "is_submitter": true, "distinguished": null, "created_utc": 1617161091.0, "parent_id": "t1_gsvd9t2", "replies": []}, {"author": "tousledmonkey", "id": "gswaxme", "score": 4, "subreddit": "BuyItForLife", "author_flair": null, "submission": "mgpkjw", "stickied": false, "body": "There is a place in Krakow, Poland where (as far as I know) the manufacturing of Singer machines started, and they turned into a [super cozy bar](https://www.inyourpocket.com/krakow/singer_16667v) with original machines as tables", "is_submitter": false, "distinguished": null, "created_utc": 1617181223.0, "parent_id": "t1_gsvd9t2", "replies": []}]}, {"author": "Ya-kuza", "id": "gsv6wo5", "score": 13, "subreddit": "BuyItForLife", "author_flair": null, "submission": "mgpkjw", "stickied": false, "body": "from the spanish flu to covid", "is_submitter": false, "distinguished": null, "created_utc": 1617152978.0, "parent_id": "t3_mgpkjw", "replies": []}, {"author": "echo6969", "id": "gsv3513", "score": 3, "subreddit": "BuyItForLife", "author_flair": null, "submission": "mgpkjw", "stickied": false, "body": "My grandmother had the same exact machine. She sewed on it for years. Many pairs of jeans and shirts were patched on it. Brings back good memories. Thank you for sharing.", "is_submitter": false, "distinguished": null, "created_utc": 1617150915.0, "parent_id": "t3_mgpkjw", "replies": []}, {"author": "dailysunshineKO", "id": "gsvd2u7", "score": 3, "subreddit": "BuyItForLife", "author_flair": null, "submission": "mgpkjw", "stickied": false, "body": "That\u2019s a beautiful space too!", "is_submitter": false, "distinguished": null, "created_utc": 1617156325.0, "parent_id": "t3_mgpkjw", "replies": []}, {"author": "SirHigglesthefoul", "id": "gsvgl3r", "score": 3, "subreddit": "BuyItForLife", "author_flair": null, "submission": "mgpkjw", "stickied": false, "body": "Here your girlfriend is using a sewing machine to sew. What does my dad decide to do with the singer machine we have?\n\n&#x200B;\n\nTurn it into a sink.", "is_submitter": false, "distinguished": null, "created_utc": 1617158307.0, "parent_id": "t3_mgpkjw", "replies": [{"author": "archpope", "id": "gsvl4gr", "score": 4, "subreddit": "BuyItForLife", "author_flair": null, "submission": "mgpkjw", "stickied": false, "body": "How do you turn a sewing machine into a sink?", "is_submitter": true, "distinguished": null, "created_utc": 1617160978.0, "parent_id": "t1_gsvgl3r", "replies": [{"author": "SirHigglesthefoul", "id": "gsx2n27", "score": 1, "subreddit": "BuyItForLife", "author_flair": null, "submission": "mgpkjw", "stickied": false, "body": "Well, first I expected him to take the actual machine out of its spot on the table and put a rectangular sink basin there, But instead Just imagine a sink where this person put that plant.", "is_submitter": false, "distinguished": null, "created_utc": 1617201146.0, "parent_id": "t1_gsvl4gr", "replies": []}]}, {"author": "yfunk3", "id": "gswgpt6", "score": 2, "subreddit": "BuyItForLife", "author_flair": null, "submission": "mgpkjw", "stickied": false, "body": "Sounds like r/DIWhy material.", "is_submitter": false, "distinguished": null, "created_utc": 1617187104.0, "parent_id": "t1_gsvgl3r", "replies": []}]}, {"author": "LoMeinBrain", "id": "gsvh7e7", "score": 3, "subreddit": "BuyItForLife", "author_flair": null, "submission": "mgpkjw", "stickied": false, "body": "I have a Pfaff from the 20\u2019s or 30\u2019s too, they\u2019re so great!!", "is_submitter": false, "distinguished": null, "created_utc": 1617158660.0, "parent_id": "t3_mgpkjw", "replies": []}, {"author": "ge77af", "id": "gsvi4y1", "score": 3, "subreddit": "BuyItForLife", "author_flair": null, "submission": "mgpkjw", "stickied": false, "body": "Ayyy my farther still has one of those . Got it from grandma when she passed and it still works", "is_submitter": false, "distinguished": null, "created_utc": 1617159198.0, "parent_id": "t3_mgpkjw", "replies": []}, {"author": "jaydeepsingh10", "id": "gsvj294", "score": 3, "subreddit": "BuyItForLife", "author_flair": null, "submission": "mgpkjw", "stickied": false, "body": "Is it possible that there is a Singer machine that was seeing face masks for the Spanish Flu and is now sewing face masks for Covid?", "is_submitter": false, "distinguished": null, "created_utc": 1617159742.0, "parent_id": "t3_mgpkjw", "replies": [{"author": "archpope", "id": "gsvkdcx", "score": 4, "subreddit": "BuyItForLife", "author_flair": null, "submission": "mgpkjw", "stickied": false, "body": "I wouldn't doubt it. They're built like tanks.", "is_submitter": true, "distinguished": null, "created_utc": 1617160524.0, "parent_id": "t1_gsvj294", "replies": []}]}, {"author": "eNonsense", "id": "gsuxlo7", "score": 4, "subreddit": "BuyItForLife", "author_flair": null, "submission": "mgpkjw", "stickied": false, "body": "I have used an old machine like this and my main complaint was the lack of good speed control. It went from 0 to 60 without much in between. If a newer machine is much more easy and less dangerous to use, I'm going with the newer machine.", "is_submitter": false, "distinguished": null, "created_utc": 1617147950.0, "parent_id": "t3_mgpkjw", "replies": [{"author": "archpope", "id": "gsuz5xa", "score": 10, "subreddit": "BuyItForLife", "author_flair": null, "submission": "mgpkjw", "stickied": false, "body": "It could be the pedal. With the knee switch, my girlfriend has no problems controlling the speed of it. Even when she started out learning how to sew on it, she could go as slow as she needed to.", "is_submitter": true, "distinguished": null, "created_utc": 1617148772.0, "parent_id": "t1_gsuxlo7", "replies": [{"author": "eNonsense", "id": "gsuzdlp", "score": 1, "subreddit": "BuyItForLife", "author_flair": null, "submission": "mgpkjw", "stickied": false, "body": "That's fair. I only have experience with that 1 machine.", "is_submitter": false, "distinguished": null, "created_utc": 1617148885.0, "parent_id": "t1_gsuz5xa", "replies": []}]}, {"author": "F-21", "id": "gsvs2li", "score": 3, "subreddit": "BuyItForLife", "author_flair": null, "submission": "mgpkjw", "stickied": false, "body": "It must have had a regular clutch motor. The motor spins at it's normal speed, and the pedal pushes the clutch together and the sewing machine starts spinning at full speed (very hard to regulate and it eventually burns the clutch).\n\nA servo motor is much better, but also more costly. It can be retrofitted, though they had them quite long ago too...", "is_submitter": false, "distinguished": null, "created_utc": 1617165531.0, "parent_id": "t1_gsuxlo7", "replies": []}]}, {"author": "OCRiley", "id": "gsuzq3z", "score": 4, "subreddit": "BuyItForLife", "author_flair": null, "submission": "mgpkjw", "stickied": false, "body": "My grandmother had a manual one with the big wrought iron swinging platform for use as a pedal for both feet and a big belt-driven wheel. When I was little, I\u2019d sit on it, steer with the wheel and pretend it was car or plane. If I turned right, the platform that I was sitting in would til to the right. Awesome sauce!", "is_submitter": false, "distinguished": null, "created_utc": 1617149072.0, "parent_id": "t3_mgpkjw", "replies": [{"author": "purple_soup13", "id": "gsvgqra", "score": 3, "subreddit": "BuyItForLife", "author_flair": null, "submission": "mgpkjw", "stickied": false, "body": "I have one of these as my nightstand! And my grandmother has one as well; they both have tiled tops, and I love them!\n\nEdit: my baby likes to push the wheel now and hear it creak :)", "is_submitter": false, "distinguished": null, "created_utc": 1617158397.0, "parent_id": "t1_gsuzq3z", "replies": [{"author": "OCRiley", "id": "gsvq68k", "score": 3, "subreddit": "BuyItForLife", "author_flair": null, "submission": "mgpkjw", "stickied": false, "body": "Haha .. just be careful. I also remember getting my fingers pinched a few times.", "is_submitter": false, "distinguished": null, "created_utc": 1617164201.0, "parent_id": "t1_gsvgqra", "replies": []}]}]}, {"author": "DELETED", "id": "gsv2nds", "score": 2, "subreddit": "BuyItForLife", "author_flair": null, "submission": "mgpkjw", "stickied": false, "body": "But it for three lifes", "is_submitter": false, "distinguished": null, "created_utc": 1617150649.0, "parent_id": "t3_mgpkjw", "replies": [{"author": "archpope", "id": "gsvl1s4", "score": 2, "subreddit": "BuyItForLife", "author_flair": null, "submission": "mgpkjw", "stickied": false, "body": "Or 4, at least.", "is_submitter": true, "distinguished": null, "created_utc": 1617160932.0, "parent_id": "t1_gsv2nds", "replies": []}]}, {"author": "DarnHeather", "id": "gsv7dpn", "score": 2, "subreddit": "BuyItForLife", "author_flair": null, "submission": "mgpkjw", "stickied": false, "body": "Feel free to post some photos one r/SewingMachinePorn", "is_submitter": false, "distinguished": null, "created_utc": 1617153237.0, "parent_id": "t3_mgpkjw", "replies": []}, {"author": "-Com_Truise-", "id": "gsve64d", "score": 2, "subreddit": "BuyItForLife", "author_flair": null, "submission": "mgpkjw", "stickied": false, "body": "We had one and we gave it away because of no use. It had easily 60 years running.", "is_submitter": false, "distinguished": null, "created_utc": 1617156932.0, "parent_id": "t3_mgpkjw", "replies": []}, {"author": "DELETED", "id": "gsvifw9", "score": 2, "subreddit": "BuyItForLife", "author_flair": null, "submission": "mgpkjw", "stickied": false, "body": "What I would do to get my hands on a machine like this. I watch online all the time.", "is_submitter": false, "distinguished": null, "created_utc": 1617159379.0, "parent_id": "t3_mgpkjw", "replies": []}, {"author": "NeopolitanBonerfart", "id": "gsvmpks", "score": 2, "subreddit": "BuyItForLife", "author_flair": null, "submission": "mgpkjw", "stickied": false, "body": "Those old Singers are indestructible.", "is_submitter": false, "distinguished": null, "created_utc": 1617161969.0, "parent_id": "t3_mgpkjw", "replies": []}, {"author": "PM_me_your_LEGO_", "id": "gsvqnf9", "score": 2, "subreddit": "BuyItForLife", "author_flair": null, "submission": "mgpkjw", "stickied": false, "body": "I have one of these! Alright I think mine is from maybe 1940s? I used it for many years with love, but now I have a couple other heavy duty Singers. That ancient one though will live with me forever.", "is_submitter": false, "distinguished": null, "created_utc": 1617164520.0, "parent_id": "t3_mgpkjw", "replies": []}, {"author": "WhenIHearMyName", "id": "gsv8jur", "score": 4, "subreddit": "BuyItForLife", "author_flair": null, "submission": "mgpkjw", "stickied": false, "body": "Make masks, homie - tell her to put it to MUCH better use", "is_submitter": false, "distinguished": null, "created_utc": 1617153869.0, "parent_id": "t3_mgpkjw", "replies": [{"author": "archpope", "id": "gsvlf6a", "score": 6, "subreddit": "BuyItForLife", "author_flair": null, "submission": "mgpkjw", "stickied": false, "body": "She sews other things with it, but right now masks are still in high demand.", "is_submitter": true, "distinguished": null, "created_utc": 1617161158.0, "parent_id": "t1_gsv8jur", "replies": []}]}, {"author": "Fart_Professional85", "id": "gsvpwxu", "score": -2, "subreddit": "BuyItForLife", "author_flair": null, "submission": "mgpkjw", "stickied": false, "body": "Your girlfriend is profiteering from a global pandemic. Talk about self-virtuous", "is_submitter": false, "distinguished": null, "created_utc": 1617164028.0, "parent_id": "t3_mgpkjw", "replies": []}, {"author": "11261126q", "id": "gsuyjqb", "score": 1, "subreddit": "BuyItForLife", "author_flair": null, "submission": "mgpkjw", "stickied": false, "body": "Singers are so beautiful,there is a place in NY that has a wall of them though the name of the place escapes me", "is_submitter": false, "distinguished": null, "created_utc": 1617148449.0, "parent_id": "t3_mgpkjw", "replies": [{"author": "lizphiz", "id": "gsvnqvr", "score": 3, "subreddit": "BuyItForLife", "author_flair": null, "submission": "mgpkjw", "stickied": false, "body": "Allsaints. It's a chain; all their stores have a wall display of them.", "is_submitter": false, "distinguished": null, "created_utc": 1617162627.0, "parent_id": "t1_gsuyjqb", "replies": []}]}, {"author": "skywalker-3-0", "id": "gsvgugs", "score": 1, "subreddit": "BuyItForLife", "author_flair": null, "submission": "mgpkjw", "stickied": false, "body": "I have seen some crazy looking bobbins on machines about 20 years older than this - is the bobbin for this machine the same shape as modern ones?", "is_submitter": false, "distinguished": null, "created_utc": 1617158455.0, "parent_id": "t3_mgpkjw", "replies": [{"author": "ajp0206", "id": "gsvxqrq", "score": 3, "subreddit": "BuyItForLife", "author_flair": null, "submission": "mgpkjw", "stickied": false, "body": "Should be the standard class 66. At least the ones on my similarly aged Singer are.", "is_submitter": false, "distinguished": null, "created_utc": 1617170011.0, "parent_id": "t1_gsvgugs", "replies": [{"author": "skywalker-3-0", "id": "gsxiclg", "score": 1, "subreddit": "BuyItForLife", "author_flair": null, "submission": "mgpkjw", "stickied": false, "body": "awesome thank you!!", "is_submitter": false, "distinguished": null, "created_utc": 1617208339.0, "parent_id": "t1_gsvxqrq", "replies": []}]}]}, {"author": "InTooDeepButICanSwim", "id": "gsvix6m", "score": 1, "subreddit": "BuyItForLife", "author_flair": null, "submission": "mgpkjw", "stickied": false, "body": "I have a very similar Singer sewing machine I'm trying to sell and I can't find any buyers sadly.", "is_submitter": false, "distinguished": null, "created_utc": 1617159659.0, "parent_id": "t3_mgpkjw", "replies": []}, {"author": "V4ND4LL", "id": "gsvlc9u", "score": 1, "subreddit": "BuyItForLife", "author_flair": null, "submission": "mgpkjw", "stickied": false, "body": "Its almost like at a certain point in time bean counters started affecting the quality and lifespan of products \ud83e\udd2a", "is_submitter": false, "distinguished": null, "created_utc": 1617161109.0, "parent_id": "t3_mgpkjw", "replies": [{"author": "archpope", "id": "gsvm168", "score": 2, "subreddit": "BuyItForLife", "author_flair": null, "submission": "mgpkjw", "stickied": false, "body": "Yeah. They lost out on the opportunity to sell three more sewing machines by making this one so durable.", "is_submitter": true, "distinguished": null, "created_utc": 1617161543.0, "parent_id": "t1_gsvlc9u", "replies": []}]}, {"author": "abez123", "id": "gsvljbw", "score": 1, "subreddit": "BuyItForLife", "author_flair": null, "submission": "mgpkjw", "stickied": false, "body": "your girlfriend must have amazing calfs", "is_submitter": false, "distinguished": null, "created_utc": 1617161233.0, "parent_id": "t3_mgpkjw", "replies": [{"author": "archpope", "id": "gsvmwhd", "score": 2, "subreddit": "BuyItForLife", "author_flair": null, "submission": "mgpkjw", "stickied": false, "body": "I like them, but this is an electric machine with a knee switch, so only her right thigh gets any kind of workout while sewing.", "is_submitter": true, "distinguished": null, "created_utc": 1617162090.0, "parent_id": "t1_gsvljbw", "replies": [{"author": "abez123", "id": "gsvn1in", "score": 1, "subreddit": "BuyItForLife", "author_flair": null, "submission": "mgpkjw", "stickied": false, "body": "cool, had no idea this was electric, the look made me think it was a manual", "is_submitter": false, "distinguished": null, "created_utc": 1617162179.0, "parent_id": "t1_gsvmwhd", "replies": []}]}]}, {"author": "The_Ineffable_Sage", "id": "gsvownb", "score": 1, "subreddit": "BuyItForLife", "author_flair": null, "submission": "mgpkjw", "stickied": false, "body": "My grandmother has one from the 60s. It's a $250 repair, for a $10 piece.", "is_submitter": false, "distinguished": null, "created_utc": 1617163370.0, "parent_id": "t3_mgpkjw", "replies": [{"author": "archpope", "id": "gsvpxcl", "score": 2, "subreddit": "BuyItForLife", "author_flair": null, "submission": "mgpkjw", "stickied": false, "body": "Right now on Amazon you can buy several models of Singer sewing machine for less than $250.", "is_submitter": true, "distinguished": null, "created_utc": 1617164035.0, "parent_id": "t1_gsvownb", "replies": [{"author": "The_Ineffable_Sage", "id": "gsx1zzq", "score": 1, "subreddit": "BuyItForLife", "author_flair": null, "submission": "mgpkjw", "stickied": false, "body": "New Singer machines are all plastic and trash. Plus, my grandma was a seamstress. She got a top of the line one 60 years ago for her machine. It would easily sell for 1000 new today.", "is_submitter": false, "distinguished": null, "created_utc": 1617200837.0, "parent_id": "t1_gsvpxcl", "replies": []}]}]}, {"author": "cyrax6", "id": "gsvsiyd", "score": 1, "subreddit": "BuyItForLife", "author_flair": null, "submission": "mgpkjw", "stickied": false, "body": "She must be a Singer. /Jk\n\nThe pandemic taught me the value of these little things I had ignored for so long. Wifey makes the most comfy for masks.", "is_submitter": false, "distinguished": null, "created_utc": 1617165867.0, "parent_id": "t3_mgpkjw", "replies": []}, {"author": "ayushatx", "id": "gsvt50b", "score": 1, "subreddit": "BuyItForLife", "author_flair": null, "submission": "mgpkjw", "stickied": false, "body": "Plot Twist - OP's girlfriend is 90 yrs old.", "is_submitter": false, "distinguished": null, "created_utc": 1617166325.0, "parent_id": "t3_mgpkjw", "replies": []}, {"author": "malcatrino", "id": "gsvvgev", "score": 1, "subreddit": "BuyItForLife", "author_flair": null, "submission": "mgpkjw", "stickied": false, "body": "Thanks for showing me an old thing that still works. Buying this seems practical. \ud83d\udc4d\ud83c\udffd", "is_submitter": false, "distinguished": null, "created_utc": 1617168110.0, "parent_id": "t3_mgpkjw", "replies": [{"author": "nobleland_mermaid", "id": "gswdoep", "score": 1, "subreddit": "BuyItForLife", "author_flair": null, "submission": "mgpkjw", "stickied": false, "body": "you can still buy these all over the place. at one point in time, nearly every household had them and most still run. just in the past 2 years, I've found one at a thrift shop, one at a tag sale, and another on ebay", "is_submitter": false, "distinguished": null, "created_utc": 1617184102.0, "parent_id": "t1_gsvvgev", "replies": []}]}, {"author": "Somethinggood4", "id": "gsvvzwp", "score": 1, "subreddit": "BuyItForLife", "author_flair": null, "submission": "mgpkjw", "stickied": false, "body": "Sure,  it's fine *now*, but as soon as that hundred-year warranty expires it'll be nothing but a money pit.... ;P", "is_submitter": false, "distinguished": null, "created_utc": 1617168549.0, "parent_id": "t3_mgpkjw", "replies": []}, {"author": "fowlest_one", "id": "gsw0ite", "score": 1, "subreddit": "BuyItForLife", "author_flair": null, "submission": "mgpkjw", "stickied": false, "body": "Got any kids to pass it down to?", "is_submitter": false, "distinguished": null, "created_utc": 1617171956.0, "parent_id": "t3_mgpkjw", "replies": [{"author": "archpope", "id": "gsw2gh0", "score": 2, "subreddit": "BuyItForLife", "author_flair": null, "submission": "mgpkjw", "stickied": false, "body": "No, my bloodline ends with me. We'll probably find someone to make sure it goes to a good home, though.", "is_submitter": true, "distinguished": null, "created_utc": 1617173286.0, "parent_id": "t1_gsw0ite", "replies": []}]}, {"author": "MafiaMommaBruno", "id": "gsw5a5w", "score": 1, "subreddit": "BuyItForLife", "author_flair": null, "submission": "mgpkjw", "stickied": false, "body": "Is this the Japanese made Singer?", "is_submitter": false, "distinguished": null, "created_utc": 1617175467.0, "parent_id": "t3_mgpkjw", "replies": [{"author": "archpope", "id": "gsw8mjw", "score": 1, "subreddit": "BuyItForLife", "author_flair": null, "submission": "mgpkjw", "stickied": false, "body": "This one was made at the factory in Elizabethtown, New Jersey some time in September 1925. It's amazing how much information you can get from the serial number.", "is_submitter": true, "distinguished": null, "created_utc": 1617178800.0, "parent_id": "t1_gsw5a5w", "replies": []}]}, {"author": "Tryerd", "id": "gsw5yh5", "score": 1, "subreddit": "BuyItForLife", "author_flair": null, "submission": "mgpkjw", "stickied": false, "body": "My grandparents used to have one like this when I was younger. I used to love playing on it!", "is_submitter": false, "distinguished": null, "created_utc": 1617176121.0, "parent_id": "t3_mgpkjw", "replies": []}, {"author": "macthecat22", "id": "gsw7on5", "score": 1, "subreddit": "BuyItForLife", "author_flair": null, "submission": "mgpkjw", "stickied": false, "body": "This is the sewing machine where I first learned how to sew. Too bad ours didn't survive through time.", "is_submitter": false, "distinguished": null, "created_utc": 1617177846.0, "parent_id": "t3_mgpkjw", "replies": []}, {"author": "barbeqdbrwniez", "id": "gsw9y0j", "score": 1, "subreddit": "BuyItForLife", "author_flair": null, "submission": "mgpkjw", "stickied": false, "body": "It's kind of sad that companies realized the terrible business sense of products that never break.", "is_submitter": false, "distinguished": null, "created_utc": 1617180173.0, "parent_id": "t3_mgpkjw", "replies": []}, {"author": "jesus_kungfu", "id": "gswcbhz", "score": 1, "subreddit": "BuyItForLife", "author_flair": null, "submission": "mgpkjw", "stickied": false, "body": "Hey i have atleast 3 of those singer sewing machines at my cottage!", "is_submitter": false, "distinguished": null, "created_utc": 1617182678.0, "parent_id": "t3_mgpkjw", "replies": []}, {"author": "EwanJP2001", "id": "gswdh93", "score": 1, "subreddit": "BuyItForLife", "author_flair": null, "submission": "mgpkjw", "stickied": false, "body": "It always amazes me how thin and sleek early sewing machines were. My mother has a Singer from the 80s and it's a boxy thing", "is_submitter": false, "distinguished": null, "created_utc": 1617183898.0, "parent_id": "t3_mgpkjw", "replies": []}, {"author": "yfunk3", "id": "gswggq8", "score": 1, "subreddit": "BuyItForLife", "author_flair": null, "submission": "mgpkjw", "stickied": false, "body": "While I wouldn't go for something near this old, I am saving up and leaning towards a trusty, slightly expensive mechanic sewing machine upgrade, as I have 2 cheap tiny Janome mechanicals right now (1 I got for $25 at Goodwill, and the same model as back-up for $20 just last month off Craigslist).\n\nI do get incredibly tempted by the fancier computerized models I always see, but I know in the long run, I'll never use all those fancy stitches, and it woukd cost way too much to maintain and won'tast nearly as long.", "is_submitter": false, "distinguished": null, "created_utc": 1617186866.0, "parent_id": "t3_mgpkjw", "replies": []}, {"author": "lrochfort", "id": "gswhqev", "score": 1, "subreddit": "BuyItForLife", "author_flair": null, "submission": "mgpkjw", "stickied": false, "body": "My grandfather used a hand-cranked Singer for repairing sails and making other boat related stuff for years.", "is_submitter": false, "distinguished": null, "created_utc": 1617188028.0, "parent_id": "t3_mgpkjw", "replies": []}, {"author": "JimbroJammigans", "id": "gswk7t0", "score": 1, "subreddit": "BuyItForLife", "author_flair": null, "submission": "mgpkjw", "stickied": false, "body": "My mother collects and fixes old singer sewing machines. I do all the sewing in my house with an old hand crank one she fixed up for me. They're fantastic machines and when properly cared for will lay stitches until their molecules break down into their base components.\n\nAlso I like the manual crank better than electric, the electric ones always run too fast for me.", "is_submitter": false, "distinguished": null, "created_utc": 1617190148.0, "parent_id": "t3_mgpkjw", "replies": []}, {"author": "gensek", "id": "gswm612", "score": 1, "subreddit": "BuyItForLife", "author_flair": null, "submission": "mgpkjw", "stickied": false, "body": "My grandmother has two working sewing machines, the \u201cold one\u201d and the \u201c new one\u201d. The new one is from 1930s.", "is_submitter": false, "distinguished": null, "created_utc": 1617191648.0, "parent_id": "t3_mgpkjw", "replies": []}, {"author": "Zeraph000", "id": "gswn4ae", "score": 1, "subreddit": "BuyItForLife", "author_flair": null, "submission": "mgpkjw", "stickied": false, "body": "Singer man. Those things are made to last forever. Gifted my mom with a similar one about ten years ago.", "is_submitter": false, "distinguished": null, "created_utc": 1617192339.0, "parent_id": "t3_mgpkjw", "replies": []}, {"author": "Drumwin", "id": "gswob4y", "score": 1, "subreddit": "BuyItForLife", "author_flair": null, "submission": "mgpkjw", "stickied": false, "body": "Hey we have the same one![link](https://i.imgur.com/FfpkW0D.jpg)", "is_submitter": false, "distinguished": null, "created_utc": 1617193173.0, "parent_id": "t3_mgpkjw", "replies": []}, {"author": "RobClay00", "id": "gsxc33m", "score": 1, "subreddit": "BuyItForLife", "author_flair": null, "submission": "mgpkjw", "stickied": false, "body": "I miss this, we used this one on my 8th grade. I miss sewing with this manual machine, you need to step on it to move", "is_submitter": false, "distinguished": null, "created_utc": 1617205535.0, "parent_id": "t3_mgpkjw", "replies": []}, {"author": "DELETED", "id": "gsxe9tq", "score": 1, "subreddit": "BuyItForLife", "author_flair": null, "submission": "mgpkjw", "stickied": false, "body": "[deleted]", "is_submitter": false, "distinguished": null, "created_utc": 1617206511.0, "parent_id": "t3_mgpkjw", "replies": [{"author": "DELETED", "id": "gsxeb2j", "score": 0, "subreddit": "BuyItForLife", "author_flair": null, "submission": "mgpkjw", "stickied": false, "body": "[deleted]", "is_submitter": false, "distinguished": null, "created_utc": 1617206526.0, "parent_id": "t1_gsxe9tq", "replies": []}]}, {"author": "sonichedgehog23198", "id": "gsxi687", "score": 1, "subreddit": "BuyItForLife", "author_flair": null, "submission": "mgpkjw", "stickied": false, "body": "I have a pheonix one from 1921. Also still works without a hitch. Those things were build to last. Not just for a lifetime but for ever. The wood base is getting ugly, probebly gonna redo the fineer soon. It's peeling a bit.", "is_submitter": false, "distinguished": null, "created_utc": 1617208262.0, "parent_id": "t3_mgpkjw", "replies": []}, {"author": "ShrektheYaoiExpert", "id": "gsxkf3p", "score": 1, "subreddit": "BuyItForLife", "author_flair": null, "submission": "mgpkjw", "stickied": false, "body": "that reminds me , im gonna start making trans flag masks to give soon", "is_submitter": false, "distinguished": null, "created_utc": 1617209266.0, "parent_id": "t3_mgpkjw", "replies": []}, {"author": "etangey52", "id": "gsxyhxe", "score": 1, "subreddit": "BuyItForLife", "author_flair": null, "submission": "mgpkjw", "stickied": false, "body": "If only every electronic consumer product today wasn\u2019t made with shoddy connections that are destined to fail", "is_submitter": false, "distinguished": null, "created_utc": 1617215632.0, "parent_id": "t3_mgpkjw", "replies": [{"author": "archpope", "id": "gsy4n7z", "score": 1, "subreddit": "BuyItForLife", "author_flair": null, "submission": "mgpkjw", "stickied": false, "body": "[If only](https://youtu.be/j5v8D-alAKE)...", "is_submitter": true, "distinguished": null, "created_utc": 1617218453.0, "parent_id": "t1_gsxyhxe", "replies": []}]}, {"author": "worrymonster", "id": "gsy4cc4", "score": 1, "subreddit": "BuyItForLife", "author_flair": null, "submission": "mgpkjw", "stickied": false, "body": "I do cleanups and light restorations on vintage and antique machines for folks in my neighborhood. There's one of these sitting in my garage right now that was passed down from a grandmother.  \nThe old all metal machines are so fantastic! A little care and feeding and they'll last generations. I've seen so many people buy a modern Singer Heavyduty to get into sewing and end up so frustrated when they could have gotten a vintage beast for less money, with stronger power.", "is_submitter": false, "distinguished": null, "created_utc": 1617218312.0, "parent_id": "t3_mgpkjw", "replies": []}, {"author": "Thelonious_Cube", "id": "gsy86il", "score": 1, "subreddit": "BuyItForLife", "author_flair": null, "submission": "mgpkjw", "stickied": false, "body": "Yeah, those old Singers are war-horses!", "is_submitter": false, "distinguished": null, "created_utc": 1617220071.0, "parent_id": "t3_mgpkjw", "replies": []}, {"author": "FastRedPonyCar", "id": "gt54b9j", "score": 1, "subreddit": "BuyItForLife", "author_flair": null, "submission": "mgpkjw", "stickied": false, "body": "It will continue to work perfectly long after those $15,000~30,000 machines with ipads built into them have failed.\n\nI just recently had my grandmother's early 60's (I think) Singer Touch & Sew inspected and oiled/looked over by a local shop for her and everything still works perfectly.\n\nShe's still got a much older foot pedal and flywheel operated singer too and it still works but is basically just a decorative heirloom now.", "is_submitter": false, "distinguished": null, "created_utc": 1617372441.0, "parent_id": "t3_mgpkjw", "replies": []}, {"author": "powaqua", "id": "gt6n8xa", "score": 1, "subreddit": "BuyItForLife", "author_flair": null, "submission": "mgpkjw", "stickied": false, "body": "I saw a video of a \"restoration\" of one of these and I thought I would absolutely DIE when the guy spray painted over those gold decals. Gorgeous machine. I have my mom's White Rotary that she bought in 1950. Still humming along.", "is_submitter": false, "distinguished": null, "created_utc": 1617400206.0, "parent_id": "t3_mgpkjw", "replies": []}, {"author": "pyro69065", "id": "gva4kw1", "score": 1, "subreddit": "BuyItForLife", "author_flair": null, "submission": "mgpkjw", "stickied": false, "body": "I have a '44 Singer that was left behind in a rental. A little bit of oil and some time and it was singing like a Singer again. It is showing its age a bit, but will sew 5 layers of denim like nothing.", "is_submitter": false, "distinguished": null, "created_utc": 1618972716.0, "parent_id": "t3_mgpkjw", "replies": []}, {"author": "Deddodad", "id": "gz3bzla", "score": 1, "subreddit": "BuyItForLife", "author_flair": null, "submission": "mgpkjw", "stickied": false, "body": "There's a saying in my country \"Works like a Singer.\". Guess that I now know the reason why.", "is_submitter": false, "distinguished": null, "created_utc": 1621716026.0, "parent_id": "t3_mgpkjw", "replies": []}, {"author": "DELETED", "id": "gswbzrt", "score": 0, "subreddit": "BuyItForLife", "author_flair": null, "submission": "mgpkjw", "stickied": false, "body": "[deleted]", "is_submitter": false, "distinguished": null, "created_utc": 1617182342.0, "parent_id": "t3_mgpkjw", "replies": [{"author": "sub_doesnt_exist_bot", "id": "gswc097", "score": 1, "subreddit": "BuyItForLife", "author_flair": null, "submission": "mgpkjw", "stickied": false, "body": "The subreddit r/buyitforlives does not exist. Maybe there's a typo? If not, consider [creating it](/subreddits/create?name=buyitforlives).\n\n---\n^\ud83e\udd16 ^this ^comment ^was ^written ^by ^a ^bot. ^beep ^boop ^\ud83e\udd16\n\n^feel ^welcome ^to ^respond ^'Bad ^bot'/'Good ^bot', ^it's ^useful ^feedback. [^github](https://github.com/Toldry/RedditAutoCrosspostBot)", "is_submitter": false, "distinguished": null, "created_utc": 1617182356.0, "parent_id": "t1_gswbzrt", "replies": []}]}]}