{"title": "Looking for any BIFL items that are made in the Ukraine", "name": "t3_t1kboo", "url": "https://www.reddit.com/r/BuyItForLife/comments/t1kboo/looking_for_any_bifl_items_that_are_made_in_the/", "selftext": "It might not be charity but it couldn't hurt as a way to support people over there once things are more normal", "score": 57, "upvote_ratio": 0.84, "permalink": "/r/BuyItForLife/comments/t1kboo/looking_for_any_bifl_items_that_are_made_in_the/", "id": "t1kboo", "author": "ArconC", "link_flair_text": "Discussion", "num_comments": 42, "over_18": false, "spoiler": false, "pinned": false, "locked": false, "distinguished": null, "created_utc": 1645839010.0, "comments": [{"author": "the_clash_is_back", "id": "hyh2cl3", "score": 17, "subreddit": "BuyItForLife", "author_flair": null, "submission": "t1kboo", "stickied": false, "body": "The nation is not to big a producer of end consumer products,  they do have a lot of raw minimal exports as well as a respectable heavy machinery sector.", "is_submitter": false, "distinguished": null, "created_utc": 1645848030.0, "parent_id": "t3_t1kboo", "replies": [{"author": "domdiggitydog", "id": "hyh2nl7", "score": 3, "subreddit": "BuyItForLife", "author_flair": null, "submission": "t1kboo", "stickied": false, "body": "Lots of outsourced IT and web design as well", "is_submitter": false, "distinguished": null, "created_utc": 1645848186.0, "parent_id": "t1_hyh2cl3", "replies": [{"author": "Siren72", "id": "hyhm99o", "score": 8, "subreddit": "BuyItForLife", "author_flair": null, "submission": "t1kboo", "stickied": false, "body": "I\u2019ve bought a lot of Envato/ThemeForest items (Wordpress themes, HTML templates, PHP scripts), many of the authors were from Ukraine.", "is_submitter": false, "distinguished": null, "created_utc": 1645859866.0, "parent_id": "t1_hyh2nl7", "replies": [{"author": "nervez", "id": "hyhohls", "score": 5, "subreddit": "BuyItForLife", "author_flair": null, "submission": "t1kboo", "stickied": false, "body": "a lot of cool handmade stuff from Ukraine on Etsy. like i was looking for a large wooden beer stein and a ton of them were from Ukraine.", "is_submitter": false, "distinguished": null, "created_utc": 1645861475.0, "parent_id": "t1_hyhm99o", "replies": []}]}]}]}, {"author": "hayseed_byte", "id": "hyhkxd9", "score": 34, "subreddit": "BuyItForLife", "author_flair": null, "submission": "t1kboo", "stickied": false, "body": "Obligatory reminder to drop the 'the' and just say Ukraine.", "is_submitter": false, "distinguished": null, "created_utc": 1645858928.0, "parent_id": "t3_t1kboo", "replies": [{"author": "aereci", "id": "hykw4l4", "score": 3, "subreddit": "BuyItForLife", "author_flair": null, "submission": "t1kboo", "stickied": false, "body": "I mean, we also say \u201cthe USA.\u201d", "is_submitter": false, "distinguished": null, "created_utc": 1645920359.0, "parent_id": "t1_hyhkxd9", "replies": [{"author": "Flodeost", "id": "hykxkw4", "score": 7, "subreddit": "BuyItForLife", "author_flair": null, "submission": "t1kboo", "stickied": false, "body": "That's not the same. It's more like saying the Denmark, the Sweden, the Germany, the Switzerland, sounds silly doesn't it. It's just Ukraine.", "is_submitter": false, "distinguished": null, "created_utc": 1645921024.0, "parent_id": "t1_hykw4l4", "replies": [{"author": "aereci", "id": "hykya0t", "score": 0, "subreddit": "BuyItForLife", "author_flair": null, "submission": "t1kboo", "stickied": false, "body": "I think it has to do with proximity and familiarity. For instance, I wouldn\u2019t call \u201cMexico,\u201d \u201cthe Mexico,\u201d since it is close. However, I would call the Czech Republic, the Czech Republic. \n\nI have been to the Ukraine, but still call it the Ukraine. It may also have to do with how I was taught in school.", "is_submitter": false, "distinguished": null, "created_utc": 1645921344.0, "parent_id": "t1_hykxkw4", "replies": [{"author": "hayseed_byte", "id": "hykz5yl", "score": 13, "subreddit": "BuyItForLife", "author_flair": null, "submission": "t1kboo", "stickied": false, "body": "The Czech Republic makes sense. Which republic? The Czech one. Which states? The United States. Which kingdom? The United Kingdom.\n\nThe Ukraine doesn't make sense.", "is_submitter": false, "distinguished": null, "created_utc": 1645921750.0, "parent_id": "t1_hykya0t", "replies": []}]}]}, {"author": "hayseed_byte", "id": "hykyt7a", "score": 1, "subreddit": "BuyItForLife", "author_flair": null, "submission": "t1kboo", "stickied": false, "body": "But not \"The America\".", "is_submitter": false, "distinguished": null, "created_utc": 1645921589.0, "parent_id": "t1_hykw4l4", "replies": [{"author": "aereci", "id": "hylrhlw", "score": 1, "subreddit": "BuyItForLife", "author_flair": null, "submission": "t1kboo", "stickied": false, "body": "Of course. Like I said, I think proximity and education/verbiage in school play a part in it. I am from the US. However, I do say \u201cthe americas\u201d to refer to the continent.", "is_submitter": false, "distinguished": null, "created_utc": 1645935422.0, "parent_id": "t1_hykyt7a", "replies": [{"author": "DELETED", "id": "hym9ydd", "score": 1, "subreddit": "BuyItForLife", "author_flair": null, "submission": "t1kboo", "stickied": false, "body": "That's grammar. That education thing.\n\n(Said with humor and good will, not like a condescending dick)", "is_submitter": false, "distinguished": null, "created_utc": 1645946548.0, "parent_id": "t1_hylrhlw", "replies": [{"author": "aereci", "id": "hyoi78q", "score": 1, "subreddit": "BuyItForLife", "author_flair": null, "submission": "t1kboo", "stickied": false, "body": "Haha gotta love Midwest education. Whenever someone asks where I\u2019m from when I travel, I say \u201cthe USA.\u201d", "is_submitter": false, "distinguished": null, "created_utc": 1645989673.0, "parent_id": "t1_hym9ydd", "replies": [{"author": "DELETED", "id": "hypb9n3", "score": 1, "subreddit": "BuyItForLife", "author_flair": null, "submission": "t1kboo", "stickied": false, "body": "I do too. It's the right way to say it. Our country is weird for having a sentence as a title, not a name.", "is_submitter": false, "distinguished": null, "created_utc": 1646001331.0, "parent_id": "t1_hyoi78q", "replies": []}]}]}]}]}]}, {"author": "QuirkyQbana", "id": "hyhsk93", "score": 3, "subreddit": "BuyItForLife", "author_flair": null, "submission": "t1kboo", "stickied": false, "body": "Does anyone know why this started?", "is_submitter": false, "distinguished": null, "created_utc": 1645864550.0, "parent_id": "t1_hyhkxd9", "replies": [{"author": "hayseed_byte", "id": "hyhy2g2", "score": 24, "subreddit": "BuyItForLife", "author_flair": null, "submission": "t1kboo", "stickied": false, "body": "\"The Ukraine\" is what it was called when it was part of soviet Russia. Now that it's a sovereign nation its just called Ukraine.", "is_submitter": false, "distinguished": null, "created_utc": 1645868952.0, "parent_id": "t1_hyhsk93", "replies": []}]}]}, {"author": "Trixietime", "id": "hyj29ii", "score": 4, "subreddit": "BuyItForLife", "author_flair": null, "submission": "t1kboo", "stickied": false, "body": "Antonov cargo planes\u2026 if you\u2019re in the market.", "is_submitter": false, "distinguished": null, "created_utc": 1645892742.0, "parent_id": "t3_t1kboo", "replies": []}, {"author": "Majestic_Question_96", "id": "hyj3jdh", "score": 4, "subreddit": "BuyItForLife", "author_flair": null, "submission": "t1kboo", "stickied": false, "body": "Too bad they can\u2019t get a royalty check for every chicken Kiev we cook", "is_submitter": false, "distinguished": null, "created_utc": 1645893271.0, "parent_id": "t3_t1kboo", "replies": []}, {"author": "Aragarok", "id": "hyk1bco", "score": 5, "subreddit": "BuyItForLife", "author_flair": null, "submission": "t1kboo", "stickied": false, "body": "Lots of leather makers on Etsy from there. They make some fine looking wallets", "is_submitter": false, "distinguished": null, "created_utc": 1645907123.0, "parent_id": "t3_t1kboo", "replies": [{"author": "US2985063", "id": "hyk9f64", "score": 1, "subreddit": "BuyItForLife", "author_flair": null, "submission": "t1kboo", "stickied": false, "body": "Could you link some? Never used Etsy before", "is_submitter": false, "distinguished": null, "created_utc": 1645910540.0, "parent_id": "t1_hyk1bco", "replies": [{"author": "Aragarok", "id": "hykejvg", "score": 1, "subreddit": "BuyItForLife", "author_flair": null, "submission": "t1kboo", "stickied": false, "body": "search either \u201c cantoneri \u201c or \u201c balabanoff \u201c on there. They may have their own websites too. They make some very nice looking wallets!", "is_submitter": false, "distinguished": null, "created_utc": 1645912719.0, "parent_id": "t1_hyk9f64", "replies": []}]}]}, {"author": "maremae", "id": "hyi4pho", "score": 3, "subreddit": "BuyItForLife", "author_flair": null, "submission": "t1kboo", "stickied": false, "body": "If you could get your hands on any, I'd recommend [Maysternya](https://www.maysternya.net/index.php/en/shop.html) cast iron products. I would assume this stuff is  only available in parts of (Eastern) Europe, though.", "is_submitter": false, "distinguished": null, "created_utc": 1645874443.0, "parent_id": "t3_t1kboo", "replies": [{"author": "MO_k4009", "id": "hyi9dsk", "score": 1, "subreddit": "BuyItForLife", "author_flair": null, "submission": "t1kboo", "stickied": false, "body": "How the heck can I find pricing on this site? I\u2019d love a skillet!", "is_submitter": false, "distinguished": null, "created_utc": 1645878026.0, "parent_id": "t1_hyi4pho", "replies": [{"author": "maremae", "id": "hyidzgj", "score": 1, "subreddit": "BuyItForLife", "author_flair": null, "submission": "t1kboo", "stickied": false, "body": "The site seems to be only for bulk purchases. I bought mine from a brick and mortar some years ago.", "is_submitter": false, "distinguished": null, "created_utc": 1645881016.0, "parent_id": "t1_hyi9dsk", "replies": []}]}]}, {"author": "HelloSinclair", "id": "hykdc37", "score": 3, "subreddit": "BuyItForLife", "author_flair": null, "submission": "t1kboo", "stickied": false, "body": "I buy linen pants from a Ukrainian shop on Etsy. They are top notch, perfect for warmer weather or wearing around the house. Name is Opancha clothes. Check them out you won\u2019t be disappointed.", "is_submitter": false, "distinguished": null, "created_utc": 1645912197.0, "parent_id": "t3_t1kboo", "replies": []}, {"author": "neighbor_jim", "id": "hygom8m", "score": 16, "subreddit": "BuyItForLife", "author_flair": null, "submission": "t1kboo", "stickied": false, "body": "If you are in the market for dead Russians I think they can sort you out.  Don't think they are BIFL though.", "is_submitter": false, "distinguished": null, "created_utc": 1645841355.0, "parent_id": "t3_t1kboo", "replies": [{"author": "Ghostforce56", "id": "hygrws5", "score": 10, "subreddit": "BuyItForLife", "author_flair": null, "submission": "t1kboo", "stickied": false, "body": "Not sure about that, I've had one in my freezer for years and she's still good.", "is_submitter": false, "distinguished": null, "created_utc": 1645842916.0, "parent_id": "t1_hygom8m", "replies": [{"author": "gvpmahesh", "id": "hyi12lf", "score": 1, "subreddit": "BuyItForLife", "author_flair": null, "submission": "t1kboo", "stickied": false, "body": "Username checks out.", "is_submitter": false, "distinguished": null, "created_utc": 1645871413.0, "parent_id": "t1_hygrws5", "replies": []}]}]}, {"author": "Murky-Hovercraft", "id": "hyhcv11", "score": 2, "subreddit": "BuyItForLife", "author_flair": null, "submission": "t1kboo", "stickied": false, "body": "I recently got a BPS knives BS3FTS", "is_submitter": false, "distinguished": null, "created_utc": 1645853755.0, "parent_id": "t3_t1kboo", "replies": []}, {"author": "Nonothinghoss", "id": "hykna0n", "score": 2, "subreddit": "BuyItForLife", "author_flair": null, "submission": "t1kboo", "stickied": false, "body": "Ak-47", "is_submitter": false, "distinguished": null, "created_utc": 1645916448.0, "parent_id": "t3_t1kboo", "replies": []}, {"author": "piccolo3nj", "id": "hylyc3q", "score": 2, "subreddit": "BuyItForLife", "author_flair": null, "submission": "t1kboo", "stickied": false, "body": "The Bazaar video game is releasing later this year, design team is from Ukraine.", "is_submitter": false, "distinguished": null, "created_utc": 1645939141.0, "parent_id": "t3_t1kboo", "replies": []}, {"author": "Dustwitch93", "id": "hyx8qqq", "score": 2, "subreddit": "BuyItForLife", "author_flair": null, "submission": "t1kboo", "stickied": false, "body": "Ukrainian artisans on Etsy have been my go to for high quality goods at affordable prices across the board. I have leather backpacks, wooden goods, etc.", "is_submitter": false, "distinguished": null, "created_utc": 1646149592.0, "parent_id": "t3_t1kboo", "replies": []}, {"author": "DELETED", "id": "hygomzt", "score": -1, "subreddit": "BuyItForLife", "author_flair": null, "submission": "t1kboo", "stickied": false, "body": "[deleted]", "is_submitter": false, "distinguished": null, "created_utc": 1645841365.0, "parent_id": "t3_t1kboo", "replies": [{"author": "ArconC", "id": "hygv9tm", "score": 1, "subreddit": "BuyItForLife", "author_flair": null, "submission": "t1kboo", "stickied": false, "body": "Good call but I think lifetime supplies aren't technically BIFL", "is_submitter": true, "distinguished": null, "created_utc": 1645844534.0, "parent_id": "t1_hygomzt", "replies": []}]}, {"author": "AutoModerator", "id": "hygjo6k", "score": 1, "subreddit": "BuyItForLife", "author_flair": null, "submission": "t1kboo", "stickied": false, "body": "Hello /u/ArconC! Thank you for your submission! The AutoMod thought that your post might be a request type post and has changed the flair accordingly, but if this was wrong feel free to change it back!\n\n*I am a bot, and this action was performed automatically. Please [contact the moderators of this subreddit](/message/compose/?to=/r/BuyItForLife) if you have any questions or concerns.*", "is_submitter": false, "distinguished": "moderator", "created_utc": 1645839011.0, "parent_id": "t3_t1kboo", "replies": []}, {"author": "awskeetskeetmuhfugga", "id": "hyiq21a", "score": 1, "subreddit": "BuyItForLife", "author_flair": null, "submission": "t1kboo", "stickied": false, "body": "Love this question!", "is_submitter": false, "distinguished": null, "created_utc": 1645887412.0, "parent_id": "t3_t1kboo", "replies": []}, {"author": "NimrodVWorkman", "id": "hyizsrz", "score": 1, "subreddit": "BuyItForLife", "author_flair": null, "submission": "t1kboo", "stickied": false, "body": "Svetlana tubes are pretty good.  The one's with a C logo are made in Russia, but the ones with an S logo are made in Ukraine.  That's about it.  I've had some shirts made in Ukraine, which were junk.", "is_submitter": false, "distinguished": null, "created_utc": 1645891709.0, "parent_id": "t3_t1kboo", "replies": []}, {"author": "megaladongosaurus", "id": "i1dldpa", "score": 1, "subreddit": "BuyItForLife", "author_flair": null, "submission": "t1kboo", "stickied": false, "body": "Looks like they make some pretty good tractors", "is_submitter": false, "distinguished": null, "created_utc": 1647759339.0, "parent_id": "t3_t1kboo", "replies": []}, {"author": "impulsiveminimalist", "id": "hyh280w", "score": -10, "subreddit": "BuyItForLife", "author_flair": null, "submission": "t1kboo", "stickied": false, "body": "Sadly once things are more normal Ukraine will be a puppet state of Russia once again.", "is_submitter": false, "distinguished": null, "created_utc": 1645847966.0, "parent_id": "t3_t1kboo", "replies": []}, {"author": "jaisufellow", "id": "hyi35iq", "score": -4, "subreddit": "BuyItForLife", "author_flair": null, "submission": "t1kboo", "stickied": false, "body": "Fly over there and go shop, ask around a little. I\u2019m sure you\u2019d find something", "is_submitter": false, "distinguished": null, "created_utc": 1645873160.0, "parent_id": "t3_t1kboo", "replies": []}, {"author": "VernSivAtom", "id": "hz5569s", "score": -2, "subreddit": "BuyItForLife", "author_flair": null, "submission": "t1kboo", "stickied": false, "body": "Anyone have any russian BIFL suggestions?", "is_submitter": false, "distinguished": null, "created_utc": 1646281390.0, "parent_id": "t3_t1kboo", "replies": [{"author": "ArconC", "id": "hz7d1id", "score": 1, "subreddit": "BuyItForLife", "author_flair": null, "submission": "t1kboo", "stickied": false, "body": "they could use some help too after thing settle down since I imagine most of the little guys over there are going to recover too fast, if they can make peace with ukrain then ya I'm totally down with getting some quality good from russia", "is_submitter": true, "distinguished": null, "created_utc": 1646327212.0, "parent_id": "t1_hz5569s", "replies": []}]}]}