{"title": "When /r/madeinusa and /r/buyitforlife collide. Need more of this in my life.", "name": "t3_tkj24l", "url": "https://i.imgur.com/ReBt1Xu.jpg", "selftext": "", "score": 49, "upvote_ratio": 0.75, "permalink": "/r/BuyItForLife/comments/tkj24l/when_rmadeinusa_and_rbuyitforlife_collide_need/", "id": "tkj24l", "author": "arcticrobot", "link_flair_text": "Discussion", "num_comments": 34, "over_18": false, "spoiler": false, "pinned": false, "locked": false, "distinguished": null, "created_utc": 1648000179.0, "comments": [{"author": "Napyus", "id": "i1qr06i", "score": 109, "subreddit": "BuyItForLife", "author_flair": null, "submission": "tkj24l", "stickied": false, "body": "No to be a dick, but I would prefer it if you mentioned the products in your post.", "is_submitter": false, "distinguished": null, "created_utc": 1648000246.0, "parent_id": "t3_tkj24l", "replies": [{"author": "TheWoodsman42", "id": "i1qs7vi", "score": 48, "subreddit": "BuyItForLife", "author_flair": null, "submission": "tkj24l", "stickied": false, "body": "Goruck is the brand of the backpack. Pelican is he brand of the hard case. Both are solid companies.", "is_submitter": false, "distinguished": null, "created_utc": 1648000804.0, "parent_id": "t1_i1qr06i", "replies": [{"author": "Napyus", "id": "i1qsc43", "score": 8, "subreddit": "BuyItForLife", "author_flair": null, "submission": "tkj24l", "stickied": false, "body": "Thanks, I knew one of them but really appreciate it!", "is_submitter": false, "distinguished": null, "created_utc": 1648000857.0, "parent_id": "t1_i1qs7vi", "replies": []}, {"author": "Sweet_Guard3904", "id": "i1qxgkr", "score": 4, "subreddit": "BuyItForLife", "author_flair": null, "submission": "tkj24l", "stickied": false, "body": "How's the waterproofing on the Goruck?", "is_submitter": false, "distinguished": null, "created_utc": 1648003297.0, "parent_id": "t1_i1qs7vi", "replies": [{"author": "RoscosRocket", "id": "i1s03fz", "score": 5, "subreddit": "BuyItForLife", "author_flair": null, "submission": "tkj24l", "stickied": false, "body": "Not water \u201cproof\u201d, but very highly water resistant.  GORUCK, all caps", "is_submitter": false, "distinguished": null, "created_utc": 1648031027.0, "parent_id": "t1_i1qxgkr", "replies": []}]}]}, {"author": "veryheavybertation", "id": "i1r23hb", "score": 14, "subreddit": "BuyItForLife", "author_flair": null, "submission": "tkj24l", "stickied": false, "body": "Not at all being a dick.  I thought I just misread it?! What are these products?!!\nThanks.", "is_submitter": false, "distinguished": null, "created_utc": 1648005649.0, "parent_id": "t1_i1qr06i", "replies": [{"author": "arcticrobot", "id": "i1rb9xk", "score": 11, "subreddit": "BuyItForLife", "author_flair": null, "submission": "tkj24l", "stickied": false, "body": "Goruck and Pelican.", "is_submitter": true, "distinguished": null, "created_utc": 1648010930.0, "parent_id": "t1_i1r23hb", "replies": [{"author": "veryheavybertation", "id": "i1rbmsi", "score": 6, "subreddit": "BuyItForLife", "author_flair": null, "submission": "tkj24l", "stickied": false, "body": "Cool.  Very familiar with Pelican cases, not so familiar with Goruck.\n\nThanks so much!", "is_submitter": false, "distinguished": null, "created_utc": 1648011158.0, "parent_id": "t1_i1rb9xk", "replies": []}, {"author": "BrockSampsonite", "id": "i1rpwhp", "score": -14, "subreddit": "BuyItForLife", "author_flair": null, "submission": "tkj24l", "stickied": false, "body": "I found it pretty obvious \ud83e\udd37\u200d\u2642\ufe0f", "is_submitter": false, "distinguished": null, "created_utc": 1648022325.0, "parent_id": "t1_i1rb9xk", "replies": [{"author": "LiveShape1335", "id": "i1sa2uo", "score": 7, "subreddit": "BuyItForLife", "author_flair": null, "submission": "tkj24l", "stickied": false, "body": "We all bow to your superior knowledge\u2026..", "is_submitter": false, "distinguished": null, "created_utc": 1648037601.0, "parent_id": "t1_i1rpwhp", "replies": [{"author": "BrockSampsonite", "id": "i1t26zb", "score": -5, "subreddit": "BuyItForLife", "author_flair": null, "submission": "tkj24l", "stickied": false, "body": "Because I own a pelican case and I surf Bifl enough to have seen that backpack a few dozen times. I wasn\u2019t trying to be superior", "is_submitter": false, "distinguished": null, "created_utc": 1648049867.0, "parent_id": "t1_i1sa2uo", "replies": [{"author": "LiveShape1335", "id": "i1t33qj", "score": 6, "subreddit": "BuyItForLife", "author_flair": null, "submission": "tkj24l", "stickied": false, "body": "I found it pretty obvious that you\u2019re a douche. Judging by the downvotes others found it pretty obvious as well\ud83e\udd37\ud83c\udffb\u200d\u2642\ufe0f", "is_submitter": false, "distinguished": null, "created_utc": 1648050218.0, "parent_id": "t1_i1t26zb", "replies": [{"author": "BrockSampsonite", "id": "i1unsnd", "score": -3, "subreddit": "BuyItForLife", "author_flair": null, "submission": "tkj24l", "stickied": false, "body": "Well that seems pretty rude, I\u2019m sorry your feelings were so hurt.", "is_submitter": false, "distinguished": null, "created_utc": 1648071702.0, "parent_id": "t1_i1t33qj", "replies": []}]}]}]}]}]}]}, {"author": "arcticrobot", "id": "i1rb7fu", "score": 9, "subreddit": "BuyItForLife", "author_flair": null, "submission": "tkj24l", "stickied": false, "body": "Sorry. I thought they are iconic and recognizeable.  Goruck and Pelican, my bad.", "is_submitter": true, "distinguished": null, "created_utc": 1648010886.0, "parent_id": "t1_i1qr06i", "replies": [{"author": "Geistbar", "id": "i1rknab", "score": 23, "subreddit": "BuyItForLife", "author_flair": null, "submission": "tkj24l", "stickied": false, "body": "Not meaning to be hard on you here, but it's worth keeping in mind that what's iconic and recognizable is completely determined by the group of people in question.\n\nThe name Mithrandir is iconic and recognizable to major LOTR fans. But to most people it's just a fantasy-sounding name with no meaning. Likewise, a Goruck backpack or Pelican case might be instantly recognizable to a certain sub-community to people, but has no visual meaning to most people.\n\n[There's an xkcd comic on this concept, focusing a bit on pop culture but fully applicable here.](https://xkcd.com/1053/) If something is expected to be known to all adults, you could also calculate by his math that ~10k people are learning that fact every single day in just the US. How many people are learning to identify a Goruck bag every single day?\n\nAgain, not trying to be hard on you. Just giving you a perspective on why we should avoid making that kind of assumption in general.", "is_submitter": false, "distinguished": null, "created_utc": 1648017843.0, "parent_id": "t1_i1rb7fu", "replies": []}]}]}, {"author": "TheWoodsman42", "id": "i1qsxmh", "score": 15, "subreddit": "BuyItForLife", "author_flair": null, "submission": "tkj24l", "stickied": false, "body": "If you\u2019re in the mood for duffel bags, [BAD bags](https://badbags.com/) are a fantastic and damn near impervious duffel. I can attest to their durability, as battery acid leaked onto one of my bags, and it burned a few small holes in it, discolored the fabric a little bit, and that\u2019s it. Great bags all around, and well worth the price.", "is_submitter": false, "distinguished": null, "created_utc": 1648001140.0, "parent_id": "t3_tkj24l", "replies": [{"author": "mnmaste", "id": "i1tsi6d", "score": 5, "subreddit": "BuyItForLife", "author_flair": null, "submission": "tkj24l", "stickied": false, "body": "Hi, I am actually in the market for a duffel bag. Do you happen to know if the BAD duffels with the \u201cbackpack\u201d option have storable/removable straps? I love the option of being able to wear it on my back but I don\u2019t think I want extra straps all the time when I\u2019m just hauling stuff around", "is_submitter": false, "distinguished": null, "created_utc": 1648059684.0, "parent_id": "t1_i1qsxmh", "replies": [{"author": "TheWoodsman42", "id": "i1ttvzl", "score": 5, "subreddit": "BuyItForLife", "author_flair": null, "submission": "tkj24l", "stickied": false, "body": "I do believe they stow away into a panel found just under the straps on the back/bottom of the bag.", "is_submitter": false, "distinguished": null, "created_utc": 1648060204.0, "parent_id": "t1_i1tsi6d", "replies": [{"author": "mnmaste", "id": "i1tu2hd", "score": 2, "subreddit": "BuyItForLife", "author_flair": null, "submission": "tkj24l", "stickied": false, "body": "Thanks! Looking at the pictures I thought they might, but their description is pretty short. I\u2019ll call before I buy just to make sure :)", "is_submitter": false, "distinguished": null, "created_utc": 1648060272.0, "parent_id": "t1_i1ttvzl", "replies": []}]}]}]}, {"author": "LowGradePlayer", "id": "i1qr7gt", "score": 5, "subreddit": "BuyItForLife", "author_flair": null, "submission": "tkj24l", "stickied": false, "body": "GR3 is the pack.  It\u2019s the best on the planet", "is_submitter": false, "distinguished": null, "created_utc": 1648000338.0, "parent_id": "t3_tkj24l", "replies": [{"author": "LiveShape1335", "id": "i1sacxo", "score": 2, "subreddit": "BuyItForLife", "author_flair": null, "submission": "tkj24l", "stickied": false, "body": "I thought this bag looked really cool so I went to their website\u2026. What makes a back pack worth $400 plus? I\u2019m not saying they aren\u2019t worth the money, I\u2019m just genuinely curious if they\u2019re that much better than cheaper products.", "is_submitter": false, "distinguished": null, "created_utc": 1648037760.0, "parent_id": "t1_i1qr7gt", "replies": [{"author": "TheWoodsman42", "id": "i1sbswt", "score": 6, "subreddit": "BuyItForLife", "author_flair": null, "submission": "tkj24l", "stickied": false, "body": "Made in America is what drives most of the price up, to be honest. But, beyond that, they are incredibly durable bags that can withstand quite the punishment. Plus, if you ever get any holes worn in it or anything, they have a robust repair system that will repair almost anything for free, or low cost.\n\nTheir bags are a touch overbuilt for \u201ccivilian\u201d use, as they were originally built to withstand a war zone. But, they are a simple, effective bag that will likely outlive you and your kids (if you have any), and will look good doing so.", "is_submitter": false, "distinguished": null, "created_utc": 1648038546.0, "parent_id": "t1_i1sacxo", "replies": [{"author": "BougieGun", "id": "i1wizoc", "score": 2, "subreddit": "BuyItForLife", "author_flair": null, "submission": "tkj24l", "stickied": false, "body": "Co-Sign GORUCK. My GR1 has been to war zones, went to four years of college with me, and is my patrol bag every night at work. I\u2019ve shot off it, dropped it from a lot of super unfortunate places, left it out in the rain\u2026 it\u2019s been one of the best purchases I\u2019ve ever made.", "is_submitter": false, "distinguished": null, "created_utc": 1648106250.0, "parent_id": "t1_i1sbswt", "replies": []}, {"author": "LiveShape1335", "id": "i1sc277", "score": 1, "subreddit": "BuyItForLife", "author_flair": null, "submission": "tkj24l", "stickied": false, "body": "I appreciate the reply! I figured being made in America drives the price up. It seems like it would be well worth the money if someone needed a really good pack!", "is_submitter": false, "distinguished": null, "created_utc": 1648038686.0, "parent_id": "t1_i1sbswt", "replies": [{"author": "YossarianJr", "id": "i1veb9m", "score": 7, "subreddit": "BuyItForLife", "author_flair": null, "submission": "tkj24l", "stickied": false, "body": "Can someone explain how being made in America makes this much difference? \n\nLet's imagine $15 per hour labor in US for $400 bag and zero for slave labor in China for a $100 bag. Could there be 20 hours of labor in one bag???\n\nObviously, I'm oversimplifying, but I'm doing that because I don't know.", "is_submitter": false, "distinguished": null, "created_utc": 1648082930.0, "parent_id": "t1_i1sc277", "replies": []}, {"author": "LowGradePlayer", "id": "i1ssgrd", "score": 5, "subreddit": "BuyItForLife", "author_flair": null, "submission": "tkj24l", "stickied": false, "body": "That model, the GR3, is ideal for travel. \n\nIt is max carry-on volume, let\u2019s you have both hands free, and several molle attachable accessories.", "is_submitter": false, "distinguished": null, "created_utc": 1648046078.0, "parent_id": "t1_i1sc277", "replies": []}]}]}]}]}, {"author": "TypicalPlatypussy", "id": "i1tjrhs", "score": 2, "subreddit": "BuyItForLife", "author_flair": null, "submission": "tkj24l", "stickied": false, "body": "I bought a used \u201c3 day assault\u201d backpack used by Marines on eBay for $35. Big zippers, small drain hole in bottom in case gets wet, replaceable rigid plastic plate in back, hole in top for camel-bak type water pouch, etc. I throw it in the wash every other year to keep it clean.", "is_submitter": false, "distinguished": null, "created_utc": 1648056401.0, "parent_id": "t3_tkj24l", "replies": [{"author": "MidDayGamer", "id": "i1v8jde", "score": 1, "subreddit": "BuyItForLife", "author_flair": null, "submission": "tkj24l", "stickied": false, "body": "I did the same with my bag till it got swiped a few years back.", "is_submitter": false, "distinguished": null, "created_utc": 1648080368.0, "parent_id": "t1_i1tjrhs", "replies": []}]}, {"author": "_happyfarmer_", "id": "i1uouhn", "score": 1, "subreddit": "BuyItForLife", "author_flair": null, "submission": "tkj24l", "stickied": false, "body": "We have pelican cases at work.\nThey are OK but wheels will literally fall off if you merely suggest pulling the case for more than 5 minutes.", "is_submitter": false, "distinguished": null, "created_utc": 1648072116.0, "parent_id": "t3_tkj24l", "replies": [{"author": "arcticrobot", "id": "i1v9hek", "score": 1, "subreddit": "BuyItForLife", "author_flair": null, "submission": "tkj24l", "stickied": false, "body": "weird, been pulling this one many places for the total of hours on rough concrete surfaces of many US downtowns. No issues.", "is_submitter": true, "distinguished": null, "created_utc": 1648080790.0, "parent_id": "t1_i1uouhn", "replies": []}]}, {"author": "RoscosRocket", "id": "i1s0b0z", "score": 1, "subreddit": "BuyItForLife", "author_flair": null, "submission": "tkj24l", "stickied": false, "body": "Is that Pelican carry on size?   What model is it?", "is_submitter": false, "distinguished": null, "created_utc": 1648031190.0, "parent_id": "t3_tkj24l", "replies": [{"author": "arcticrobot", "id": "i1sql8z", "score": 3, "subreddit": "BuyItForLife", "author_flair": null, "submission": "tkj24l", "stickied": false, "body": "Nope, it is too large for carry on. It is 1560 model and measures 22x18x11", "is_submitter": true, "distinguished": null, "created_utc": 1648045327.0, "parent_id": "t1_i1s0b0z", "replies": []}, {"author": "TheWoodsman42", "id": "i1scdwy", "score": 2, "subreddit": "BuyItForLife", "author_flair": null, "submission": "tkj24l", "stickied": false, "body": "That\u2019s the 1560, the largest Pelican you can have that still qualifies for carryon.", "is_submitter": false, "distinguished": null, "created_utc": 1648038857.0, "parent_id": "t1_i1s0b0z", "replies": []}]}, {"author": "No_Hyena_8876", "id": "i1ykvo1", "score": 1, "subreddit": "BuyItForLife", "author_flair": null, "submission": "tkj24l", "stickied": false, "body": "Yes I have the GR1 and GR2 before they had a full fledge line and name!! :D  \n\n\nI also did their Tough events  before I ever bought their bags lol", "is_submitter": false, "distinguished": null, "created_utc": 1648145170.0, "parent_id": "t3_tkj24l", "replies": []}]}