{"title": "Looking for high quality furniture in San Francisco Bay area", "name": "t3_u9zmkj", "url": "https://www.reddit.com/r/BuyItForLife/comments/u9zmkj/looking_for_high_quality_furniture_in_san/", "selftext": "So I want to buy some higher quality pieces for my new home and am feeling overwhelmed at where to look. I often see pieces that are like 5k or more and it's unclear to me why. If I'm going to spend that kind of money on a single piece I at least want confidence it is well made. I've heard buying Amish is a good way to go. Where can I find this?\n\nPeople also recommend local sellers but there are so many I have no clue how I'd figure out if they're legit or not. Any suggestions?", "score": 4, "upvote_ratio": 0.7, "permalink": "/r/BuyItForLife/comments/u9zmkj/looking_for_high_quality_furniture_in_san/", "id": "u9zmkj", "author": "arian487", "link_flair_text": "[Request]", "num_comments": 10, "over_18": false, "spoiler": false, "pinned": false, "locked": false, "distinguished": null, "created_utc": 1650697403.0, "comments": [{"author": "teiloh", "id": "i5v6q8y", "score": 4, "subreddit": "BuyItForLife", "author_flair": null, "submission": "u9zmkj", "stickied": false, "body": "If you need to buy online look for solid wood options, anything upholstered should be at a minimum washable/stain resistant/pet friendly\n\nHonestly furniture is hella expensive, even with shopping only during sales we\u2019ve dropped thousands", "is_submitter": false, "distinguished": null, "created_utc": 1650713198.0, "parent_id": "t3_u9zmkj", "replies": [{"author": "teiloh", "id": "i5v8ljd", "score": 1, "subreddit": "BuyItForLife", "author_flair": null, "submission": "u9zmkj", "stickied": false, "body": "Also, thinking back on it, we bought a couple used things to hold us over while saving for bigger pieces or putting on at a time on a BNPL service\n\nWe got a Thuma bedframe, Burrow couch and nightstands, and plan on getting a couple more expensive ish pieces but just doing so slowly so we can have good quality stuff \n\nSometimes fb marketplace is good, we were able to get a solid wood dresser in good condition for $80, just need to sand and repaint or stain to match the rest of our stuff", "is_submitter": false, "distinguished": null, "created_utc": 1650714473.0, "parent_id": "t1_i5v6q8y", "replies": []}]}, {"author": "leggiera", "id": "i63g3pc", "score": 3, "subreddit": "BuyItForLife", "author_flair": null, "submission": "u9zmkj", "stickied": false, "body": "Take a look at Fenton MacLaren Home Furnishings in Berkeley. They specialize in Amish furnishings.", "is_submitter": false, "distinguished": null, "created_utc": 1650864133.0, "parent_id": "t3_u9zmkj", "replies": [{"author": "arian487", "id": "i63ovrv", "score": 1, "subreddit": "BuyItForLife", "author_flair": null, "submission": "u9zmkj", "stickied": false, "body": "This looks fabulous. Exactly what I was looking for. Thank you for the suggestion.", "is_submitter": true, "distinguished": null, "created_utc": 1650870511.0, "parent_id": "t1_i63g3pc", "replies": []}]}, {"author": "Muncie4", "id": "i5vp3vb", "score": 1, "subreddit": "BuyItForLife", "author_flair": null, "submission": "u9zmkj", "stickied": false, "body": "1. We don't know your budget.  $100,000 couches are thing.\n2. We don't know your sizing.  Couches to fit 80 people are a thing.\n3. We don't know your color/style.  Queen Anne couches, Clockwork Orange couches and purple velvet gothic couches are things.\n\nYou need to focus.  Furniture.  What is that?  Cost.  Sizing.  Aesthetic.  You need to be specific and not wishy washy.  Post pictures if you can't describe the color/style.", "is_submitter": false, "distinguished": null, "created_utc": 1650723478.0, "parent_id": "t3_u9zmkj", "replies": [{"author": "EatTheOld", "id": "i62wjbp", "score": 1, "subreddit": "BuyItForLife", "author_flair": null, "submission": "u9zmkj", "stickied": false, "body": "Not OP but in similar boat (sf Bay Area looking for high quality furniture) - looking for the following for a family of 5:\n\n- High quality modern farmhouse / mid century modern style furniture. New preferred, open to used: suggestions on brands I should set searches for on Craigslist etc.  would be helpful \n\n- 3-4 person couches and loveseats / sitting chairs for family and living rooms. \n\n- tables and chairs for a breakfast nook (can fit a 6 person table there) and dining room (8-10 person table) \n\n- bedroom furniture - bed frame, nightstands, & dressers\n\nBudget of up to $5k for exceptional pieces, less would be very welcome. Thx!", "is_submitter": false, "distinguished": null, "created_utc": 1650853404.0, "parent_id": "t1_i5vp3vb", "replies": []}]}, {"author": "Fliesineyez", "id": "i5vdpay", "score": 1, "subreddit": "BuyItForLife", "author_flair": null, "submission": "u9zmkj", "stickied": false, "body": "If you want furniture that is well designed and properly made out of solid wood, good luck finding anything cheaper. If you\u2019re interested in local sellers, just check out their portfolio.", "is_submitter": false, "distinguished": null, "created_utc": 1650717609.0, "parent_id": "t3_u9zmkj", "replies": [{"author": "arian487", "id": "i5vljbe", "score": 1, "subreddit": "BuyItForLife", "author_flair": null, "submission": "u9zmkj", "stickied": false, "body": "I'm not necessarily looking for cheaper. I'm ok spending that money but just having trouble feeling confident that I'm buying quality and not just the name brand.", "is_submitter": true, "distinguished": null, "created_utc": 1650721741.0, "parent_id": "t1_i5vdpay", "replies": []}]}, {"author": "Gap_Double", "id": "i5xqm84", "score": 1, "subreddit": "BuyItForLife", "author_flair": null, "submission": "u9zmkj", "stickied": false, "body": "Decide on the expensive designers you like then set up searches on Craigslist, Facebook marketplace, OfferUp. Especially in a city with a lot of wealthy people like SF you can get really nice things for much cheaper. This also goes for nice kitchenware.", "is_submitter": false, "distinguished": null, "created_utc": 1650756736.0, "parent_id": "t3_u9zmkj", "replies": []}, {"author": "redwood_rambler", "id": "i6rrqyg", "score": 1, "subreddit": "BuyItForLife", "author_flair": null, "submission": "u9zmkj", "stickied": false, "body": "Check out instagram for local builders, there\u2019s a lot of amazing craftsmen here. I build hardwood furniture and I can tell you most people a.) have no idea how expensive hardwood is, and b.) have no idea how insanely labor intensive handmade furniture is.", "is_submitter": false, "distinguished": null, "created_utc": 1651309411.0, "parent_id": "t3_u9zmkj", "replies": []}]}