{"title": "KitchenAid Stand Mixer question", "name": "t3_tcb7ko", "url": "https://www.reddit.com/r/BuyItForLife/comments/tcb7ko/kitchenaid_stand_mixer_question/", "selftext": "I refuse to buy a new one. $400, no thanks. But, is there a submodel I should look for or avoid? There's so many different lines. Artisan, Professional, etc. I could have bought a Sunbeam mixer but I've heard amazing things about the KitchenAid ones. Please share your knowledge with me!", "score": 11, "upvote_ratio": 0.87, "permalink": "/r/BuyItForLife/comments/tcb7ko/kitchenaid_stand_mixer_question/", "id": "tcb7ko", "author": "aros00", "link_flair_text": "Discussion", "num_comments": 40, "over_18": false, "spoiler": false, "pinned": false, "locked": false, "distinguished": null, "created_utc": 1647070456.0, "comments": [{"author": "AlgaeOk2923", "id": "i0ck8jb", "score": 27, "subreddit": "BuyItForLife", "author_flair": null, "submission": "tcb7ko", "stickied": false, "body": "If you are willing to wait, a model of KitchenAid mixer is always on sale for Black Friday and with coupons you can get a really good deal. I have a KitchenAid tilt head artisan which was on sale on Black Friday for $270 (If I had space and wanted the bigger professional bowl lift model, that was $199 on Black Friday\u2019s few years ago) I think it\u2019s worth it. You could get the classic plus model from KitchenAid which is cheapest and ATK Best Buy, but the bowl doesn\u2019t have a handle so it would be a pain to lock in place and take out. The bowl is also significantly smaller.", "is_submitter": false, "distinguished": null, "created_utc": 1647073803.0, "parent_id": "t3_tcb7ko", "replies": [{"author": "Cyberhwk", "id": "i0dn5fe", "score": 8, "subreddit": "BuyItForLife", "author_flair": null, "submission": "tcb7ko", "stickied": false, "body": "> (If I had space and wanted the bigger professional bowl lift model, that was $199 on Black Friday\u2019s few years ago)\n\nGot one.  Still blows my mind.", "is_submitter": false, "distinguished": null, "created_utc": 1647099813.0, "parent_id": "t1_i0ck8jb", "replies": [{"author": "Background_Tip_3260", "id": "i0h6p7c", "score": 1, "subreddit": "BuyItForLife", "author_flair": null, "submission": "tcb7ko", "stickied": false, "body": "I have the lift model that was my grandmother\u2019s. It has to be at least from the 70s. In my family this is always one of the wedding/shower gifts we get the next generation.", "is_submitter": false, "distinguished": null, "created_utc": 1647166178.0, "parent_id": "t1_i0dn5fe", "replies": []}]}, {"author": "aros00", "id": "i0gligc", "score": 1, "subreddit": "BuyItForLife", "author_flair": null, "submission": "tcb7ko", "stickied": false, "body": "I can definitely wait, thanks for the info. I'll have to come back to this before Black Friday. Where did you get it, out of curiosity?", "is_submitter": true, "distinguished": null, "created_utc": 1647149741.0, "parent_id": "t1_i0ck8jb", "replies": [{"author": "AlgaeOk2923", "id": "i0gn2wn", "score": 1, "subreddit": "BuyItForLife", "author_flair": null, "submission": "tcb7ko", "stickied": false, "body": "It\u2019s a long story but bed bath and beyond. Places like Best Buy also carry KitchenAid stand mixers. I would keep it an eye out during August for sale pricing.", "is_submitter": false, "distinguished": null, "created_utc": 1647150752.0, "parent_id": "t1_i0gligc", "replies": []}]}, {"author": "CanIHasCookie", "id": "i0pe1us", "score": 1, "subreddit": "BuyItForLife", "author_flair": null, "submission": "tcb7ko", "stickied": false, "body": "I've read that the bowl lift is preferred. Would you say there's a difference? Or maybe your own preference?", "is_submitter": false, "distinguished": null, "created_utc": 1647314162.0, "parent_id": "t1_i0ck8jb", "replies": [{"author": "AlgaeOk2923", "id": "i0sh1ap", "score": 2, "subreddit": "BuyItForLife", "author_flair": null, "submission": "tcb7ko", "stickied": false, "body": "Bowl lift is too tall to fit under cabinets and in most cabinets, which I think is obnoxious. Also, I\u2019m strictly gluten-free so the extra power I don\u2019t need as gluten free baking batters aren\u2019t as tough. Bowl lift is louder and more of a pain to add ingredients than a tilt head model. So that\u2019s why I went with an Artisan vs. bowl lift.", "is_submitter": false, "distinguished": null, "created_utc": 1647373677.0, "parent_id": "t1_i0pe1us", "replies": [{"author": "GiLuSoph", "id": "i34rzbo", "score": 1, "subreddit": "BuyItForLife", "author_flair": null, "submission": "tcb7ko", "stickied": false, "body": "I was leaning towards the commercial mixer since I have a large family of 7. But we are also gluten free. Would I be better off with a smaller one if GF aren't as tough, or would the commercial still work fine?", "is_submitter": false, "distinguished": null, "created_utc": 1648921928.0, "parent_id": "t1_i0sh1ap", "replies": [{"author": "AlgaeOk2923", "id": "i354vz7", "score": 2, "subreddit": "BuyItForLife", "author_flair": null, "submission": "tcb7ko", "stickied": false, "body": "Because of the number of people that you\u2019re baking for, I would go with the larger size even though power wise, you don\u2019t need the extra umph", "is_submitter": false, "distinguished": null, "created_utc": 1648928139.0, "parent_id": "t1_i34rzbo", "replies": [{"author": "GiLuSoph", "id": "i35a340", "score": 1, "subreddit": "BuyItForLife", "author_flair": null, "submission": "tcb7ko", "stickied": false, "body": "Thank you! Having a hard time forking out that much money but given the fact that we also plan on buying all the attachments, hopefully the extra power will come in handy for other stuff besides just mixing.", "is_submitter": false, "distinguished": null, "created_utc": 1648930618.0, "parent_id": "t1_i354vz7", "replies": []}]}]}]}]}]}, {"author": "Big-Contribution-676", "id": "i0cjyr8", "score": 10, "subreddit": "BuyItForLife", "author_flair": null, "submission": "tcb7ko", "stickied": false, "body": "They come down to $200'ish for a decent lift-bowl model if you keep your eye on them throughout the year, usually twice a year.  Often refurbished, off Kitchenaid's site, or even just new units from places like Target as well.  $250 is also a common price point at places like Costco and Sam's Club around the same times twice a year, but you can get one for $200 if you watch closely.  I paid $182 for a lift bowl 6 qt last year.  It was $200 plus 10% off, on Kitchenaid's site.", "is_submitter": false, "distinguished": null, "created_utc": 1647073575.0, "parent_id": "t3_tcb7ko", "replies": [{"author": "travelingslo", "id": "i0cksmb", "score": 3, "subreddit": "BuyItForLife", "author_flair": null, "submission": "tcb7ko", "stickied": false, "body": "I would vote for the 6 quart bowl lift model. I got mine refurbished and had to return it twice I think until I had one that actually worked and that was in 2003. Still going strong.", "is_submitter": false, "distinguished": null, "created_utc": 1647074267.0, "parent_id": "t1_i0cjyr8", "replies": [{"author": "Big-Contribution-676", "id": "i0fw3p3", "score": 3, "subreddit": "BuyItForLife", "author_flair": null, "submission": "tcb7ko", "stickied": false, "body": "Tilt-head mixers can't do much besides whip cream and beat eggs, pretty useless.  They'll struggle with bread dough and don't have enough grunt to properly run some of the attachments like the steel meat grinder.", "is_submitter": false, "distinguished": null, "created_utc": 1647135572.0, "parent_id": "t1_i0cksmb", "replies": []}]}]}, {"author": "reboog711", "id": "i0dk36h", "score": 4, "subreddit": "BuyItForLife", "author_flair": null, "submission": "tcb7ko", "stickied": false, "body": "If you're willing to repair; I'll sell ya my old one for cheaper. :ha, ha: \n\nBroke after 10 years or so.  I bought a new one from Kitchenaid (Since they told me it was not repairable) and it took me three replacements with Kitchenaid before I got a new mixer that worked, so let's assume they are no longer buy for life...", "is_submitter": false, "distinguished": null, "created_utc": 1647098409.0, "parent_id": "t3_tcb7ko", "replies": []}, {"author": "SweatyButterfly", "id": "i0e4dl5", "score": 3, "subreddit": "BuyItForLife", "author_flair": null, "submission": "tcb7ko", "stickied": false, "body": "KitchenAids are made to break nowadays. If you buy a newer model I\u2019d recommend checking out [Mr. Mixer](https://www.mrmixer.store), he manufactures parts that prolong the life of your machine. He has a lot of helpful videos on how to install them and why they help.", "is_submitter": false, "distinguished": null, "created_utc": 1647106717.0, "parent_id": "t3_tcb7ko", "replies": [{"author": "PedroDaGr8", "id": "i0xxe3v", "score": 1, "subreddit": "BuyItForLife", "author_flair": null, "submission": "tcb7ko", "stickied": false, "body": "No they aren't.", "is_submitter": false, "distinguished": null, "created_utc": 1647468696.0, "parent_id": "t1_i0e4dl5", "replies": []}]}, {"author": "I_Must_Be_Going", "id": "i0dhfxi", "score": 2, "subreddit": "BuyItForLife", "author_flair": null, "submission": "tcb7ko", "stickied": false, "body": "There are plenty of 5-qt brand-new units under $300 on eBay.\n\nI got mine years ago, never looked back.", "is_submitter": false, "distinguished": null, "created_utc": 1647097175.0, "parent_id": "t3_tcb7ko", "replies": []}, {"author": "nmeed7", "id": "i0dputs", "score": 2, "subreddit": "BuyItForLife", "author_flair": null, "submission": "tcb7ko", "stickied": false, "body": "I like the artisan better (I have artisan, mom has professional), mostly because it is annoying to add stuff to the bowl if you can\u2019t tilt the head away like on the professional. mine is a refurbished one and haven\u2019t had issues yet.  I don\u2019t think the classic is powerful enough to do some more heavy duty jobs though. wait to find the one you want on FB marketplace or at least on sale if you choose one in store", "is_submitter": false, "distinguished": null, "created_utc": 1647101001.0, "parent_id": "t3_tcb7ko", "replies": [{"author": "bad-monkey", "id": "i0eeexg", "score": 1, "subreddit": "BuyItForLife", "author_flair": null, "submission": "tcb7ko", "stickied": false, "body": "Ice cream making with the professional is frustrating.", "is_submitter": false, "distinguished": null, "created_utc": 1647110789.0, "parent_id": "t1_i0dputs", "replies": []}]}, {"author": "matthias7600", "id": "i0cz4o0", "score": 3, "subreddit": "BuyItForLife", "author_flair": null, "submission": "tcb7ko", "stickied": false, "body": "Not worth it, they\u2019re coasting on brand recognition now. They use plastic gears and break easily, particularly the attachment modules like the meat grinder.", "is_submitter": false, "distinguished": null, "created_utc": 1647086375.0, "parent_id": "t3_tcb7ko", "replies": [{"author": "grindermonk", "id": "i0dhxax", "score": 11, "subreddit": "BuyItForLife", "author_flair": null, "submission": "tcb7ko", "stickied": false, "body": "The plastic gears are intentional. They fail before you burn out the motor and are much cheaper to replace.", "is_submitter": false, "distinguished": null, "created_utc": 1647097402.0, "parent_id": "t1_i0cz4o0", "replies": [{"author": "matthias7600", "id": "i0dktph", "score": 3, "subreddit": "BuyItForLife", "author_flair": null, "submission": "tcb7ko", "stickied": false, "body": "Well, I\u2019ll admit I\u2019m inclined to believe you, grindermonk.", "is_submitter": false, "distinguished": null, "created_utc": 1647098753.0, "parent_id": "t1_i0dhxax", "replies": []}]}, {"author": "PedroDaGr8", "id": "i0xxm1e", "score": 1, "subreddit": "BuyItForLife", "author_flair": null, "submission": "tcb7ko", "stickied": false, "body": "They don't have plastic gears (plural), they have a SINGLE plastic sacrificial gear. As /u/grindermonk mentions, it is designed as a mechanical fuse/shock absorber to prevent damage to the motor. This isn't a recent invention either, this sacrificial plastic gear is seen in models all the way back to the 70s.", "is_submitter": false, "distinguished": null, "created_utc": 1647468782.0, "parent_id": "t1_i0cz4o0", "replies": []}]}, {"author": "the_simurgh", "id": "i0cmo90", "score": 2, "subreddit": "BuyItForLife", "author_flair": null, "submission": "tcb7ko", "stickied": false, "body": "you know that kenmore has one same quality but an enclosed bowl and a pour in lid? and you can find them for like under 300 bucks sometimes.", "is_submitter": false, "distinguished": null, "created_utc": 1647075849.0, "parent_id": "t3_tcb7ko", "replies": [{"author": "aros00", "id": "i0glp5w", "score": 1, "subreddit": "BuyItForLife", "author_flair": null, "submission": "tcb7ko", "stickied": false, "body": "Interesting! I've only heard KitchenAid and Sunbeam (the old ones anyway) when it comes to stand mixers. Will do some research, thanks!", "is_submitter": true, "distinguished": null, "created_utc": 1647149862.0, "parent_id": "t1_i0cmo90", "replies": [{"author": "the_simurgh", "id": "i0gzwmv", "score": 1, "subreddit": "BuyItForLife", "author_flair": null, "submission": "tcb7ko", "stickied": false, "body": "[kenmore elite ovation](https://www.kenmore.com/products/kenmore-elite-417602-ovation-burgundy-stand-mixer/)\n\n[kenmore elite stand mixer](https://www.kenmore.com/products/kenmore-elite-5-qt-400-watt-black-stand-mixer-with-extra-3-qt-bowl/)", "is_submitter": false, "distinguished": null, "created_utc": 1647160521.0, "parent_id": "t1_i0glp5w", "replies": []}]}]}, {"author": "Muncie4", "id": "i0dry57", "score": 1, "subreddit": "BuyItForLife", "author_flair": null, "submission": "tcb7ko", "stickied": false, "body": "We have no knowledge to share as the line you pick is a YOU question.  Their lines are based on features and sizing and we have no idea how you will use it.  Maybe you bake monster and need the largest bowl.  Maybe the bowl lift is appealing to you.  Maybe you want red to match your kitchen theme.  You need to go to their website and review the features and pick what you want, then go to the used market and find one that matches those features even if the older one isn't in a \"line\".  There is no avoid KitchenAid mixer unless you are using it commercially.", "is_submitter": false, "distinguished": null, "created_utc": 1647101908.0, "parent_id": "t3_tcb7ko", "replies": [{"author": "air-fried-fries", "id": "i0dyq2l", "score": 4, "subreddit": "BuyItForLife", "author_flair": null, "submission": "tcb7ko", "stickied": false, "body": "\u201cWe have no knowledge to share\u201d\n\nDid you\u2026designate yourself the sub\u2019s spokesperson? Or is that the royal we?", "is_submitter": false, "distinguished": null, "created_utc": 1647104758.0, "parent_id": "t1_i0dry57", "replies": [{"author": "Funkasaurousrex", "id": "i0e2yyx", "score": 1, "subreddit": "BuyItForLife", "author_flair": null, "submission": "tcb7ko", "stickied": false, "body": "I voted for the other guy.  I think the voting was rigged anyway.\n\nWhenever my kitchen aid gives me the slightest inconvienience, I call out in a whiny way \u201cTHANKS MUNCIE4!\u201d", "is_submitter": false, "distinguished": null, "created_utc": 1647106238.0, "parent_id": "t1_i0dyq2l", "replies": []}, {"author": "Muncie4", "id": "i0e3qyj", "score": 1, "subreddit": "BuyItForLife", "author_flair": null, "submission": "tcb7ko", "stickied": false, "body": "OP asked for advice, I did not ask for yours.  Do you have advice for OP or are you trying to be the sub's police?  I own what OP wants to own and still cannot give OP advice and am saying as much.  What is your advice to OP?", "is_submitter": false, "distinguished": null, "created_utc": 1647106502.0, "parent_id": "t1_i0dyq2l", "replies": []}]}, {"author": "aros00", "id": "i0glxdb", "score": 1, "subreddit": "BuyItForLife", "author_flair": null, "submission": "tcb7ko", "stickied": false, "body": "Fair enough, point taken. No color coordination needed, to start. The bowl lift is indeed appealing,  it seems like a nice thing to have. I'll have to do some more research. Thanks", "is_submitter": true, "distinguished": null, "created_utc": 1647150008.0, "parent_id": "t1_i0dry57", "replies": []}]}, {"author": "DELETED", "id": "i0ch8t3", "score": 1, "subreddit": "BuyItForLife", "author_flair": null, "submission": "tcb7ko", "stickied": false, "body": "I bought one new, just the classic which is the cheapest. It\u2019s great, but I wish I\u2019d gotten an upgraded model.", "is_submitter": false, "distinguished": null, "created_utc": 1647071377.0, "parent_id": "t3_tcb7ko", "replies": [{"author": "aros00", "id": "i0glyuk", "score": 1, "subreddit": "BuyItForLife", "author_flair": null, "submission": "tcb7ko", "stickied": false, "body": "Why specifically do you wish you'd gotten a better one?", "is_submitter": true, "distinguished": null, "created_utc": 1647150034.0, "parent_id": "t1_i0ch8t3", "replies": [{"author": "DELETED", "id": "i0gnywp", "score": 1, "subreddit": "BuyItForLife", "author_flair": null, "submission": "tcb7ko", "stickied": false, "body": "I made something with a heavier dough and it struggled a little. Not bad, but I thought at the time maybe I should have gotten an upgraded one. But like today I made batches of pizza dough and waiting for my baguettes to do their final rise. Worked like a champ.", "is_submitter": false, "distinguished": null, "created_utc": 1647151348.0, "parent_id": "t1_i0glyuk", "replies": []}]}]}, {"author": "weedhuffer", "id": "i0dsith", "score": 1, "subreddit": "BuyItForLife", "author_flair": null, "submission": "tcb7ko", "stickied": false, "body": "Look for a used Hobart one if you can find it. Flea markets are the best place to find them for cheap imo. Pretty common for around $50.", "is_submitter": false, "distinguished": null, "created_utc": 1647102151.0, "parent_id": "t3_tcb7ko", "replies": []}, {"author": "paulrob", "id": "i0f398z", "score": 1, "subreddit": "BuyItForLife", "author_flair": null, "submission": "tcb7ko", "stickied": false, "body": "Thousands of words have been written on this subject in this sub alone. Also, you are only looking for a used one? Sounds like you don't want to buy one.", "is_submitter": false, "distinguished": null, "created_utc": 1647121667.0, "parent_id": "t3_tcb7ko", "replies": [{"author": "aros00", "id": "i0gm2cg", "score": 1, "subreddit": "BuyItForLife", "author_flair": null, "submission": "tcb7ko", "stickied": false, "body": "I don't want to spend like $400 on one, is all. I've been thrifting for a while and I actually haven't seen one (yet) but I want to know what to look for if I do see one.", "is_submitter": true, "distinguished": null, "created_utc": 1647150096.0, "parent_id": "t1_i0f398z", "replies": []}]}, {"author": "TrainToWilloughby", "id": "i0fxr0w", "score": 1, "subreddit": "BuyItForLife", "author_flair": null, "submission": "tcb7ko", "stickied": false, "body": "Kitchenaid has good deals on refurbished models every now and then, you can sometimes get the 6qt model for under $200.", "is_submitter": false, "distinguished": null, "created_utc": 1647136436.0, "parent_id": "t3_tcb7ko", "replies": [{"author": "aros00", "id": "i0gm393", "score": 1, "subreddit": "BuyItForLife", "author_flair": null, "submission": "tcb7ko", "stickied": false, "body": "Interesting! I'll have to keep an eye out.", "is_submitter": true, "distinguished": null, "created_utc": 1647150112.0, "parent_id": "t1_i0fxr0w", "replies": []}]}, {"author": "jmp242", "id": "i0k28rw", "score": 1, "subreddit": "BuyItForLife", "author_flair": null, "submission": "tcb7ko", "stickied": false, "body": "KitchenAid is pretty hit and miss with BIFL. Pre 1984 and whirlpool acquisition is good. Post 2016 or so pro models are OK. Others are designed to break easily and kitchen aid does not fix them.", "is_submitter": false, "distinguished": null, "created_utc": 1647216826.0, "parent_id": "t3_tcb7ko", "replies": []}]}