{"title": "Advice on the most affordable BIFL office chair type?", "name": "t3_u0watu", "url": "https://www.reddit.com/r/BuyItForLife/comments/u0watu/advice_on_the_most_affordable_bifl_office_chair/", "selftext": "I ask by type because some name brands are only available in US markets\n\nThank you", "score": 2, "upvote_ratio": 0.63, "permalink": "/r/BuyItForLife/comments/u0watu/advice_on_the_most_affordable_bifl_office_chair/", "id": "u0watu", "author": "AsianMustache", "link_flair_text": "[Request]", "num_comments": 8, "over_18": false, "spoiler": false, "pinned": false, "locked": false, "distinguished": null, "created_utc": 1649640932.0, "comments": [{"author": "Thinlizzy00", "id": "i4a7q3o", "score": 3, "subreddit": "BuyItForLife", "author_flair": null, "submission": "u0watu", "stickied": false, "body": "This question has been asked before and there\u2019s really only 2 answers to this question, Herman Miller or SteelCase, the HM Aeron or Steelcase Leap are 2 very popular chairs, there expensive, both are around $1200-1400 brand new, both have 12 year warranty and I think both brands are considered excellent brands that will last many years.", "is_submitter": false, "distinguished": null, "created_utc": 1649678480.0, "parent_id": "t3_u0watu", "replies": [{"author": "Falconeer", "id": "i4bp18z", "score": 2, "subreddit": "BuyItForLife", "author_flair": null, "submission": "u0watu", "stickied": false, "body": "+1 for the HM Aeron.  Veteran software developer (20+ years exp), have spent a LOT of time in office chairs. \ud83e\udd23", "is_submitter": false, "distinguished": null, "created_utc": 1649700795.0, "parent_id": "t1_i4a7q3o", "replies": [{"author": "DeusEntitatem", "id": "i4tdapr", "score": 1, "subreddit": "BuyItForLife", "author_flair": null, "submission": "u0watu", "stickied": false, "body": "I 2nd the Herman Miller Aeron. Mine has seen 8 hours of sitting a day, 5 days a week, for 19ish years and is still in great shape.", "is_submitter": false, "distinguished": null, "created_utc": 1650018235.0, "parent_id": "t1_i4bp18z", "replies": []}]}, {"author": "wolframfeder", "id": "i4jqp19", "score": 2, "subreddit": "BuyItForLife", "author_flair": null, "submission": "u0watu", "stickied": false, "body": "Add Kinnarps to the list if people live outside of the US, they are fairly common in a lot of EU offices (there might be US dealers)\nTheir 6000 series are solid, highly adjustable (seriouslt seat DEPTH is a highly underrated feature, but one of the most important, especially if you're small) and lasts basically forever.\nmy moms kinnarps at the office is 20-ish years old and just had the upholstery/outer fabric changed, and its as good as new.\n\nThe catch is that kinnarps doesn't look as \"sexy\" as the millers and steelcases.", "is_submitter": false, "distinguished": null, "created_utc": 1649845767.0, "parent_id": "t1_i4a7q3o", "replies": []}, {"author": "WWWiesel", "id": "i4bsn5q", "score": 1, "subreddit": "BuyItForLife", "author_flair": null, "submission": "u0watu", "stickied": false, "body": "I want to point out that Steelcase reduced their warranty to 5 years in Europe and some other continents. You should definitely check that before ordering! It\u2018s still 12 years in the US tho.", "is_submitter": false, "distinguished": null, "created_utc": 1649702779.0, "parent_id": "t1_i4a7q3o", "replies": []}]}, {"author": "beckycumming", "id": "i48nffu", "score": 2, "subreddit": "BuyItForLife", "author_flair": null, "submission": "u0watu", "stickied": false, "body": "SecretLab chairs are expensive but incredibly solid and high quality. They are technically gaming chairs but they are designs and materials that are more officey.", "is_submitter": false, "distinguished": null, "created_utc": 1649641370.0, "parent_id": "t3_u0watu", "replies": [{"author": "silvyrphoenix", "id": "i4c4xyx", "score": 2, "subreddit": "BuyItForLife", "author_flair": null, "submission": "u0watu", "stickied": false, "body": "I got one two years ago and have never looked back.", "is_submitter": false, "distinguished": null, "created_utc": 1649708390.0, "parent_id": "t1_i48nffu", "replies": []}]}]}