{"title": "Your most unexpected BuyItForLife item", "name": "t3_tnoqa5", "url": "https://www.reddit.com/r/BuyItForLife/comments/tnoqa5/your_most_unexpected_buyitforlife_item/", "selftext": "What's something you bought, thinking that it would die on you quickly but is still going strong?", "score": 55, "upvote_ratio": 0.94, "permalink": "/r/BuyItForLife/comments/tnoqa5/your_most_unexpected_buyitforlife_item/", "id": "tnoqa5", "author": "asqmi", "link_flair_text": "Discussion", "num_comments": 125, "over_18": false, "spoiler": false, "pinned": false, "locked": false, "distinguished": null, "created_utc": 1648223020.0, "comments": [{"author": "faith5", "id": "i22zx43", "score": 53, "subreddit": "BuyItForLife", "author_flair": null, "submission": "tnoqa5", "stickied": false, "body": "Ha.  Just posted my unexpected BIFL before I saw this post!\n\nMy Rotring Tikky mechanical pencil, bought 22 years ago at a university bookstore because I was desperate for a plain, simple pencil I could use daily.  I was annoyed at the price (about $10) but promised myself I wouldn't lose it or buy another until it broke.  I've used it continually ever since.", "is_submitter": false, "distinguished": null, "created_utc": 1648225726.0, "parent_id": "t3_tnoqa5", "replies": [{"author": "Wishdog2049", "id": "i232892", "score": 13, "subreddit": "BuyItForLife", "author_flair": null, "submission": "tnoqa5", "stickied": false, "body": "I don't think about it but my daily desk pen is a Rotring Core Lysium ball point. Weird enough no one would ask to borrow it. Uses standard refills.\n\nI also have the Core Lysium fountain pen but I'm just not fountain penning anymore.\n\n*edited because I realized we both started with \"Ha\"*", "is_submitter": false, "distinguished": null, "created_utc": 1648226610.0, "parent_id": "t1_i22zx43", "replies": []}, {"author": "CCWThrowaway360", "id": "i237yrc", "score": 5, "subreddit": "BuyItForLife", "author_flair": null, "submission": "tnoqa5", "stickied": false, "body": "I still have a mechanical pencil with the same pencil lead I found was I was 6 years old.  I didn\u2019t even see another mechanical pencil for 2 or 3 years after I found that one because nobody had them.\n\nEvery now and again I\u2019ll use it for something and feel nostalgic.  I can\u2019t believe I\u2019ve held onto that thing for over 30 years and haven\u2019t needed to change the eraser or add lead to it.", "is_submitter": false, "distinguished": null, "created_utc": 1648228823.0, "parent_id": "t1_i22zx43", "replies": []}, {"author": "chrstphrbmlr", "id": "i24cqs3", "score": 2, "subreddit": "BuyItForLife", "author_flair": null, "submission": "tnoqa5", "stickied": false, "body": "The Rotring 800 has been a fantastic investment. Expensive, but the lead retracts.", "is_submitter": false, "distinguished": null, "created_utc": 1648245432.0, "parent_id": "t1_i22zx43", "replies": []}]}, {"author": "L372", "id": "i230knn", "score": 44, "subreddit": "BuyItForLife", "author_flair": null, "submission": "tnoqa5", "stickied": false, "body": "My Singer sewing machine, made in 1913.  I bought it thinking that once I was done upholstering my MIL's living room, the thing would be quietly retired because I couldn't get parts for it. \n\nI was wrong.  Parts are still made. I just have to walk into a specialty repair shop or special order the parts. They're not expensive. \n\nWhen the external machine motor had an issue, I initially thought it was done.  Again, I was wrong. Modern (and much better!) motors are made for these, too. \n\nIf you need a sewing machine and have the space..get a commonly produced old industrial model and slap a modern motor on it.", "is_submitter": false, "distinguished": null, "created_utc": 1648225973.0, "parent_id": "t3_tnoqa5", "replies": [{"author": "demonmariner", "id": "i238k32", "score": 18, "subreddit": "BuyItForLife", "author_flair": null, "submission": "tnoqa5", "stickied": false, "body": "Considering their complexity, quality sewing machines are surprisingly BIFL.\n\nIt's all fine to talk about cast iron pans, but how many things have as many parts as a sewing machine and can still last for generations?", "is_submitter": false, "distinguished": null, "created_utc": 1648229054.0, "parent_id": "t1_i230knn", "replies": [{"author": "F-21", "id": "i2c756c", "score": 4, "subreddit": "BuyItForLife", "author_flair": null, "submission": "tnoqa5", "stickied": false, "body": "A lot of parts, but it's all very \"reliable\" mechanical engineering. In all fairness, as complex as a sewing machine seems, a straight stitch only machine does not need to move that many things mechanically (needle, bobbin and fabric feed...). \n\nThe more complex industrial ones are more fascinating - they add needle feed, walking feet for leather, rotary bobbins... Had a Juki industrial sewing machine once, it had an oil pump and an oil sump and was capable of ~5000 stitches per minute, which is over 80 stitches per second. It's just mindbogglingly fast...", "is_submitter": false, "distinguished": null, "created_utc": 1648403462.0, "parent_id": "t1_i238k32", "replies": []}, {"author": "L372", "id": "i23fohf", "score": 5, "subreddit": "BuyItForLife", "author_flair": null, "submission": "tnoqa5", "stickied": false, "body": "Well, the old ones can.  The newer ones with plastic parts or that involve computer software, not so much. \n\nThe plastic parts tend to degrade if exposed to sewing machine oil, or, break if exposed to stressors. \n\nThe computerized ones may have software that's only supported for 5-10 years.  After that, if you develop a software glitch, you're buying a new sewing machine. \n\nIf you want to BIFL, your best bet is probably either Sailrite, or vintage all metal mechanical with an external motor.", "is_submitter": false, "distinguished": null, "created_utc": 1648231847.0, "parent_id": "t1_i238k32", "replies": [{"author": "demonmariner", "id": "i23g0lh", "score": 2, "subreddit": "BuyItForLife", "author_flair": null, "submission": "tnoqa5", "stickied": false, "body": "Ya, that's all true. I wasn't considering the presence of an onboard computer. Tbh the only sewing machine I ever bought is a Singer I got new about 40 years ago.", "is_submitter": false, "distinguished": null, "created_utc": 1648231982.0, "parent_id": "t1_i23fohf", "replies": []}]}]}, {"author": "aros00", "id": "i23jxfn", "score": 3, "subreddit": "BuyItForLife", "author_flair": null, "submission": "tnoqa5", "stickied": false, "body": "I just bought one at Goodwill for $6. Made in 1970. Oiled it up and it works phenomenally. Bobbin even winds itself inside the bobbin case.", "is_submitter": false, "distinguished": null, "created_utc": 1648233538.0, "parent_id": "t1_i230knn", "replies": []}, {"author": "lapislazuly", "id": "i2delqn", "score": 2, "subreddit": "BuyItForLife", "author_flair": null, "submission": "tnoqa5", "stickied": false, "body": "Same with my 1899 singer treadle.", "is_submitter": false, "distinguished": null, "created_utc": 1648423140.0, "parent_id": "t1_i230knn", "replies": [{"author": "L372", "id": "i2desen", "score": 1, "subreddit": "BuyItForLife", "author_flair": null, "submission": "tnoqa5", "stickied": false, "body": "I'm actually looking for a treadle base for a different machine, that way I can sew when the power goes out.", "is_submitter": false, "distinguished": null, "created_utc": 1648423226.0, "parent_id": "t1_i2delqn", "replies": []}]}]}, {"author": "TheWyldTyger", "id": "i233pdb", "score": 43, "subreddit": "BuyItForLife", "author_flair": null, "submission": "tnoqa5", "stickied": false, "body": "My Nintendo Entertainment System. Since electronics aren\u2019t, generally, bifl, I\u2019m still in shock every time I start up a video game system purchased almost 40 years ago and it works perfectly", "is_submitter": false, "distinguished": null, "created_utc": 1648227178.0, "parent_id": "t3_tnoqa5", "replies": [{"author": "HairyPotatoKat", "id": "i23qdl5", "score": 14, "subreddit": "BuyItForLife", "author_flair": null, "submission": "tnoqa5", "stickied": false, "body": "Auggghhhh \n\nMy mom gave my original NES away without asking me, b/c she thought I'd outgrown it in high school (early 2000s). A couple of games would freeze up sometimes, but otherwise it was totally fine.\n\nAt least some games can be played on emulators, and switch now. But it's still not the same. And, no mom, I'll never outgrow NES \ud83d\ude1d\n\nI'm happy for the kid she gave it to though... I really am. She gave it to a student of hers who had jack shit except the bad deck of cards life gave him. That NES meant more to him than it ever could have to me. I hope it's still working for him! He's smart enough, he could probably fix any possible problem with it.", "is_submitter": false, "distinguished": null, "created_utc": 1648236147.0, "parent_id": "t1_i233pdb", "replies": []}, {"author": "marcusjohnston", "id": "i23o6uz", "score": 3, "subreddit": "BuyItForLife", "author_flair": null, "submission": "tnoqa5", "stickied": false, "body": "I had to replace the pin connector in mine, which isn't particularly difficult. It's pretty much the prime example of a buy it for life electronic.", "is_submitter": false, "distinguished": null, "created_utc": 1648235243.0, "parent_id": "t1_i233pdb", "replies": []}, {"author": "xenapan", "id": "i24kdp2", "score": 2, "subreddit": "BuyItForLife", "author_flair": null, "submission": "tnoqa5", "stickied": false, "body": "What do you plug it into? Don't most tv's have different adapters now?", "is_submitter": false, "distinguished": null, "created_utc": 1648248812.0, "parent_id": "t1_i233pdb", "replies": [{"author": "Makegooduseof", "id": "i28jn45", "score": 2, "subreddit": "BuyItForLife", "author_flair": null, "submission": "tnoqa5", "stickied": false, "body": "The quick and dirty way with most older consoles is to use the RF jack. And as far as I know, even TVs manufactured yesterday have an RF jack for connecting to cable boxes. \n\nThis is \u201cquick and dirty\u201d in the figurative and literal sense. It\u2019s only one cable, or if it\u2019s a PS1 and newer, you may need to buy it separately because RCA plugs became commonplace by then, and some modern TVs skip RCA. So that\u2019s the quick part. \n\nThe dirty comes in because modern TVs are so great at showing details. Some old games can be quite a visual mess when played on a modern LCD because games at that time were made with CRTs in mind and not LCDs, so developers and artists would draw things incorporating the distortions a CRT makes. After all, they were probably using CRTs as well.\n\nThat\u2019s why a bunch of retro collections recently released have display filter options. You can fiddle with them to get something resembling gaming of that era, or you can ignore them outright.", "is_submitter": false, "distinguished": null, "created_utc": 1648328587.0, "parent_id": "t1_i24kdp2", "replies": [{"author": "xenapan", "id": "i28xy24", "score": 1, "subreddit": "BuyItForLife", "author_flair": null, "submission": "tnoqa5", "stickied": false, "body": "Very cool! my family could never afford a NES back when I was growing up so my first console was the ps1. It's amazing that RF has lasted this long when TVs have been changing so much.", "is_submitter": false, "distinguished": null, "created_utc": 1648335205.0, "parent_id": "t1_i28jn45", "replies": [{"author": "myotatuuli", "id": "i3jfiri", "score": 1, "subreddit": "BuyItForLife", "author_flair": null, "submission": "tnoqa5", "stickied": false, "body": "My 5 years old son is playing my old PS1 every day. The thing is 27 years old, memory card and the games are original too and still working perfectly. I wouldn't have guessed.", "is_submitter": false, "distinguished": null, "created_utc": 1649191806.0, "parent_id": "t1_i28xy24", "replies": []}]}]}]}]}, {"author": "AdditionalAttorney", "id": "i22t2k4", "score": 85, "subreddit": "BuyItForLife", "author_flair": null, "submission": "tnoqa5", "stickied": false, "body": "Not quite a material item... but laser hair removal... it\u2019s been almost 20 years and I am still giddy at the results", "is_submitter": false, "distinguished": null, "created_utc": 1648223086.0, "parent_id": "t3_tnoqa5", "replies": [{"author": "pglggrg", "id": "i22wb1v", "score": 38, "subreddit": "BuyItForLife", "author_flair": null, "submission": "tnoqa5", "stickied": false, "body": "Hmm actually that good, huh? Pretty cool.\n\nTo add, my GF had laser eye surgery. Her eyesight wasn\u2019t too bad (about -2ish) and it\u2019s a constant improvement in her life. No more spending on lenses, checkups, etc", "is_submitter": false, "distinguished": null, "created_utc": 1648224334.0, "parent_id": "t1_i22t2k4", "replies": [{"author": "CreditVarious", "id": "i22xkxw", "score": 15, "subreddit": "BuyItForLife", "author_flair": null, "submission": "tnoqa5", "stickied": false, "body": "Mine lasted for 10 years. I have glasses again now. Pretty bummed about it.", "is_submitter": false, "distinguished": null, "created_utc": 1648224829.0, "parent_id": "t1_i22wb1v", "replies": [{"author": "Kramersgirl", "id": "i231ffj", "score": 5, "subreddit": "BuyItForLife", "author_flair": null, "submission": "tnoqa5", "stickied": false, "body": "Have you thought about PRK?  I know the military prefers PRK or LASEK to LASIK.", "is_submitter": false, "distinguished": null, "created_utc": 1648226304.0, "parent_id": "t1_i22xkxw", "replies": [{"author": "SecretProbation", "id": "i2ce8pk", "score": 3, "subreddit": "BuyItForLife", "author_flair": null, "submission": "tnoqa5", "stickied": false, "body": "Used to be true, and technically it depends on your situation but the tech has gotten so good and the recover times for LASIK are so much shorter than PRK that the military prefers it. Source: active duty LASIK and in aviation.", "is_submitter": false, "distinguished": null, "created_utc": 1648406373.0, "parent_id": "t1_i231ffj", "replies": [{"author": "earthquake2k12", "id": "i2cgc09", "score": 2, "subreddit": "BuyItForLife", "author_flair": null, "submission": "tnoqa5", "stickied": false, "body": "Active duty Army piolt. Army still prefers PRK. My vision was like 20/120 and they told me they cut so little that I could do PRK 2 or 3 more times with current technology should my vision degrade over the years. Recovery was like a week but vision didn't improve fully for about a month. Easily the best perk of the military for me so far. Highly recommend.", "is_submitter": false, "distinguished": null, "created_utc": 1648407242.0, "parent_id": "t1_i2ce8pk", "replies": []}]}]}, {"author": "Icarian_Wings", "id": "i238lwb", "score": 1, "subreddit": "BuyItForLife", "author_flair": null, "submission": "tnoqa5", "stickied": false, "body": "Same, except mine only lasted 8 years.", "is_submitter": false, "distinguished": null, "created_utc": 1648229073.0, "parent_id": "t1_i22xkxw", "replies": []}]}, {"author": "asqmi", "id": "i22y9ky", "score": 5, "subreddit": "BuyItForLife", "author_flair": null, "submission": "tnoqa5", "stickied": false, "body": "Been on the fence about this for ages. What was her experience like?", "is_submitter": true, "distinguished": null, "created_utc": 1648225091.0, "parent_id": "t1_i22wb1v", "replies": [{"author": "Vhink88", "id": "i2301yz", "score": 12, "subreddit": "BuyItForLife", "author_flair": null, "submission": "tnoqa5", "stickied": false, "body": "I got it two years ago. It\u2019s amazing to wake up without having to put on glasses. It seriously is the quickest $4kish you will ever spent. They set you in a seat on your back, have things around your eyes to force it open, zap zap and you can see a bit after. Take a nap for 6hrs and it is somewhat visible, next day, clear vision. Dry eyes is probably the side effects. However, YMMV on when you will need glasses again due to age.", "is_submitter": false, "distinguished": null, "created_utc": 1648225776.0, "parent_id": "t1_i22y9ky", "replies": []}, {"author": "Hessarian99", "id": "i25bvjq", "score": 6, "subreddit": "BuyItForLife", "author_flair": null, "submission": "tnoqa5", "stickied": false, "body": "Please go to a reputable surgeon.\n\nSome people (,me) are not eligible for LASIK and can only get PRK.\n\nAlso, you'll eventually need reading glasses as your eyes simply harden as you get older", "is_submitter": false, "distinguished": null, "created_utc": 1648262002.0, "parent_id": "t1_i22y9ky", "replies": []}]}, {"author": "edcculus", "id": "i23d271", "score": 3, "subreddit": "BuyItForLife", "author_flair": null, "submission": "tnoqa5", "stickied": false, "body": "I\u2019ve been looking into that- but at 5-6k, I can buy a pair of glasses and sunglasses every year and never spend that much .", "is_submitter": false, "distinguished": null, "created_utc": 1648230812.0, "parent_id": "t1_i22wb1v", "replies": [{"author": "DELETED", "id": "i2472ra", "score": 10, "subreddit": "BuyItForLife", "author_flair": null, "submission": "tnoqa5", "stickied": false, "body": "[deleted]", "is_submitter": false, "distinguished": null, "created_utc": 1648242988.0, "parent_id": "t1_i23d271", "replies": [{"author": "edcculus", "id": "i247tso", "score": 2, "subreddit": "BuyItForLife", "author_flair": null, "submission": "tnoqa5", "stickied": false, "body": "Obviously. I might get it done in 10 years or so. Being 36 with 2 kids, dropping 5k on something that seems to last 10-15 years at best doesn\u2019t seem like the smartest investment. If it was 1k per eye, I would have done it 5 years ago.", "is_submitter": false, "distinguished": null, "created_utc": 1648243304.0, "parent_id": "t1_i2472ra", "replies": []}]}]}]}, {"author": "anderson_cooter", "id": "i231dbv", "score": 8, "subreddit": "BuyItForLife", "author_flair": null, "submission": "tnoqa5", "stickied": false, "body": "I fully agree! I recently tried this after considering it for a couple years and I wish I had done it earlier. In the long run, it will save me time in the shower (reducing my water use) and money on shaving items. I will say that I have light skin and very dark, thick hair, which seems to be the best situation for laser hair removal. People with lighter hair may not have such positive results.", "is_submitter": false, "distinguished": null, "created_utc": 1648226282.0, "parent_id": "t1_i22t2k4", "replies": [{"author": "AdditionalAttorney", "id": "i238zey", "score": 3, "subreddit": "BuyItForLife", "author_flair": null, "submission": "tnoqa5", "stickied": false, "body": "yep thats me as well.\n\nit def isn't fully permanent.. and different areas responded better than others... but on the whole the BEST money i ever spent.", "is_submitter": false, "distinguished": null, "created_utc": 1648229221.0, "parent_id": "t1_i231dbv", "replies": []}]}, {"author": "itsbutts", "id": "i23eqzo", "score": 4, "subreddit": "BuyItForLife", "author_flair": null, "submission": "tnoqa5", "stickied": false, "body": "Which areas did you have done? Been seriously considering LHR but not sure which body parts would be most worth it", "is_submitter": false, "distinguished": null, "created_utc": 1648231476.0, "parent_id": "t1_i22t2k4", "replies": [{"author": "AdditionalAttorney", "id": "i23fc2c", "score": 9, "subreddit": "BuyItForLife", "author_flair": null, "submission": "tnoqa5", "stickied": false, "body": "Most worth it I think: bikini line and underarms.  My bikini line looks like the inside of my arm in terms of smoothness.  Underarms I still get hair even thought I\u2019ve had many many treatments but a lot less so I\u2019m still happy with it.\n\nI\u2019ve also had my full legs done.\n\nBut I\u2019d start w bikini and underarm", "is_submitter": false, "distinguished": null, "created_utc": 1648231709.0, "parent_id": "t1_i23eqzo", "replies": [{"author": "itsbutts", "id": "i23mubk", "score": 3, "subreddit": "BuyItForLife", "author_flair": null, "submission": "tnoqa5", "stickied": false, "body": "Thanks for the tip! That\u2019s where I was leaning. If bikini and underarm do well I would definitely consider full legs. I would love to be beach ready at all times. Did you do any facial hair?", "is_submitter": false, "distinguished": null, "created_utc": 1648234695.0, "parent_id": "t1_i23fc2c", "replies": [{"author": "AdditionalAttorney", "id": "i23oj1m", "score": 2, "subreddit": "BuyItForLife", "author_flair": null, "submission": "tnoqa5", "stickied": false, "body": "No... I\u2019m nervous bc you have to shave between treatments... so I\u2019m worried what if it doesnt work and I\u2019m left w a worse mustache ha ha", "is_submitter": false, "distinguished": null, "created_utc": 1648235384.0, "parent_id": "t1_i23mubk", "replies": [{"author": "itsbutts", "id": "i23pou7", "score": 3, "subreddit": "BuyItForLife", "author_flair": null, "submission": "tnoqa5", "stickied": false, "body": "Oh that\u2019s a good point. I was nervous about scarring but now I\u2019m worried about a thick stache, too! I\u2019m going to finally schedule an appt for bikini and underarms though. Thanks again!", "is_submitter": false, "distinguished": null, "created_utc": 1648235864.0, "parent_id": "t1_i23oj1m", "replies": [{"author": "AdditionalAttorney", "id": "i23x755", "score": 2, "subreddit": "BuyItForLife", "author_flair": null, "submission": "tnoqa5", "stickied": false, "body": "Yeah scarring is def a risk.  That\u2019s why cheaper isn\u2019t always best if the place isn\u2019t reputable.  I\u2019ve always paid a bit more to do it at a plastic surgery place vs a pop up clinic", "is_submitter": false, "distinguished": null, "created_utc": 1648238914.0, "parent_id": "t1_i23pou7", "replies": []}]}]}]}]}]}, {"author": "MimsyDauber", "id": "i23lgr1", "score": 2, "subreddit": "BuyItForLife", "author_flair": null, "submission": "tnoqa5", "stickied": false, "body": "One of my sisters inlaw had laser hair removal for he runderarms and legs, and loves it. I wish I was eligible! \n\n\nSame for laser.eye surgery lol. Ive never been a candidate, but have known several people who had it and it seemed like a n excellent life improvement procedure.", "is_submitter": false, "distinguished": null, "created_utc": 1648234145.0, "parent_id": "t1_i22t2k4", "replies": [{"author": "AdditionalAttorney", "id": "i23mfe9", "score": 3, "subreddit": "BuyItForLife", "author_flair": null, "submission": "tnoqa5", "stickied": false, "body": "What makes you ineligible for laser hair removal?", "is_submitter": false, "distinguished": null, "created_utc": 1648234527.0, "parent_id": "t1_i23lgr1", "replies": [{"author": "MimsyDauber", "id": "i23mqwx", "score": 4, "subreddit": "BuyItForLife", "author_flair": null, "submission": "tnoqa5", "stickied": false, "body": "Light coloured hair. Gingers and blondes are not able to have laser hair removal. The laser cannot work on light coloured hair, and might potentially make the hair growth worse in a backfire. The hair has to be dark to work with the lasers.", "is_submitter": false, "distinguished": null, "created_utc": 1648234657.0, "parent_id": "t1_i23mfe9", "replies": []}]}]}, {"author": "Bigbluepenguin", "id": "i244u20", "score": 2, "subreddit": "BuyItForLife", "author_flair": null, "submission": "tnoqa5", "stickied": false, "body": "I recently finished my laser regimen, and have been worried about it coming back. Thank you, this give me hope!", "is_submitter": false, "distinguished": null, "created_utc": 1648242042.0, "parent_id": "t1_i22t2k4", "replies": [{"author": "AdditionalAttorney", "id": "i24cvay", "score": 3, "subreddit": "BuyItForLife", "author_flair": null, "submission": "tnoqa5", "stickied": false, "body": "some of it def comes back... but it's still so much better than before.", "is_submitter": false, "distinguished": null, "created_utc": 1648245486.0, "parent_id": "t1_i244u20", "replies": []}]}, {"author": "jugjiggler69", "id": "i24n805", "score": -1, "subreddit": "BuyItForLife", "author_flair": null, "submission": "tnoqa5", "stickied": false, "body": "Ooh I'll follow this up with just going to a chiropractor.  Was maybe 22 and in good health but I had really bad neck pain on and off for a few years from working way too much. Def had days I'd need to try to take it easy or would just not go anywhere.  Went to a chiropractor ONCE and pain was gone.  I went again like 6 months later just for the fuck of it and haven't been to one since.  Problem hasn't come back after atleast 5 more years of abusing my body. \ud83d\udd25 I think it was only like 60 a session.", "is_submitter": false, "distinguished": null, "created_utc": 1648250100.0, "parent_id": "t1_i22t2k4", "replies": []}]}, {"author": "littlemeah", "id": "i234wbg", "score": 19, "subreddit": "BuyItForLife", "author_flair": null, "submission": "tnoqa5", "stickied": false, "body": "I have a black puffer coat from JCrew that is approaching 20 years and it WILL NOT DIE. It washes beautifully, all the snaps and zippers are pristine and functional, and it has not faded or torn. I have no excuse to buy a new coat despite wanting one that\u2019s a bit longer to cover my hips and upper legs. I am convinced at this point that this coat will outlive me.\n\nEdit: a word", "is_submitter": false, "distinguished": null, "created_utc": 1648227638.0, "parent_id": "t3_tnoqa5", "replies": [{"author": "GenXMillenial", "id": "i23a891", "score": 2, "subreddit": "BuyItForLife", "author_flair": null, "submission": "tnoqa5", "stickied": false, "body": "\ud83d\ude02", "is_submitter": false, "distinguished": null, "created_utc": 1648229711.0, "parent_id": "t1_i234wbg", "replies": []}, {"author": "StrikeToast1922", "id": "i39z4qc", "score": 1, "subreddit": "BuyItForLife", "author_flair": null, "submission": "tnoqa5", "stickied": false, "body": "What\u2019s it called? I\u2019m always on the lookout for jackets that last", "is_submitter": false, "distinguished": null, "created_utc": 1649023547.0, "parent_id": "t1_i234wbg", "replies": [{"author": "littlemeah", "id": "i3hwoaq", "score": 1, "subreddit": "BuyItForLife", "author_flair": null, "submission": "tnoqa5", "stickied": false, "body": "The tag with the style number is long gone but I think it was from the holiday 04 or 05 collection and it was just called \u201cpuffer coat\u201d. Any JCrew coat is a good buy IMO but if you can find a used one from anywhere between like \u201895 ish and \u201805 that\u2019s money. I haven\u2019t shopped there in awhile so I can\u2019t speak to the current quality but I know their wool coats were really well made and beautiful about 15-20 years ago.", "is_submitter": false, "distinguished": null, "created_utc": 1649170432.0, "parent_id": "t1_i39z4qc", "replies": []}]}]}, {"author": "Bjjguitar", "id": "i231w2o", "score": 16, "subreddit": "BuyItForLife", "author_flair": null, "submission": "tnoqa5", "stickied": false, "body": "In 2013 I bought a Philips Wake-Up Light. I expected it to live for a few years but it's approaching a decade now.\n\nSurvived 4 moves, and a heavy wooden hatch falling on it a few times. Still enjoy the way it lights up the room.", "is_submitter": false, "distinguished": null, "created_utc": 1648226482.0, "parent_id": "t3_tnoqa5", "replies": [{"author": "CMYKoi", "id": "i232g4m", "score": 8, "subreddit": "BuyItForLife", "author_flair": null, "submission": "tnoqa5", "stickied": false, "body": "If you ever want to spend way too much money in lighting, their Hue lights can do all kinds of stuff including fading in or out for wakeup/sleep timers.", "is_submitter": false, "distinguished": null, "created_utc": 1648226693.0, "parent_id": "t1_i231w2o", "replies": []}, {"author": "concentrated-amazing", "id": "i233aic", "score": 4, "subreddit": "BuyItForLife", "author_flair": null, "submission": "tnoqa5", "stickied": false, "body": "I got one when I was working on my sleep hygiene after a chronic illness diagnosis. I should use it again. I moved and somehow I didn't put it back in my bedroom again \ud83e\udd26", "is_submitter": false, "distinguished": null, "created_utc": 1648227018.0, "parent_id": "t1_i231w2o", "replies": []}]}, {"author": "OmahaMike402", "id": "i22yfqm", "score": 15, "subreddit": "BuyItForLife", "author_flair": null, "submission": "tnoqa5", "stickied": false, "body": "Wahl taper 2000 pro. Only paid 2x in the last 19yrs for haircut or beard trim", "is_submitter": false, "distinguished": null, "created_utc": 1648225157.0, "parent_id": "t3_tnoqa5", "replies": [{"author": "Knight_82", "id": "i22zo04", "score": 10, "subreddit": "BuyItForLife", "author_flair": null, "submission": "tnoqa5", "stickied": false, "body": "This. I was spending ~$20/week for the most basic haircut in the military.\n\nHaven't paid for a haircut in almost 8 years.\n\n20 x 8 x 52 = $8,320 saved. Pretty good investment if you ask me.", "is_submitter": false, "distinguished": null, "created_utc": 1648225628.0, "parent_id": "t1_i22yfqm", "replies": []}, {"author": "bokerfest", "id": "i256c1u", "score": 5, "subreddit": "BuyItForLife", "author_flair": null, "submission": "tnoqa5", "stickied": false, "body": "I have the same inexpensive Wahl. Last time I paid for a hair cut was when I was 19. Now 40 and that clippers never stops. Have never sharpened the blades either. Use WD-40 for the lubricant.\n\nI also have a Gillette Mach3 razor with 3 replacement blades that the US army sent me when I signed up for the draft at 18 years old. Still using it today with one untouched replacement blade.", "is_submitter": false, "distinguished": null, "created_utc": 1648259199.0, "parent_id": "t1_i22yfqm", "replies": [{"author": "F-21", "id": "i2c7bw2", "score": 2, "subreddit": "BuyItForLife", "author_flair": null, "submission": "tnoqa5", "stickied": false, "body": "WD40 is a very poor lubricant (and I wouldn't really lik to have it on my head), I suggest you get a bottle of sewing machine oil for it...", "is_submitter": false, "distinguished": null, "created_utc": 1648403540.0, "parent_id": "t1_i256c1u", "replies": []}, {"author": "OmahaMike402", "id": "i257vka", "score": 1, "subreddit": "BuyItForLife", "author_flair": null, "submission": "tnoqa5", "stickied": false, "body": "Selective Service Act duty or enlisting?  26-45 so far. Much less hair these days", "is_submitter": false, "distinguished": null, "created_utc": 1648259965.0, "parent_id": "t1_i256c1u", "replies": [{"author": "bokerfest", "id": "i25z2sx", "score": 2, "subreddit": "BuyItForLife", "author_flair": null, "submission": "tnoqa5", "stickied": false, "body": "Selective service.", "is_submitter": false, "distinguished": null, "created_utc": 1648276701.0, "parent_id": "t1_i257vka", "replies": []}]}]}, {"author": "Rawr_Tigerlily", "id": "i234igk", "score": 5, "subreddit": "BuyItForLife", "author_flair": null, "submission": "tnoqa5", "stickied": false, "body": "I had one of these too. The motor finally seized up in 2019. But it almost made it to the 20 year mark, and I suspect my husband just forgot to be diligent about oiling it in recent years, since it seemed indestructible.", "is_submitter": false, "distinguished": null, "created_utc": 1648227488.0, "parent_id": "t1_i22yfqm", "replies": [{"author": "OmahaMike402", "id": "i247v0r", "score": 5, "subreddit": "BuyItForLife", "author_flair": null, "submission": "tnoqa5", "stickied": false, "body": "I dropped it and broke a tine off. A new part was like 6 bucks. I've since also got an Andis T-Clipper.", "is_submitter": false, "distinguished": null, "created_utc": 1648243318.0, "parent_id": "t1_i234igk", "replies": []}]}]}, {"author": "DELETED", "id": "i2325n1", "score": 14, "subreddit": "BuyItForLife", "author_flair": null, "submission": "tnoqa5", "stickied": false, "body": "[deleted]", "is_submitter": false, "distinguished": null, "created_utc": 1648226582.0, "parent_id": "t3_tnoqa5", "replies": [{"author": "concentrated-amazing", "id": "i2350pg", "score": 3, "subreddit": "BuyItForLife", "author_flair": null, "submission": "tnoqa5", "stickied": false, "body": "Still running?", "is_submitter": false, "distinguished": null, "created_utc": 1648227685.0, "parent_id": "t1_i2325n1", "replies": [{"author": "ASAP-321", "id": "i238ec2", "score": 5, "subreddit": "BuyItForLife", "author_flair": null, "submission": "tnoqa5", "stickied": false, "body": "Yeah around 5 years later still towing my 26 ft enclosed car hauler when I need it too. Was my daily for a few years lol", "is_submitter": false, "distinguished": null, "created_utc": 1648228992.0, "parent_id": "t1_i2350pg", "replies": [{"author": "concentrated-amazing", "id": "i238ymk", "score": 3, "subreddit": "BuyItForLife", "author_flair": null, "submission": "tnoqa5", "stickied": false, "body": "My husband will be so jealous when I tell him about this.\n\nHe's a Ford guy. And hauls a lot of cars, though all we have is an 18' dovetail flatdeck.", "is_submitter": false, "distinguished": null, "created_utc": 1648229213.0, "parent_id": "t1_i238ec2", "replies": [{"author": "ASAP-321", "id": "i23b1iw", "score": 2, "subreddit": "BuyItForLife", "author_flair": null, "submission": "tnoqa5", "stickied": false, "body": "Haha nice, I been looking at getting a flat deck to haul a backhoe around. Mines a 4 door long box 5 speed. Took a long time to find one that wasn\u2019t a complete junker up in the north with all the rust", "is_submitter": false, "distinguished": null, "created_utc": 1648230026.0, "parent_id": "t1_i238ymk", "replies": [{"author": "concentrated-amazing", "id": "i23bo2u", "score": 1, "subreddit": "BuyItForLife", "author_flair": null, "submission": "tnoqa5", "stickied": false, "body": "> a 4 door long box 5 speed\n\nMy husband is drooling already and I haven't even told him yet. Just to make him really groan, what did you pay for it and about when?\n\nWhereabouts up in the north are you? Betcha not as far north as us (central Alberta.)", "is_submitter": false, "distinguished": null, "created_utc": 1648230270.0, "parent_id": "t1_i23b1iw", "replies": [{"author": "DELETED", "id": "i23dad9", "score": 3, "subreddit": "BuyItForLife", "author_flair": null, "submission": "tnoqa5", "stickied": false, "body": "[deleted]", "is_submitter": false, "distinguished": null, "created_utc": 1648230901.0, "parent_id": "t1_i23bo2u", "replies": [{"author": "concentrated-amazing", "id": "i2e8sch", "score": 1, "subreddit": "BuyItForLife", "author_flair": null, "submission": "tnoqa5", "stickied": false, "body": "My husband wants to know if it's a 7.3L? And is it a dually?", "is_submitter": false, "distinguished": null, "created_utc": 1648438023.0, "parent_id": "t1_i23dad9", "replies": []}, {"author": "concentrated-amazing", "id": "i2e8tt5", "score": 1, "subreddit": "BuyItForLife", "author_flair": null, "submission": "tnoqa5", "stickied": false, "body": "My husband wants to know if it's a 7.3L? And is it a dually?", "is_submitter": false, "distinguished": null, "created_utc": 1648438045.0, "parent_id": "t1_i23dad9", "replies": []}]}]}]}]}]}]}]}, {"author": "January1171", "id": "i2381wk", "score": 14, "subreddit": "BuyItForLife", "author_flair": null, "submission": "tnoqa5", "stickied": false, "body": "Tbf it probably won't truly last for life, but I have a cheap silicone spatula that I bought from target that is my most used utensil, has already taken a beating, and is still going strong years later.\n\nSingle piece (no gaps for anything to accumulate or mold to grow) and solid core with only a few cm's of flex around the edges. Absolute favorite.", "is_submitter": false, "distinguished": null, "created_utc": 1648228858.0, "parent_id": "t3_tnoqa5", "replies": [{"author": "C--K", "id": "i24cs9s", "score": 5, "subreddit": "BuyItForLife", "author_flair": null, "submission": "tnoqa5", "stickied": false, "body": "My silicone spatula is my favourite kitchen utensil. It just works, in every situation.", "is_submitter": false, "distinguished": null, "created_utc": 1648245449.0, "parent_id": "t1_i2381wk", "replies": []}, {"author": "JimmyTheFace", "id": "i2c1cvc", "score": 1, "subreddit": "BuyItForLife", "author_flair": null, "submission": "tnoqa5", "stickied": false, "body": "My single piece Food Network brand one from Kohls has held out longer that then Sue La Table ones or the two-piece Joseph Joseph ones (though I like using the JJ ones more).", "is_submitter": false, "distinguished": null, "created_utc": 1648401074.0, "parent_id": "t1_i2381wk", "replies": []}]}, {"author": "namoguru", "id": "i22w2wk", "score": 28, "subreddit": "BuyItForLife", "author_flair": null, "submission": "tnoqa5", "stickied": false, "body": "A $12 dollar battery operated milk frother from Amazon. I thought it would last a few months tops. I use rechargeable batteries and have used this thing daily for 4.5 years.", "is_submitter": false, "distinguished": null, "created_utc": 1648224246.0, "parent_id": "t3_tnoqa5", "replies": [{"author": "TimTheEnchanter623", "id": "i254cse", "score": 4, "subreddit": "BuyItForLife", "author_flair": null, "submission": "tnoqa5", "stickied": false, "body": "Yep I\u2019ve got one of those, was a Christmas party swap gift from easily 15 years ago. Use it almost daily - pro tip: also fantastic for making hot chocolate!", "is_submitter": false, "distinguished": null, "created_utc": 1648258237.0, "parent_id": "t1_i22w2wk", "replies": []}, {"author": "ReverendRodneyKingJr", "id": "i233jlu", "score": 6, "subreddit": "BuyItForLife", "author_flair": null, "submission": "tnoqa5", "stickied": false, "body": "I found one at goodwill the other day for $1.50. If it lasts a month I\u2019ll be happy! Was so surprised when it worked when I got home and put batteries in it. \n\nAny recos for drinks to make with it? I\u2019m into cold brew at the moment", "is_submitter": false, "distinguished": null, "created_utc": 1648227116.0, "parent_id": "t1_i22w2wk", "replies": [{"author": "namoguru", "id": "i238ayh", "score": 2, "subreddit": "BuyItForLife", "author_flair": null, "submission": "tnoqa5", "stickied": false, "body": "I put 1/4 cup of either whole milk or half and half in a tall cylindrical plastic cup (taller keeps foam from flipping about the kitchen) and microwave it for 1 minute.  Add 1/2 tsp cinnamon or a pump of flavored coffee syrup and whip for about a minute. If you're doing cold brew, I would skip the heating of the milk, I just don't like it to cool my coffee too much. The milk will double in volume at least, so leave room in your mug...", "is_submitter": false, "distinguished": null, "created_utc": 1648228955.0, "parent_id": "t1_i233jlu", "replies": [{"author": "ReverendRodneyKingJr", "id": "i24fqe5", "score": 1, "subreddit": "BuyItForLife", "author_flair": null, "submission": "tnoqa5", "stickied": false, "body": "Ohhh thank you!", "is_submitter": false, "distinguished": null, "created_utc": 1648246745.0, "parent_id": "t1_i238ayh", "replies": []}]}, {"author": "Scaynes-", "id": "i275fkw", "score": 1, "subreddit": "BuyItForLife", "author_flair": null, "submission": "tnoqa5", "stickied": false, "body": "They work great for mixing and foaming matcha powder!", "is_submitter": false, "distinguished": null, "created_utc": 1648306546.0, "parent_id": "t1_i233jlu", "replies": []}]}, {"author": "takenusernametryanot", "id": "i23a04b", "score": 1, "subreddit": "BuyItForLife", "author_flair": null, "submission": "tnoqa5", "stickied": false, "body": "watch out that the axle does not get off-center, that\u2019s how ours always ended up", "is_submitter": false, "distinguished": null, "created_utc": 1648229622.0, "parent_id": "t1_i22w2wk", "replies": []}, {"author": "bhuddistchipmonk", "id": "i244rr1", "score": 1, "subreddit": "BuyItForLife", "author_flair": null, "submission": "tnoqa5", "stickied": false, "body": "I have one that just died after ~5 years, so just be prepared in the next 6 months or so", "is_submitter": false, "distinguished": null, "created_utc": 1648242015.0, "parent_id": "t1_i22w2wk", "replies": []}]}, {"author": "Rawr_Tigerlily", "id": "i2346jt", "score": 9, "subreddit": "BuyItForLife", "author_flair": null, "submission": "tnoqa5", "stickied": false, "body": "I bought a Sunbeam electric hand mixer for $5 at a grocery store sometime around 1999 or 2000. I needed it to make a dessert for some event and kind of bought it out of desperation, rather than making a special trip across town on public transit just to buy a mixer.\n\nIt still works perfect. I've used it hundreds of times now.", "is_submitter": false, "distinguished": null, "created_utc": 1648227360.0, "parent_id": "t3_tnoqa5", "replies": []}, {"author": "mramirez7425", "id": "i23fvkv", "score": 8, "subreddit": "BuyItForLife", "author_flair": null, "submission": "tnoqa5", "stickied": false, "body": "A dutch oven\n\nNorthface Jacket I bought in 2013 is also still going strong", "is_submitter": false, "distinguished": null, "created_utc": 1648231926.0, "parent_id": "t3_tnoqa5", "replies": []}, {"author": "velielyn", "id": "i230f08", "score": 5, "subreddit": "BuyItForLife", "author_flair": null, "submission": "tnoqa5", "stickied": false, "body": "A super cheap bamboo kitchen utensils set I pick up at Wal-Mart when I moved out. That was 7 years ago. I burned the edge of one when I moved to a place with a gas stove, but apart from one blackened  corner they are in better condition now than when I got them.", "is_submitter": false, "distinguished": null, "created_utc": 1648225914.0, "parent_id": "t3_tnoqa5", "replies": []}, {"author": "dgl6y7", "id": "i236ivh", "score": 7, "subreddit": "BuyItForLife", "author_flair": null, "submission": "tnoqa5", "stickied": false, "body": "Harbor freight angle grinder. The super cheap one that's like $20. \n\nThrough a series of unfortunate events it along with some other power tools set submerged in water for several days. Is the only tool that still works. \n\nMind-boggling", "is_submitter": false, "distinguished": null, "created_utc": 1648228267.0, "parent_id": "t3_tnoqa5", "replies": [{"author": "scarybirds00", "id": "i2e6bq1", "score": 1, "subreddit": "BuyItForLife", "author_flair": null, "submission": "tnoqa5", "stickied": false, "body": "I just posted about a Harbor Freight sandblaster we bought. I cannot believe how well it\u2019s held up. I expected a 2 year life span. Here we are 10 years later, still awesome.", "is_submitter": false, "distinguished": null, "created_utc": 1648436727.0, "parent_id": "t1_i236ivh", "replies": []}]}, {"author": "marreco_sobrepeso98", "id": "i23gw4q", "score": 6, "subreddit": "BuyItForLife", "author_flair": null, "submission": "tnoqa5", "stickied": false, "body": "My Nintendo DS Lite and DSi XL consoles. I've bought my DS Lite in 2007/2008, and my DSi XL in 2010, both are still working perfectly even after more than 10 years.\n\nAfter owning +10 years old Nintendo handheld consoles, I guess that some \"Made in China\" products are in fact durable/trustworthy.", "is_submitter": false, "distinguished": null, "created_utc": 1648232334.0, "parent_id": "t3_tnoqa5", "replies": [{"author": "HairyPotatoKat", "id": "i23ren0", "score": 2, "subreddit": "BuyItForLife", "author_flair": null, "submission": "tnoqa5", "stickied": false, "body": "My *original* Gameboy - yes, [this beast](https://en.m.wikipedia.org/wiki/File:Game-Boy-FL.jpg) still works totally fine, as does the battery gobbling screen attachment that's a glorified magnifying glass/screen flashlight. \n\nAll of my game cartridges still work. And out of the 7 games I bought from a rando online, surprisingly all but 1 worked.", "is_submitter": false, "distinguished": null, "created_utc": 1648236574.0, "parent_id": "t1_i23gw4q", "replies": []}, {"author": "asqmi", "id": "i24atao", "score": 1, "subreddit": "BuyItForLife", "author_flair": null, "submission": "tnoqa5", "stickied": false, "body": "Super cool! What's the battery like on them after all those years?", "is_submitter": true, "distinguished": null, "created_utc": 1648244588.0, "parent_id": "t1_i23gw4q", "replies": [{"author": "carldeans", "id": "i287cp2", "score": 1, "subreddit": "BuyItForLife", "author_flair": null, "submission": "tnoqa5", "stickied": false, "body": "If I remember correctly, they are double a.", "is_submitter": false, "distinguished": null, "created_utc": 1648323077.0, "parent_id": "t1_i24atao", "replies": [{"author": "asqmi", "id": "i28buet", "score": 1, "subreddit": "BuyItForLife", "author_flair": null, "submission": "tnoqa5", "stickied": false, "body": "Ah, battery life\\*... my bad!", "is_submitter": true, "distinguished": null, "created_utc": 1648325083.0, "parent_id": "t1_i287cp2", "replies": []}]}]}]}, {"author": "virtuousdiversity", "id": "i23ir8s", "score": 6, "subreddit": "BuyItForLife", "author_flair": null, "submission": "tnoqa5", "stickied": false, "body": "I bought this earwax remover thing last year when my Comrade browser extension sent me a recommendation. It has a light at the end of it so the person can see when looking in your ear, the thing is super flimsy and thin thought I would only get one use out of it but it has become my kids fav gadget.", "is_submitter": false, "distinguished": null, "created_utc": 1648233071.0, "parent_id": "t3_tnoqa5", "replies": []}, {"author": "forkcat211", "id": "i22wcyq", "score": 5, "subreddit": "BuyItForLife", "author_flair": null, "submission": "tnoqa5", "stickied": false, "body": "I bought a Dualit toaster, second hand for @ $77. It has replaceable parts, love the quality of the toast. Second would probably be my Ninja foodi, I use that everyday, sometimes twice a day.", "is_submitter": false, "distinguished": null, "created_utc": 1648224355.0, "parent_id": "t3_tnoqa5", "replies": [{"author": "concentrated-amazing", "id": "i232mo2", "score": 1, "subreddit": "BuyItForLife", "author_flair": null, "submission": "tnoqa5", "stickied": false, "body": "I got a Ninja Foodi Deluxe from my husband for Christmas. I feel like I've only scratched the surface of what it can do. It has a permanent spot on my counter next to my bread maker!", "is_submitter": false, "distinguished": null, "created_utc": 1648226764.0, "parent_id": "t1_i22wcyq", "replies": [{"author": "forkcat211", "id": "i2392jb", "score": 1, "subreddit": "BuyItForLife", "author_flair": null, "submission": "tnoqa5", "stickied": false, "body": "Yeah, just got done airfrying tater-tots and sausage for breakfast. Only regret is that I didn't get the 8 qt one. \n\nhttps://imgur.com/a/YEaNxnd", "is_submitter": false, "distinguished": null, "created_utc": 1648229254.0, "parent_id": "t1_i232mo2", "replies": [{"author": "concentrated-amazing", "id": "i239ebc", "score": 2, "subreddit": "BuyItForLife", "author_flair": null, "submission": "tnoqa5", "stickied": false, "body": "I think that mine is the 8. We have 3 kids, 2 of which are boys who are shaping up to be big eaters.", "is_submitter": false, "distinguished": null, "created_utc": 1648229385.0, "parent_id": "t1_i2392jb", "replies": []}]}]}]}, {"author": "mayortiddyciddy", "id": "i233rjj", "score": 5, "subreddit": "BuyItForLife", "author_flair": null, "submission": "tnoqa5", "stickied": false, "body": "Some toaster that I got at a yard sale 10 years ago. It was already old then. Still toasts.", "is_submitter": false, "distinguished": null, "created_utc": 1648227201.0, "parent_id": "t3_tnoqa5", "replies": []}, {"author": "ironic_aurelia", "id": "i23gup7", "score": 5, "subreddit": "BuyItForLife", "author_flair": null, "submission": "tnoqa5", "stickied": false, "body": "I bought my nalgene water bottle on the clearance rack at target for $8 in 2014. I have dropped that bottle a million times and it hasn't broken. It also doesn't leak and I love that aspect of the bottle. I never plan on buying a new water bottle.", "is_submitter": false, "distinguished": null, "created_utc": 1648232318.0, "parent_id": "t3_tnoqa5", "replies": [{"author": "level_up_joy", "id": "i23hl1m", "score": 1, "subreddit": "BuyItForLife", "author_flair": null, "submission": "tnoqa5", "stickied": false, "body": "Love mine as well. Only had to buy a replacement cap once.", "is_submitter": false, "distinguished": null, "created_utc": 1648232605.0, "parent_id": "t1_i23gup7", "replies": [{"author": "ironic_aurelia", "id": "i23hw2l", "score": 1, "subreddit": "BuyItForLife", "author_flair": null, "submission": "tnoqa5", "stickied": false, "body": "I was looking at my cap recently and it still hasn't torn. I see that a lot with other people's nalgene. I don't know how it's still in tack. Like I said I throw this bottle around it's not like I'm taking great care of it.", "is_submitter": false, "distinguished": null, "created_utc": 1648232728.0, "parent_id": "t1_i23hl1m", "replies": []}]}]}, {"author": "katspresso", "id": "i22zn73", "score": 10, "subreddit": "BuyItForLife", "author_flair": null, "submission": "tnoqa5", "stickied": false, "body": "I bought a small Kenmore sewing machine in the 90s for $8 in a thrift store.  Still works.", "is_submitter": false, "distinguished": null, "created_utc": 1648225620.0, "parent_id": "t3_tnoqa5", "replies": []}, {"author": "Scourlaw", "id": "i23klav", "score": 3, "subreddit": "BuyItForLife", "author_flair": null, "submission": "tnoqa5", "stickied": false, "body": "Probably isn't truly BIFL, but I got a cheap hoodie off amazon more than 7 years ago.\n\nI wore it as my primary hoodie for several years, and it's been one of my girlfriend's favorite hoodies over the past 3-4 years. Still no holes, and while it's faded a little, it otherwise doesn't look particularly worn despite treating it hard and washing it with normal laundry.\n\nI've bought hoodies from \"prestige,\" supposedly durable brands that wear out after a year or so, but not my cheap amazon hoodie! Still going strong.", "is_submitter": false, "distinguished": null, "created_utc": 1648233801.0, "parent_id": "t3_tnoqa5", "replies": []}, {"author": "HairyPotatoKat", "id": "i23oq5f", "score": 3, "subreddit": "BuyItForLife", "author_flair": null, "submission": "tnoqa5", "stickied": false, "body": "Less exciting than the other answers-  I bought two pairs of leggings from White House Black Market on clearance at a WHBM outlet over 10 years ago, fairly cheap.\n\n Wear them regularly. And they're still as sturdy and crisp as the day I got them. \n\nThey've outlasted every other pair of leggings I've owned, and most pants/jeans, and still going strong.", "is_submitter": false, "distinguished": null, "created_utc": 1648235464.0, "parent_id": "t3_tnoqa5", "replies": []}, {"author": "spider_hugs", "id": "i243u9e", "score": 3, "subreddit": "BuyItForLife", "author_flair": null, "submission": "tnoqa5", "stickied": false, "body": "I have an original Caboodle plastic make-up case my mom bought me when I was 5. I\u2019m now in my late 30s and it holds all my nail polish like a champ. I would have thought the plastic handle or closure would have broken by now!", "is_submitter": false, "distinguished": null, "created_utc": 1648241626.0, "parent_id": "t3_tnoqa5", "replies": [{"author": "anarchikos", "id": "i28ptrv", "score": 2, "subreddit": "BuyItForLife", "author_flair": null, "submission": "tnoqa5", "stickied": false, "body": "I still have one from the 80s, the closure did break off but otherwise it's fine. I use it for nail polish too!", "is_submitter": false, "distinguished": null, "created_utc": 1648331392.0, "parent_id": "t1_i243u9e", "replies": []}]}, {"author": "suitopseudo", "id": "i25ocwo", "score": 3, "subreddit": "BuyItForLife", "author_flair": null, "submission": "tnoqa5", "stickied": false, "body": "Yeti insulated water bottle. I had a kk and hydroflask and they were fine (well kk vacuum seal died and the paint chipped off), but I got the yeti free from an event and it is the best water bottle. It is a little heavier, but it keeps things cold much better than the kk or hf. I still have the hf, but I don\u2019t really use it. Believe the hype and spend the few extra dollars if you like keeping things cold.", "is_submitter": false, "distinguished": null, "created_utc": 1648268967.0, "parent_id": "t3_tnoqa5", "replies": []}, {"author": "Sivalleydan2", "id": "i22yrjr", "score": 5, "subreddit": "BuyItForLife", "author_flair": null, "submission": "tnoqa5", "stickied": false, "body": "A 1980 MBZ 300SD and a 1964 C10 Pickup. Both, still going strong...", "is_submitter": false, "distinguished": null, "created_utc": 1648225282.0, "parent_id": "t3_tnoqa5", "replies": [{"author": "P1ckleRiiick", "id": "i238k9r", "score": 3, "subreddit": "BuyItForLife", "author_flair": null, "submission": "tnoqa5", "stickied": false, "body": "Those old MB diesels are tanks, sold mine at 350k, friend drove it til 750k.", "is_submitter": false, "distinguished": null, "created_utc": 1648229056.0, "parent_id": "t1_i22yrjr", "replies": [{"author": "Sivalleydan2", "id": "i23jn8a", "score": 3, "subreddit": "BuyItForLife", "author_flair": null, "submission": "tnoqa5", "stickied": false, "body": "Mine has 94K miles on it. The C10 shows 64K and drives like it's accurate. But Lord, that faded paint.", "is_submitter": false, "distinguished": null, "created_utc": 1648233425.0, "parent_id": "t1_i238k9r", "replies": []}]}]}, {"author": "Sulfitodecobre", "id": "i231y7q", "score": 5, "subreddit": "BuyItForLife", "author_flair": null, "submission": "tnoqa5", "stickied": false, "body": "Well... I'm not sure if it's a \"Buy\" it for life, as I got it gifted from my work, but I have one Boston pencil sharpener like this one -> https://i.ebayimg.com/images/g/V7EAAOSweW5VOugf/s-l300.jpg\n\nAnd is still fully usable, I love it. \n\nI'm not sure how old it is, but the desktops are from 1970, so I guess is closer to that date.", "is_submitter": false, "distinguished": null, "created_utc": 1648226504.0, "parent_id": "t3_tnoqa5", "replies": [{"author": "asqmi", "id": "i24an64", "score": 4, "subreddit": "BuyItForLife", "author_flair": null, "submission": "tnoqa5", "stickied": false, "body": "That's super cool, I love the styles of those sharpeners. Thanks for sharing.", "is_submitter": true, "distinguished": null, "created_utc": 1648244515.0, "parent_id": "t1_i231y7q", "replies": []}]}, {"author": "fingletingle", "id": "i23e70b", "score": 2, "subreddit": "BuyItForLife", "author_flair": null, "submission": "tnoqa5", "stickied": false, "body": "I have a 30L backpack made by Karrimor that I paid around 15\u00a3 that I randomly bought when I was stuck in London in 2010. Had zero idea if it's known as a good brand (I usually buy and recommend Crumpler). Other than the elastic bungee cord on the outside of it wearing out, it's held up for 12 years now without any issues.", "is_submitter": false, "distinguished": null, "created_utc": 1648231256.0, "parent_id": "t3_tnoqa5", "replies": []}, {"author": "DELETED", "id": "i23jh79", "score": 2, "subreddit": "BuyItForLife", "author_flair": null, "submission": "tnoqa5", "stickied": false, "body": "MSR Whisperlite camping stove. Seventeen years of hard use and it still won't die.", "is_submitter": false, "distinguished": null, "created_utc": 1648233357.0, "parent_id": "t3_tnoqa5", "replies": []}, {"author": "roguns", "id": "i24dg3c", "score": 2, "subreddit": "BuyItForLife", "author_flair": null, "submission": "tnoqa5", "stickied": false, "body": "Wahl hair clippers. My husband has had them for 25 years and still going strong. \ud83d\udcaa", "is_submitter": false, "distinguished": null, "created_utc": 1648245738.0, "parent_id": "t3_tnoqa5", "replies": []}, {"author": "karma_the_sequel", "id": "i24lvsn", "score": 2, "subreddit": "BuyItForLife", "author_flair": null, "submission": "tnoqa5", "stickied": false, "body": "A $10 no-name backpack I bought for a day trip to Shasta Lake 22 years ago. It has been to Europe with me three times since then and is still my go-to day pack.", "is_submitter": false, "distinguished": null, "created_utc": 1648249486.0, "parent_id": "t3_tnoqa5", "replies": []}, {"author": "anarchikos", "id": "i28q9od", "score": 2, "subreddit": "BuyItForLife", "author_flair": null, "submission": "tnoqa5", "stickied": false, "body": "Infrashine flat iron. I think I got it in maybe 2000? Just died this year.\n\nAdidas Sambas - lasted over 10 years before the soles finally wore out. I wore them daily for probably more then half of their life. \n\nAmerican Giant storm hoodie. At $200 I was super hesitant to buy it but another thing I wore nearly daily (works as a great layer under my motorcycle jacket for riding) and it STILL doesn't even have any wear on it.", "is_submitter": false, "distinguished": null, "created_utc": 1648331593.0, "parent_id": "t3_tnoqa5", "replies": []}, {"author": "Parisiowa", "id": "i28uob0", "score": 2, "subreddit": "BuyItForLife", "author_flair": null, "submission": "tnoqa5", "stickied": false, "body": "Dohm white noise sound machine. The plastic on the outside is yellowed with age but I got it in 2000 and it's still working perfectly. We needed to buy a bunch of white noise machines for work and I immediately recommended these. There was some initial hesitation over the price, but these things will outlast all of us.", "is_submitter": false, "distinguished": null, "created_utc": 1648333669.0, "parent_id": "t3_tnoqa5", "replies": []}, {"author": "81632371", "id": "i2d3djl", "score": 2, "subreddit": "BuyItForLife", "author_flair": null, "submission": "tnoqa5", "stickied": false, "body": "I just stumbled on this sub. Love it. I am such a BIFL person! My unexpected is a wooden spoon that probably cost me a dollar at a now-defunct store that was in my local mall. I bought it in the summer of 1987, right before I moved into my first college apartment. I still reach for it every time I cook.", "is_submitter": false, "distinguished": null, "created_utc": 1648417627.0, "parent_id": "t3_tnoqa5", "replies": [{"author": "asqmi", "id": "i2fs2iw", "score": 2, "subreddit": "BuyItForLife", "author_flair": null, "submission": "tnoqa5", "stickied": false, "body": "I adore this sub too! It's gotta be one of my favourites. And wow, what a find!", "is_submitter": true, "distinguished": null, "created_utc": 1648475921.0, "parent_id": "t1_i2d3djl", "replies": []}]}, {"author": "Pentakia", "id": "i23avg6", "score": 3, "subreddit": "BuyItForLife", "author_flair": null, "submission": "tnoqa5", "stickied": false, "body": "Probably my Montblanc 146 Fountain Pen.", "is_submitter": false, "distinguished": null, "created_utc": 1648229961.0, "parent_id": "t3_tnoqa5", "replies": []}, {"author": "mr_yuk", "id": "i23h6ky", "score": 2, "subreddit": "BuyItForLife", "author_flair": null, "submission": "tnoqa5", "stickied": false, "body": "Apple IIe computer from 1984.  Everything still works including the dot matrix printer.", "is_submitter": false, "distinguished": null, "created_utc": 1648232447.0, "parent_id": "t3_tnoqa5", "replies": [{"author": "DeylanQuel", "id": "i28w03v", "score": 2, "subreddit": "BuyItForLife", "author_flair": null, "submission": "tnoqa5", "stickied": false, "body": "Jesus, just reading \"dot matrix printer\" triggered some PTSD-type memory shit of the sound our old Tandy printer made when I was a kid.", "is_submitter": false, "distinguished": null, "created_utc": 1648334288.0, "parent_id": "t1_i23h6ky", "replies": []}]}, {"author": "thecleaner78", "id": "i23hj4y", "score": 1, "subreddit": "BuyItForLife", "author_flair": null, "submission": "tnoqa5", "stickied": false, "body": "Bought a bike track pump 25 years ago for \u00a320. Still going strong", "is_submitter": false, "distinguished": null, "created_utc": 1648232584.0, "parent_id": "t3_tnoqa5", "replies": [{"author": "Beneficial-Bet8267", "id": "i23v81k", "score": 2, "subreddit": "BuyItForLife", "author_flair": null, "submission": "tnoqa5", "stickied": false, "body": "What brand?", "is_submitter": false, "distinguished": null, "created_utc": 1648238125.0, "parent_id": "t1_i23hj4y", "replies": []}]}, {"author": "corlisb", "id": "i2758ly", "score": 1, "subreddit": "BuyItForLife", "author_flair": null, "submission": "tnoqa5", "stickied": false, "body": "Therm-a-rest Z-Rest folding camping mattress. 20 years of use on backpacking and canoe trips, but still looking good as new.", "is_submitter": false, "distinguished": null, "created_utc": 1648306460.0, "parent_id": "t3_tnoqa5", "replies": []}, {"author": "cornost0ne", "id": "i27bb3e", "score": 1, "subreddit": "BuyItForLife", "author_flair": null, "submission": "tnoqa5", "stickied": false, "body": "My mother gave me a brandless denim jacket she had since 1991, when she was a teen. Not a scratch until today.", "is_submitter": false, "distinguished": null, "created_utc": 1648309161.0, "parent_id": "t3_tnoqa5", "replies": []}, {"author": "scarybirds00", "id": "i2e5y6n", "score": 1, "subreddit": "BuyItForLife", "author_flair": null, "submission": "tnoqa5", "stickied": false, "body": "I\u2019d say the sandblaster my husband bought from Harbor Freight. Harbor Freight is known for their tools, sometimes cheap China/import crap. This sandblaster (free standing) was $259 and we\u2019ve owned it for 10 years and love it. So surprised at its quality", "is_submitter": false, "distinguished": null, "created_utc": 1648436535.0, "parent_id": "t3_tnoqa5", "replies": []}, {"author": "Peacera", "id": "i2o27qf", "score": 1, "subreddit": "BuyItForLife", "author_flair": null, "submission": "tnoqa5", "stickied": false, "body": " A ribbed tank top from NY+ Co purchased in 2000. It will. Not. Die. It is thick, quality ribbed cotton and is going strong. If only they still made them this well!", "is_submitter": false, "distinguished": null, "created_utc": 1648608580.0, "parent_id": "t3_tnoqa5", "replies": []}]}