{"title": "Suggestion for Heated Mattress Pad?", "name": "t3_ti466r", "url": "https://www.reddit.com/r/BuyItForLife/comments/ti466r/suggestion_for_heated_mattress_pad/", "selftext": " \n\nI am looking for a Heated Mattress Pad w/ Dual Zone that is reliable.\n\nCan you recommend one?\n\nThanks in advance", "score": 2, "upvote_ratio": 0.63, "permalink": "/r/BuyItForLife/comments/ti466r/suggestion_for_heated_mattress_pad/", "id": "ti466r", "author": "atwnsw", "link_flair_text": "[Request]", "num_comments": 6, "over_18": false, "spoiler": false, "pinned": false, "locked": false, "distinguished": null, "created_utc": 1647722005.0, "comments": [{"author": "expressoyourself1", "id": "i1choav", "score": 3, "subreddit": "BuyItForLife", "author_flair": null, "submission": "ti466r", "stickied": false, "body": "I have a Biddeford and have had it for probably 7 or 8 years. Works great - can be washed (air dried).\n\nDual controls, holds heat well.", "is_submitter": false, "distinguished": null, "created_utc": 1647735964.0, "parent_id": "t3_ti466r", "replies": []}, {"author": "balkantraveller", "id": "i1cuq09", "score": 2, "subreddit": "BuyItForLife", "author_flair": null, "submission": "ti466r", "stickied": false, "body": "I had a Sunbeam one that went strong for ~8 years before the heat had faded too much. The control mechanism still works (another 3 years later), and I use it with the newer Sunbeam mattress pad I bought to replace the first. \n\nLook for one that allows you to set a daily schedule. Having the bed automatically warm up about an hour before bed is a real luxury. :)", "is_submitter": false, "distinguished": null, "created_utc": 1647742559.0, "parent_id": "t3_ti466r", "replies": [{"author": "atwnsw", "id": "i1e95jt", "score": 1, "subreddit": "BuyItForLife", "author_flair": null, "submission": "ti466r", "stickied": false, "body": "Thanks", "is_submitter": true, "distinguished": null, "created_utc": 1647778878.0, "parent_id": "t1_i1cuq09", "replies": []}]}, {"author": "Honest-March-3655", "id": "i1gldke", "score": 2, "subreddit": "BuyItForLife", "author_flair": null, "submission": "ti466r", "stickied": false, "body": "Beauty rest heat pad", "is_submitter": false, "distinguished": null, "created_utc": 1647815961.0, "parent_id": "t3_ti466r", "replies": []}, {"author": "Muncie4", "id": "i1cdvsv", "score": 1, "subreddit": "BuyItForLife", "author_flair": null, "submission": "ti466r", "stickied": false, "body": "I am this many days old when I heard about a heated mattress pad, so I'm guessing there are very very few and/or no one here can point out a BIFL version.  You are best served by a blanket version(s) methinks.  And mattresses come in like 8 sizes, not stating what you have does not allow help.", "is_submitter": false, "distinguished": null, "created_utc": 1647734110.0, "parent_id": "t3_ti466r", "replies": [{"author": "Quail-a-lot", "id": "i1dcpfp", "score": 5, "subreddit": "BuyItForLife", "author_flair": null, "submission": "ti466r", "stickied": false, "body": "Heated mattress pads are basically like a cat bed for people. Absolutely amazing. And your partner can't steal it in the middle of the night or kick it of the bed if you are not a solo sleeper. Plus I can turn just my side on and not overheat the other half of the bed. They are not a new thing at all and are also slightly safer. (We have wood heat and the bedroom is in the farthest room, so it gets real cold in there even with 8 blankets on the bed. Pioneers must have had some heckin good long johns.)", "is_submitter": false, "distinguished": null, "created_utc": 1647752785.0, "parent_id": "t1_i1cdvsv", "replies": []}]}]}