{"title": "wallet for many cards", "name": "t3_tdk95h", "url": "https://www.reddit.com/r/BuyItForLife/comments/tdk95h/wallet_for_many_cards/", "selftext": "Saw some other posts where there are recommendations to just carry 2-3 cards but I have a bunch I'd rather have on me and not have to switch out each time.\n\nID\nHSA card\nDebit card\nHealth insurance card\nTile card for finding misplaced wallet\nCostco mastercard\nTarget debit card\nVenture x for travel\nAmex gold for restaurant\nAmex blue for supermarket\nFreedom, and Discover for rotating 5%\nCiti double cash for everything else\n\nAny suggestion?", "score": 4, "upvote_ratio": 1.0, "permalink": "/r/BuyItForLife/comments/tdk95h/wallet_for_many_cards/", "id": "tdk95h", "author": "aupperk24", "link_flair_text": "[Request]", "num_comments": 20, "over_18": false, "spoiler": false, "pinned": false, "locked": false, "distinguished": null, "created_utc": 1647216275.0, "comments": [{"author": "thatstevesmith", "id": "i0kbdwn", "score": 6, "subreddit": "BuyItForLife", "author_flair": null, "submission": "tdk95h", "stickied": false, "body": "I\u2019ve got about 8 ish cards in my ridge, love the thing.", "is_submitter": false, "distinguished": null, "created_utc": 1647221210.0, "parent_id": "t3_tdk95h", "replies": []}, {"author": "bloodmusthaveblood", "id": "i0k2xx7", "score": 5, "subreddit": "BuyItForLife", "author_flair": null, "submission": "tdk95h", "stickied": false, "body": "I swear by Bellroy", "is_submitter": false, "distinguished": null, "created_utc": 1647217160.0, "parent_id": "t3_tdk95h", "replies": []}, {"author": "marxroxx", "id": "i0k1lvj", "score": 3, "subreddit": "BuyItForLife", "author_flair": null, "submission": "tdk95h", "stickied": false, "body": "Check out some of the ones on r/wallets\n\nI found a guy on there that was able to custom make me one for a very reasonable price.", "is_submitter": false, "distinguished": null, "created_utc": 1647216521.0, "parent_id": "t3_tdk95h", "replies": []}, {"author": "dgerson", "id": "i0kgxzo", "score": 3, "subreddit": "BuyItForLife", "author_flair": null, "submission": "tdk95h", "stickied": false, "body": "I love how people are answering the question with their opinions (lol, yes I get this is the Internet but still...).  OP doesn't want to get rid of cards.  [This](https://www.all-ett.com/collections/nylon-wallets/products/nylon-original-wallet) wallet by All-Ett would be my recommendation.  It's made from sailcloth so it lasts a long time.  It holds a lot of cards, but because of the design it stays thin.  I had one and it was amazing how long it held up.", "is_submitter": false, "distinguished": null, "created_utc": 1647223913.0, "parent_id": "t3_tdk95h", "replies": []}, {"author": "President-EIect", "id": "i0k6al7", "score": 2, "subreddit": "BuyItForLife", "author_flair": null, "submission": "tdk95h", "stickied": false, "body": "Or have less cards. Surely some of those can be replaced with digital card on your phone.", "is_submitter": false, "distinguished": null, "created_utc": 1647218751.0, "parent_id": "t3_tdk95h", "replies": [{"author": "aupperk24", "id": "i0k8k2t", "score": 1, "subreddit": "BuyItForLife", "author_flair": null, "submission": "tdk95h", "stickied": false, "body": "I mean the reason is that I don't want to.", "is_submitter": true, "distinguished": null, "created_utc": 1647219844.0, "parent_id": "t1_i0k6al7", "replies": [{"author": "President-EIect", "id": "i0k8yk7", "score": 2, "subreddit": "BuyItForLife", "author_flair": null, "submission": "tdk95h", "stickied": false, "body": "I have drivers license, visa debit (for shops that don't have contactless payment) work credit card. Everything else is digital. They use New Zealand to test a lot of the banking tech in a small market. For example cheques are no longer a thing.", "is_submitter": false, "distinguished": null, "created_utc": 1647220034.0, "parent_id": "t1_i0k8k2t", "replies": [{"author": "deffinitelymaybe", "id": "i0ocuqo", "score": 2, "subreddit": "BuyItForLife", "author_flair": null, "submission": "tdk95h", "stickied": false, "body": "That's great, but he specifically said he has to carry lots of cards with him all the time, so telling him to just not do that isn't particularly helpful. I also have to carry a bunch of cards with me, since I have to carry cards for my small business as well as myself, so I can relate to needing a high capacity wallet, and not finding it helpful when people just tell me to carry less. If I could, I would, but not being able to charge purchases to my business account, or withdraw money from the right bank when needed isn't practical.", "is_submitter": false, "distinguished": null, "created_utc": 1647297336.0, "parent_id": "t1_i0k8yk7", "replies": [{"author": "President-EIect", "id": "i0od7fd", "score": 2, "subreddit": "BuyItForLife", "author_flair": null, "submission": "tdk95h", "stickied": false, "body": "He already responded but it is great to see someone willing to write so much to argue pointlessly about wallets.", "is_submitter": false, "distinguished": null, "created_utc": 1647297487.0, "parent_id": "t1_i0ocuqo", "replies": []}]}]}]}]}, {"author": "63matic", "id": "i0k275h", "score": 1, "subreddit": "BuyItForLife", "author_flair": null, "submission": "tdk95h", "stickied": false, "body": "RRL has a wallet it\u2019s the bill fold 300 like 8-10 card slots", "is_submitter": false, "distinguished": null, "created_utc": 1647216805.0, "parent_id": "t3_tdk95h", "replies": []}, {"author": "Jimmytowne", "id": "i0ka0sb", "score": 1, "subreddit": "BuyItForLife", "author_flair": null, "submission": "tdk95h", "stickied": false, "body": "Switch them out, but keep them in rotation. What if you lost your wallet or your wallet becomes too loose from all the cards and start falling out?", "is_submitter": false, "distinguished": null, "created_utc": 1647220547.0, "parent_id": "t3_tdk95h", "replies": []}, {"author": "AdobayAkeechayWah", "id": "i0khd1u", "score": 1, "subreddit": "BuyItForLife", "author_flair": null, "submission": "tdk95h", "stickied": false, "body": "https://decadentminimalist.com/\n\nI\u2019ve had one of these for a very long time", "is_submitter": false, "distinguished": null, "created_utc": 1647224122.0, "parent_id": "t3_tdk95h", "replies": []}, {"author": "___myrealname", "id": "i0lp5av", "score": 1, "subreddit": "BuyItForLife", "author_flair": null, "submission": "tdk95h", "stickied": false, "body": "I use the frenchie co. Speed wallet mini. Holds 10 cards with a small form factor. Genuine leather. Dont be fooled by the normal speed wallet, the mini holds more cards.", "is_submitter": false, "distinguished": null, "created_utc": 1647254812.0, "parent_id": "t3_tdk95h", "replies": []}, {"author": "a34e38d83c2648", "id": "i0m52vq", "score": 1, "subreddit": "BuyItForLife", "author_flair": null, "submission": "tdk95h", "stickied": false, "body": "i love my secrid [https://secrid.com/en-global/wallets/](https://secrid.com/en-global/wallets/)", "is_submitter": false, "distinguished": null, "created_utc": 1647264719.0, "parent_id": "t3_tdk95h", "replies": [{"author": "a34e38d83c2648", "id": "i0m5ks7", "score": 1, "subreddit": "BuyItForLife", "author_flair": null, "submission": "tdk95h", "stickied": false, "body": "the twin wallet holds around 10 cards https://secrid.com/en-global/shop/twinwallet/", "is_submitter": false, "distinguished": null, "created_utc": 1647264964.0, "parent_id": "t1_i0m52vq", "replies": []}]}, {"author": "k3liutZu", "id": "i0myl3l", "score": 1, "subreddit": "BuyItForLife", "author_flair": null, "submission": "tdk95h", "stickied": false, "body": "I recommend https://secrid.com/ \n\nEvent the standard one can hold 6 cards in the main RF protected slot and 2-4 in the adjacent leather slots.", "is_submitter": false, "distinguished": null, "created_utc": 1647277179.0, "parent_id": "t3_tdk95h", "replies": []}, {"author": "solo1181", "id": "i0o0ska", "score": 1, "subreddit": "BuyItForLife", "author_flair": null, "submission": "tdk95h", "stickied": false, "body": "This is what i have.  https://www.trayvax.com/products/original-2-0", "is_submitter": false, "distinguished": null, "created_utc": 1647292068.0, "parent_id": "t3_tdk95h", "replies": [{"author": "guywithajewfro", "id": "i0q88ut", "score": 1, "subreddit": "BuyItForLife", "author_flair": null, "submission": "tdk95h", "stickied": false, "body": "Love Trayvax, got mine last year when I replaced a worn-out pleather wallet I got a few years ago. Love that thing, it's nice and conpact, the whole thing can stretch out with the paracord, it's wonderful. Also a lot easier to clean off if it's near sick people.", "is_submitter": false, "distinguished": null, "created_utc": 1647334961.0, "parent_id": "t1_i0o0ska", "replies": []}]}, {"author": "petreauxtiger", "id": "i0pl2r0", "score": 1, "subreddit": "BuyItForLife", "author_flair": null, "submission": "tdk95h", "stickied": false, "body": "I have [this](https://www.colonellittleton.com/shop/leather-front-pocket-wallet-no33/) in different leather.  Wouldn't trade it for any wallet I've ever seen.  Mine has 2 RFID id badges, a weird little flat multitool, a ruler, 2 other ids, and insurance card in the top; 4 credit cards (2 metal, 2 plastic) and 2 bank cards in the bottom; and something like 10 bills doubled over in the cash flap.", "is_submitter": false, "distinguished": null, "created_utc": 1647317809.0, "parent_id": "t3_tdk95h", "replies": []}]}