{"title": "1983 Honda Express Scooter, almost 40 years old and still runs like new.", "name": "t3_gf9dty", "url": "https://i.imgur.com/t3vSTmH.jpg", "selftext": "", "score": 2595, "upvote_ratio": 0.98, "permalink": "/r/BuyItForLife/comments/gf9dty/1983_honda_express_scooter_almost_40_years_old/", "id": "gf9dty", "author": "beeedubs", "link_flair_text": null, "num_comments": 131, "over_18": false, "spoiler": false, "pinned": false, "locked": false, "distinguished": null, "created_utc": 1588867658.0, "comments": [{"author": "PidgePop", "id": "fps9c1s", "score": 304, "subreddit": "BuyItForLife", "author_flair": null, "submission": "gf9dty", "stickied": false, "body": "As someone who was born in \u201883, you saying the scooter is almost 40 years old really cut me to the core. \ud83d\ude06", "is_submitter": false, "distinguished": null, "created_utc": 1588869645.0, "parent_id": "t3_gf9dty", "replies": [{"author": "NinjaGrimlock", "id": "fpsslzw", "score": 47, "subreddit": "BuyItForLife", "author_flair": null, "submission": "gf9dty", "stickied": false, "body": "'81. Get off my lawn.", "is_submitter": false, "distinguished": null, "created_utc": 1588878925.0, "parent_id": "t1_fps9c1s", "replies": []}, {"author": "eggsaregreateh", "id": "fpsbish", "score": 24, "subreddit": "BuyItForLife", "author_flair": null, "submission": "gf9dty", "stickied": false, "body": "Same!!!", "is_submitter": false, "distinguished": null, "created_utc": 1588870684.0, "parent_id": "t1_fps9c1s", "replies": []}, {"author": "DejitaruFuro", "id": "fpsonfg", "score": 21, "subreddit": "BuyItForLife", "author_flair": null, "submission": "gf9dty", "stickied": false, "body": "84 checking in. Same feels \ud83d\ude2d", "is_submitter": false, "distinguished": null, "created_utc": 1588877005.0, "parent_id": "t1_fps9c1s", "replies": []}, {"author": "Goongagalunga", "id": "fpshe6s", "score": 13, "subreddit": "BuyItForLife", "author_flair": null, "submission": "gf9dty", "stickied": false, "body": "Same \ud83d\ude2d Dec 29, yo!", "is_submitter": false, "distinguished": null, "created_utc": 1588873511.0, "parent_id": "t1_fps9c1s", "replies": [{"author": "DELETED", "id": "fpucbik", "score": 11, "subreddit": "BuyItForLife", "author_flair": null, "submission": "gf9dty", "stickied": false, "body": "Hey, I think I know you! Could you tell me your mother's maiden name? (Just so I know it's really you)", "is_submitter": false, "distinguished": null, "created_utc": 1588909465.0, "parent_id": "t1_fpshe6s", "replies": []}]}, {"author": "DELETED", "id": "fpst55c", "score": 9, "subreddit": "BuyItForLife", "author_flair": null, "submission": "gf9dty", "stickied": false, "body": "[deleted]", "is_submitter": false, "distinguished": null, "created_utc": 1588879185.0, "parent_id": "t1_fps9c1s", "replies": [{"author": "geekrobot", "id": "fpu2jzd", "score": 3, "subreddit": "BuyItForLife", "author_flair": null, "submission": "gf9dty", "stickied": false, "body": "Me too! 83 les paul studio. You?", "is_submitter": false, "distinguished": null, "created_utc": 1588903300.0, "parent_id": "t1_fpst55c", "replies": []}]}, {"author": "seamore555", "id": "fptb276", "score": 6, "subreddit": "BuyItForLife", "author_flair": null, "submission": "gf9dty", "stickied": false, "body": "So this is what it feels like, when doves cry...", "is_submitter": false, "distinguished": null, "created_utc": 1588888013.0, "parent_id": "t1_fps9c1s", "replies": []}, {"author": "DELETED", "id": "fptn60g", "score": 6, "subreddit": "BuyItForLife", "author_flair": null, "submission": "gf9dty", "stickied": false, "body": "'88 here, but I got two artificial hips now so y'all can suck it", "is_submitter": false, "distinguished": null, "created_utc": 1588894405.0, "parent_id": "t1_fps9c1s", "replies": []}, {"author": "Motorsagen", "id": "fptr8j4", "score": 3, "subreddit": "BuyItForLife", "author_flair": null, "submission": "gf9dty", "stickied": false, "body": "Vintage '72. Like a fine wine, I just...", "is_submitter": false, "distinguished": null, "created_utc": 1588896646.0, "parent_id": "t1_fps9c1s", "replies": [{"author": "FriarNurgle", "id": "fptubwr", "score": 5, "subreddit": "BuyItForLife", "author_flair": null, "submission": "gf9dty", "stickied": false, "body": "Ditto but it\u2019s fine scotch over here.", "is_submitter": false, "distinguished": null, "created_utc": 1588898422.0, "parent_id": "t1_fptr8j4", "replies": [{"author": "yeetboy", "id": "fptuy7a", "score": 4, "subreddit": "BuyItForLife", "author_flair": null, "submission": "gf9dty", "stickied": false, "body": "\u201875. I\u2019m more of a smoky bourbon.", "is_submitter": false, "distinguished": null, "created_utc": 1588898779.0, "parent_id": "t1_fptubwr", "replies": [{"author": "FriarNurgle", "id": "fpu0egf", "score": 4, "subreddit": "BuyItForLife", "author_flair": null, "submission": "gf9dty", "stickied": false, "body": "You want smoky? I have a nice Ardbeg you can try.", "is_submitter": false, "distinguished": null, "created_utc": 1588902001.0, "parent_id": "t1_fptuy7a", "replies": []}]}]}]}, {"author": "padmasundari", "id": "fpssdt4", "score": 2, "subreddit": "BuyItForLife", "author_flair": null, "submission": "gf9dty", "stickied": false, "body": "Hah yeah same, I felt that.", "is_submitter": false, "distinguished": null, "created_utc": 1588878815.0, "parent_id": "t1_fps9c1s", "replies": []}, {"author": "LBJsPNS", "id": "fpsum2d", "score": 2, "subreddit": "BuyItForLife", "author_flair": null, "submission": "gf9dty", "stickied": false, "body": "Fast approaching half a century!", "is_submitter": false, "distinguished": null, "created_utc": 1588879887.0, "parent_id": "t1_fps9c1s", "replies": []}, {"author": "ijhtrsbils", "id": "fpsv2bh", "score": 2, "subreddit": "BuyItForLife", "author_flair": null, "submission": "gf9dty", "stickied": false, "body": "Sammmmeeeeee", "is_submitter": false, "distinguished": null, "created_utc": 1588880106.0, "parent_id": "t1_fps9c1s", "replies": []}, {"author": "nermyah", "id": "fpt0ybw", "score": 2, "subreddit": "BuyItForLife", "author_flair": null, "submission": "gf9dty", "stickied": false, "body": "Came here to say this!", "is_submitter": false, "distinguished": null, "created_utc": 1588882967.0, "parent_id": "t1_fps9c1s", "replies": []}, {"author": "dcormier", "id": "fptafwy", "score": 2, "subreddit": "BuyItForLife", "author_flair": null, "submission": "gf9dty", "stickied": false, "body": "I know, right?", "is_submitter": false, "distinguished": null, "created_utc": 1588887703.0, "parent_id": "t1_fps9c1s", "replies": []}, {"author": "TomMelee", "id": "fpu9hch", "score": 2, "subreddit": "BuyItForLife", "author_flair": null, "submission": "gf9dty", "stickied": false, "body": "I turned 40 the first weekend of lockdown. Pretty cool.", "is_submitter": false, "distinguished": null, "created_utc": 1588907609.0, "parent_id": "t1_fps9c1s", "replies": []}, {"author": "psicopbester", "id": "fpuaztz", "score": 2, "subreddit": "BuyItForLife", "author_flair": null, "submission": "gf9dty", "stickied": false, "body": "Fuck, I was mad. Born in 83 too.", "is_submitter": false, "distinguished": null, "created_utc": 1588908593.0, "parent_id": "t1_fps9c1s", "replies": []}, {"author": "LadyDiaphanous", "id": "fptdfml", "score": 1, "subreddit": "BuyItForLife", "author_flair": null, "submission": "gf9dty", "stickied": false, "body": "Ditto lol", "is_submitter": false, "distinguished": null, "created_utc": 1588889227.0, "parent_id": "t1_fps9c1s", "replies": []}, {"author": "claireylouise", "id": "fptitn2", "score": 1, "subreddit": "BuyItForLife", "author_flair": null, "submission": "gf9dty", "stickied": false, "body": "Same! \ud83d\ude2d", "is_submitter": false, "distinguished": null, "created_utc": 1588892045.0, "parent_id": "t1_fps9c1s", "replies": []}]}, {"author": "DELETED", "id": "fpsaubh", "score": 38, "subreddit": "BuyItForLife", "author_flair": null, "submission": "gf9dty", "stickied": false, "body": "[deleted]", "is_submitter": false, "distinguished": null, "created_utc": 1588870360.0, "parent_id": "t3_gf9dty", "replies": [{"author": "SexlessNights", "id": "fpstkhp", "score": 17, "subreddit": "BuyItForLife", "author_flair": null, "submission": "gf9dty", "stickied": false, "body": "I had a Grom which I believe is the same motor as the new c125s. I could do 70ish on the highway if I picked up a draft from a car. \n\nAwesome little bike.", "is_submitter": false, "distinguished": null, "created_utc": 1588879390.0, "parent_id": "t1_fpsaubh", "replies": [{"author": "DELETED", "id": "fpsvwzu", "score": 6, "subreddit": "BuyItForLife", "author_flair": null, "submission": "gf9dty", "stickied": false, "body": "[deleted]", "is_submitter": false, "distinguished": null, "created_utc": 1588880517.0, "parent_id": "t1_fpstkhp", "replies": [{"author": "SexlessNights", "id": "fpt2n6w", "score": 6, "subreddit": "BuyItForLife", "author_flair": null, "submission": "gf9dty", "stickied": false, "body": "Definitely does 40 without a problem. The struggle starts around 60 depending on weight. I would suggest maybe something bigger like a Tw200. That thing is a beast and will tackle anything you throw at it. Plus a nice used one can be bought for less than a new c125.", "is_submitter": false, "distinguished": null, "created_utc": 1588883797.0, "parent_id": "t1_fpsvwzu", "replies": [{"author": "Pattern_Is_Movement", "id": "fptnl96", "score": 6, "subreddit": "BuyItForLife", "author_flair": null, "submission": "gf9dty", "stickied": false, "body": "a buddy of mine had a Tw200 and on fast rides I was always surprised to see him right up with me off my wheel... he said that he basically rode it flat out the whole time.", "is_submitter": false, "distinguished": null, "created_utc": 1588894634.0, "parent_id": "t1_fpt2n6w", "replies": []}]}]}, {"author": "ProceedOrRun", "id": "fptgu4s", "score": 5, "subreddit": "BuyItForLife", "author_flair": null, "submission": "gf9dty", "stickied": false, "body": "I always wondered if I could fit on one. I'm around 6'2\" and 180 pounds or so.", "is_submitter": false, "distinguished": null, "created_utc": 1588890996.0, "parent_id": "t1_fpstkhp", "replies": [{"author": "SexlessNights", "id": "fpthkkj", "score": 5, "subreddit": "BuyItForLife", "author_flair": null, "submission": "gf9dty", "stickied": false, "body": "I don\u2019t think it would be comfortable. And you have to duck down onto the tank/bars to get moderate highway speed else the wind resistance bogs it down.", "is_submitter": false, "distinguished": null, "created_utc": 1588891382.0, "parent_id": "t1_fptgu4s", "replies": [{"author": "ProceedOrRun", "id": "fptrgg0", "score": 3, "subreddit": "BuyItForLife", "author_flair": null, "submission": "gf9dty", "stickied": false, "body": "Yeah, I think I'll stick to the Ninja 650 instead, it's a great all rounder.", "is_submitter": false, "distinguished": null, "created_utc": 1588896770.0, "parent_id": "t1_fpthkkj", "replies": []}]}, {"author": "Pattern_Is_Movement", "id": "fptnqf6", "score": 2, "subreddit": "BuyItForLife", "author_flair": null, "submission": "gf9dty", "stickied": false, "body": "Don't worry you would be just fine, its not meant for highway use, but for getting around town and some backroads now and then its just fine. I'm 6'5\" and fit on one just fine.", "is_submitter": false, "distinguished": null, "created_utc": 1588894712.0, "parent_id": "t1_fptgu4s", "replies": []}]}]}, {"author": "whitepk", "id": "fpsmz1p", "score": 6, "subreddit": "BuyItForLife", "author_flair": null, "submission": "gf9dty", "stickied": false, "body": "Had one of those for years. Same age, same colour. Bought it for \u00a355 and it cost almost nothing to run. Sometimes wish I still had it, even though I have no use for it.", "is_submitter": false, "distinguished": null, "created_utc": 1588876206.0, "parent_id": "t1_fpsaubh", "replies": []}, {"author": "Pattern_Is_Movement", "id": "fptngnv", "score": 5, "subreddit": "BuyItForLife", "author_flair": null, "submission": "gf9dty", "stickied": false, "body": "Dude its Honda, the reason its expensive for a \"small bike\" is because its made to the same high standards as every other machine they build (which are all on the expensive side as far as Japanese bikes are concerned). The reason the Cub's lasted forever is that they too were built to a higher standard. Your little C70 has a cam chain... and modern Harley's are still using pushrods.", "is_submitter": false, "distinguished": null, "created_utc": 1588894565.0, "parent_id": "t1_fpsaubh", "replies": [{"author": "DELETED", "id": "fptumh7", "score": 6, "subreddit": "BuyItForLife", "author_flair": null, "submission": "gf9dty", "stickied": false, "body": "[deleted]", "is_submitter": false, "distinguished": null, "created_utc": 1588898591.0, "parent_id": "t1_fptngnv", "replies": [{"author": "Pattern_Is_Movement", "id": "fpu5odf", "score": 3, "subreddit": "BuyItForLife", "author_flair": null, "submission": "gf9dty", "stickied": false, "body": "Exactly, I've had a lot of experience with different manufacturers as a mechanic, and Honda really does stand apart generally.", "is_submitter": false, "distinguished": null, "created_utc": 1588905213.0, "parent_id": "t1_fptumh7", "replies": []}]}]}, {"author": "Tiger955i", "id": "fpu57au", "score": 2, "subreddit": "BuyItForLife", "author_flair": null, "submission": "gf9dty", "stickied": false, "body": "C125 Super Cub and C70 Passport owner. \n\nMy SC will do 60, but not really comfortable for a sustained period of time. I think I\u2019ve gotten it up to 70 going downhill and full tuck. Riding position is very familiar to the c70, but you get improvements where it counts: fuel injection, real brakes, led lighting, a less glitchy 12v electrical system (compared to the 6v mess). I do miss the longer bench seat of the c70 though.", "is_submitter": false, "distinguished": null, "created_utc": 1588904916.0, "parent_id": "t1_fpsaubh", "replies": []}, {"author": "dont_remember_eatin", "id": "fpsvo66", "score": 1, "subreddit": "BuyItForLife", "author_flair": null, "submission": "gf9dty", "stickied": false, "body": "If you want something to do 60mph highways, look into a 250. \n\nI rode a Honda CBR250R for a couple of years, and I never felt like it was struggling or underpowered on the interstate. It could cruise all day at 70-80, and you could stretch it up to 90-95 if you were feeling froggy.", "is_submitter": false, "distinguished": null, "created_utc": 1588880399.0, "parent_id": "t1_fpsaubh", "replies": [{"author": "DELETED", "id": "fpsxyei", "score": 1, "subreddit": "BuyItForLife", "author_flair": null, "submission": "gf9dty", "stickied": false, "body": "[deleted]", "is_submitter": false, "distinguished": null, "created_utc": 1588881502.0, "parent_id": "t1_fpsvo66", "replies": []}]}]}, {"author": "PC_user22", "id": "fpshw84", "score": 36, "subreddit": "BuyItForLife", "author_flair": null, "submission": "gf9dty", "stickied": false, "body": "What most people dont know is that these little scooters (among other Honda models) are how Honda motorcycles makes most of its money. They sell like hotcakes in Asia; People even race them, and theyre very serious about it.", "is_submitter": false, "distinguished": null, "created_utc": 1588873751.0, "parent_id": "t3_gf9dty", "replies": [{"author": "someguy3", "id": "fptxj18", "score": 9, "subreddit": "BuyItForLife", "author_flair": null, "submission": "gf9dty", "stickied": false, "body": "I think China (?) banned gas scooters and requires them to be electric now. That'll be a trend.", "is_submitter": false, "distinguished": null, "created_utc": 1588900270.0, "parent_id": "t1_fpshw84", "replies": []}, {"author": "cjeam", "id": "fpsoipv", "score": -5, "subreddit": "BuyItForLife", "author_flair": null, "submission": "gf9dty", "stickied": false, "body": "Honda make _a lot_ of things, I kinda doubt these scooters are how they make most of their money. I\u2019m sure they\u2019re a very successful product line for them.", "is_submitter": false, "distinguished": null, "created_utc": 1588876943.0, "parent_id": "t1_fpshw84", "replies": [{"author": "PC_user22", "id": "fpsy273", "score": 24, "subreddit": "BuyItForLife", "author_flair": null, "submission": "gf9dty", "stickied": false, "body": "Honda MOTORCYCLES specifically. I looked it up before posting. You should too.", "is_submitter": false, "distinguished": null, "created_utc": 1588881553.0, "parent_id": "t1_fpsoipv", "replies": [{"author": "cjeam", "id": "fpt0s99", "score": 6, "subreddit": "BuyItForLife", "author_flair": null, "submission": "gf9dty", "stickied": false, "body": "Ahhhh fair", "is_submitter": false, "distinguished": null, "created_utc": 1588882885.0, "parent_id": "t1_fpsy273", "replies": []}, {"author": "theraf8100", "id": "fpu1a0q", "score": -1, "subreddit": "BuyItForLife", "author_flair": null, "submission": "gf9dty", "stickied": false, "body": "To be fair you did say \n\n> these little scooters (among other Honda models) are how Honda motorcycles makes most of its money.  \n\nWhich is just a weird statement.  It's like saying ford focuses (among it's other models) is how ford makes all it's money.  Well is that saying anything about how much they make on focuses?", "is_submitter": false, "distinguished": null, "created_utc": 1588902528.0, "parent_id": "t1_fpsy273", "replies": [{"author": "PC_user22", "id": "fpu3cdw", "score": 0, "subreddit": "BuyItForLife", "author_flair": null, "submission": "gf9dty", "stickied": false, "body": "If you go to Hondas website they have distinct divisions for motorcycles, automobiles, etc. All linked to their own websites. Its really not hard to understand how they have different divisions. A Ford Focus is not a different division from Ford; It's not the same thing at all. Do you understand?", "is_submitter": false, "distinguished": null, "created_utc": 1588903776.0, "parent_id": "t1_fpu1a0q", "replies": [{"author": "theraf8100", "id": "fpul36h", "score": -1, "subreddit": "BuyItForLife", "author_flair": null, "submission": "gf9dty", "stickied": false, "body": "> If you go to Hondas website they have distinct divisions for motorcycles, automobiles, etc. All linked to their own websites.\n\nWhat does that have to do with anything?   You said these little scooters make Honda most their money....o and a whole bunch of other vehicles.  I mean you literally said and other models which could mean any other vehicle they make.  But sure, lets limit it to the motorcycle division if you want to play that angle.  Then we can apply my simile to the focus and other cars ford makes. But still your statement should be able to stand on its own without what you slip in parenthesis.", "is_submitter": false, "distinguished": null, "created_utc": 1588915778.0, "parent_id": "t1_fpu3cdw", "replies": [{"author": "PC_user22", "id": "fpumx0e", "score": 1, "subreddit": "BuyItForLife", "author_flair": null, "submission": "gf9dty", "stickied": false, "body": "Looks like we have a Simple Jack here.", "is_submitter": false, "distinguished": null, "created_utc": 1588917269.0, "parent_id": "t1_fpul36h", "replies": [{"author": "theraf8100", "id": "fpvxpco", "score": 0, "subreddit": "BuyItForLife", "author_flair": null, "submission": "gf9dty", "stickied": false, "body": "Congratulations. You actually put together a sentence. I'm so proud of you. You're my special boy.", "is_submitter": false, "distinguished": null, "created_utc": 1588953699.0, "parent_id": "t1_fpumx0e", "replies": []}]}]}]}]}]}]}]}, {"author": "Nutsford", "id": "fpsd3px", "score": 11, "subreddit": "BuyItForLife", "author_flair": null, "submission": "gf9dty", "stickied": false, "body": "Every Honda ever.", "is_submitter": false, "distinguished": null, "created_utc": 1588871442.0, "parent_id": "t3_gf9dty", "replies": []}, {"author": "DELETED", "id": "fpsiy8d", "score": 8, "subreddit": "BuyItForLife", "author_flair": null, "submission": "gf9dty", "stickied": false, "body": "A friend of mine bought a 1974 or 1975 Honda CB 550. This was in the late 1990\u2019s. It had been sitting for 10 years at least the owner said. He bought a new battery, put gas in it, and it started right up. Honda.", "is_submitter": false, "distinguished": null, "created_utc": 1588874253.0, "parent_id": "t3_gf9dty", "replies": []}, {"author": "hetzerboy", "id": "fps8wih", "score": 22, "subreddit": "BuyItForLife", "author_flair": null, "submission": "gf9dty", "stickied": false, "body": "Nice scooter! I love those old scooters, there isn't much to them and its easy to fix. I have an 86 Honda spree that I use for around town. Parts are getting harder to find but its reliable.", "is_submitter": false, "distinguished": null, "created_utc": 1588869437.0, "parent_id": "t3_gf9dty", "replies": [{"author": "Pattern_Is_Movement", "id": "fptn9gy", "score": 5, "subreddit": "BuyItForLife", "author_flair": null, "submission": "gf9dty", "stickied": false, "body": "Its a motorcycle! (sorry I was a motorcycle mechanic for a while, there is a difference between a scooter, motorcycle, and moped)", "is_submitter": false, "distinguished": null, "created_utc": 1588894457.0, "parent_id": "t1_fps8wih", "replies": [{"author": "theraf8100", "id": "fpu1rss", "score": 4, "subreddit": "BuyItForLife", "author_flair": null, "submission": "gf9dty", "stickied": false, "body": "This little guy is a motorcycle?  What separates it?", "is_submitter": false, "distinguished": null, "created_utc": 1588902826.0, "parent_id": "t1_fptn9gy", "replies": [{"author": "Pattern_Is_Movement", "id": "fpu5jza", "score": 7, "subreddit": "BuyItForLife", "author_flair": null, "submission": "gf9dty", "stickied": false, "body": "The size of the engine doesn't relate to whether or not its a motorcycle. Plenty of 50cc pit bikes that are considered motorcycles.  A scooter will have a step through frame, and generally won't let you manually shift though the gears. A scooter will also generally have the engine attached to the swingarm. Lastly, anything with pedals that can propel the bike is a moped, basically an engine assisted bicycle.", "is_submitter": false, "distinguished": null, "created_utc": 1588905137.0, "parent_id": "t1_fpu1rss", "replies": []}]}]}]}, {"author": "outandinandabout", "id": "fpteciv", "score": 4, "subreddit": "BuyItForLife", "author_flair": null, "submission": "gf9dty", "stickied": false, "body": "Honda should bring these back.", "is_submitter": false, "distinguished": null, "created_utc": 1588889701.0, "parent_id": "t3_gf9dty", "replies": []}, {"author": "rantingpacifist", "id": "fpsnpvn", "score": 5, "subreddit": "BuyItForLife", "author_flair": null, "submission": "gf9dty", "stickied": false, "body": "I miss mine so much. I rode it 12 months a year at an unforgiving altitude and in all kinds of inclement weather. It was a 1978 yellow Honda 50cc beauty that was unfortunately stolen from the good friend I sold it to.\n\nPro tip: it fits at bike racks and you never have to buy a parking pass.", "is_submitter": false, "distinguished": null, "created_utc": 1588876561.0, "parent_id": "t3_gf9dty", "replies": [{"author": "jaubuchon", "id": "fpu6hpk", "score": 3, "subreddit": "BuyItForLife", "author_flair": null, "submission": "gf9dty", "stickied": false, "body": "I used to have a yamahopper, and would park it in bike racks all the time too lmao. It was un-stealable though because I was the only one who could figure out how to start the pos", "is_submitter": false, "distinguished": null, "created_utc": 1588905723.0, "parent_id": "t1_fpsnpvn", "replies": []}]}, {"author": "MustWarn0thers", "id": "fptvcqr", "score": 3, "subreddit": "BuyItForLife", "author_flair": null, "submission": "gf9dty", "stickied": false, "body": "These older Honda scooters are so dope. My parents used to be big into antique dealing and would do the big flea markets. My dad was selling a mint 80s Honda scooter and I used it all day to cruise around the flea market. I got asked about 200 times what I wanted for it, and my father eventually sold it later in the day. 14 year old me was super disappointed.\n\nDriving one of those things on grass is magical.", "is_submitter": false, "distinguished": null, "created_utc": 1588899008.0, "parent_id": "t3_gf9dty", "replies": [{"author": "Artric76", "id": "fpu4406", "score": 1, "subreddit": "BuyItForLife", "author_flair": null, "submission": "gf9dty", "stickied": false, "body": "Curious, what makes driving it on the grass magical?", "is_submitter": false, "distinguished": null, "created_utc": 1588904244.0, "parent_id": "t1_fptvcqr", "replies": [{"author": "MustWarn0thers", "id": "fpu4ehs", "score": 2, "subreddit": "BuyItForLife", "author_flair": null, "submission": "gf9dty", "stickied": false, "body": "Not really sure, it's just smooth.", "is_submitter": false, "distinguished": null, "created_utc": 1588904423.0, "parent_id": "t1_fpu4406", "replies": []}]}]}, {"author": "zap_p25", "id": "fpsancn", "score": 5, "subreddit": "BuyItForLife", "author_flair": null, "submission": "gf9dty", "stickied": false, "body": "Almost makes me want to post the '78 Trail 90 I've been riding on and off for since I was 12.", "is_submitter": false, "distinguished": null, "created_utc": 1588870269.0, "parent_id": "t3_gf9dty", "replies": []}, {"author": "xoomerfy", "id": "fpsk66x", "score": 4, "subreddit": "BuyItForLife", "author_flair": null, "submission": "gf9dty", "stickied": false, "body": "Stop it.  We are not almost 40.", "is_submitter": false, "distinguished": null, "created_utc": 1588874844.0, "parent_id": "t3_gf9dty", "replies": [{"author": "Hadtarespond", "id": "fpsnfbg", "score": 4, "subreddit": "BuyItForLife", "author_flair": null, "submission": "gf9dty", "stickied": false, "body": "Yes we are.", "is_submitter": false, "distinguished": null, "created_utc": 1588876422.0, "parent_id": "t1_fpsk66x", "replies": [{"author": "xoomerfy", "id": "fpsnij3", "score": 4, "subreddit": "BuyItForLife", "author_flair": null, "submission": "gf9dty", "stickied": false, "body": "We have 4 more years. And if we get trump it will probably feel like 20", "is_submitter": false, "distinguished": null, "created_utc": 1588876465.0, "parent_id": "t1_fpsnfbg", "replies": [{"author": "LadyDiaphanous", "id": "fpteeq6", "score": 3, "subreddit": "BuyItForLife", "author_flair": null, "submission": "gf9dty", "stickied": false, "body": ".. or three. . (\uff61\u256f\ufe35\u2570\uff61)", "is_submitter": false, "distinguished": null, "created_utc": 1588889733.0, "parent_id": "t1_fpsnij3", "replies": []}]}]}]}, {"author": "mistymountainbear", "id": "fps9va4", "score": 2, "subreddit": "BuyItForLife", "author_flair": null, "submission": "gf9dty", "stickied": false, "body": "Such great condition! Very cute! I can't believe I've never seen one before.", "is_submitter": false, "distinguished": null, "created_utc": 1588869897.0, "parent_id": "t3_gf9dty", "replies": []}, {"author": "Pigskinheadsandshaft", "id": "fpsjiph", "score": 2, "subreddit": "BuyItForLife", "author_flair": null, "submission": "gf9dty", "stickied": false, "body": "I have one of these Honda express I used to ride in high school (mid 2000's).  Bought a cylinder kit to upgrade from 49cc to 70cc.  Custom designed and built expansion chamber exhaust. Custom intake and pumper carb. It did 25mph stock. I got it up to 45mph.  Put out about 90 decibels at the pipe. I think some of my hearing loss can be attributed to that.....", "is_submitter": false, "distinguished": null, "created_utc": 1588874525.0, "parent_id": "t3_gf9dty", "replies": []}, {"author": "miggitymikeb", "id": "fpsv9fe", "score": 2, "subreddit": "BuyItForLife", "author_flair": null, "submission": "gf9dty", "stickied": false, "body": "Is this a scooter or a moped? I always thought these were called mopeds.", "is_submitter": false, "distinguished": null, "created_utc": 1588880202.0, "parent_id": "t3_gf9dty", "replies": [{"author": "eobanb", "id": "fpsweij", "score": 3, "subreddit": "BuyItForLife", "author_flair": null, "submission": "gf9dty", "stickied": false, "body": "It has a bit of both in its DNA. A lot of people call them nopeds (for 'no pedals').", "is_submitter": false, "distinguished": null, "created_utc": 1588880752.0, "parent_id": "t1_fpsv9fe", "replies": [{"author": "miggitymikeb", "id": "fpsx96d", "score": 1, "subreddit": "BuyItForLife", "author_flair": null, "submission": "gf9dty", "stickied": false, "body": "ah good to know. im not real big on them and wasn't sure. i knew the kind with pedals had gone by the wayside but thought that these tiny ones were still called mopeds. looks fun!", "is_submitter": false, "distinguished": null, "created_utc": 1588881164.0, "parent_id": "t1_fpsweij", "replies": []}]}]}, {"author": "FilthyHipsterScum", "id": "fpt8qm6", "score": 2, "subreddit": "BuyItForLife", "author_flair": null, "submission": "gf9dty", "stickied": false, "body": "wtf am I almost 40?", "is_submitter": false, "distinguished": null, "created_utc": 1588886841.0, "parent_id": "t3_gf9dty", "replies": []}, {"author": "PunctuationsOptional", "id": "fptc972", "score": 2, "subreddit": "BuyItForLife", "author_flair": null, "submission": "gf9dty", "stickied": false, "body": "How much you selling it for? Name your price", "is_submitter": false, "distinguished": null, "created_utc": 1588888621.0, "parent_id": "t3_gf9dty", "replies": []}, {"author": "Artric76", "id": "fptflvc", "score": 2, "subreddit": "BuyItForLife", "author_flair": null, "submission": "gf9dty", "stickied": false, "body": "But that\u2019s a moped.", "is_submitter": false, "distinguished": null, "created_utc": 1588890360.0, "parent_id": "t3_gf9dty", "replies": [{"author": "revnhoj", "id": "fpvx2xj", "score": 3, "subreddit": "BuyItForLife", "author_flair": null, "submission": "gf9dty", "stickied": false, "body": "not technically as it has no pedals", "is_submitter": false, "distinguished": null, "created_utc": 1588953383.0, "parent_id": "t1_fptflvc", "replies": [{"author": "Artric76", "id": "fpvz8ni", "score": 1, "subreddit": "BuyItForLife", "author_flair": null, "submission": "gf9dty", "stickied": false, "body": "Guess you\u2019re right. Looked like pedals.", "is_submitter": false, "distinguished": null, "created_utc": 1588954480.0, "parent_id": "t1_fpvx2xj", "replies": [{"author": "CrazyColin16", "id": "i2ygqta", "score": 1, "subreddit": "BuyItForLife", "author_flair": null, "submission": "gf9dty", "stickied": false, "body": "Noped", "is_submitter": false, "distinguished": null, "created_utc": 1648798996.0, "parent_id": "t1_fpvz8ni", "replies": []}]}]}]}, {"author": "DELETED", "id": "fptka0k", "score": 2, "subreddit": "BuyItForLife", "author_flair": null, "submission": "gf9dty", "stickied": false, "body": "German engineering gets a lot of praise but Japanese engineering should get just as much.", "is_submitter": false, "distinguished": null, "created_utc": 1588892829.0, "parent_id": "t3_gf9dty", "replies": [{"author": "PC_user22", "id": "fpundns", "score": 2, "subreddit": "BuyItForLife", "author_flair": null, "submission": "gf9dty", "stickied": false, "body": "Germans kind of invented the car. Japanese vehicles mostly get recognition for reliability. Although i have to say that is changing.", "is_submitter": false, "distinguished": null, "created_utc": 1588917656.0, "parent_id": "t1_fptka0k", "replies": []}]}, {"author": "stedun", "id": "fptyl4d", "score": 2, "subreddit": "BuyItForLife", "author_flair": null, "submission": "gf9dty", "stickied": false, "body": "Fuck a bus pass, you got a moped man!!!\n\nDOWNTOWN!", "is_submitter": false, "distinguished": null, "created_utc": 1588900904.0, "parent_id": "t3_gf9dty", "replies": []}, {"author": "Suadex", "id": "fpu1hx9", "score": 2, "subreddit": "BuyItForLife", "author_flair": null, "submission": "gf9dty", "stickied": false, "body": "Wow, '88 here.", "is_submitter": false, "distinguished": null, "created_utc": 1588902659.0, "parent_id": "t3_gf9dty", "replies": []}, {"author": "siler7", "id": "fpu1n2l", "score": 2, "subreddit": "BuyItForLife", "author_flair": null, "submission": "gf9dty", "stickied": false, "body": "Is this two or four stroke?", "is_submitter": false, "distinguished": null, "created_utc": 1588902746.0, "parent_id": "t3_gf9dty", "replies": [{"author": "revnhoj", "id": "fpvx40j", "score": 1, "subreddit": "BuyItForLife", "author_flair": null, "submission": "gf9dty", "stickied": false, "body": "2 smoke", "is_submitter": false, "distinguished": null, "created_utc": 1588953398.0, "parent_id": "t1_fpu1n2l", "replies": []}]}, {"author": "Darcylafont", "id": "fpufm5h", "score": 2, "subreddit": "BuyItForLife", "author_flair": null, "submission": "gf9dty", "stickied": false, "body": "I just picked up an 81 express for 100 bucks! Cool little toy, got my license plate in a week ago for it", "is_submitter": false, "distinguished": null, "created_utc": 1588911677.0, "parent_id": "t3_gf9dty", "replies": []}, {"author": "Courtaud", "id": "fps9x8u", "score": 3, "subreddit": "BuyItForLife", "author_flair": null, "submission": "gf9dty", "stickied": false, "body": "Sideboard: Can someone over 200 lbs ride one of these?", "is_submitter": false, "distinguished": null, "created_utc": 1588869924.0, "parent_id": "t3_gf9dty", "replies": [{"author": "ChokSokTe", "id": "fpsayo1", "score": 13, "subreddit": "BuyItForLife", "author_flair": null, "submission": "gf9dty", "stickied": false, "body": "Sure, just more slowly than your 150 pound friends.", "is_submitter": false, "distinguished": null, "created_utc": 1588870418.0, "parent_id": "t1_fps9x8u", "replies": []}, {"author": "niftyjack", "id": "fpsif8u", "score": 2, "subreddit": "BuyItForLife", "author_flair": null, "submission": "gf9dty", "stickied": false, "body": "I had one of these in red and am a broad framed, 250 pound man. It'll slow on hills, but on flat ground it never struggled to hit the 30 mph limiter.", "is_submitter": false, "distinguished": null, "created_utc": 1588874002.0, "parent_id": "t1_fps9x8u", "replies": [{"author": "converter-bot", "id": "fpsifrp", "score": 7, "subreddit": "BuyItForLife", "author_flair": null, "submission": "gf9dty", "stickied": false, "body": "30 mph is 48.28 km/h", "is_submitter": false, "distinguished": null, "created_utc": 1588874008.0, "parent_id": "t1_fpsif8u", "replies": []}]}, {"author": "rantingpacifist", "id": "fpsncjv", "score": 1, "subreddit": "BuyItForLife", "author_flair": null, "submission": "gf9dty", "stickied": false, "body": "Yep!", "is_submitter": false, "distinguished": null, "created_utc": 1588876387.0, "parent_id": "t1_fps9x8u", "replies": []}]}, {"author": "YorockPaperScissors", "id": "fpsj8ms", "score": 1, "subreddit": "BuyItForLife", "author_flair": null, "submission": "gf9dty", "stickied": false, "body": "Correct me if I am wrong, but isn't this a moped rather than a scooter?", "is_submitter": false, "distinguished": null, "created_utc": 1588874390.0, "parent_id": "t3_gf9dty", "replies": [{"author": "ksavage68", "id": "fpstanf", "score": 5, "subreddit": "BuyItForLife", "author_flair": null, "submission": "gf9dty", "stickied": false, "body": "Moped has pedals too. Scooter is motor only.", "is_submitter": false, "distinguished": null, "created_utc": 1588879257.0, "parent_id": "t1_fpsj8ms", "replies": [{"author": "YorockPaperScissors", "id": "fpuc5y0", "score": 1, "subreddit": "BuyItForLife", "author_flair": null, "submission": "gf9dty", "stickied": false, "body": "Is that not a pedal in the picture?", "is_submitter": false, "distinguished": null, "created_utc": 1588909365.0, "parent_id": "t1_fpstanf", "replies": [{"author": "ksavage68", "id": "fpuoa6j", "score": 1, "subreddit": "BuyItForLife", "author_flair": null, "submission": "gf9dty", "stickied": false, "body": "No it just looks that way, it\u2019s bolted down.", "is_submitter": false, "distinguished": null, "created_utc": 1588918421.0, "parent_id": "t1_fpuc5y0", "replies": []}]}, {"author": "DELETED", "id": "fptc4bd", "score": -2, "subreddit": "BuyItForLife", "author_flair": null, "submission": "gf9dty", "stickied": false, "body": "No, this is a moped, 50cc, automatic transmission. By what the USA calls them is a \"noped\".", "is_submitter": false, "distinguished": null, "created_utc": 1588888551.0, "parent_id": "t1_fpstanf", "replies": []}]}, {"author": "DELETED", "id": "fptc5tj", "score": 0, "subreddit": "BuyItForLife", "author_flair": null, "submission": "gf9dty", "stickied": false, "body": "It's a moped, people here don't seem to know much about them.", "is_submitter": false, "distinguished": null, "created_utc": 1588888572.0, "parent_id": "t1_fpsj8ms", "replies": [{"author": "Deinococcaceae", "id": "fptuy3n", "score": 2, "subreddit": "BuyItForLife", "author_flair": null, "submission": "gf9dty", "stickied": false, "body": "Wouldn't moped refer to something like a Hobbit that has pedals?", "is_submitter": false, "distinguished": null, "created_utc": 1588898777.0, "parent_id": "t1_fptc5tj", "replies": [{"author": "DELETED", "id": "fptwcx1", "score": 1, "subreddit": "BuyItForLife", "author_flair": null, "submission": "gf9dty", "stickied": false, "body": "No, moped definitions change on where you are / go, though they were first made in Europe. Just look up the European definition, I swear I have to tell people this daily.", "is_submitter": false, "distinguished": null, "created_utc": 1588899589.0, "parent_id": "t1_fptuy3n", "replies": [{"author": "Deinococcaceae", "id": "fptxvns", "score": 1, "subreddit": "BuyItForLife", "author_flair": null, "submission": "gf9dty", "stickied": false, "body": ">  Just look up the European definition, \n\n\" According to Douglas Harper, the Swedish terms originated from \"(trampcykel med) mo(tor och) ped(aler)\", which means \"pedal cycle with engine and pedals\"\n\nSeems fairly clear to me.", "is_submitter": false, "distinguished": null, "created_utc": 1588900481.0, "parent_id": "t1_fptwcx1", "replies": [{"author": "DELETED", "id": "fptynnm", "score": 1, "subreddit": "BuyItForLife", "author_flair": null, "submission": "gf9dty", "stickied": false, "body": "Look at the laws now, this is a noped. You have to have brain damage if you think for any fraction of a second that this is a scooter. It's a noped by USA standards, if you have questions go to r/moped, honestly I work on bikes like these (I used to own one, that's why it was legally registered as a moped by the state.) go look it up on r/moped.", "is_submitter": false, "distinguished": null, "created_utc": 1588900946.0, "parent_id": "t1_fptxvns", "replies": [{"author": "Deinococcaceae", "id": "fptysy3", "score": 1, "subreddit": "BuyItForLife", "author_flair": null, "submission": "gf9dty", "stickied": false, "body": "I never said it was scooter. \n\n>this is a noped\n\nI agree with this.", "is_submitter": false, "distinguished": null, "created_utc": 1588901035.0, "parent_id": "t1_fptynnm", "replies": [{"author": "DELETED", "id": "fptzqft", "score": 2, "subreddit": "BuyItForLife", "author_flair": null, "submission": "gf9dty", "stickied": false, "body": "Agreed, most of the time though in Europe they just classifiy them as mopeds regardless, most people in Germany that I know laugh at the word noped.", "is_submitter": false, "distinguished": null, "created_utc": 1588901596.0, "parent_id": "t1_fptysy3", "replies": []}]}]}]}]}]}, {"author": "revnhoj", "id": "fpvxbbz", "score": 2, "subreddit": "BuyItForLife", "author_flair": null, "submission": "gf9dty", "stickied": false, "body": "moped = MOtor PEDal\n\nEven if the laws call these 'mopeds' they really aren't MOPEDs.", "is_submitter": false, "distinguished": null, "created_utc": 1588953502.0, "parent_id": "t1_fptc5tj", "replies": [{"author": "DELETED", "id": "fpwe398", "score": 2, "subreddit": "BuyItForLife", "author_flair": null, "submission": "gf9dty", "stickied": false, "body": "It's a noped, a moped without pedels.", "is_submitter": false, "distinguished": null, "created_utc": 1588961829.0, "parent_id": "t1_fpvxbbz", "replies": []}]}]}]}, {"author": "Fuuxd", "id": "fpt9e3j", "score": 1, "subreddit": "BuyItForLife", "author_flair": null, "submission": "gf9dty", "stickied": false, "body": "Is it for daily use? Has the seat been repaired or changed? Looks mint my guy", "is_submitter": false, "distinguished": null, "created_utc": 1588887169.0, "parent_id": "t3_gf9dty", "replies": []}, {"author": "DELETED", "id": "fptbyo7", "score": 1, "subreddit": "BuyItForLife", "author_flair": null, "submission": "gf9dty", "stickied": false, "body": "Definitely a noped, not a scooter, still very nice, I used to have a few of them and work on mopeds/ nopeds all the time. They are great.", "is_submitter": false, "distinguished": null, "created_utc": 1588888470.0, "parent_id": "t3_gf9dty", "replies": []}, {"author": "ilikemyeggsovereasy", "id": "fptr4vz", "score": 1, "subreddit": "BuyItForLife", "author_flair": null, "submission": "gf9dty", "stickied": false, "body": "That there is a treasure.", "is_submitter": false, "distinguished": null, "created_utc": 1588896589.0, "parent_id": "t3_gf9dty", "replies": []}, {"author": "Artric76", "id": "fptr8jq", "score": 1, "subreddit": "BuyItForLife", "author_flair": null, "submission": "gf9dty", "stickied": false, "body": "Is this 2-stroke? What does it top out at, like 35?", "is_submitter": false, "distinguished": null, "created_utc": 1588896646.0, "parent_id": "t3_gf9dty", "replies": [{"author": "64BbuB1aVYPt", "id": "fptuk2p", "score": 0, "subreddit": "BuyItForLife", "author_flair": null, "submission": "gf9dty", "stickied": false, "body": "It\u2019s 4 stroke", "is_submitter": false, "distinguished": null, "created_utc": 1588898552.0, "parent_id": "t1_fptr8jq", "replies": [{"author": "Artric76", "id": "fptupy7", "score": 2, "subreddit": "BuyItForLife", "author_flair": null, "submission": "gf9dty", "stickied": false, "body": "Is it? My ex\u2019s spree from this era was a 2.", "is_submitter": false, "distinguished": null, "created_utc": 1588898647.0, "parent_id": "t1_fptuk2p", "replies": []}, {"author": "Artric76", "id": "fptwcr8", "score": 2, "subreddit": "BuyItForLife", "author_flair": null, "submission": "gf9dty", "stickied": false, "body": "I don\u2019t seem to see anywhere online that says the express came with a 4 stroke. They all say 2 stroke air cooled.", "is_submitter": false, "distinguished": null, "created_utc": 1588899586.0, "parent_id": "t1_fptuk2p", "replies": []}, {"author": "revnhoj", "id": "fpvxdva", "score": 1, "subreddit": "BuyItForLife", "author_flair": null, "submission": "gf9dty", "stickied": false, "body": "it is not", "is_submitter": false, "distinguished": null, "created_utc": 1588953537.0, "parent_id": "t1_fptuk2p", "replies": []}]}]}, {"author": "someguy3", "id": "fptxm3m", "score": 1, "subreddit": "BuyItForLife", "author_flair": null, "submission": "gf9dty", "stickied": false, "body": "I'm curious how loud is it?", "is_submitter": false, "distinguished": null, "created_utc": 1588900321.0, "parent_id": "t3_gf9dty", "replies": [{"author": "markydsade", "id": "fpvmkem", "score": 3, "subreddit": "BuyItForLife", "author_flair": null, "submission": "gf9dty", "stickied": false, "body": "They\u2019re pretty quiet. I had one for years.", "is_submitter": false, "distinguished": null, "created_utc": 1588947770.0, "parent_id": "t1_fptxm3m", "replies": []}]}, {"author": "_innominate_", "id": "fpu6fzb", "score": 1, "subreddit": "BuyItForLife", "author_flair": null, "submission": "gf9dty", "stickied": false, "body": "I would if I could, I want a scooter.", "is_submitter": false, "distinguished": null, "created_utc": 1588905692.0, "parent_id": "t3_gf9dty", "replies": []}, {"author": "hugepandahugs", "id": "fpu9874", "score": 1, "subreddit": "BuyItForLife", "author_flair": null, "submission": "gf9dty", "stickied": false, "body": "This is awesome now I want an electric bike..", "is_submitter": false, "distinguished": null, "created_utc": 1588907448.0, "parent_id": "t3_gf9dty", "replies": []}, {"author": "Akash17", "id": "fpum5x3", "score": 1, "subreddit": "BuyItForLife", "author_flair": null, "submission": "gf9dty", "stickied": false, "body": "I gots a 82, two gears 100 mpg such peppy!", "is_submitter": false, "distinguished": null, "created_utc": 1588916655.0, "parent_id": "t3_gf9dty", "replies": []}, {"author": "zjhelensimpson", "id": "fpv01jf", "score": 1, "subreddit": "BuyItForLife", "author_flair": null, "submission": "gf9dty", "stickied": false, "body": "Looks so nice , cool scooter.", "is_submitter": false, "distinguished": null, "created_utc": 1588929917.0, "parent_id": "t3_gf9dty", "replies": []}, {"author": "Effet_Ralgan", "id": "fpv64rz", "score": 1, "subreddit": "BuyItForLife", "author_flair": null, "submission": "gf9dty", "stickied": false, "body": "I drive a sport bike but having this kind of bike is one of my secret dreams. I want to put a bowl helmet and going to the bakery to buy a baguette on a shiny sunday morning with it.", "is_submitter": false, "distinguished": null, "created_utc": 1588936210.0, "parent_id": "t3_gf9dty", "replies": []}, {"author": "whoisfourthwall", "id": "fpvfegf", "score": 1, "subreddit": "BuyItForLife", "author_flair": null, "submission": "gf9dty", "stickied": false, "body": "Japanese products, our asian germans.", "is_submitter": false, "distinguished": null, "created_utc": 1588943554.0, "parent_id": "t3_gf9dty", "replies": []}, {"author": "Pewpewpachooooo", "id": "frmfh3g", "score": 1, "subreddit": "BuyItForLife", "author_flair": null, "submission": "gf9dty", "stickied": false, "body": "Can I buy it?", "is_submitter": false, "distinguished": null, "created_utc": 1590299434.0, "parent_id": "t3_gf9dty", "replies": []}, {"author": "celi0s", "id": "fpse377", "score": 0, "subreddit": "BuyItForLife", "author_flair": null, "submission": "gf9dty", "stickied": false, "body": "37 is not almost 40", "is_submitter": false, "distinguished": null, "created_utc": 1588871914.0, "parent_id": "t3_gf9dty", "replies": [{"author": "Hadtarespond", "id": "fpsnaj1", "score": 7, "subreddit": "BuyItForLife", "author_flair": null, "submission": "gf9dty", "stickied": false, "body": "37 is literally almost 40.", "is_submitter": false, "distinguished": null, "created_utc": 1588876360.0, "parent_id": "t1_fpse377", "replies": []}, {"author": "64BbuB1aVYPt", "id": "fptuktn", "score": 1, "subreddit": "BuyItForLife", "author_flair": null, "submission": "gf9dty", "stickied": false, "body": "In what universe?", "is_submitter": false, "distinguished": null, "created_utc": 1588898564.0, "parent_id": "t1_fpse377", "replies": []}]}, {"author": "mcdermap", "id": "fpsj11b", "score": 1, "subreddit": "BuyItForLife", "author_flair": null, "submission": "gf9dty", "stickied": false, "body": "Don't get me wrong; I love simple old motorbikes. How many miles and rebuilds on this BFL thing?", "is_submitter": false, "distinguished": null, "created_utc": 1588874291.0, "parent_id": "t3_gf9dty", "replies": [{"author": "revnhoj", "id": "fpt6ktw", "score": 3, "subreddit": "BuyItForLife", "author_flair": null, "submission": "gf9dty", "stickied": false, "body": "Yeah we're still waiting for that minor detail", "is_submitter": false, "distinguished": null, "created_utc": 1588885758.0, "parent_id": "t1_fpsj11b", "replies": []}]}, {"author": "wikigreenwood82", "id": "fptmnj8", "score": 1, "subreddit": "BuyItForLife", "author_flair": null, "submission": "gf9dty", "stickied": false, "body": "as a thirty eight year old person I take exception *almost forty*", "is_submitter": false, "distinguished": null, "created_utc": 1588894126.0, "parent_id": "t3_gf9dty", "replies": [{"author": "Artric76", "id": "fptnjf8", "score": 1, "subreddit": "BuyItForLife", "author_flair": null, "submission": "gf9dty", "stickied": false, "body": "It\u2019s younger than us.", "is_submitter": false, "distinguished": null, "created_utc": 1588894607.0, "parent_id": "t1_fptmnj8", "replies": []}]}, {"author": "revnhoj", "id": "fpsfr9i", "score": -3, "subreddit": "BuyItForLife", "author_flair": null, "submission": "gf9dty", "stickied": false, "body": "I'm trying to understand the point of posts like this, the pristine 70s westfalia and that old Chrylser hemi generator - should we be trying to find these? Are they impressive because they're old but perfectly maintained and still work? Pretty much anything will last if it's essentially bubble wrapped. I can assure you this scooter is not a typical example one finds in the wild nowadays", "is_submitter": false, "distinguished": null, "created_utc": 1588872720.0, "parent_id": "t3_gf9dty", "replies": [{"author": "beeedubs", "id": "fpsg6pm", "score": 6, "subreddit": "BuyItForLife", "author_flair": null, "submission": "gf9dty", "stickied": false, "body": "I\u2019ve owned it for 16 years, bought it off an old gentleman who had taken great care of it, and I\u2019ve maintained it as well. It hasn\u2019t been bubble wrapped, it\u2019s seen regular use every summer , just well maintained, and has required essentially zero service/maintenance .", "is_submitter": true, "distinguished": null, "created_utc": 1588872926.0, "parent_id": "t1_fpsfr9i", "replies": [{"author": "revnhoj", "id": "fpshbti", "score": 1, "subreddit": "BuyItForLife", "author_flair": null, "submission": "gf9dty", "stickied": false, "body": "Curious how many miles it has on it? By the looks of the pegs it looks hardly ridden. Sorry if I seem to come off slamming this (I've owned a couple expresses myself and loved them) but not seeing how this is something that is BIFL. \n\nThe expresses were nice but have all the common 2 smoke issues. Having had literally dozens of scooters and motorcycles of many kinds I'd say a Honda Metropolitan would be one I'd recommend for BIFL", "is_submitter": false, "distinguished": null, "created_utc": 1588873479.0, "parent_id": "t1_fpsg6pm", "replies": []}]}, {"author": "FatchRacall", "id": "fpsib7f", "score": 2, "subreddit": "BuyItForLife", "author_flair": null, "submission": "gf9dty", "stickied": false, "body": "BIFL is more of a humblebrag sub these days.  There's some awesome advice here and there but survivor bias plays a huge role.  Sure, you've got this 40 year old scooter that looks great.  Go on craigslist and you'll see dozens in even a smaller city for sale \"for parts\" because the frame is buckled, the engine is rusted solid, the gas tank has a hole in it, etc.", "is_submitter": false, "distinguished": null, "created_utc": 1588873948.0, "parent_id": "t1_fpsfr9i", "replies": [{"author": "revnhoj", "id": "fpsjvct", "score": 1, "subreddit": "BuyItForLife", "author_flair": null, "submission": "gf9dty", "stickied": false, "body": "Yeah I found a couple express scooters exactly like this one a couple years ago and was quite excited since they weren't total trash heaps. They did need tank lining and all the rubber replaced but that's to be expected with any 40+ year old... pretty much anything. \n\nThe only real BIFL items I really see are super simple devices like sewing machines and other things with little to no rubber parts", "is_submitter": false, "distinguished": null, "created_utc": 1588874697.0, "parent_id": "t1_fpsib7f", "replies": [{"author": "Hadtarespond", "id": "fpsnmar", "score": 1, "subreddit": "BuyItForLife", "author_flair": null, "submission": "gf9dty", "stickied": false, "body": "Did you really just say that a sewing machine is super simple?", "is_submitter": false, "distinguished": null, "created_utc": 1588876514.0, "parent_id": "t1_fpsjvct", "replies": [{"author": "revnhoj", "id": "fpsohi3", "score": 0, "subreddit": "BuyItForLife", "author_flair": null, "submission": "gf9dty", "stickied": false, "body": "In my opinion at least they are really simple. They're just a bunch of durable mechanical linkages. Just a little bit of oil will keep the metal ones lasting literally for centuries.", "is_submitter": false, "distinguished": null, "created_utc": 1588876927.0, "parent_id": "t1_fpsnmar", "replies": []}]}]}]}, {"author": "Lurkndog", "id": "fpsj2c8", "score": 1, "subreddit": "BuyItForLife", "author_flair": null, "submission": "gf9dty", "stickied": false, "body": "Yeah, but the Honda will last 40 years of actual use and not break down, unless you back a truck over it or leave it outdoors to rust.", "is_submitter": false, "distinguished": null, "created_utc": 1588874309.0, "parent_id": "t1_fpsfr9i", "replies": []}]}, {"author": "EatsHisYoung", "id": "fpu4e68", "score": 0, "subreddit": "BuyItForLife", "author_flair": null, "submission": "gf9dty", "stickied": false, "body": "37 is not almost 40. I know because I\u2019m almost 36.", "is_submitter": false, "distinguished": null, "created_utc": 1588904417.0, "parent_id": "t3_gf9dty", "replies": []}]}