{"title": "Looking For a Versitile Jacket", "name": "t3_u8qm5f", "url": "https://www.reddit.com/r/BuyItForLife/comments/u8qm5f/looking_for_a_versitile_jacket/", "selftext": "I (male) am looking for jacket that I'd be able to wear year round during the colder spring days or able to wear it with layers during the winter with an additional jacket or liner. But I can wear with casual/work clothes but with a few pockets and without a hood. I'd prefer if it is waterproof or resistant material but I don't mind if it has to be waxed.", "score": 6, "upvote_ratio": 1.0, "permalink": "/r/BuyItForLife/comments/u8qm5f/looking_for_a_versitile_jacket/", "id": "u8qm5f", "author": "blackknightbastard", "link_flair_text": "[Request]", "num_comments": 7, "over_18": false, "spoiler": false, "pinned": false, "locked": false, "distinguished": null, "created_utc": 1650556057.0, "comments": [{"author": "Zelgax", "id": "i5mowr8", "score": 6, "subreddit": "BuyItForLife", "author_flair": null, "submission": "u8qm5f", "stickied": false, "body": "Barbour makes some stuff like that, alot of water proof stuff from the likes of Arc'Teryx and Patagonia are almost always going to have a hood.\n\nEdit: upon further searching they're are actually a couple I was unaware of, https://arcteryx.com/us/en/shop/mens/solano-jacket\nI can't really attest to the longevity of this jacket, but arc has a good rep non the less, and it's worth checking out.", "is_submitter": false, "distinguished": null, "created_utc": 1650556163.0, "parent_id": "t3_u8qm5f", "replies": [{"author": "baerinatux", "id": "i5oxc0q", "score": 3, "subreddit": "BuyItForLife", "author_flair": null, "submission": "u8qm5f", "stickied": false, "body": "Came to say Barbour. Just found one at a thrift store from the 80s. One small hole that needs patching and I need to put a fresh coat of wax, but it still looks and works amazing.", "is_submitter": false, "distinguished": null, "created_utc": 1650589802.0, "parent_id": "t1_i5mowr8", "replies": []}, {"author": "johnbell", "id": "i5rdhit", "score": 2, "subreddit": "BuyItForLife", "author_flair": null, "submission": "u8qm5f", "stickied": false, "body": "I have an 8 year old barbour. Worth every penny.", "is_submitter": false, "distinguished": null, "created_utc": 1650641456.0, "parent_id": "t1_i5mowr8", "replies": []}]}, {"author": "weedergriffin", "id": "i5mqy47", "score": 2, "subreddit": "BuyItForLife", "author_flair": null, "submission": "u8qm5f", "stickied": false, "body": "Barbour, Filson", "is_submitter": false, "distinguished": null, "created_utc": 1650556944.0, "parent_id": "t3_u8qm5f", "replies": []}, {"author": "Tyson209355", "id": "i5o0gq8", "score": 1, "subreddit": "BuyItForLife", "author_flair": null, "submission": "u8qm5f", "stickied": false, "body": "I just got a Tom Beckbe Tensaw jacket and love it.", "is_submitter": false, "distinguished": null, "created_utc": 1650574855.0, "parent_id": "t3_u8qm5f", "replies": []}, {"author": "ward9421", "id": "i5pro5e", "score": 1, "subreddit": "BuyItForLife", "author_flair": null, "submission": "u8qm5f", "stickied": false, "body": "Dri duck", "is_submitter": false, "distinguished": null, "created_utc": 1650605691.0, "parent_id": "t3_u8qm5f", "replies": []}, {"author": "e-ck", "id": "i5zrcpr", "score": 1, "subreddit": "BuyItForLife", "author_flair": null, "submission": "u8qm5f", "stickied": false, "body": "I have a Barbour Northumbria - it\u2019s a thornproof waxed jacket. And it is 20+ years old, and still looks like new. I\u2019ve rewaxed it myself every 1-2 years. Totally waterproof and can be combined with a button snap-on hood for head protection.\n\nBarbour provides a repair service too - [Barbour - Wear for life](https://youtu.be/FQ7BMbRb5Ak)", "is_submitter": false, "distinguished": null, "created_utc": 1650803236.0, "parent_id": "t3_u8qm5f", "replies": []}]}