{"title": "Office-appropriate full-zip fleece jacket/sweatshirt?", "name": "t3_tc6b6m", "url": "https://www.reddit.com/r/BuyItForLife/comments/tc6b6m/officeappropriate_fullzip_fleece_jacketsweatshirt/", "selftext": "Hey all! My office is freezing cold year-round, so I like to wear a nice, business-casual zip-up overlayer while at work.\n\nI've been wearing the same LL Bean fleece for 5 or 6 years now, and it's starting to look a little ratty, so I'm in the market for a replacement. Any suggestions?\n\nLooking for plain, business casual-appropriate. Thinking about one of those American Giant bomber-jacket type things (they call it a \"moto\"), but I'm worried it might look too much like athletic wear. Anyone have any other recommendations? Thanks!", "score": 6, "upvote_ratio": 1.0, "permalink": "/r/BuyItForLife/comments/tc6b6m/officeappropriate_fullzip_fleece_jacketsweatshirt/", "id": "tc6b6m", "author": "Brian_MPLS", "link_flair_text": "[Request]", "num_comments": 13, "over_18": false, "spoiler": false, "pinned": false, "locked": false, "distinguished": null, "created_utc": 1647051869.0, "comments": [{"author": "regaphysics", "id": "i0brpi6", "score": 27, "subreddit": "BuyItForLife", "author_flair": null, "submission": "tc6b6m", "stickied": false, "body": "Patagonia better sweater", "is_submitter": false, "distinguished": null, "created_utc": 1647055094.0, "parent_id": "t3_tc6b6m", "replies": [{"author": "lunaloubean", "id": "i0bw8wq", "score": 3, "subreddit": "BuyItForLife", "author_flair": null, "submission": "tc6b6m", "stickied": false, "body": "I second this suggestion.", "is_submitter": false, "distinguished": null, "created_utc": 1647057531.0, "parent_id": "t1_i0brpi6", "replies": [{"author": "Ellenpb", "id": "i0dou1g", "score": 3, "subreddit": "BuyItForLife", "author_flair": null, "submission": "tc6b6m", "stickied": false, "body": "I third it.  They're warm and light, come in several versions (full zip jacket sounds like what you want; the collar makes it look a little nicer than a hoodie), and you can probably find some on sale around this time of year as they clear out last season's colors.\n\nI have this jacket in at least 6 colors.", "is_submitter": false, "distinguished": null, "created_utc": 1647100551.0, "parent_id": "t1_i0bw8wq", "replies": []}]}, {"author": "Weirdoboogers", "id": "i12hj1q", "score": 1, "subreddit": "BuyItForLife", "author_flair": null, "submission": "tc6b6m", "stickied": false, "body": "Came here to say this. Have one I\u2019ve worn almost every single day, all day for the past five +/- years. Still looks shockingly nice given the use and abuse it\u2018s seen. Actually wearing it now as I type this \ud83d\ude01", "is_submitter": false, "distinguished": null, "created_utc": 1647550638.0, "parent_id": "t1_i0brpi6", "replies": []}]}, {"author": "Cooterbrown911", "id": "i0blrp1", "score": 11, "subreddit": "BuyItForLife", "author_flair": null, "submission": "tc6b6m", "stickied": false, "body": "Arcteryx covert?", "is_submitter": false, "distinguished": null, "created_utc": 1647051995.0, "parent_id": "t3_tc6b6m", "replies": []}, {"author": "kurlyka", "id": "i0bnths", "score": 4, "subreddit": "BuyItForLife", "author_flair": null, "submission": "tc6b6m", "stickied": false, "body": "I love this one. I\u2019ve had it for 2 years and it washes really well. No pilling. MARMOT Women's Flashpoint https://www.amazon.com/dp/B0001N5Y84/ref=cm_sw_r_cp_api_glt_i_16V21V5GJWEMH8KF1XXG?_encoding=UTF8&psc=1", "is_submitter": false, "distinguished": null, "created_utc": 1647053054.0, "parent_id": "t3_tc6b6m", "replies": [{"author": "msmithuf09", "id": "i0bo0kq", "score": 1, "subreddit": "BuyItForLife", "author_flair": null, "submission": "tc6b6m", "stickied": false, "body": "Marmot makes great stuff for the money. The above arcteryx advice is solid but a fortune but lasts forever.", "is_submitter": false, "distinguished": null, "created_utc": 1647053159.0, "parent_id": "t1_i0bnths", "replies": []}]}, {"author": "63matic", "id": "i0bnwxb", "score": 2, "subreddit": "BuyItForLife", "author_flair": null, "submission": "tc6b6m", "stickied": false, "body": "If you want sweat shirts dehen 1920 makes cotton ones and wool ones great quality they also make other items sweaters jackets etc ,see if you can get em on sale or use the email discount cuz 300 for the wool one is a bit much. Millworks has mens cotton crewnecks for 100 ish 20oz slim fit very nice and warm but looks great with jeans at office", "is_submitter": false, "distinguished": null, "created_utc": 1647053105.0, "parent_id": "t3_tc6b6m", "replies": []}, {"author": "einsq84", "id": "i0cgynl", "score": 2, "subreddit": "BuyItForLife", "author_flair": null, "submission": "tc6b6m", "stickied": false, "body": "I can recommend icebreaker merino jackets. You can wear merino in summer or winter conditions and it is warming when cold and cooling when hot. \n\nSome styles are wearalbe in the office/business enviroment.", "is_submitter": false, "distinguished": null, "created_utc": 1647071158.0, "parent_id": "t3_tc6b6m", "replies": []}, {"author": "JEMColorado", "id": "i0bow9j", "score": 1, "subreddit": "BuyItForLife", "author_flair": null, "submission": "tc6b6m", "stickied": false, "body": "This is good stuff, although expensive. I look for used pieces on eBay, etc:\nhttps://voormi.com/collections/womens-midlayers", "is_submitter": false, "distinguished": null, "created_utc": 1647053614.0, "parent_id": "t3_tc6b6m", "replies": []}, {"author": "whackkk100", "id": "i0fk26h", "score": 1, "subreddit": "BuyItForLife", "author_flair": null, "submission": "tc6b6m", "stickied": false, "body": "If it has a zipper it\u2019s probably not business casual. \n\nSuggest Spier and MacKay down vests.", "is_submitter": false, "distinguished": null, "created_utc": 1647129528.0, "parent_id": "t3_tc6b6m", "replies": []}, {"author": "whitelimousine", "id": "i0h243l", "score": 1, "subreddit": "BuyItForLife", "author_flair": null, "submission": "tc6b6m", "stickied": false, "body": "Patagonia Synchilla or \nMARS if you wanna flex", "is_submitter": false, "distinguished": null, "created_utc": 1647162359.0, "parent_id": "t3_tc6b6m", "replies": []}, {"author": "generaalalcazar", "id": "i0o6gvt", "score": 1, "subreddit": "BuyItForLife", "author_flair": null, "submission": "tc6b6m", "stickied": false, "body": "For the office I would suggest some\neuropian brands. Boggi is an italian brand that makes good quality clothing, and their b-tech line does have some really classy looking sweatshirts. I own severeal items like a meriono hoody vest that is on sale. There is also a spanish brand named ecoalf that makes good quality sweatshirts. Good luck to You! Greetings from the Netherlands.", "is_submitter": false, "distinguished": null, "created_utc": 1647294490.0, "parent_id": "t3_tc6b6m", "replies": []}]}