{"title": "25 years ago I bought myself an end grain chopping board, still scrubs up as good as new. Daily use and it\u2019s going to out last me", "name": "t3_gsn95r", "url": "https://i.redd.it/mco9spftan151.jpg", "selftext": "", "score": 3912, "upvote_ratio": 0.98, "permalink": "/r/BuyItForLife/comments/gsn95r/25_years_ago_i_bought_myself_an_end_grain/", "id": "gsn95r", "author": "buzz_uk", "link_flair_text": "Kitchen", "num_comments": 206, "over_18": false, "spoiler": false, "pinned": false, "locked": false, "distinguished": null, "created_utc": 1590732492.0, "comments": [{"author": "DELETED", "id": "fs6c6ib", "score": 137, "subreddit": "BuyItForLife", "author_flair": null, "submission": "gsn95r", "stickied": false, "body": "I ordered a large, thick Boos end grain for my son a few months ago. I had heard it was a great company. First one had serious flaws. Replacement's flaws were so bad it made me wish I had kept the first one. Wish I had bought one 25 years ago!", "is_submitter": false, "distinguished": null, "created_utc": 1590734860.0, "parent_id": "t3_gsn95r", "replies": [{"author": "Vestarann", "id": "fs6oaon", "score": 41, "subreddit": "BuyItForLife", "author_flair": null, "submission": "gsn95r", "stickied": false, "body": "Was going to order a Boos until I did my research. Ended up with a \"BoardSmith Carolina Slab\" and it's absolutely amazing.", "is_submitter": false, "distinguished": null, "created_utc": 1590745889.0, "parent_id": "t1_fs6c6ib", "replies": [{"author": "DELETED", "id": "fs73xlw", "score": 7, "subreddit": "BuyItForLife", "author_flair": null, "submission": "gsn95r", "stickied": false, "body": "Thanks for the info. I hope they have a brick and mortar store! After our disastrous experience where I had to pay return shipping and end up with no board, I am gonna travel to get the next one.", "is_submitter": false, "distinguished": null, "created_utc": 1590758353.0, "parent_id": "t1_fs6oaon", "replies": [{"author": "UseDaSchwartz", "id": "fs7wm1u", "score": 19, "subreddit": "BuyItForLife", "author_flair": null, "submission": "gsn95r", "stickied": false, "body": "Try to find a local woodworker with a smaller shop. It'll most likely be much better than a mass produced Boos Block. They'll probably be willing to fix anything that goes wrong...unless it looks like you put it in the dishwasher. \n\nI make them for gifts. Anytime I'm over someone's house, who has one, I try to look at it as closely and inconspicuously as possible to see how it's holding up.", "is_submitter": false, "distinguished": null, "created_utc": 1590772674.0, "parent_id": "t1_fs73xlw", "replies": [{"author": "qpaws", "id": "ft8jy0r", "score": 1, "subreddit": "BuyItForLife", "author_flair": null, "submission": "gsn95r", "stickied": false, "body": "How old is the oldest one? How\u2019s it holding up? And how would one go about repairing something like this?", "is_submitter": false, "distinguished": null, "created_utc": 1591502964.0, "parent_id": "t1_fs7wm1u", "replies": [{"author": "UseDaSchwartz", "id": "ft8lbjq", "score": 2, "subreddit": "BuyItForLife", "author_flair": null, "submission": "gsn95r", "stickied": false, "body": "The oldest one is the one in my kitchen. It\u2019s 3 years old and has been holding up fine. Fixing it depends on what\u2019s wrong with it but usually you can just put wood glue in a crack and clamp it until it dries.", "is_submitter": false, "distinguished": null, "created_utc": 1591503932.0, "parent_id": "t1_ft8jy0r", "replies": [{"author": "qpaws", "id": "ft8m3aq", "score": 1, "subreddit": "BuyItForLife", "author_flair": null, "submission": "gsn95r", "stickied": false, "body": "3 years? Hell thats worth it enough for me. Just been going through those \u201cbamboo\u201d thin boards from grocery stores. Once it splits or bows just trash it and get another one. Been wanting to pull the trigger on one of these and *completely* overlooked a local wood shop. TIL!", "is_submitter": false, "distinguished": null, "created_utc": 1591504469.0, "parent_id": "t1_ft8lbjq", "replies": [{"author": "UseDaSchwartz", "id": "ft98aik", "score": 2, "subreddit": "BuyItForLife", "author_flair": null, "submission": "gsn95r", "stickied": false, "body": "When you wash it, don\u2019t use a lot of water. Dry it with a towel and then store it standing on its side.", "is_submitter": false, "distinguished": null, "created_utc": 1591524932.0, "parent_id": "t1_ft8m3aq", "replies": []}]}]}]}]}]}, {"author": "RyanT67", "id": "fs8n79q", "score": 4, "subreddit": "BuyItForLife", "author_flair": null, "submission": "gsn95r", "stickied": false, "body": "I've had my Boardsmith Carolina Slab for 8 years now.  It's incredibly well made, I can't say enough good things about it.  A zero regret purchase for sure!", "is_submitter": false, "distinguished": null, "created_utc": 1590785479.0, "parent_id": "t1_fs6oaon", "replies": []}, {"author": "TacomasLowlife", "id": "fs8aydu", "score": 2, "subreddit": "BuyItForLife", "author_flair": null, "submission": "gsn95r", "stickied": false, "body": "Yay, I\u2019ve been going back and forth on board smith, just been waiting to order and your comment sealed the deal. \ud83d\udc4f thanks!", "is_submitter": false, "distinguished": null, "created_utc": 1590779435.0, "parent_id": "t1_fs6oaon", "replies": [{"author": "lordjeebus", "id": "fs8fc4b", "score": 5, "subreddit": "BuyItForLife", "author_flair": null, "submission": "gsn95r", "stickied": false, "body": "I bought a BoardSmith about 10 years ago, a big 18x24\" walnut board.  No regrets, it's the best.", "is_submitter": false, "distinguished": null, "created_utc": 1590781583.0, "parent_id": "t1_fs8aydu", "replies": []}]}]}, {"author": "michaelbrettgonzalez", "id": "fs6ntr7", "score": 114, "subreddit": "BuyItForLife", "author_flair": null, "submission": "gsn95r", "stickied": false, "body": "Buy one on Etsy that is handmade in a woodshop.  A good woodworker will charge about that same or a bit more than Boos but it will absolutely be BIFL", "is_submitter": false, "distinguished": null, "created_utc": 1590745429.0, "parent_id": "t1_fs6c6ib", "replies": [{"author": "LockeClone", "id": "fsbfkwr", "score": 4, "subreddit": "BuyItForLife", "author_flair": null, "submission": "gsn95r", "stickied": false, "body": "This. When it comes to wood, leather and steel I buy American and artisan if I need the object to last. Seriously has improved my quality of life.", "is_submitter": false, "distinguished": null, "created_utc": 1590855534.0, "parent_id": "t1_fs6ntr7", "replies": []}]}, {"author": "buzz_uk", "id": "fs6gq6g", "score": 21, "subreddit": "BuyItForLife", "author_flair": null, "submission": "gsn95r", "stickied": false, "body": "It is true that they don\u2019t make them like they used to. This one came from Argos in the U.K. they still sell one similar but it is not the same!", "is_submitter": true, "distinguished": null, "created_utc": 1590738735.0, "parent_id": "t1_fs6c6ib", "replies": [{"author": "BristolBomber", "id": "fs6isch", "score": 14, "subreddit": "BuyItForLife", "author_flair": null, "submission": "gsn95r", "stickied": false, "body": "Argos? \n\nChrist, you are right about that. I wouldn't buy anything off brand from argos any more for any reason unless i wanted it to fall apart after one use.", "is_submitter": false, "distinguished": null, "created_utc": 1590740622.0, "parent_id": "t1_fs6gq6g", "replies": [{"author": "9DAN2", "id": "fs6sl5j", "score": 11, "subreddit": "BuyItForLife", "author_flair": null, "submission": "gsn95r", "stickied": false, "body": "I recently bought hair clippers from Argos. Got them home and found them used and covered in hair, so returned them. \n\nDays later, I bought a hand blender. First use, it started heavily smoking and stunk the house out with electrical burning smells, a lot of reviews said the same.", "is_submitter": false, "distinguished": null, "created_utc": 1590749956.0, "parent_id": "t1_fs6isch", "replies": []}, {"author": "buzz_uk", "id": "fs6vo4g", "score": 2, "subreddit": "BuyItForLife", "author_flair": null, "submission": "gsn95r", "stickied": false, "body": "It is not he shop it once was :(", "is_submitter": true, "distinguished": null, "created_utc": 1590752627.0, "parent_id": "t1_fs6isch", "replies": []}]}]}, {"author": "millipedesteve", "id": "fs7c4fk", "score": 3, "subreddit": "BuyItForLife", "author_flair": null, "submission": "gsn95r", "stickied": false, "body": "This has me worried. I ordered one a little under a month ago and I'm still waiting for it to arrive.", "is_submitter": false, "distinguished": null, "created_utc": 1590762892.0, "parent_id": "t1_fs6c6ib", "replies": [{"author": "DELETED", "id": "fs84z6k", "score": 4, "subreddit": "BuyItForLife", "author_flair": null, "submission": "gsn95r", "stickied": false, "body": "Well they must have SOME good ones cuz they are still in business. Between the two edge cut boards they sent me, there were a couple of deep spaces missing glue, an edge with a chunk out (not from shipping since it had been sanded and finished) pieces that were sunk in on one edge. For $200, I don't expect to have glaring flaws.", "is_submitter": false, "distinguished": null, "created_utc": 1590776598.0, "parent_id": "t1_fs7c4fk", "replies": [{"author": "millipedesteve", "id": "fs8cmmw", "score": 1, "subreddit": "BuyItForLife", "author_flair": null, "submission": "gsn95r", "stickied": false, "body": "I agree some must be great because they carry a pretty big reputation. Like you said, for $200 I expect it to be fairly flawless. Fingers crossed for when it arrives!", "is_submitter": false, "distinguished": null, "created_utc": 1590780253.0, "parent_id": "t1_fs84z6k", "replies": []}]}]}, {"author": "xitssammi", "id": "fs99rqq", "score": 2, "subreddit": "BuyItForLife", "author_flair": null, "submission": "gsn95r", "stickied": false, "body": "It\u2019s better to go to a restaurant supply store and look at them in person imo.", "is_submitter": false, "distinguished": null, "created_utc": 1590797640.0, "parent_id": "t1_fs6c6ib", "replies": []}]}, {"author": "shrine", "id": "fs6hjes", "score": 620, "subreddit": "BuyItForLife", "author_flair": null, "submission": "gsn95r", "stickied": false, "body": "Reminder: a cutting board or butcher block is one of the easiest and cheapest woodworking projects to do properly in small shops. There are tens of thousands of expert woodworkers making them on Etsy, EBay, Facebook, Reddit, and other other online shops. Shop around and support craftsmen and family businesses.", "is_submitter": false, "distinguished": null, "created_utc": 1590739463.0, "parent_id": "t3_gsn95r", "replies": [{"author": "Polecat42", "id": "fs6pcgg", "score": 154, "subreddit": "BuyItForLife", "author_flair": null, "submission": "gsn95r", "stickied": false, "body": "I always wondered why they\u2019re made off small, glued together cubes instead of being just a disc of a tree stem? Looking at my bought cutting board I fear it falls apart; there are already small gaps..", "is_submitter": false, "distinguished": null, "created_utc": 1590746915.0, "parent_id": "t1_fs6hjes", "replies": [{"author": "Krambambulist", "id": "fs6q96t", "score": 390, "subreddit": "BuyItForLife", "author_flair": null, "submission": "gsn95r", "stickied": false, "body": "large pieces of Wood will crack over time. smaller pieces glued together are less prone to that.", "is_submitter": false, "distinguished": null, "created_utc": 1590747782.0, "parent_id": "t1_fs6pcgg", "replies": [{"author": "JunoMcGuff", "id": "fs6v8qj", "score": 108, "subreddit": "BuyItForLife", "author_flair": null, "submission": "gsn95r", "stickied": false, "body": "Goddamn, learned something new tonight.", "is_submitter": false, "distinguished": null, "created_utc": 1590752276.0, "parent_id": "t1_fs6q96t", "replies": [{"author": "DELETED", "id": "fs6y88w", "score": 34, "subreddit": "BuyItForLife", "author_flair": null, "submission": "gsn95r", "stickied": false, "body": "[deleted]", "is_submitter": false, "distinguished": null, "created_utc": 1590754600.0, "parent_id": "t1_fs6v8qj", "replies": [{"author": "ArabianGoogles", "id": "fs70wz4", "score": 24, "subreddit": "BuyItForLife", "author_flair": null, "submission": "gsn95r", "stickied": false, "body": "GI Joe!!", "is_submitter": false, "distinguished": null, "created_utc": 1590756453.0, "parent_id": "t1_fs6y88w", "replies": [{"author": "The_Grim_Sleaper", "id": "fs79dk3", "score": 10, "subreddit": "BuyItForLife", "author_flair": null, "submission": "gsn95r", "stickied": false, "body": "REAL AMERICAN HEROES!!", "is_submitter": false, "distinguished": null, "created_utc": 1590761438.0, "parent_id": "t1_fs70wz4", "replies": [{"author": "Gnilias", "id": "fs7ggqv", "score": 20, "subreddit": "BuyItForLife", "author_flair": null, "submission": "gsn95r", "stickied": false, "body": "Other interesting point... expansion/warping usually happens relationally to the direction of grain. You\u2019ll notice the C shape in the grain usually goes in different directions form piece to piece in a well built butcherblock. That is on purpose to \u201ceven out\u201d the tension between the expanding/contracting pieces.", "is_submitter": false, "distinguished": null, "created_utc": 1590765081.0, "parent_id": "t1_fs79dk3", "replies": []}]}, {"author": "siler7", "id": "fs8bfpi", "score": 2, "subreddit": "BuyItForLife", "author_flair": null, "submission": "gsn95r", "stickied": false, "body": "I wanna get in the fridge too!", "is_submitter": false, "distinguished": null, "created_utc": 1590779672.0, "parent_id": "t1_fs70wz4", "replies": []}]}]}]}, {"author": "KitchenBomber", "id": "fs7u6vi", "score": 18, "subreddit": "BuyItForLife", "author_flair": null, "submission": "gsn95r", "stickied": false, "body": "To add to that, the core of a wood cross section is denser and doesn't transport water so as the wood dries out the outside dries out and constricts more than the inside does. This makes the outer layers stretch but since wood isn't stretchy it splits at the weakest point turning your circle into pac man.", "is_submitter": false, "distinguished": null, "created_utc": 1590771541.0, "parent_id": "t1_fs6q96t", "replies": []}, {"author": "Bone-Wizard", "id": "fs7ldpz", "score": 26, "subreddit": "BuyItForLife", "author_flair": null, "submission": "gsn95r", "stickied": false, "body": "It also lets you use small scraps from other projects, rather than binning them.", "is_submitter": false, "distinguished": null, "created_utc": 1590767454.0, "parent_id": "t1_fs6q96t", "replies": []}, {"author": "JudgeWhoAllowsStuff", "id": "fs7d7hv", "score": 10, "subreddit": "BuyItForLife", "author_flair": null, "submission": "gsn95r", "stickied": false, "body": "Bigger lumber is expensive.", "is_submitter": false, "distinguished": null, "created_utc": 1590763445.0, "parent_id": "t1_fs6q96t", "replies": [{"author": "sphyngid", "id": "fs8eedk", "score": 26, "subreddit": "BuyItForLife", "author_flair": null, "submission": "gsn95r", "stickied": false, "body": "I mill trees, dry lumber, and build furniture as a hobby.  That's not the reason.  The area around the center of the tree (the pith) is dimensionally unstable and almost always cracks during drying.  Because wood shrinks differently in different parts of the cross section, it also tends to warp like a potato chip.  Gluing up smaller pieces that are each doing their own thing on a small scale, and not including any pith, makes for a flatter more stable cutting board.", "is_submitter": false, "distinguished": null, "created_utc": 1590781125.0, "parent_id": "t1_fs7d7hv", "replies": []}]}, {"author": "texasyankee", "id": "fs9ekbw", "score": 3, "subreddit": "BuyItForLife", "author_flair": null, "submission": "gsn95r", "stickied": false, "body": "But you have to oil then occasionally to keep them from cracking.", "is_submitter": false, "distinguished": null, "created_utc": 1590800437.0, "parent_id": "t1_fs6q96t", "replies": []}]}, {"author": "TheBirdfeede", "id": "fs6tcln", "score": 53, "subreddit": "BuyItForLife", "author_flair": null, "submission": "gsn95r", "stickied": false, "body": "Do you oil the board regularly? This is essential for a long life. Stops the wood drying out from washing. Also makes it less absorbent.", "is_submitter": false, "distinguished": null, "created_utc": 1590750651.0, "parent_id": "t1_fs6pcgg", "replies": [{"author": "buzz_uk", "id": "fs6vlsh", "score": 46, "subreddit": "BuyItForLife", "author_flair": null, "submission": "gsn95r", "stickied": false, "body": "I am guilty of abusing this board, never oiled it never done anything other Han scrub it and dry off the surface before putting it back on the worktop. I really did luck out with this block!", "is_submitter": true, "distinguished": null, "created_utc": 1590752577.0, "parent_id": "t1_fs6tcln", "replies": [{"author": "Dr_Marxist", "id": "fs6xd78", "score": 98, "subreddit": "BuyItForLife", "author_flair": null, "submission": "gsn95r", "stickied": false, "body": "Yo buy some mineral oil, you can get it at the grocers (it's very inexpensive, I'm not out here shelling for big mineral oil). Give that thing a real good scrub a couple times a year, let it dry, then give it a few wipes down with the mineral oil. Apply (like a tea-spoon) rub it in with a good rag, let it dry overnight, then do it again. Then just clean it as usual and you're ready to go!\n\n 15 minutes of work a year will make that board last for your kids.", "is_submitter": false, "distinguished": null, "created_utc": 1590753960.0, "parent_id": "t1_fs6vlsh", "replies": [{"author": "battraman", "id": "fs6ywdt", "score": 56, "subreddit": "BuyItForLife", "author_flair": null, "submission": "gsn95r", "stickied": false, "body": "Definitely. It's amazing as to how much cheaper it is to buy the stuff in the pharmacy when it's sold as a laxative versus sold at Bed Bath and Beyond as \"cutting board oil.\"", "is_submitter": false, "distinguished": null, "created_utc": 1590755081.0, "parent_id": "t1_fs6xd78", "replies": [{"author": "Broan13", "id": "fs7xkhc", "score": 13, "subreddit": "BuyItForLife", "author_flair": null, "submission": "gsn95r", "stickied": false, "body": "Just double check the ingredients as well to make sure that there isn't something else added to it.", "is_submitter": false, "distinguished": null, "created_utc": 1590773119.0, "parent_id": "t1_fs6ywdt", "replies": []}, {"author": "quirkelchomp", "id": "fs8rw3o", "score": 7, "subreddit": "BuyItForLife", "author_flair": null, "submission": "gsn95r", "stickied": false, "body": "Though, I've found a bottle at IKEA for dirt cheap compared to anywhere else I've seen it. Just letting anyone know in case they have access to an IKEA.", "is_submitter": false, "distinguished": null, "created_utc": 1590787874.0, "parent_id": "t1_fs6ywdt", "replies": []}, {"author": "frugal_masturbater", "id": "fs7pwzb", "score": 3, "subreddit": "BuyItForLife", "author_flair": null, "submission": "gsn95r", "stickied": false, "body": "Huh, TIL", "is_submitter": false, "distinguished": null, "created_utc": 1590769580.0, "parent_id": "t1_fs6ywdt", "replies": []}]}, {"author": "MEatRHIT", "id": "fs74qbp", "score": 46, "subreddit": "BuyItForLife", "author_flair": null, "submission": "gsn95r", "stickied": false, "body": "I'm a (hobbyist) woodworker and I've made a few, my usual process is to saturate the board with mineral oil until it can't really absorb any more and then follow up with a beeswax/oil mix usually called \"butcher block conditioner\" gives it a little bit of a film/hydrophobic coating and a [slight shine](https://i.imgur.com/rElriz6.png) which looks great and is a bit easier to clean. After that, every few months I'll do another coat/buff with the conditioner. It *is* a bit more expensive but over like 5 years I've only gone through like one bottle for my board.", "is_submitter": false, "distinguished": null, "created_utc": 1590758834.0, "parent_id": "t1_fs6xd78", "replies": [{"author": "foreverbored91", "id": "fs77f6z", "score": 7, "subreddit": "BuyItForLife", "author_flair": null, "submission": "gsn95r", "stickied": false, "body": "Would you recommend this for butcher block countertops? Just got a house with them and am a bit intimidated by their maintenance.", "is_submitter": false, "distinguished": null, "created_utc": 1590760361.0, "parent_id": "t1_fs74qbp", "replies": [{"author": "MEatRHIT", "id": "fs79af2", "score": 13, "subreddit": "BuyItForLife", "author_flair": null, "submission": "gsn95r", "stickied": false, "body": "It really depends on the finish. *Chances* are they are fully sealed with a film finish like a polyurethane rather than just oiled so maintenance should be minimal. Also if that is the case I'd steer away from using the counter top as a cutting surface.", "is_submitter": false, "distinguished": null, "created_utc": 1590761390.0, "parent_id": "t1_fs77f6z", "replies": [{"author": "foreverbored91", "id": "fs7amw8", "score": 2, "subreddit": "BuyItForLife", "author_flair": null, "submission": "gsn95r", "stickied": false, "body": "Any way of knowing if its sealed? It feels like unfinished wood.", "is_submitter": false, "distinguished": null, "created_utc": 1590762115.0, "parent_id": "t1_fs79af2", "replies": [{"author": "MEatRHIT", "id": "fs7bzaz", "score": 12, "subreddit": "BuyItForLife", "author_flair": null, "submission": "gsn95r", "stickied": false, "body": "If you can feel the grain it's probably some sort of oil, could be danish oil or straight mineral oil/bees wax. My best suggestion would be to try applying it in a small inconspicuous spot (under a microwave coffee pot etc.) and see how it works. Also if you PM me a few pictures both close up and zoomed out a bit I *might* be able to help, but no guarantees there it can sometimes be hard to tell from pictures alone.\n\nETA: most waxes won't damage a film finish or an straight oil finish, so it's a pretty \"safe\" thing to attempt", "is_submitter": false, "distinguished": null, "created_utc": 1590762818.0, "parent_id": "t1_fs7amw8", "replies": []}]}]}]}, {"author": "nextyoyoma", "id": "fs81z4u", "score": 7, "subreddit": "BuyItForLife", "author_flair": null, "submission": "gsn95r", "stickied": false, "body": ">hobbiest\n\nNew word for the person with the most hobbies. I challenge you for the title of Hobbiest Person on Reddit!", "is_submitter": false, "distinguished": null, "created_utc": 1590775173.0, "parent_id": "t1_fs74qbp", "replies": [{"author": "MEatRHIT", "id": "fs82mf8", "score": 2, "subreddit": "BuyItForLife", "author_flair": null, "submission": "gsn95r", "stickied": false, "body": "I'm not a smart man....", "is_submitter": false, "distinguished": null, "created_utc": 1590775479.0, "parent_id": "t1_fs81z4u", "replies": [{"author": "nextyoyoma", "id": "fs85qhz", "score": 2, "subreddit": "BuyItForLife", "author_flair": null, "submission": "gsn95r", "stickied": false, "body": "Gave me a chuckle. Best kind of error!", "is_submitter": false, "distinguished": null, "created_utc": 1590776959.0, "parent_id": "t1_fs82mf8", "replies": []}]}]}, {"author": "high_yield", "id": "fs78lnr", "score": 5, "subreddit": "BuyItForLife", "author_flair": null, "submission": "gsn95r", "stickied": false, "body": "I do the same - oil the board all over and then apply conditioner to the cutting surface, mostly because it makes it easier to clean as you say.", "is_submitter": false, "distinguished": null, "created_utc": 1590761011.0, "parent_id": "t1_fs74qbp", "replies": []}, {"author": "poor_decisions", "id": "fs777jh", "score": 4, "subreddit": "BuyItForLife", "author_flair": null, "submission": "gsn95r", "stickied": false, "body": "Do you leave your board sitting in a tray of oil?", "is_submitter": false, "distinguished": null, "created_utc": 1590760243.0, "parent_id": "t1_fs74qbp", "replies": [{"author": "MEatRHIT", "id": "fs78p5r", "score": 6, "subreddit": "BuyItForLife", "author_flair": null, "submission": "gsn95r", "stickied": false, "body": "For the first application [I just set it on a wire rack](https://i.imgur.com/B4jLXGY.png) pour oil/spread it out wait a bit and keep reapplying until it starts puddling rather than absorbing, flip it over and make sure there aren't any dry spots if there are I apply some to the back side. Usually takes about a day, but really like 30 minutes of actual \"work\". I don't make many and I have fairly limited shop space, so it doesn't make sense for me to have a dedicated oil tub to soak them in.", "is_submitter": false, "distinguished": null, "created_utc": 1590761065.0, "parent_id": "t1_fs777jh", "replies": []}]}, {"author": "DELETED", "id": "fs794cq", "score": 1, "subreddit": "BuyItForLife", "author_flair": null, "submission": "gsn95r", "stickied": false, "body": "[deleted]", "is_submitter": false, "distinguished": null, "created_utc": 1590761299.0, "parent_id": "t1_fs74qbp", "replies": [{"author": "MEatRHIT", "id": "fs79mv2", "score": 2, "subreddit": "BuyItForLife", "author_flair": null, "submission": "gsn95r", "stickied": false, "body": "They really aren't reflective, just a sliiiight sheen to them. But, thank you.", "is_submitter": false, "distinguished": null, "created_utc": 1590761579.0, "parent_id": "t1_fs794cq", "replies": []}]}, {"author": "youtookmyseat", "id": "fs7k6hl", "score": 1, "subreddit": "BuyItForLife", "author_flair": null, "submission": "gsn95r", "stickied": false, "body": "Great to know. Is the conditioner available to buy, or do you have make your own?", "is_submitter": false, "distinguished": null, "created_utc": 1590766884.0, "parent_id": "t1_fs74qbp", "replies": [{"author": "MEatRHIT", "id": "fs7m6uy", "score": 1, "subreddit": "BuyItForLife", "author_flair": null, "submission": "gsn95r", "stickied": false, "body": "You *could* make it I know some people do, but since I just use it on comparatively small cutting boards I just buy it, the stuff I have is Howard's. If you need a ton of it it might be worth it to try and make your own, you just need beeswax and mineral oil and a double boiler set up, there are a bunch of youtube videos and the like showing how to make it.", "is_submitter": false, "distinguished": null, "created_utc": 1590767835.0, "parent_id": "t1_fs7k6hl", "replies": [{"author": "youtookmyseat", "id": "fs7n8m5", "score": 1, "subreddit": "BuyItForLife", "author_flair": null, "submission": "gsn95r", "stickied": false, "body": "Awesome, this is great to know. I have a wooden cutting board that's drier than than a California drought, and I've had to kind of retire it to only certain foods, so it'll be nice to revive it! Thanks!", "is_submitter": false, "distinguished": null, "created_utc": 1590768328.0, "parent_id": "t1_fs7m6uy", "replies": [{"author": "MEatRHIT", "id": "fs8uqhm", "score": 2, "subreddit": "BuyItForLife", "author_flair": null, "submission": "gsn95r", "stickied": false, "body": "If it's an edge grain board you could probably use sandpaper to clean up some of the cut marks before applying the oil. I periodically run my edge grain one through a planer since cuts show up so much more easily than my end grain one", "is_submitter": false, "distinguished": null, "created_utc": 1590789331.0, "parent_id": "t1_fs7n8m5", "replies": []}]}]}]}]}, {"author": "Whosa_Whatsit", "id": "fs73w43", "score": 4, "subreddit": "BuyItForLife", "author_flair": null, "submission": "gsn95r", "stickied": false, "body": "I slather mine and let it sit for an hour or so and then rub in/wipe off with a rag.", "is_submitter": false, "distinguished": null, "created_utc": 1590758329.0, "parent_id": "t1_fs6xd78", "replies": [{"author": "DELETED", "id": "fs9bbcc", "score": 3, "subreddit": "BuyItForLife", "author_flair": null, "submission": "gsn95r", "stickied": false, "body": "/r/nocontext", "is_submitter": false, "distinguished": null, "created_utc": 1590798534.0, "parent_id": "t1_fs73w43", "replies": []}]}, {"author": "Pleased_to_meet_u", "id": "fs7whai", "score": 3, "subreddit": "BuyItForLife", "author_flair": null, "submission": "gsn95r", "stickied": false, "body": "/u/buzz, you don\u2019t need to go light in the oil. I slather it on thick everywhere and let it soak in. After a while (15 minutes minimum but normally overnight ( I wipe off anything that hasn\u2019t soaked in and then store it. I do this every six months or so.", "is_submitter": false, "distinguished": null, "created_utc": 1590772611.0, "parent_id": "t1_fs6xd78", "replies": []}, {"author": "nopointers", "id": "fs86w8i", "score": 2, "subreddit": "BuyItForLife", "author_flair": null, "submission": "gsn95r", "stickied": false, "body": "I use a lot more oil than you do. With that in mind - you can get a gallon of certified food grade mineral oil on Amazon for ~$22.", "is_submitter": false, "distinguished": null, "created_utc": 1590777511.0, "parent_id": "t1_fs6xd78", "replies": []}]}, {"author": "TheBirdfeede", "id": "fs6vpme", "score": 8, "subreddit": "BuyItForLife", "author_flair": null, "submission": "gsn95r", "stickied": false, "body": "Yeah, tbh it\u2019s not a widely known thing from my experience. Some people will be fine, it\u2019ll look dry af but won\u2019t crack. Others not so lucky and will wonder why their hoard cracked so soon. Weird really.", "is_submitter": false, "distinguished": null, "created_utc": 1590752662.0, "parent_id": "t1_fs6vlsh", "replies": []}, {"author": "killbot0224", "id": "fs7805g", "score": 4, "subreddit": "BuyItForLife", "author_flair": null, "submission": "gsn95r", "stickied": false, "body": "Get a food safe mineral oil (not a food oil!). Tons of them are available. I have a nice orange scented one.\n\nWhen a board's grain has oil in it, it is less likely to become contaminated with bacteria because it just can't get into the grain to begin with.\n\nIt will also \"heal\" cuts better and be elss likely to crack from drying out.\n\nThonit looks like tmyoubgot yourself a damned resilient board anyway!", "is_submitter": false, "distinguished": null, "created_utc": 1590760683.0, "parent_id": "t1_fs6vlsh", "replies": []}, {"author": "KnockEmDead_Kid", "id": "fs76ev6", "score": 2, "subreddit": "BuyItForLife", "author_flair": null, "submission": "gsn95r", "stickied": false, "body": "Oh wow I could never tell, looks conditioned! My board must be prone to drying or I\u2019m crazy but I can\u2019t help but oil it every other wash lol", "is_submitter": false, "distinguished": null, "created_utc": 1590759806.0, "parent_id": "t1_fs6vlsh", "replies": []}]}]}, {"author": "fhrjwusdofhw", "id": "fs7ahsq", "score": 4, "subreddit": "BuyItForLife", "author_flair": null, "submission": "gsn95r", "stickied": false, "body": "If glued properly, the glue joint is actually the strongest piece of the wood.\n\nIn this case, smaller pieces are actually better especially with something that is cycled between wet and dry. Smaller pieces minimize wood movement and internal stress that could lead to cracking in the wood or joint.\n\nWith any wood cutting board and especially end grain ones you should use a Butcher Block conditioner whenever the woods starts to look \u201cdull\u201d.", "is_submitter": false, "distinguished": null, "created_utc": 1590762041.0, "parent_id": "t1_fs6pcgg", "replies": []}, {"author": "xitssammi", "id": "fs99ok9", "score": 2, "subreddit": "BuyItForLife", "author_flair": null, "submission": "gsn95r", "stickied": false, "body": "Usually it\u2019s because the end grains/slices will dull your knife less over time. You need to keep it moisturized though, and no dishwashing.", "is_submitter": false, "distinguished": null, "created_utc": 1590797588.0, "parent_id": "t1_fs6pcgg", "replies": []}, {"author": "s0rce", "id": "fs7ffx8", "score": 1, "subreddit": "BuyItForLife", "author_flair": null, "submission": "gsn95r", "stickied": false, "body": "I have one that is a disc of a trunk it's awesome. I think it might be from this guy http://boardsbyjoel.com/boardtypes.htm", "is_submitter": false, "distinguished": null, "created_utc": 1590764566.0, "parent_id": "t1_fs6pcgg", "replies": []}, {"author": "Shoopdawoop993", "id": "fs8qacz", "score": 1, "subreddit": "BuyItForLife", "author_flair": null, "submission": "gsn95r", "stickied": false, "body": "I have a disc of wood as one. Has held up a long time", "is_submitter": false, "distinguished": null, "created_utc": 1590787050.0, "parent_id": "t1_fs6pcgg", "replies": []}, {"author": "Rooster_Ties", "id": "fs79mco", "score": 1, "subreddit": "BuyItForLife", "author_flair": null, "submission": "gsn95r", "stickied": false, "body": "Yeah. I\u2019d be afraid of the glue coming apart in the dishwasher.", "is_submitter": false, "distinguished": null, "created_utc": 1590761572.0, "parent_id": "t1_fs6pcgg", "replies": [{"author": "fhrjwusdofhw", "id": "fs7a3u6", "score": 14, "subreddit": "BuyItForLife", "author_flair": null, "submission": "gsn95r", "stickied": false, "body": "You should never put wood products in a dishwasher. Even if there\u2019s no glue the heat will warp and crack the wood.", "is_submitter": false, "distinguished": null, "created_utc": 1590761834.0, "parent_id": "t1_fs79mco", "replies": [{"author": "Rooster_Ties", "id": "fs7acom", "score": -3, "subreddit": "BuyItForLife", "author_flair": null, "submission": "gsn95r", "stickied": false, "body": "Is this like those iron(?) skillets that you never wash, and only scrub with salt? - or something er another.", "is_submitter": false, "distinguished": null, "created_utc": 1590761964.0, "parent_id": "t1_fs7a3u6", "replies": [{"author": "electric_creamsicle", "id": "fs7erqq", "score": 11, "subreddit": "BuyItForLife", "author_flair": null, "submission": "gsn95r", "stickied": false, "body": "That's a misconception about cast iron skillets.  It's fine to wash them with warm soap and water.  They just shouldn't be soaked like stainless steel because it'll ruin the seasoning.", "is_submitter": false, "distinguished": null, "created_utc": 1590764231.0, "parent_id": "t1_fs7acom", "replies": []}, {"author": "redbeard0x0a", "id": "fs7fqfb", "score": 8, "subreddit": "BuyItForLife", "author_flair": null, "submission": "gsn95r", "stickied": false, "body": "Not washing/soaking/dishwashering cast iron pans is for a completely different reason. With cast iron, you want to preserve the seasoning of the pan. [See Kent Rollins on youtube](https://www.youtube.com/watch?v=rRZMXZfcol8) if you want to learn more about the pans.\n\nYou don't soak or wash in the dishwasher wood cutting boards because the heat, moisture and time cause the wood to warp and it will remove any protective oils/resins in the wood protecting it. It also depends on the glue used, if it is water resistant (Titebond II) or water proof (Titebond III).", "is_submitter": false, "distinguished": null, "created_utc": 1590764712.0, "parent_id": "t1_fs7acom", "replies": []}, {"author": "fhrjwusdofhw", "id": "fs7bm02", "score": 3, "subreddit": "BuyItForLife", "author_flair": null, "submission": "gsn95r", "stickied": false, "body": "To some extent they need special care. I will clean mine with an acid and salt about once a month for a deep clean on top of cleaning with water and soap after each use. Here\u2019s a link that describes best practices for care:\n\nhttps://www.knivesandtools.com/en/ct/how-do-you-maintain-a-wooden-cutting-board.htm", "is_submitter": false, "distinguished": null, "created_utc": 1590762627.0, "parent_id": "t1_fs7acom", "replies": []}]}]}]}, {"author": "Cardeal", "id": "fs71ubf", "score": 0, "subreddit": "BuyItForLife", "author_flair": null, "submission": "gsn95r", "stickied": false, "body": "Where are the small gaps located? On the glue joint or the wood grain is splitting?", "is_submitter": false, "distinguished": null, "created_utc": 1590757050.0, "parent_id": "t1_fs6pcgg", "replies": []}]}, {"author": "jbrookeiv", "id": "fs6n06m", "score": 19, "subreddit": "BuyItForLife", "author_flair": null, "submission": "gsn95r", "stickied": false, "body": "Long grain cutting boards are pretty easy but I\u2019m not sure I\u2019d agree that end grain cutting boards are as simple. A planer and table saw are both necessities to end up with something similar to OP\u2019s board, and I wouldn\u2019t consider those beginner tools. That said, if you do have those tools, these kinds of boards are a great way to use up scraps.", "is_submitter": false, "distinguished": null, "created_utc": 1590744641.0, "parent_id": "t1_fs6hjes", "replies": [{"author": "mondayp", "id": "fs6v1ef", "score": 11, "subreddit": "BuyItForLife", "author_flair": null, "submission": "gsn95r", "stickied": false, "body": "A hand saw, sandpaper, a good plane, and some bar clamps is really all you need for this.", "is_submitter": false, "distinguished": null, "created_utc": 1590752102.0, "parent_id": "t1_fs6n06m", "replies": [{"author": "Dr_Marxist", "id": "fs6xmku", "score": 20, "subreddit": "BuyItForLife", "author_flair": null, "submission": "gsn95r", "stickied": false, "body": "If you have 20 hours and a shop and a passion for masochism. The reason these are popular projects is because for a basic woodworker they're something they can do quickly, with scraps, and there's a ready market (there is a demand for these, they sell easily).\n\nThis is not a good project for someone with simple hand tools, because it's designed around being an efficient project for people with tiny to small woodworking shops. Tools for the job.", "is_submitter": false, "distinguished": null, "created_utc": 1590754157.0, "parent_id": "t1_fs6v1ef", "replies": []}, {"author": "Damaso87", "id": "fs6vzj2", "score": 35, "subreddit": "BuyItForLife", "author_flair": null, "submission": "gsn95r", "stickied": false, "body": "That sounds miserable", "is_submitter": false, "distinguished": null, "created_utc": 1590752886.0, "parent_id": "t1_fs6v1ef", "replies": [{"author": "geosaris1", "id": "fvxghth", "score": 1, "subreddit": "BuyItForLife", "author_flair": null, "submission": "gsn95r", "stickied": false, "body": "It is.", "is_submitter": false, "distinguished": null, "created_utc": 1593065110.0, "parent_id": "t1_fs6vzj2", "replies": []}]}, {"author": "MEatRHIT", "id": "fs751m8", "score": 10, "subreddit": "BuyItForLife", "author_flair": null, "submission": "gsn95r", "stickied": false, "body": "lmao I wouldn't touch an endgrain cutting board project with a 10' pole if those were the only tools at my disposal. /u/Dr_Marxist's 20 hour estimate is probably half what just sanding the damn thing flat would be and hand planing that much end grain would be torture not to mention the risk of tear out on the edges.", "is_submitter": false, "distinguished": null, "created_utc": 1590759019.0, "parent_id": "t1_fs6v1ef", "replies": [{"author": "Prinad0", "id": "fs7k74o", "score": 3, "subreddit": "BuyItForLife", "author_flair": null, "submission": "gsn95r", "stickied": false, "body": "Y'all beat me to it.  I wouldn't even try to hand plane end grain like that.  No thanks.  Gives me a headache just to think about.", "is_submitter": false, "distinguished": null, "created_utc": 1590766893.0, "parent_id": "t1_fs751m8", "replies": []}]}, {"author": "thehighwoman", "id": "fs76uj7", "score": 3, "subreddit": "BuyItForLife", "author_flair": null, "submission": "gsn95r", "stickied": false, "body": "True but you also need a lot more time", "is_submitter": false, "distinguished": null, "created_utc": 1590760047.0, "parent_id": "t1_fs6v1ef", "replies": []}, {"author": "jbrookeiv", "id": "fs78l03", "score": 3, "subreddit": "BuyItForLife", "author_flair": null, "submission": "gsn95r", "stickied": false, "body": "Unless you\u2019re incredibly skilled with hand tools, you won\u2019t end up with anything close to the board OP posted using nothing but hand tools.", "is_submitter": false, "distinguished": null, "created_utc": 1590761001.0, "parent_id": "t1_fs6v1ef", "replies": []}]}]}, {"author": "battraman", "id": "fs6yr4i", "score": 2, "subreddit": "BuyItForLife", "author_flair": null, "submission": "gsn95r", "stickied": false, "body": "Drive through Vermont and you can't help but find one. But yes, shop local and support local businesses.", "is_submitter": false, "distinguished": null, "created_utc": 1590754979.0, "parent_id": "t1_fs6hjes", "replies": []}, {"author": "Milton__Obote", "id": "fs7bpxr", "score": 2, "subreddit": "BuyItForLife", "author_flair": null, "submission": "gsn95r", "stickied": false, "body": "A family friend made me one for graduation 10 years ago. Still going strong!", "is_submitter": false, "distinguished": null, "created_utc": 1590762684.0, "parent_id": "t1_fs6hjes", "replies": []}, {"author": "SwiftCEO", "id": "fs6i84j", "score": 4, "subreddit": "BuyItForLife", "author_flair": null, "submission": "gsn95r", "stickied": false, "body": "My favorite thing to make during my wood shop classes in high school.", "is_submitter": false, "distinguished": null, "created_utc": 1590740100.0, "parent_id": "t1_fs6hjes", "replies": []}, {"author": "StoleYourTv", "id": "fs6xtt0", "score": 2, "subreddit": "BuyItForLife", "author_flair": null, "submission": "gsn95r", "stickied": false, "body": "Does this mean Wooden boards are more likely to be cheaper via private woodworkers than store-bought/Chains ?", "is_submitter": false, "distinguished": null, "created_utc": 1590754304.0, "parent_id": "t1_fs6hjes", "replies": [{"author": "shrine", "id": "fs6yb8y", "score": 11, "subreddit": "BuyItForLife", "author_flair": null, "submission": "gsn95r", "stickied": false, "body": "They seem to be around the same price as chain garbage in many cases, which is relatively rare and worth taking advantage of.", "is_submitter": false, "distinguished": null, "created_utc": 1590754660.0, "parent_id": "t1_fs6xtt0", "replies": []}]}, {"author": "UseDaSchwartz", "id": "fs7vq8c", "score": 1, "subreddit": "BuyItForLife", "author_flair": null, "submission": "gsn95r", "stickied": false, "body": "The woodworker you bought it from will most likely be happy to refinish it for your or fix a crack.", "is_submitter": false, "distinguished": null, "created_utc": 1590772257.0, "parent_id": "t1_fs6hjes", "replies": []}, {"author": "PiJiNWiNg", "id": "fs82bnw", "score": 1, "subreddit": "BuyItForLife", "author_flair": null, "submission": "gsn95r", "stickied": false, "body": "What a fantastic PSA, thanks!", "is_submitter": false, "distinguished": null, "created_utc": 1590775338.0, "parent_id": "t1_fs6hjes", "replies": []}, {"author": "bad-monkey", "id": "fs8z260", "score": 1, "subreddit": "BuyItForLife", "author_flair": null, "submission": "gsn95r", "stickied": false, "body": "I just bought some walnut boards to make cutting boards for my BFF and mom and MIL. It\u2019s gonna be pretty!!!", "is_submitter": false, "distinguished": null, "created_utc": 1590791613.0, "parent_id": "t1_fs6hjes", "replies": [{"author": "shrine", "id": "fs8zee6", "score": 2, "subreddit": "BuyItForLife", "author_flair": null, "submission": "gsn95r", "stickied": false, "body": "Great! Make sure to use a food grade finish.", "is_submitter": false, "distinguished": null, "created_utc": 1590791796.0, "parent_id": "t1_fs8z260", "replies": []}]}]}, {"author": "_Shoulderleen", "id": "fs6a343", "score": 34, "subreddit": "BuyItForLife", "author_flair": null, "submission": "gsn95r", "stickied": false, "body": "How have you maintained it so well over the last 25 yrs?", "is_submitter": false, "distinguished": null, "created_utc": 1590733189.0, "parent_id": "t3_gsn95r", "replies": [{"author": "buzz_uk", "id": "fs6af8g", "score": 50, "subreddit": "BuyItForLife", "author_flair": null, "submission": "gsn95r", "stickied": false, "body": "It gets used wiped down every use and scrubbed in the sink every week. It has seen a lot of abuse over the years and it keeps on scrubbing up good :)", "is_submitter": true, "distinguished": null, "created_utc": 1590733457.0, "parent_id": "t1_fs6a343", "replies": [{"author": "buzz_uk", "id": "fs6ahgx", "score": 49, "subreddit": "BuyItForLife", "author_flair": null, "submission": "gsn95r", "stickied": false, "body": "Oh also if it gets used for raw meat it gets scrubbed every time", "is_submitter": true, "distinguished": null, "created_utc": 1590733506.0, "parent_id": "t1_fs6af8g", "replies": [{"author": "thatG_evanP", "id": "fs87gyi", "score": 10, "subreddit": "BuyItForLife", "author_flair": null, "submission": "gsn95r", "stickied": false, "body": "When I cut raw meat on mine, I like to let the juices sit on there for a few days to really season the board, and then just give it a good polish with a cloth.", "is_submitter": false, "distinguished": null, "created_utc": 1590777787.0, "parent_id": "t1_fs6ahgx", "replies": [{"author": "DELETED", "id": "fs8r5jr", "score": 36, "subreddit": "BuyItForLife", "author_flair": null, "submission": "gsn95r", "stickied": false, "body": "That sounds like a bad idea", "is_submitter": false, "distinguished": null, "created_utc": 1590787497.0, "parent_id": "t1_fs87gyi", "replies": []}, {"author": "tengentopp", "id": "fs9vfup", "score": 7, "subreddit": "BuyItForLife", "author_flair": null, "submission": "gsn95r", "stickied": false, "body": "R.I.P. your joke", "is_submitter": false, "distinguished": null, "created_utc": 1590810992.0, "parent_id": "t1_fs87gyi", "replies": [{"author": "thatG_evanP", "id": "fs9wc73", "score": 3, "subreddit": "BuyItForLife", "author_flair": null, "submission": "gsn95r", "stickied": false, "body": "But... my karma!", "is_submitter": false, "distinguished": null, "created_utc": 1590811593.0, "parent_id": "t1_fs9vfup", "replies": []}]}, {"author": "Imperial_Distance", "id": "fs91r1f", "score": 4, "subreddit": "BuyItForLife", "author_flair": null, "submission": "gsn95r", "stickied": false, "body": "That's a really risky move just to get your cutting board to smell like raw meat.", "is_submitter": false, "distinguished": null, "created_utc": 1590793071.0, "parent_id": "t1_fs87gyi", "replies": [{"author": "thatG_evanP", "id": "fs9y0cy", "score": 5, "subreddit": "BuyItForLife", "author_flair": null, "submission": "gsn95r", "stickied": false, "body": "First of all, not just raw meat; rotten meat. I want it to smell of rotten meat but when I lick its dry and splintery surface, I want the taste to be there as well. It only makes sense, ya know?", "is_submitter": false, "distinguished": null, "created_utc": 1590812745.0, "parent_id": "t1_fs91r1f", "replies": []}]}]}]}, {"author": "darthballs", "id": "fs7eg7a", "score": 6, "subreddit": "BuyItForLife", "author_flair": null, "submission": "gsn95r", "stickied": false, "body": "what do you scrub it with? Just soap and water? I just got myself an large acacia board and want to make sure I maintain it well. I'm a first timer with one like this. All i've done so far since i got it is rub a generous amount of mineral oil over it and let it sit overnight before wiping the excess off the following morning.  I'm not sure what the daily practice should be regarding wiping, oiling, etc. Any help is appreciated!", "is_submitter": false, "distinguished": null, "created_utc": 1590764072.0, "parent_id": "t1_fs6af8g", "replies": [{"author": "buzz_uk", "id": "fs7sai6", "score": 7, "subreddit": "BuyItForLife", "author_flair": null, "submission": "gsn95r", "stickied": false, "body": "I put it longways one the sink (it stands at 45 degrees) run warm water on it then scrub it with regular dish soap and a new scrubbing sponge. Not sure this is the best thing for it but it\u2019s lasted 25 years of this now so not going to change :) don\u2019t submerge it in water though, once done dry off all sides and out and put it back where you saw it.", "is_submitter": true, "distinguished": null, "created_utc": 1590770669.0, "parent_id": "t1_fs7eg7a", "replies": []}, {"author": "classico135", "id": "fs7fwam", "score": 11, "subreddit": "BuyItForLife", "author_flair": null, "submission": "gsn95r", "stickied": false, "body": "wipe and wash as needed, aways wash every side with soap and water (i dont use really hot water but don't know if it matters), then air dry completely on rack. Re oil it every six months.", "is_submitter": false, "distinguished": null, "created_utc": 1590764794.0, "parent_id": "t1_fs7eg7a", "replies": [{"author": "darthballs", "id": "fs7g6hz", "score": 4, "subreddit": "BuyItForLife", "author_flair": null, "submission": "gsn95r", "stickied": false, "body": "thanks for the advice!", "is_submitter": false, "distinguished": null, "created_utc": 1590764938.0, "parent_id": "t1_fs7fwam", "replies": [{"author": "seg-fault", "id": "fs88etq", "score": 7, "subreddit": "BuyItForLife", "author_flair": null, "submission": "gsn95r", "stickied": false, "body": "FWIW, I oil mine way more frequently than every 6 months, but I also use mine every day. You should re-oil it whenever it starts to look a little dull or faded, not based on some arbitrary schedule.\n\nI bought a gallon of food grade mineral oil off amazon years ago and keep a smaller squirt bottle filled up with it. It takes just a minute to squirt a little on and spread it around with a paper towel. To some people it might seem like a lot of work, but it's really not a big deal at all.", "is_submitter": false, "distinguished": null, "created_utc": 1590778232.0, "parent_id": "t1_fs7g6hz", "replies": [{"author": "Dartser", "id": "fs8ci11", "score": 3, "subreddit": "BuyItForLife", "author_flair": null, "submission": "gsn95r", "stickied": false, "body": "Get some bees wax pellets and heat up some mineral oil/bees wax to make a paste for your cutting board or other wood products. My ratio was 7 oil to 1 beeswax. oiling and then waxing to seal it all in works well.", "is_submitter": false, "distinguished": null, "created_utc": 1590780192.0, "parent_id": "t1_fs88etq", "replies": [{"author": "seg-fault", "id": "fs8mldu", "score": 3, "subreddit": "BuyItForLife", "author_flair": null, "submission": "gsn95r", "stickied": false, "body": "I made a jar of that too :) Good tip!!", "is_submitter": false, "distinguished": null, "created_utc": 1590785174.0, "parent_id": "t1_fs8ci11", "replies": []}]}]}]}, {"author": "courtappoint", "id": "fs85j97", "score": 1, "subreddit": "BuyItForLife", "author_flair": null, "submission": "gsn95r", "stickied": false, "body": "Oh no, I have never oiled my cutting board. I didn\u2019t even know that was a thing. It\u2019s about 15 years old now and seems to work fine? I\u2019m stretching my mind to even think of what would distinguish a good cutting board from bad?", "is_submitter": false, "distinguished": null, "created_utc": 1590776864.0, "parent_id": "t1_fs7fwam", "replies": []}]}]}]}, {"author": "Masterlumberjack", "id": "fs6r9tp", "score": 24, "subreddit": "BuyItForLife", "author_flair": null, "submission": "gsn95r", "stickied": false, "body": "Something I read for maintaining them after I made a few was to oil it once a day for a week, once a week for a month, and then once a month from then on. Mineral oil seems to be the best choice for reasons.", "is_submitter": false, "distinguished": null, "created_utc": 1590748732.0, "parent_id": "t1_fs6a343", "replies": [{"author": "TheBirdfeede", "id": "fs6tj5o", "score": 11, "subreddit": "BuyItForLife", "author_flair": null, "submission": "gsn95r", "stickied": false, "body": "Yes! While they are usually treated and protected if you want it to last as long as possible oil semi-regularly with a food safe mineral oil. It will stop it drying out and cracking apart. Also will make it more hygienic as it will absorb less moisture. \n\nYou can get the oil most places online. I use one from IKEA because we have one local.", "is_submitter": false, "distinguished": null, "created_utc": 1590750813.0, "parent_id": "t1_fs6r9tp", "replies": [{"author": "Masterlumberjack", "id": "fs6tucc", "score": 12, "subreddit": "BuyItForLife", "author_flair": null, "submission": "gsn95r", "stickied": false, "body": "Fancy IKEA oil?  Heck I buy a gallon from amazon for $15. I keep a large, shallow Tupperware half-filled with it in the basement and just soak any boards I make for a day or three. I\u2019m usually lazy after that unless they look thirsty. Can always buy mineral oil next to the laxatives in any grocery store too.", "is_submitter": false, "distinguished": null, "created_utc": 1590751086.0, "parent_id": "t1_fs6tj5o", "replies": [{"author": "RoboticGanja", "id": "fs79a2n", "score": 3, "subreddit": "BuyItForLife", "author_flair": null, "submission": "gsn95r", "stickied": false, "body": "You use laxatives on your food prep surfaces?!?! /s", "is_submitter": false, "distinguished": null, "created_utc": 1590761385.0, "parent_id": "t1_fs6tucc", "replies": [{"author": "Pleased_to_meet_u", "id": "fs7y21z", "score": 3, "subreddit": "BuyItForLife", "author_flair": null, "submission": "gsn95r", "stickied": false, "body": "Food-grade mineral oil is also sold as a laxative. When it\u2019s packaged that way it\u2019s sold a LOT cheaper than \u201ccutting board oil.\u201d", "is_submitter": false, "distinguished": null, "created_utc": 1590773346.0, "parent_id": "t1_fs79a2n", "replies": [{"author": "RoboticGanja", "id": "fs813kn", "score": 2, "subreddit": "BuyItForLife", "author_flair": null, "submission": "gsn95r", "stickied": false, "body": "Does the slash s \u201c/s\u201d not denote sarcasm anymore? But yes, it is cheaper. Food glycerin is also cheaper than the hair treatment, men\u2019s soap cheaper than lady\u2019s (not the premium, just basic), and I\u2019m having a bad day so I was spouting off jokes :)", "is_submitter": false, "distinguished": null, "created_utc": 1590774763.0, "parent_id": "t1_fs7y21z", "replies": []}]}, {"author": "Masterlumberjack", "id": "fs79bu5", "score": 2, "subreddit": "BuyItForLife", "author_flair": null, "submission": "gsn95r", "stickied": false, "body": "Keeps me regular.", "is_submitter": false, "distinguished": null, "created_utc": 1590761412.0, "parent_id": "t1_fs79a2n", "replies": []}]}, {"author": "TheBirdfeede", "id": "fs6u7sk", "score": 4, "subreddit": "BuyItForLife", "author_flair": null, "submission": "gsn95r", "stickied": false, "body": "\ud83d\ude02 I know. Get me with mah fancy oil. That\u2019s not a bad idea to soak them! I managed to acquire a spare end grain Maple chopping board through work (was going spare). Maple is mad prone to warping so have to oil it fairly regularly.", "is_submitter": false, "distinguished": null, "created_utc": 1590751410.0, "parent_id": "t1_fs6tucc", "replies": []}, {"author": "battraman", "id": "fsj1ubk", "score": 1, "subreddit": "BuyItForLife", "author_flair": null, "submission": "gsn95r", "stickied": false, "body": "Every couple of months or so I fill up a big 13x9 Pyrex pan with mineral oil and soak every one of my wooden kithen tools.", "is_submitter": false, "distinguished": null, "created_utc": 1591021580.0, "parent_id": "t1_fs6tucc", "replies": []}]}, {"author": "LastSummerGT", "id": "fs751vj", "score": 6, "subreddit": "BuyItForLife", "author_flair": null, "submission": "gsn95r", "stickied": false, "body": "Food safe mineral oil is used as a laxative. I buy it for 99\u00a2 in the laxative section of my grocery store.", "is_submitter": false, "distinguished": null, "created_utc": 1590759023.0, "parent_id": "t1_fs6tj5o", "replies": [{"author": "TheBirdfeede", "id": "fs8gjp7", "score": 1, "subreddit": "BuyItForLife", "author_flair": null, "submission": "gsn95r", "stickied": false, "body": "Haha no way.!", "is_submitter": false, "distinguished": null, "created_utc": 1590782175.0, "parent_id": "t1_fs751vj", "replies": []}]}]}]}]}, {"author": "lilbums", "id": "fs6d1bd", "score": 19, "subreddit": "BuyItForLife", "author_flair": null, "submission": "gsn95r", "stickied": false, "body": "Daaamn, this puppy looks heavy as hell", "is_submitter": false, "distinguished": null, "created_utc": 1590735547.0, "parent_id": "t3_gsn95r", "replies": [{"author": "buzz_uk", "id": "fs6gto5", "score": 21, "subreddit": "BuyItForLife", "author_flair": null, "submission": "gsn95r", "stickied": false, "body": "The weight is a sign of quality :) it weighs about 15kg. Mrs B refuses to attempt to lift it!", "is_submitter": true, "distinguished": null, "created_utc": 1590738821.0, "parent_id": "t1_fs6d1bd", "replies": [{"author": "lilbums", "id": "fs6gxit", "score": 3, "subreddit": "BuyItForLife", "author_flair": null, "submission": "gsn95r", "stickied": false, "body": "I'd rather have some weight as well, totally agree. I'm with Mrs. B on this one though", "is_submitter": false, "distinguished": null, "created_utc": 1590738914.0, "parent_id": "t1_fs6gto5", "replies": []}]}, {"author": "6thPentacleOfSaturn", "id": "fs6xch2", "score": 6, "subreddit": "BuyItForLife", "author_flair": null, "submission": "gsn95r", "stickied": false, "body": "Heavy is good. Heavy is reliable. If it doesn't work, you can always hit him with it.", "is_submitter": false, "distinguished": null, "created_utc": 1590753945.0, "parent_id": "t1_fs6d1bd", "replies": []}]}, {"author": "ihambrecht", "id": "fs6sjhz", "score": 21, "subreddit": "BuyItForLife", "author_flair": null, "submission": "gsn95r", "stickied": false, "body": "Are you the softest cutter ever? This thing looks brand new.", "is_submitter": false, "distinguished": null, "created_utc": 1590749914.0, "parent_id": "t3_gsn95r", "replies": [{"author": "buzz_uk", "id": "fs6w4cs", "score": 21, "subreddit": "BuyItForLife", "author_flair": null, "submission": "gsn95r", "stickied": false, "body": "No, I am a 200lb gorilla who uses big knives (that\u2019s an AVE reference) am English so I would say just a big guy who cooks a lot and it comes up good after a good scrubbing (it had just been cleaned before the pic)", "is_submitter": true, "distinguished": null, "created_utc": 1590752990.0, "parent_id": "t1_fs6sjhz", "replies": [{"author": "ihambrecht", "id": "fs6wmi1", "score": 5, "subreddit": "BuyItForLife", "author_flair": null, "submission": "gsn95r", "stickied": false, "body": "AVE the YouTuber?", "is_submitter": false, "distinguished": null, "created_utc": 1590753384.0, "parent_id": "t1_fs6w4cs", "replies": [{"author": "buzz_uk", "id": "fs6xr7x", "score": 6, "subreddit": "BuyItForLife", "author_flair": null, "submission": "gsn95r", "stickied": false, "body": "Yes. Sorry I assume that everyone knows what I am talking about a whole lot... he is great so long as you don\u2019t take him too seriously :)\n\nAlso I am just outside the +- 10% on the 200lb :(", "is_submitter": true, "distinguished": null, "created_utc": 1590754249.0, "parent_id": "t1_fs6wmi1", "replies": [{"author": "ihambrecht", "id": "fs7p7pj", "score": 3, "subreddit": "BuyItForLife", "author_flair": null, "submission": "gsn95r", "stickied": false, "body": "I love his videos. I\u2019m a machinist and have used some of his tricks.", "is_submitter": false, "distinguished": null, "created_utc": 1590769252.0, "parent_id": "t1_fs6xr7x", "replies": [{"author": "buzz_uk", "id": "fs7shwc", "score": 1, "subreddit": "BuyItForLife", "author_flair": null, "submission": "gsn95r", "stickied": false, "body": "Gotten yourself out of a jam or two by watching a VJO with a trick :)", "is_submitter": true, "distinguished": null, "created_utc": 1590770761.0, "parent_id": "t1_fs7p7pj", "replies": []}]}, {"author": "iamthejef", "id": "fs7pjxy", "score": 4, "subreddit": "BuyItForLife", "author_flair": null, "submission": "gsn95r", "stickied": false, "body": "They don't, because there are still more of us that don't follow \"youtubers\" than do.", "is_submitter": false, "distinguished": null, "created_utc": 1590769410.0, "parent_id": "t1_fs6xr7x", "replies": []}]}]}]}, {"author": "fhrjwusdofhw", "id": "fs7ax1f", "score": 10, "subreddit": "BuyItForLife", "author_flair": null, "submission": "gsn95r", "stickied": false, "body": "Generally End Grain Boards won\u2019t show knife marks to the same extent as face grain. They are also much friendlier on knives.", "is_submitter": false, "distinguished": null, "created_utc": 1590762263.0, "parent_id": "t1_fs6sjhz", "replies": []}]}, {"author": "blazin_paddles", "id": "fs7s7ev", "score": 7, "subreddit": "BuyItForLife", "author_flair": null, "submission": "gsn95r", "stickied": false, "body": "Babish says a big ass, fuck you cutting board is one of the cheapest but most important tools for any kitchen. And I agree. Nice board man!", "is_submitter": false, "distinguished": null, "created_utc": 1590770629.0, "parent_id": "t3_gsn95r", "replies": []}, {"author": "TrapBae2000", "id": "fs6vr25", "score": 6, "subreddit": "BuyItForLife", "author_flair": null, "submission": "gsn95r", "stickied": false, "body": "She's so pretty! I need a link", "is_submitter": false, "distinguished": null, "created_utc": 1590752695.0, "parent_id": "t3_gsn95r", "replies": [{"author": "buzz_uk", "id": "fs6xntw", "score": 9, "subreddit": "BuyItForLife", "author_flair": null, "submission": "gsn95r", "stickied": false, "body": "T&G Rectangular End Grain Chopping Board with Finger Grooves in Hevea, Large, 45 x 30 x 4 cm https://www.amazon.co.uk/dp/B0086WQ54O\n\nCurrently out of stock, really surprised that they are still made, no idea what the quality is like now...", "is_submitter": true, "distinguished": null, "created_utc": 1590754182.0, "parent_id": "t1_fs6vr25", "replies": [{"author": "TrapBae2000", "id": "fs6y22w", "score": 1, "subreddit": "BuyItForLife", "author_flair": null, "submission": "gsn95r", "stickied": false, "body": "Oh okay thanks for the head up!", "is_submitter": false, "distinguished": null, "created_utc": 1590754475.0, "parent_id": "t1_fs6xntw", "replies": [{"author": "UseDaSchwartz", "id": "fs7xdng", "score": 1, "subreddit": "BuyItForLife", "author_flair": null, "submission": "gsn95r", "stickied": false, "body": "If you're paying less than $100 for something like this, I wouldn't trust it.", "is_submitter": false, "distinguished": null, "created_utc": 1590773030.0, "parent_id": "t1_fs6y22w", "replies": []}]}, {"author": "converter-bot", "id": "fs6xo6n", "score": 0, "subreddit": "BuyItForLife", "author_flair": null, "submission": "gsn95r", "stickied": false, "body": "4 cm is 1.57 inches", "is_submitter": false, "distinguished": null, "created_utc": 1590754189.0, "parent_id": "t1_fs6xntw", "replies": [{"author": "buzz_uk", "id": "fs6xwbf", "score": 1, "subreddit": "BuyItForLife", "author_flair": null, "submission": "gsn95r", "stickied": false, "body": "They have skimmed them down :(", "is_submitter": true, "distinguished": null, "created_utc": 1590754355.0, "parent_id": "t1_fs6xo6n", "replies": []}]}]}]}, {"author": "Karkfrommars", "id": "fs78j92", "score": 5, "subreddit": "BuyItForLife", "author_flair": null, "submission": "gsn95r", "stickied": false, "body": "If that was in my house i would wake to find it in the dishwasher, hot, cracked and ruined.\n\n\nJust like the last one...", "is_submitter": false, "distinguished": null, "created_utc": 1590760974.0, "parent_id": "t3_gsn95r", "replies": [{"author": "buzz_uk", "id": "fs79l1b", "score": 1, "subreddit": "BuyItForLife", "author_flair": null, "submission": "gsn95r", "stickied": false, "body": "Words have been had to prevent exactly this happening, also it weighs 15kg and Mrs B refuses to attempt to lift it :)", "is_submitter": true, "distinguished": null, "created_utc": 1590761552.0, "parent_id": "t1_fs78j92", "replies": []}]}, {"author": "defiance211", "id": "fs7gv2x", "score": 3, "subreddit": "BuyItForLife", "author_flair": null, "submission": "gsn95r", "stickied": false, "body": "Before you kick the bucket, you should burn this thing just to show it who\u2019s boss for trying to outlive you! /s", "is_submitter": false, "distinguished": null, "created_utc": 1590765280.0, "parent_id": "t3_gsn95r", "replies": [{"author": "buzz_uk", "id": "fs7sdka", "score": 2, "subreddit": "BuyItForLife", "author_flair": null, "submission": "gsn95r", "stickied": false, "body": "Would rather the kids got another few years or of it... we don\u2019t have a lot passed down in our family", "is_submitter": true, "distinguished": null, "created_utc": 1590770708.0, "parent_id": "t1_fs7gv2x", "replies": [{"author": "defiance211", "id": "fs7uadx", "score": 2, "subreddit": "BuyItForLife", "author_flair": null, "submission": "gsn95r", "stickied": false, "body": "I agree! It\u2019s nice to have something useful and timeless to hand down. I always wanted my grandmothers old 1930-40 cast iron cookware. She moved to Florida and lost the cookware in the process. I was devastated for about 2 minutes  after finding out.", "is_submitter": false, "distinguished": null, "created_utc": 1590771585.0, "parent_id": "t1_fs7sdka", "replies": []}]}]}, {"author": "thatG_evanP", "id": "fs871vv", "score": 3, "subreddit": "BuyItForLife", "author_flair": null, "submission": "gsn95r", "stickied": false, "body": "Im not saying anything negative about them but I've always been curious about the end-grain cutting boards. Why would you want to use end-grain considering that it's the most absorbent part of a board? Please enlighten me!", "is_submitter": false, "distinguished": null, "created_utc": 1590777586.0, "parent_id": "t3_gsn95r", "replies": [{"author": "buzz_uk", "id": "fs8e36b", "score": 2, "subreddit": "BuyItForLife", "author_flair": null, "submission": "gsn95r", "stickied": false, "body": "This one has a tight grain and does not seem to take up fluid, also as it\u2019s wood a tiny amount is removed every time I scrub it leaving me with a new surface (this is how an old long retired butcher explained it to 15 year old me many many years ago)", "is_submitter": true, "distinguished": null, "created_utc": 1590780972.0, "parent_id": "t1_fs871vv", "replies": [{"author": "thatG_evanP", "id": "fs8fve4", "score": 2, "subreddit": "BuyItForLife", "author_flair": null, "submission": "gsn95r", "stickied": false, "body": "I wasn't speaking specifically about yours, just more of a general question. Thanks though!", "is_submitter": false, "distinguished": null, "created_utc": 1590781846.0, "parent_id": "t1_fs8e36b", "replies": []}]}]}, {"author": "naivesnapper", "id": "fs6o78p", "score": 3, "subreddit": "BuyItForLife", "author_flair": null, "submission": "gsn95r", "stickied": false, "body": "that is a gorgeous cutting board", "is_submitter": false, "distinguished": null, "created_utc": 1590745796.0, "parent_id": "t3_gsn95r", "replies": [{"author": "buzz_uk", "id": "fs6vwpm", "score": 3, "subreddit": "BuyItForLife", "author_flair": null, "submission": "gsn95r", "stickied": false, "body": "Thank you.... t has been with me through many moves, many kitchens and I can not imagine how many meals it has seen :)", "is_submitter": true, "distinguished": null, "created_utc": 1590752823.0, "parent_id": "t1_fs6o78p", "replies": []}]}, {"author": "sminima", "id": "fs6tc9k", "score": 3, "subreddit": "BuyItForLife", "author_flair": null, "submission": "gsn95r", "stickied": false, "body": "Does it last well because the end grain is sort of \"self healing\"?", "is_submitter": false, "distinguished": null, "created_utc": 1590750643.0, "parent_id": "t3_gsn95r", "replies": []}, {"author": "CHICOHIO", "id": "fs6ybm8", "score": 3, "subreddit": "BuyItForLife", "author_flair": null, "submission": "gsn95r", "stickied": false, "body": "I love the idea of the tile on the counter at the back! My whole family are butcher block counter tops types, however around all of our sinks we get the dry rot going. We have come up with different solutions. My mother\u2019s 4 inch thick one is now been sanded down to 3 inches (it still took years to get the stain out from a fire hot pan) and the sink surround is epoxied to the nth degree. One brother cut out the bad spots and did some cool marquetry designs. Other one likes to sit and chop and has a big round wooden table that is for intimate family dinners and chopping. Sisters have separate counters that that do not have sinks. My brother made me a sink surround of slate and then two 2\u2019 x 2\u2019 x 1.5\u201d floating maple block cutting boards that can be flipped and maintained with an oak stair tread shelf across for putting stuff including custom slots for my favorite knives. Could go on and on about my brother\u2019s genius set up for my kitchen;~}", "is_submitter": false, "distinguished": null, "created_utc": 1590754667.0, "parent_id": "t3_gsn95r", "replies": [{"author": "converter-bot", "id": "fs6ybrz", "score": 2, "subreddit": "BuyItForLife", "author_flair": null, "submission": "gsn95r", "stickied": false, "body": "3 inches is 7.62 cm", "is_submitter": false, "distinguished": null, "created_utc": 1590754671.0, "parent_id": "t1_fs6ybm8", "replies": []}]}, {"author": "any_names_left", "id": "fs6rg99", "score": 2, "subreddit": "BuyItForLife", "author_flair": null, "submission": "gsn95r", "stickied": false, "body": "I have that same board.", "is_submitter": false, "distinguished": null, "created_utc": 1590748898.0, "parent_id": "t3_gsn95r", "replies": [{"author": "buzz_uk", "id": "fs6vyd2", "score": 1, "subreddit": "BuyItForLife", "author_flair": null, "submission": "gsn95r", "stickied": false, "body": "Hope it\u2019s bringing you the same service as mine is :) enjoy it!", "is_submitter": true, "distinguished": null, "created_utc": 1590752860.0, "parent_id": "t1_fs6rg99", "replies": []}]}, {"author": "Fmbounce", "id": "fs6zm7l", "score": 2, "subreddit": "BuyItForLife", "author_flair": null, "submission": "gsn95r", "stickied": false, "body": "do you use any mineral oil? what about baking soda/lemon to scrub?", "is_submitter": false, "distinguished": null, "created_utc": 1590755584.0, "parent_id": "t3_gsn95r", "replies": [{"author": "buzz_uk", "id": "fs70qkf", "score": 1, "subreddit": "BuyItForLife", "author_flair": null, "submission": "gsn95r", "stickied": false, "body": "I am really bad to this block, it probably gets olive oil on it while cooking but to clean it i prop it up in the sink and scrub it with normal dish soap and non stick sponge things. It gets used a lot, right at the moment there is a pepperoni pizza sat on it so some big oil stains, right now :)", "is_submitter": true, "distinguished": null, "created_utc": 1590756339.0, "parent_id": "t1_fs6zm7l", "replies": []}]}, {"author": "ChiodoS04", "id": "fs70tmf", "score": 2, "subreddit": "BuyItForLife", "author_flair": null, "submission": "gsn95r", "stickied": false, "body": "I love my giant cutting board, but it\u2019s a bitch to lug around, the things heavy", "is_submitter": false, "distinguished": null, "created_utc": 1590756393.0, "parent_id": "t3_gsn95r", "replies": []}, {"author": "Kameniev", "id": "fs73anp", "score": 2, "subreddit": "BuyItForLife", "author_flair": null, "submission": "gsn95r", "stickied": false, "body": "Damn I need one of these...", "is_submitter": false, "distinguished": null, "created_utc": 1590757963.0, "parent_id": "t3_gsn95r", "replies": [{"author": "buzz_uk", "id": "fs74463", "score": 4, "subreddit": "BuyItForLife", "author_flair": null, "submission": "gsn95r", "stickied": false, "body": "Every home needs one of these, best investment I have made in kitchen equipment!", "is_submitter": true, "distinguished": null, "created_utc": 1590758462.0, "parent_id": "t1_fs73anp", "replies": []}]}, {"author": "Dr_Emmett_Brown_PHD", "id": "fs74bje", "score": 2, "subreddit": "BuyItForLife", "author_flair": null, "submission": "gsn95r", "stickied": false, "body": "What do you mean by end grain?", "is_submitter": false, "distinguished": null, "created_utc": 1590758585.0, "parent_id": "t3_gsn95r", "replies": [{"author": "buzz_uk", "id": "fs79od7", "score": 2, "subreddit": "BuyItForLife", "author_flair": null, "submission": "gsn95r", "stickied": false, "body": "The grain is facing towards rather than along the cutting surface.", "is_submitter": true, "distinguished": null, "created_utc": 1590761601.0, "parent_id": "t1_fs74bje", "replies": []}]}, {"author": "ilovemallory", "id": "fs7vjrg", "score": 2, "subreddit": "BuyItForLife", "author_flair": null, "submission": "gsn95r", "stickied": false, "body": "She thicc", "is_submitter": false, "distinguished": null, "created_utc": 1590772173.0, "parent_id": "t3_gsn95r", "replies": []}, {"author": "Uuhh_no", "id": "fs7zzmu", "score": 2, "subreddit": "BuyItForLife", "author_flair": null, "submission": "gsn95r", "stickied": false, "body": "I made one yesterday. Just planed it this morning!", "is_submitter": false, "distinguished": null, "created_utc": 1590774249.0, "parent_id": "t3_gsn95r", "replies": [{"author": "buzz_uk", "id": "fs84col", "score": 1, "subreddit": "BuyItForLife", "author_flair": null, "submission": "gsn95r", "stickied": false, "body": "Brilliant, can you share a pic of the finished project?", "is_submitter": true, "distinguished": null, "created_utc": 1590776304.0, "parent_id": "t1_fs7zzmu", "replies": []}]}, {"author": "Doryhotcheeto", "id": "fs8b72v", "score": 2, "subreddit": "BuyItForLife", "author_flair": null, "submission": "gsn95r", "stickied": false, "body": "What kind of wood is this? It\u2019s so beautiful.", "is_submitter": false, "distinguished": null, "created_utc": 1590779554.0, "parent_id": "t3_gsn95r", "replies": [{"author": "buzz_uk", "id": "fs8g0b2", "score": 2, "subreddit": "BuyItForLife", "author_flair": null, "submission": "gsn95r", "stickied": false, "body": "Update: did some digging and it\u2019s apparently [rubber wood](https://en.m.wikipedia.org/wiki/Rubberwood) a light coloured tropical hardwood.", "is_submitter": true, "distinguished": null, "created_utc": 1590781911.0, "parent_id": "t1_fs8b72v", "replies": [{"author": "Doryhotcheeto", "id": "fs8lahd", "score": 1, "subreddit": "BuyItForLife", "author_flair": null, "submission": "gsn95r", "stickied": false, "body": "I ask because my partner made me an end grain cutting board from maple and I find it too hard ! Like it pushes back against me when I\u2019m chopping, if that makes any sense. Do you feel that as well, or no?", "is_submitter": false, "distinguished": null, "created_utc": 1590784524.0, "parent_id": "t1_fs8g0b2", "replies": [{"author": "buzz_uk", "id": "fs8m4d8", "score": 1, "subreddit": "BuyItForLife", "author_flair": null, "submission": "gsn95r", "stickied": false, "body": "This feels about right, o tend to use a chefs knife and it does have a little bit of give in the surface, gives you a nice sense of control, nothing like a plastic chopping board, they are horribly hard too, I bet the maple wood one looks and smells fantastic though :)", "is_submitter": true, "distinguished": null, "created_utc": 1590784937.0, "parent_id": "t1_fs8lahd", "replies": []}]}]}, {"author": "buzz_uk", "id": "fs8eefn", "score": 1, "subreddit": "BuyItForLife", "author_flair": null, "submission": "gsn95r", "stickied": false, "body": "I have mom idea, it\u2019s a hardwood that was quite pale (anyone else law know what it might be) but the colour of this board has come from years of use, this evening it has a nice red hue from the pepperoni pizza that Mrs b cut on it for the children\u2019s lunch, last week it was orange from cutting carrrots to make something, it cleans up nicely and over the years has developed that nice colour :)", "is_submitter": true, "distinguished": null, "created_utc": 1590781125.0, "parent_id": "t1_fs8b72v", "replies": []}]}, {"author": "mnky9800n", "id": "fs8v2bz", "score": 2, "subreddit": "BuyItForLife", "author_flair": null, "submission": "gsn95r", "stickied": false, "body": "so don't buy a new one. lol.", "is_submitter": false, "distinguished": null, "created_utc": 1590789501.0, "parent_id": "t3_gsn95r", "replies": []}, {"author": "SpookyLeonard", "id": "fs9allp", "score": 2, "subreddit": "BuyItForLife", "author_flair": null, "submission": "gsn95r", "stickied": false, "body": "t h i c c", "is_submitter": false, "distinguished": null, "created_utc": 1590798120.0, "parent_id": "t3_gsn95r", "replies": []}, {"author": "Yeti-Stalker", "id": "fs9awoi", "score": 2, "subreddit": "BuyItForLife", "author_flair": null, "submission": "gsn95r", "stickied": false, "body": "What kind of wood is it?", "is_submitter": false, "distinguished": null, "created_utc": 1590798295.0, "parent_id": "t3_gsn95r", "replies": [{"author": "buzz_uk", "id": "fsa5lq6", "score": 1, "subreddit": "BuyItForLife", "author_flair": null, "submission": "gsn95r", "stickied": false, "body": "This one is made of [rubberwood](https://en.m.wikipedia.org/wiki/Rubberwood)", "is_submitter": true, "distinguished": null, "created_utc": 1590818404.0, "parent_id": "t1_fs9awoi", "replies": []}]}, {"author": "CosmopolitanGuy", "id": "fs9ng1s", "score": 2, "subreddit": "BuyItForLife", "author_flair": null, "submission": "gsn95r", "stickied": false, "body": "I've got the same one and it's amazing! Just a heads up for future buyers, it's massive af.", "is_submitter": false, "distinguished": null, "created_utc": 1590805836.0, "parent_id": "t3_gsn95r", "replies": []}, {"author": "VR_is_the_future", "id": "fs9v396", "score": 2, "subreddit": "BuyItForLife", "author_flair": null, "submission": "gsn95r", "stickied": false, "body": "[sounds like a threat](https://imgur.com/gallery/HHmSHN5)", "is_submitter": false, "distinguished": null, "created_utc": 1590810759.0, "parent_id": "t3_gsn95r", "replies": []}, {"author": "DELETED", "id": "fs6maup", "score": 4, "subreddit": "BuyItForLife", "author_flair": null, "submission": "gsn95r", "stickied": false, "body": "[deleted]", "is_submitter": false, "distinguished": null, "created_utc": 1590743963.0, "parent_id": "t3_gsn95r", "replies": [{"author": "buzz_uk", "id": "fs6vq0h", "score": 1, "subreddit": "BuyItForLife", "author_flair": null, "submission": "gsn95r", "stickied": false, "body": "Right handed, why do you ask?", "is_submitter": true, "distinguished": null, "created_utc": 1590752670.0, "parent_id": "t1_fs6maup", "replies": []}]}, {"author": "terryjuicelawson", "id": "fs6t68u", "score": 1, "subreddit": "BuyItForLife", "author_flair": null, "submission": "gsn95r", "stickied": false, "body": "Looks very similar to [mine!](https://imgur.com/3IxVFeu). Think I got it about 20 years ago, it has been through the wars though. I have wondered if I could sand it or get the top layers of scratches off without damaging it somehow.", "is_submitter": false, "distinguished": null, "created_utc": 1590750493.0, "parent_id": "t3_gsn95r", "replies": [{"author": "ItsJust_ME", "id": "fs71f98", "score": 2, "subreddit": "BuyItForLife", "author_flair": null, "submission": "gsn95r", "stickied": false, "body": "What kind of wood is yours?", "is_submitter": false, "distinguished": null, "created_utc": 1590756783.0, "parent_id": "t1_fs6t68u", "replies": []}, {"author": "buzz_uk", "id": "fs6w9tk", "score": 1, "subreddit": "BuyItForLife", "author_flair": null, "submission": "gsn95r", "stickied": false, "body": "I am sure you can sand it back, I scrub this one every week which is why it comes up looking good. Over time the deep cuts have disappeared and new ones have happened.", "is_submitter": true, "distinguished": null, "created_utc": 1590753111.0, "parent_id": "t1_fs6t68u", "replies": []}]}, {"author": "Overall_Picture", "id": "fs6wlq9", "score": 1, "subreddit": "BuyItForLife", "author_flair": null, "submission": "gsn95r", "stickied": false, "body": "That's interesting.  Most advice I've read on buying chopping boards is to avoid end grain blocks because they tend to dry out and split if not well cared for, so you must be doing something right.", "is_submitter": false, "distinguished": null, "created_utc": 1590753368.0, "parent_id": "t3_gsn95r", "replies": []}, {"author": "soggymuff", "id": "fs75gmr", "score": 1, "subreddit": "BuyItForLife", "author_flair": null, "submission": "gsn95r", "stickied": false, "body": "Ok, question about wood cutting boards - I have a really simple one from IKEA that I conditioned with mineral oil before use.   \nAfter using it to chop onions, now EVERYTHING I chop on it smells like onions. Washing it releases an onion stench that just doesn't go away. It was a shocking bummer to slice some strawberries and realize that they tasted like onions. Tips?", "is_submitter": false, "distinguished": null, "created_utc": 1590759266.0, "parent_id": "t3_gsn95r", "replies": [{"author": "buzz_uk", "id": "fs79tsx", "score": 2, "subreddit": "BuyItForLife", "author_flair": null, "submission": "gsn95r", "stickied": false, "body": "Type of material matters, this one often sees onions, nothing smells after it\u2019s washed, would like to know what the community thinks as this is just my experience", "is_submitter": true, "distinguished": null, "created_utc": 1590761683.0, "parent_id": "t1_fs75gmr", "replies": [{"author": "soggymuff", "id": "fs7d583", "score": 2, "subreddit": "BuyItForLife", "author_flair": null, "submission": "gsn95r", "stickied": false, "body": "I think I need to upgrade! I just checked the material on the IKEA site and it just says \"wood\" lol.", "is_submitter": false, "distinguished": null, "created_utc": 1590763414.0, "parent_id": "t1_fs79tsx", "replies": [{"author": "buzz_uk", "id": "fs7rzkz", "score": 1, "subreddit": "BuyItForLife", "author_flair": null, "submission": "gsn95r", "stickied": false, "body": "Technically the truth! But not very helpful", "is_submitter": true, "distinguished": null, "created_utc": 1590770529.0, "parent_id": "t1_fs7d583", "replies": []}]}]}, {"author": "fhrjwusdofhw", "id": "fs7basl", "score": 2, "subreddit": "BuyItForLife", "author_flair": null, "submission": "gsn95r", "stickied": false, "body": "Clean the board with lemon juice or white vinegar and salt", "is_submitter": false, "distinguished": null, "created_utc": 1590762463.0, "parent_id": "t1_fs75gmr", "replies": [{"author": "soggymuff", "id": "fs7cyr1", "score": 1, "subreddit": "BuyItForLife", "author_flair": null, "submission": "gsn95r", "stickied": false, "body": "oh dang that makes a lot of sense... thanks, will do!!", "is_submitter": false, "distinguished": null, "created_utc": 1590763324.0, "parent_id": "t1_fs7basl", "replies": [{"author": "fhrjwusdofhw", "id": "fs7e5z5", "score": 1, "subreddit": "BuyItForLife", "author_flair": null, "submission": "gsn95r", "stickied": false, "body": "Here\u2019s a link as well I shared in another comment for just general care:\n\n\nhttps://www.knivesandtools.com/en/ct/how-do-you-maintain-a-wooden-cutting-board.htm", "is_submitter": false, "distinguished": null, "created_utc": 1590763932.0, "parent_id": "t1_fs7cyr1", "replies": []}]}]}]}, {"author": "mstrymxer", "id": "fs7ugoe", "score": 1, "subreddit": "BuyItForLife", "author_flair": null, "submission": "gsn95r", "stickied": false, "body": "How do you care for these? Id love to get one but how do you deal with raw meats and cleanup? I use thin plastic ones as they dont take up a lot of room", "is_submitter": false, "distinguished": null, "created_utc": 1590771664.0, "parent_id": "t3_gsn95r", "replies": [{"author": "buzz_uk", "id": "fs7w9vz", "score": 1, "subreddit": "BuyItForLife", "author_flair": null, "submission": "gsn95r", "stickied": false, "body": "Mine gear scrubbed in the sink (not soaked) with regular dish wash liquid and a scrubbing sponge. Dried as soon as done and put back where you see it. But please take advice from people who know what they are doing! I have just lucked out and got a block that seems to be immortal :)", "is_submitter": true, "distinguished": null, "created_utc": 1590772515.0, "parent_id": "t1_fs7ugoe", "replies": []}]}, {"author": "dicksledgehammer", "id": "fs7upmr", "score": 1, "subreddit": "BuyItForLife", "author_flair": null, "submission": "gsn95r", "stickied": false, "body": "So what\u2019s a good price point to buy one from Etsy? For a good quality board. I see some from $25-200", "is_submitter": false, "distinguished": null, "created_utc": 1590771779.0, "parent_id": "t3_gsn95r", "replies": [{"author": "buzz_uk", "id": "fs7wge2", "score": 2, "subreddit": "BuyItForLife", "author_flair": null, "submission": "gsn95r", "stickied": false, "body": "Price does not equal quality! From what o remember this one was about \u00a350 in 1995 ( that seemed a lot when I bought it but it has served me well )", "is_submitter": true, "distinguished": null, "created_utc": 1590772598.0, "parent_id": "t1_fs7upmr", "replies": [{"author": "dicksledgehammer", "id": "fs7xkh6", "score": 2, "subreddit": "BuyItForLife", "author_flair": null, "submission": "gsn95r", "stickied": false, "body": "You\u2019re right. So what should i look for that would be signs of quality.", "is_submitter": false, "distinguished": null, "created_utc": 1590773118.0, "parent_id": "t1_fs7wge2", "replies": [{"author": "buzz_uk", "id": "fs7ynjx", "score": 1, "subreddit": "BuyItForLife", "author_flair": null, "submission": "gsn95r", "stickied": false, "body": "Can not help too much as I have not bought one for 25 years :) but I think a tight grain and heavy wood is a good sign. Would be good to see if the community has any further thoughts.", "is_submitter": true, "distinguished": null, "created_utc": 1590773628.0, "parent_id": "t1_fs7xkh6", "replies": []}]}]}]}, {"author": "TheCaptainCancer", "id": "fs97sll", "score": 1, "subreddit": "BuyItForLife", "author_flair": null, "submission": "gsn95r", "stickied": false, "body": "Yo who did this!? The wood is not properly glued. A shame of a woodworker...", "is_submitter": false, "distinguished": null, "created_utc": 1590796512.0, "parent_id": "t3_gsn95r", "replies": [{"author": "buzz_uk", "id": "fsa5i0j", "score": 1, "subreddit": "BuyItForLife", "author_flair": null, "submission": "gsn95r", "stickied": false, "body": "Seems to have lasted well so far :)", "is_submitter": true, "distinguished": null, "created_utc": 1590818322.0, "parent_id": "t1_fs97sll", "replies": []}]}, {"author": "louismoon", "id": "fs6grgj", "score": 1, "subreddit": "BuyItForLife", "author_flair": null, "submission": "gsn95r", "stickied": false, "body": "That's a thicc boi!", "is_submitter": false, "distinguished": null, "created_utc": 1590738767.0, "parent_id": "t3_gsn95r", "replies": []}, {"author": "thevoiceofalan", "id": "fs6t6i1", "score": 1, "subreddit": "BuyItForLife", "author_flair": null, "submission": "gsn95r", "stickied": false, "body": "I now want a new chopping board and Vimto.", "is_submitter": false, "distinguished": null, "created_utc": 1590750500.0, "parent_id": "t3_gsn95r", "replies": [{"author": "buzz_uk", "id": "fs6wdg0", "score": 3, "subreddit": "BuyItForLife", "author_flair": null, "submission": "gsn95r", "stickied": false, "body": "I have a nice glass of Vimto now too :) reliving my childhood as an adult ;)", "is_submitter": true, "distinguished": null, "created_utc": 1590753188.0, "parent_id": "t1_fs6t6i1", "replies": []}]}, {"author": "Lilly-bee", "id": "fs6ws9o", "score": 1, "subreddit": "BuyItForLife", "author_flair": null, "submission": "gsn95r", "stickied": false, "body": "That is impressive. I actually never thought you could get a chopping board that would last more than 5 years. Will look into getting one and  best types of wood!", "is_submitter": false, "distinguished": null, "created_utc": 1590753511.0, "parent_id": "t3_gsn95r", "replies": []}, {"author": "treechopper123", "id": "fs71e4s", "score": 0, "subreddit": "BuyItForLife", "author_flair": null, "submission": "gsn95r", "stickied": false, "body": "interesting that there\u2019s hebrew writing on it... it might be a challah board", "is_submitter": false, "distinguished": null, "created_utc": 1590756763.0, "parent_id": "t3_gsn95r", "replies": [{"author": "buzz_uk", "id": "fs73zmx", "score": 2, "subreddit": "BuyItForLife", "author_flair": null, "submission": "gsn95r", "stickied": false, "body": "It\u2019s just a worn out TG, they made it originally :)", "is_submitter": true, "distinguished": null, "created_utc": 1590758387.0, "parent_id": "t1_fs71e4s", "replies": []}, {"author": "alex_cabib", "id": "fs7ddly", "score": 2, "subreddit": "BuyItForLife", "author_flair": null, "submission": "gsn95r", "stickied": false, "body": "Wanted to say that aswell \"\u05d1\u05e4\"", "is_submitter": false, "distinguished": null, "created_utc": 1590763532.0, "parent_id": "t1_fs71e4s", "replies": []}]}, {"author": "BeFunkMusic", "id": "fs6mhee", "score": -17, "subreddit": "BuyItForLife", "author_flair": null, "submission": "gsn95r", "stickied": false, "body": "it's a slab of wood", "is_submitter": false, "distinguished": null, "created_utc": 1590744138.0, "parent_id": "t3_gsn95r", "replies": [{"author": "Chocolate_fly", "id": "fs6o8uf", "score": 12, "subreddit": "BuyItForLife", "author_flair": null, "submission": "gsn95r", "stickied": false, "body": "Using a sharp knife repeatedly on wood for 25 years causes a lot of damage in most cases. You get deep grooves and cuts that can ruin a normal cutting board. \n\nEnd grain cutting boards hold up better to this kind of abuse. They're more expensive but they last a very long time with little wear.", "is_submitter": false, "distinguished": null, "created_utc": 1590745839.0, "parent_id": "t1_fs6mhee", "replies": [{"author": "buzz_uk", "id": "fs6vugd", "score": 2, "subreddit": "BuyItForLife", "author_flair": null, "submission": "gsn95r", "stickied": false, "body": "And every time it is a rubbed down it gives a new surface. So it is like a new board every week for 25 years :). It does wear down, so far it has lost about 1mm from the Center to the edges... so it\u2019s probably got another 100 years before it\u2019s a fruit bowl rather than a board :)", "is_submitter": true, "distinguished": null, "created_utc": 1590752773.0, "parent_id": "t1_fs6o8uf", "replies": []}]}]}]}