{"title": "I\u2019ve only had this for the past 10 years but will never sell it. She\u2019s over 50 years old and no leaks. Classic Grumman.", "name": "t3_8skmiv", "url": "https://i.redd.it/xuebn88u67511.jpg", "selftext": "", "score": 3974, "upvote_ratio": 0.95, "permalink": "/r/BuyItForLife/comments/8skmiv/ive_only_had_this_for_the_past_10_years_but_will/", "id": "8skmiv", "author": "canoe_motor", "link_flair_text": null, "num_comments": 113, "over_18": false, "spoiler": false, "pinned": false, "locked": false, "distinguished": null, "created_utc": 1529518693.0, "comments": [{"author": "losthiker68", "id": "e109gxe", "score": 240, "subreddit": "BuyItForLife", "author_flair": null, "submission": "8skmiv", "stickied": false, "body": "We had a Grumman that was probably as old as that but it got stolen.\n\nI told my wife I could pick up a newer canoe and she said, \"no\", because she wanted something \"with a history\".  It took a few weeks but we found another Grumman, nearly as old, for $250.  It was missing a seat so I've had to improvise a bit but I agree with you, a classic Grumman is the way to go. ", "is_submitter": false, "distinguished": null, "created_utc": 1529522940.0, "parent_id": "t3_8skmiv", "replies": [{"author": "coppergato", "id": "e10fkbw", "score": 145, "subreddit": "BuyItForLife", "author_flair": null, "submission": "8skmiv", "stickied": false, "body": "My grandfather was Leroy Grumman's college roommate, and later worked for Grumman during WWII, designing seaplanes. Didn't know about the canoes.\n", "is_submitter": false, "distinguished": null, "created_utc": 1529527873.0, "parent_id": "t1_e109gxe", "replies": [{"author": "huck2016", "id": "e111po0", "score": 21, "subreddit": "BuyItForLife", "author_flair": null, "submission": "8skmiv", "stickied": false, "body": "They also made great fire engines and mail trucks.", "is_submitter": false, "distinguished": null, "created_utc": 1529550193.0, "parent_id": "t1_e10fkbw", "replies": [{"author": "cpcallen", "id": "e11aclj", "score": 6, "subreddit": "BuyItForLife", "author_flair": null, "submission": "8skmiv", "stickied": false, "body": "And the [Apollo Lunar Module](https://en.wikipedia.org/wiki/Apollo_Lunar_Module).", "is_submitter": false, "distinguished": null, "created_utc": 1529561979.0, "parent_id": "t1_e111po0", "replies": [{"author": "fanman888", "id": "e11srzy", "score": 1, "subreddit": "BuyItForLife", "author_flair": null, "submission": "8skmiv", "stickied": false, "body": "Woah. TIL. Thanks!", "is_submitter": false, "distinguished": null, "created_utc": 1529591198.0, "parent_id": "t1_e11aclj", "replies": []}, {"author": "WikiTextBot", "id": "e11acq0", "score": 1, "subreddit": "BuyItForLife", "author_flair": null, "submission": "8skmiv", "stickied": false, "body": "**Apollo Lunar Module**\n\nThe Lunar Module (LM, pronounced \"Lem\"), originally designated the Lunar Excursion Module (LEM), was the lander portion of the Apollo spacecraft built for the US Apollo program by Grumman Aircraft to carry a crew of two from lunar orbit to the surface and back. Designed for lunar orbit rendezvous, it consisted of an ascent stage and descent stage, and was ferried to lunar orbit by its companion Command/Service Module (CSM), a separate spacecraft of approximately twice its mass, which also took the astronauts home to Earth. After completing its mission, the LM was discarded. It was capable of operation only in outer space; structurally and aerodynamically it was incapable of flight through the Earth's atmosphere.\n\n***\n\n^[ [^PM](https://www.reddit.com/message/compose?to=kittens_from_space) ^| [^Exclude ^me](https://reddit.com/message/compose?to=WikiTextBot&message=Excludeme&subject=Excludeme) ^| [^Exclude ^from ^subreddit](https://np.reddit.com/r/BuyItForLife/about/banned) ^| [^FAQ ^/ ^Information](https://np.reddit.com/r/WikiTextBot/wiki/index) ^| [^Source](https://github.com/kittenswolf/WikiTextBot)   ^]\n^Downvote ^to ^remove ^| ^v0.28", "is_submitter": false, "distinguished": null, "created_utc": 1529561985.0, "parent_id": "t1_e11aclj", "replies": []}]}]}, {"author": "RockitJoe956", "id": "e10gabk", "score": 20, "subreddit": "BuyItForLife", "author_flair": null, "submission": "8skmiv", "stickied": false, "body": "Wow! That's amazing", "is_submitter": false, "distinguished": null, "created_utc": 1529528478.0, "parent_id": "t1_e10fkbw", "replies": []}]}, {"author": "DELETED", "id": "e115f3e", "score": 20, "subreddit": "BuyItForLife", "author_flair": null, "submission": "8skmiv", "stickied": false, "body": "[deleted]", "is_submitter": false, "distinguished": null, "created_utc": 1529554587.0, "parent_id": "t1_e109gxe", "replies": [{"author": "DELETED", "id": "e1164nm", "score": 54, "subreddit": "BuyItForLife", "author_flair": null, "submission": "8skmiv", "stickied": false, "body": "A douchecanoe, that's who.", "is_submitter": false, "distinguished": null, "created_utc": 1529555520.0, "parent_id": "t1_e115f3e", "replies": [{"author": "FirearmConcierge", "id": "e11f5k4", "score": 3, "subreddit": "BuyItForLife", "author_flair": null, "submission": "8skmiv", "stickied": false, "body": "You! I like you!", "is_submitter": false, "distinguished": null, "created_utc": 1529571512.0, "parent_id": "t1_e1164nm", "replies": []}]}, {"author": "losthiker68", "id": "e116oad", "score": 6, "subreddit": "BuyItForLife", "author_flair": null, "submission": "8skmiv", "stickied": false, "body": "Our thoughts exactly. We were told that likely it was stolen for scrap, which made my wife even more upset.", "is_submitter": false, "distinguished": null, "created_utc": 1529556246.0, "parent_id": "t1_e115f3e", "replies": []}, {"author": "half-star", "id": "e11htit", "score": 2, "subreddit": "BuyItForLife", "author_flair": null, "submission": "8skmiv", "stickied": false, "body": "A canouchebag", "is_submitter": false, "distinguished": null, "created_utc": 1529577376.0, "parent_id": "t1_e115f3e", "replies": []}]}, {"author": "Steven054", "id": "e1169zq", "score": -3, "subreddit": "BuyItForLife", "author_flair": null, "submission": "8skmiv", "stickied": false, "body": "Why does this sound weird to me? A canoe \"with history\" that's still made out of sheet metal?? I could understand if it was a nice ass hand made wooden canoe... But as long as the price was similar with and old/new one... Why?? ", "is_submitter": false, "distinguished": null, "created_utc": 1529555714.0, "parent_id": "t1_e109gxe", "replies": [{"author": "losthiker68", "id": "e116r3i", "score": 10, "subreddit": "BuyItForLife", "author_flair": null, "submission": "8skmiv", "stickied": false, "body": "Why should it matter what it is made of? History is history.\n\nThe old canoe was used at a church cap on the same lake we live on. She likes that. The new one is from a scout camp at a lake upriver from us, still has the boy scout emblem on it.", "is_submitter": false, "distinguished": null, "created_utc": 1529556352.0, "parent_id": "t1_e1169zq", "replies": [{"author": "Steven054", "id": "e11kbgq", "score": -7, "subreddit": "BuyItForLife", "author_flair": null, "submission": "8skmiv", "stickied": false, "body": "To me, you're mistaking the word \"history\" with the word \"used\". An item having history implies there's something special about it, not that it was just owned by some mundane other people before you bought it... ", "is_submitter": false, "distinguished": null, "created_utc": 1529581698.0, "parent_id": "t1_e116r3i", "replies": [{"author": "tablinum", "id": "e11nneo", "score": 2, "subreddit": "BuyItForLife", "author_flair": null, "submission": "8skmiv", "stickied": false, "body": "You badly underestimate the history of \"mundane\" people.  \n", "is_submitter": false, "distinguished": null, "created_utc": 1529586013.0, "parent_id": "t1_e11kbgq", "replies": []}, {"author": "msut77", "id": "e11w3ii", "score": 1, "subreddit": "BuyItForLife", "author_flair": null, "submission": "8skmiv", "stickied": false, "body": "Grumman has special meaning if you know people who worked for them. Which is basically half of Long Island", "is_submitter": false, "distinguished": null, "created_utc": 1529594163.0, "parent_id": "t1_e11kbgq", "replies": []}]}]}]}]}, {"author": "Chapman54", "id": "e1086ng", "score": 91, "subreddit": "BuyItForLife", "author_flair": null, "submission": "8skmiv", "stickied": false, "body": "Great, durable canoe, but very heavy to portage. ", "is_submitter": false, "distinguished": null, "created_utc": 1529521916.0, "parent_id": "t3_8skmiv", "replies": [{"author": "jgysland", "id": "e108t1o", "score": 35, "subreddit": "BuyItForLife", "author_flair": null, "submission": "8skmiv", "stickied": false, "body": "Yeah. I suppose some people seldom portage, but I don\u2019t personally see much value in a canoe I couldn\u2019t easily carry.", "is_submitter": false, "distinguished": null, "created_utc": 1529522417.0, "parent_id": "t1_e1086ng", "replies": [{"author": "pug_nuts", "id": "e10mnne", "score": 15, "subreddit": "BuyItForLife", "author_flair": null, "submission": "8skmiv", "stickied": false, "body": "One for the cottage and one for the backcountry. Less trips to get boats onto cars and into the park.", "is_submitter": false, "distinguished": null, "created_utc": 1529534246.0, "parent_id": "t1_e108t1o", "replies": []}, {"author": "Burger_Fingers", "id": "e11xp1m", "score": 1, "subreddit": "BuyItForLife", "author_flair": null, "submission": "8skmiv", "stickied": false, "body": "I've been to the boundary Waters in Minnesota a couple times and they were the best times I've had, but back home in Texas, we fish Creek and rivers: only portage is from the vehicle to the water ... and maybe around downed trees. Either way, there are no portages longer than 100 feet.\n\nBut I don't mind portages. I've had the best summer sausage sandwich and Snickers ever while in my last long portage in Minnesota.", "is_submitter": false, "distinguished": null, "created_utc": 1529595520.0, "parent_id": "t1_e108t1o", "replies": []}]}, {"author": "Unique_username1", "id": "e10aggj", "score": 43, "subreddit": "BuyItForLife", "author_flair": null, "submission": "8skmiv", "stickied": false, "body": "They\u2019re actually lighter than modern laminated plastic canoes.\n\nHeavier than fiberglass or carbon, but laminated plastic is the most common material, and Grummans are lighter than that... and *much* lighter than the solid plastic used for whitewater and \u201cfamily-friendly\u201d (durable) canoes. \n\nThe main disadvantages are cost and durability. Aluminum is more brittle and vulnerable to \u201ctears\u201d or other punctures. \n\nBut it doesn\u2019t degrade over time or with exposure to UV light like many plastics, so it is a great material overall. ", "is_submitter": false, "distinguished": null, "created_utc": 1529523727.0, "parent_id": "t1_e1086ng", "replies": [{"author": "DELETED", "id": "e10cqto", "score": 26, "subreddit": "BuyItForLife", "author_flair": null, "submission": "8skmiv", "stickied": false, "body": "I've portaged these things so many miles. We use them exclusively at the camp I used to lead trips out of.  The aluminum is definitely pretty light, but the real issue came when the floats would get old in the bow and stern, and start to hold water. Theres few things worse than having to portage 6 miles with a Grumman that had an extra 10 pounds in the bow, making it dip in front of you. Ah, the horrendous memories.   If you could Widji flip one though, especially with a pack on, you were baller status. ", "is_submitter": false, "distinguished": null, "created_utc": 1529525550.0, "parent_id": "t1_e10aggj", "replies": [{"author": "Freddy216b", "id": "e118ae3", "score": 7, "subreddit": "BuyItForLife", "author_flair": null, "submission": "8skmiv", "stickied": false, "body": "I've canoed a bit in my time but have no idea what a widja flip is. Please explain?", "is_submitter": false, "distinguished": null, "created_utc": 1529558556.0, "parent_id": "t1_e10cqto", "replies": [{"author": "DELETED", "id": "e11g35c", "score": 5, "subreddit": "BuyItForLife", "author_flair": null, "submission": "8skmiv", "stickied": false, "body": "[deleted]", "is_submitter": false, "distinguished": null, "created_utc": 1529573634.0, "parent_id": "t1_e118ae3", "replies": [{"author": "Freddy216b", "id": "e12a2ty", "score": 2, "subreddit": "BuyItForLife", "author_flair": null, "submission": "8skmiv", "stickied": false, "body": "So it's just a regional name for flipping a canoe. Neat. I think I'll call it as I know it already.", "is_submitter": false, "distinguished": null, "created_utc": 1529605769.0, "parent_id": "t1_e11g35c", "replies": [{"author": "DELETED", "id": "e12qpzs", "score": 1, "subreddit": "BuyItForLife", "author_flair": null, "submission": "8skmiv", "stickied": false, "body": "Yeah, its just what we called it if you solo flipped the canoe for portaging. Usually we would use two people, with one to brace, and then just step under it. It can be risky, especially standing on slick lake shore, etc. Not really recommended if you want to minimize risk on a trip. \n", "is_submitter": false, "distinguished": null, "created_utc": 1529619933.0, "parent_id": "t1_e12a2ty", "replies": []}]}]}]}]}, {"author": "4x4play", "id": "e10djds", "score": 8, "subreddit": "BuyItForLife", "author_flair": null, "submission": "8skmiv", "stickied": false, "body": "I don't believe that for a second. I can carry my plastic one by myself, load it on the car and it feels lighter in the water also. When I had an aluminum one it was definitely heavier, along with all the rental ones I've used. ", "is_submitter": false, "distinguished": null, "created_utc": 1529526197.0, "parent_id": "t1_e10aggj", "replies": [{"author": "Unique_username1", "id": "e10ge48", "score": 16, "subreddit": "BuyItForLife", "author_flair": null, "submission": "8skmiv", "stickied": false, "body": "\n17ft-18ft Grummans are 66-81 lb, with most versions in the mid-70s: http://marathonboat.com/Grumman_Canoes.pdf\n\nTwo 13 foot models are 44 lb and 50 lb.  \n\nAn Old Town Penobscot 174 (17ft 4 inches) is 83 lb: https://oldtowncanoe.johnsonoutdoors.com/penobscot-174\n\nAn Old Town Discovery 119 (11 feet 9 inches) is 49 lb: https://oldtowncanoe.johnsonoutdoors.com/discovery-119-48\n\nEven if you account for measurement error or definitions (Grumman \u201chull weight\u201d may not include seats... idk how much the seats weigh) they\u2019re *really similar*, for similar sized boats.\n\nMaybe you got stronger since you owned the aluminum boat? Or improved your carry technique? Practice makes perfect! ", "is_submitter": false, "distinguished": null, "created_utc": 1529528568.0, "parent_id": "t1_e10djds", "replies": [{"author": "whatsaround", "id": "e111087", "score": 3, "subreddit": "BuyItForLife", "author_flair": null, "submission": "8skmiv", "stickied": false, "body": "Hey can you drop some knowledge on the Kennebec's? ", "is_submitter": false, "distinguished": null, "created_utc": 1529549416.0, "parent_id": "t1_e10ge48", "replies": []}, {"author": "cowsandmilk", "id": "e11mxhj", "score": 3, "subreddit": "BuyItForLife", "author_flair": null, "submission": "8skmiv", "stickied": false, "body": "Kind of. In the old days, Grumman made multiple versions of their canoes, the lightweight 0.032 gauge, regular 0.050 gauge, and livery 0.060 gauge. For the 13 foot models, your numbers are for a gauge of 0.040 now, which is in between lightweight and regular. For a while, they moved to 0.040 for all models, but moved back to 0.050 for the bigger boats.\n\n50 years ago, Grummans were lighter than their contemporary Old Town boats. And modern Grummans are lighter than modern Old Towns. But 50 year old Grummans are heavier than modern Grummans.", "is_submitter": false, "distinguished": null, "created_utc": 1529585174.0, "parent_id": "t1_e10ge48", "replies": [{"author": "Unique_username1", "id": "e11tnlb", "score": 1, "subreddit": "BuyItForLife", "author_flair": null, "submission": "8skmiv", "stickied": false, "body": "Interesting... the chart I linked shows the gauge, and the standard 0.050 17 foot boat (at 75lb) is still competitive with a modern canoe. \n\nIf older Grummans were (almost) all 0.050 including the shorter ones, the chart doesn\u2019t show what they would have weighed.\n\nBut I still think it\u2019s fair to say that both old and new Grummans are *very similar* to modern, consumer grade canoes, if not slightly lighter. Of course, there are lighter modern materials but they\u2019re not as common. ", "is_submitter": false, "distinguished": null, "created_utc": 1529592001.0, "parent_id": "t1_e11mxhj", "replies": []}]}, {"author": "RutCry", "id": "e119uti", "score": 2, "subreddit": "BuyItForLife", "author_flair": null, "submission": "8skmiv", "stickied": false, "body": "My 16\u2019 Mad River Explorer is made out of Royalex and weighs 78 pounds.  Right in line with your Olde Towne descriptions. ", "is_submitter": false, "distinguished": null, "created_utc": 1529561161.0, "parent_id": "t1_e10ge48", "replies": []}]}, {"author": "canoe_motor", "id": "e10etpl", "score": 3, "subreddit": "BuyItForLife", "author_flair": null, "submission": "8skmiv", "stickied": false, "body": "I can carry this one myself (when it\u2019s empty) but I agree it gets heavy after 50 yards or so. Luckily I don\u2019t need to do that very often!", "is_submitter": true, "distinguished": null, "created_utc": 1529527259.0, "parent_id": "t1_e10djds", "replies": []}, {"author": "Unique_username1", "id": "e10gmf1", "score": 2, "subreddit": "BuyItForLife", "author_flair": null, "submission": "8skmiv", "stickied": false, "body": "Actually\u2014 my previous comment still stands, Grummans are lighter or similar to \u201cstandard\u201d modern canoes. But if you have an Old Town Pack canoe, that\u2019s 33lb at 12ish feet, that\u2019s lighter than a Grumman.\n\nBut it was designed to be light and that\u2019s it\u2019s main selling point, it does show what\u2019s possible with plastic\u2014 but it\u2019s not typical. ", "is_submitter": false, "distinguished": null, "created_utc": 1529528766.0, "parent_id": "t1_e10djds", "replies": [{"author": "4x4play", "id": "e16epry", "score": 1, "subreddit": "BuyItForLife", "author_flair": null, "submission": "8skmiv", "stickied": false, "body": "i don't know, haven't really bothered with researching as i don't care. but i can curl my 14ft one arm. i think it's a version of old town. dicks has sold the canoe under several names. (scanoe is corny and i recommend never buying the plastic gunwales melt in heat on top of a truck)\n typical alum is ozarks not suburbs. I've lifted tons of grummans. they are heavier. smile, if you want to meet up and swap canoes we can try to determine the truth. \nedit: i also find that i can use plastic paddles with aluminum handles on the plastic canoes. with aluminum they bend on a hard j on the rear. \n", "is_submitter": false, "distinguished": null, "created_utc": 1529784035.0, "parent_id": "t1_e10gmf1", "replies": []}]}]}]}, {"author": "thrakkerzog", "id": "e10wqgv", "score": 1, "subreddit": "BuyItForLife", "author_flair": null, "submission": "8skmiv", "stickied": false, "body": "We had a Grumman and an Old Town Penobscot fiberglass canoe.   I hated carrying the Grumman. ", "is_submitter": false, "distinguished": null, "created_utc": 1529544901.0, "parent_id": "t1_e1086ng", "replies": []}]}, {"author": "utahphil", "id": "e105xy0", "score": 142, "subreddit": "BuyItForLife", "author_flair": null, "submission": "8skmiv", "stickied": false, "body": "You float around Kansas City? \n\nWe do runs from KAW Point on occasion. KAW Point to La Benite is a great early AM run. ", "is_submitter": false, "distinguished": null, "created_utc": 1529520106.0, "parent_id": "t3_8skmiv", "replies": [{"author": "canoe_motor", "id": "e107ua4", "score": 117, "subreddit": "BuyItForLife", "author_flair": null, "submission": "8skmiv", "stickied": false, "body": "Nope. I am in Canada. I think this fine specimen made its way up here sometime in the 80\u2019s. ", "is_submitter": true, "distinguished": null, "created_utc": 1529521633.0, "parent_id": "t1_e105xy0", "replies": [{"author": "utahphil", "id": "e107zeg", "score": 84, "subreddit": "BuyItForLife", "author_flair": null, "submission": "8skmiv", "stickied": false, "body": "Very cool--congrats on the cannabis legislation. If you ever find yourself in Kansas City you've got a canoe to use.", "is_submitter": false, "distinguished": null, "created_utc": 1529521750.0, "parent_id": "t1_e107ua4", "replies": [{"author": "canoe_motor", "id": "e10ex2h", "score": 42, "subreddit": "BuyItForLife", "author_flair": null, "submission": "8skmiv", "stickied": false, "body": "Awesome, thanks. And from the news I read today, you should plan a trip to Canada sometime after October 17th! ", "is_submitter": true, "distinguished": null, "created_utc": 1529527336.0, "parent_id": "t1_e107zeg", "replies": []}, {"author": "Eccentrica_Gallumbit", "id": "e10cail", "score": 19, "subreddit": "BuyItForLife", "author_flair": null, "submission": "8skmiv", "stickied": false, "body": "Man, Reddit never ceases to amaze me.  Keep on being an awesome human my man!", "is_submitter": false, "distinguished": null, "created_utc": 1529525188.0, "parent_id": "t1_e107zeg", "replies": [{"author": "Mighty_Timbers", "id": "e10dwez", "score": 5, "subreddit": "BuyItForLife", "author_flair": null, "submission": "8skmiv", "stickied": false, "body": "I thought you were lending out your weedstock yacht there utah phil? :)", "is_submitter": false, "distinguished": null, "created_utc": 1529526496.0, "parent_id": "t1_e10cail", "replies": []}]}]}, {"author": "cyril0", "id": "e10evio", "score": -1, "subreddit": "BuyItForLife", "author_flair": null, "submission": "8skmiv", "stickied": false, "body": "1980 was 38 year s ago did you mean 60's?", "is_submitter": false, "distinguished": null, "created_utc": 1529527301.0, "parent_id": "t1_e107ua4", "replies": [{"author": "ReactionPotatoPoet", "id": "e10fg23", "score": 7, "subreddit": "BuyItForLife", "author_flair": null, "submission": "8skmiv", "stickied": false, "body": "Shawnee Mission Park is in KC.  So the canoe was not in Canada in the 60s.", "is_submitter": false, "distinguished": null, "created_utc": 1529527776.0, "parent_id": "t1_e10evio", "replies": [{"author": "cyril0", "id": "e10g3x4", "score": 3, "subreddit": "BuyItForLife", "author_flair": null, "submission": "8skmiv", "stickied": false, "body": "Oh I see, you were referencing when it was imported to Canada not when it was manufactured.  Carry on...", "is_submitter": false, "distinguished": null, "created_utc": 1529528326.0, "parent_id": "t1_e10fg23", "replies": []}]}]}]}, {"author": "Woodedroger", "id": "e10o47j", "score": 6, "subreddit": "BuyItForLife", "author_flair": null, "submission": "8skmiv", "stickied": false, "body": "I float around Kansas City", "is_submitter": false, "distinguished": null, "created_utc": 1529535682.0, "parent_id": "t1_e105xy0", "replies": [{"author": "utahphil", "id": "e10tup4", "score": 2, "subreddit": "BuyItForLife", "author_flair": null, "submission": "8skmiv", "stickied": false, "body": "Where do you like to go?", "is_submitter": false, "distinguished": null, "created_utc": 1529541890.0, "parent_id": "t1_e10o47j", "replies": [{"author": "Woodedroger", "id": "e10u41v", "score": 4, "subreddit": "BuyItForLife", "author_flair": null, "submission": "8skmiv", "stickied": false, "body": "I like floating from Leavenworth to Parkville. Sometimes Kaw point ", "is_submitter": false, "distinguished": null, "created_utc": 1529542157.0, "parent_id": "t1_e10tup4", "replies": [{"author": "utahphil", "id": "e10u5j4", "score": 2, "subreddit": "BuyItForLife", "author_flair": null, "submission": "8skmiv", "stickied": false, "body": "Looks like I need to put that Northern run on the list.", "is_submitter": false, "distinguished": null, "created_utc": 1529542199.0, "parent_id": "t1_e10u41v", "replies": []}]}]}]}, {"author": "rhythmjones", "id": "e10evmd", "score": 14, "subreddit": "BuyItForLife", "author_flair": null, "submission": "8skmiv", "stickied": false, "body": "KC Represent!", "is_submitter": false, "distinguished": null, "created_utc": 1529527303.0, "parent_id": "t1_e105xy0", "replies": []}, {"author": "pedalpaddlehike", "id": "e10hi73", "score": 4, "subreddit": "BuyItForLife", "author_flair": null, "submission": "8skmiv", "stickied": false, "body": "Sorry to highjack, but I paddle that route routinely. Also Atchison to Leavenworth, Leavenworth to Parkville, etc. Preparing for the 340 next month. Hope to see you out there.", "is_submitter": false, "distinguished": null, "created_utc": 1529529532.0, "parent_id": "t1_e105xy0", "replies": [{"author": "DELETED", "id": "e12902s", "score": 1, "subreddit": "BuyItForLife", "author_flair": null, "submission": "8skmiv", "stickied": false, "body": "Late hopping on, but I\u2019m an amateur float enthusiast and want to know more about the community out here (KC) and what the best runs are for a beginner.", "is_submitter": false, "distinguished": null, "created_utc": 1529604873.0, "parent_id": "t1_e10hi73", "replies": [{"author": "pedalpaddlehike", "id": "e12auzt", "score": 1, "subreddit": "BuyItForLife", "author_flair": null, "submission": "8skmiv", "stickied": false, "body": "Facebook is a really good resource if you have it.\nCheck out \"paddle KC\", Ksea kayakers,\" \"Shawnee Mission Hump Day 5K,\" \"MR340,\"\n\"Missouri River Paddlers\" and go from there. Feel free to PM me and I will let you in on my favorite spots when I get a moment. ", "is_submitter": false, "distinguished": null, "created_utc": 1529606405.0, "parent_id": "t1_e12902s", "replies": [{"author": "DELETED", "id": "e12azkl", "score": 1, "subreddit": "BuyItForLife", "author_flair": null, "submission": "8skmiv", "stickied": false, "body": "\ud83d\ude4c Hell yeah. Thanks for the tips. I\u2019ll reach out!", "is_submitter": false, "distinguished": null, "created_utc": 1529606509.0, "parent_id": "t1_e12auzt", "replies": [{"author": "utahphil", "id": "e2m7hgz", "score": 1, "subreddit": "BuyItForLife", "author_flair": null, "submission": "8skmiv", "stickied": false, "body": "Thought of this conversation when [posting this.](https://old.reddit.com/r/kansascity/comments/8zweb4/mdc_offers_free_missouri_river_float_trips_at/)", "is_submitter": false, "distinguished": null, "created_utc": 1531937052.0, "parent_id": "t1_e12azkl", "replies": []}]}]}]}, {"author": "utahphil", "id": "e10i9in", "score": 1, "subreddit": "BuyItForLife", "author_flair": null, "submission": "8skmiv", "stickied": false, "body": "I haven't done the northern runs but we made it to Lexington once. The 340 is on the list and we would have hit that first checkpoint but man it's a long haul.\n\nEnjoy it and be well!\n\nFeel free to reach out if you want some company on a leisure trip.\n\n", "is_submitter": false, "distinguished": null, "created_utc": 1529530199.0, "parent_id": "t1_e10hi73", "replies": []}]}]}, {"author": "RedFishStew", "id": "e10cgxd", "score": 29, "subreddit": "BuyItForLife", "author_flair": null, "submission": "8skmiv", "stickied": false, "body": "Never remove those cool stickers ", "is_submitter": false, "distinguished": null, "created_utc": 1529525331.0, "parent_id": "t3_8skmiv", "replies": [{"author": "canoe_motor", "id": "e10jblm", "score": 44, "subreddit": "BuyItForLife", "author_flair": null, "submission": "8skmiv", "stickied": false, "body": "Check out this one at the front. \nhttps://m.imgur.com/a/5iVMiUc\n", "is_submitter": true, "distinguished": null, "created_utc": 1529531140.0, "parent_id": "t1_e10cgxd", "replies": [{"author": "Pleased_to_meet_u", "id": "e10l88v", "score": 14, "subreddit": "BuyItForLife", "author_flair": null, "submission": "8skmiv", "stickied": false, "body": "Now there's something you don't see every day.\n\nWell, not anymore at least.\n\nYou have a nice piece of history, OP.", "is_submitter": false, "distinguished": null, "created_utc": 1529532889.0, "parent_id": "t1_e10jblm", "replies": []}, {"author": "SnowblindAlbino", "id": "e10pfny", "score": 3, "subreddit": "BuyItForLife", "author_flair": null, "submission": "8skmiv", "stickied": false, "body": "That's cool. I wonder if it's from the Ozark National Scenic Riverway somewhere? I paddled rental Grummans  on the Jack's Fork and Current rivers there in the mid-1990s but don't remember any stickers.", "is_submitter": false, "distinguished": null, "created_utc": 1529537012.0, "parent_id": "t1_e10jblm", "replies": []}, {"author": "velamar", "id": "e10jm9o", "score": 1, "subreddit": "BuyItForLife", "author_flair": null, "submission": "8skmiv", "stickied": false, "body": "Amazing.", "is_submitter": false, "distinguished": null, "created_utc": 1529531403.0, "parent_id": "t1_e10jblm", "replies": []}, {"author": "HaileSelassieII", "id": "e11hsf7", "score": 1, "subreddit": "BuyItForLife", "author_flair": null, "submission": "8skmiv", "stickied": false, "body": "*italics !*", "is_submitter": false, "distinguished": null, "created_utc": 1529577315.0, "parent_id": "t1_e10jblm", "replies": []}]}]}, {"author": "beebMeUp", "id": "e10h447", "score": 29, "subreddit": "BuyItForLife", "author_flair": null, "submission": "8skmiv", "stickied": false, "body": "Fighter jets, the mail man's jeep, and this canoe...", "is_submitter": false, "distinguished": null, "created_utc": 1529529191.0, "parent_id": "t3_8skmiv", "replies": [{"author": "crazytr", "id": "e10vois", "score": 8, "subreddit": "BuyItForLife", "author_flair": null, "submission": "8skmiv", "stickied": false, "body": "Don't forget lunar Landers. My grandfather worked on it.", "is_submitter": false, "distinguished": null, "created_utc": 1529543807.0, "parent_id": "t1_e10h447", "replies": []}, {"author": "armchairracer", "id": "e10p0s1", "score": 6, "subreddit": "BuyItForLife", "author_flair": null, "submission": "8skmiv", "stickied": false, "body": "And as of [earlier this month](http://spacenews.com/acquisition-of-orbital-atk-approved-company-renamed-northrop-grumman-innovation-systems/), rockets. Northrop Grumman has put their fingers in all sorts of things.", "is_submitter": false, "distinguished": null, "created_utc": 1529536590.0, "parent_id": "t1_e10h447", "replies": [{"author": "Anonomonomous", "id": "e10ts7q", "score": 4, "subreddit": "BuyItForLife", "author_flair": null, "submission": "8skmiv", "stickied": false, "body": "Rocket powered canoes... the ultimate 'Hold my beer & watch this' adventure!", "is_submitter": false, "distinguished": null, "created_utc": 1529541818.0, "parent_id": "t1_e10p0s1", "replies": []}]}, {"author": "shaboom-kaboom", "id": "e10xhal", "score": 3, "subreddit": "BuyItForLife", "author_flair": null, "submission": "8skmiv", "stickied": false, "body": "Not the Jeep\u2019s. LLV\u2019s is what you\u2019re thinking of. \n\nhttps://en.m.wikipedia.org/wiki/Grumman_LLV", "is_submitter": false, "distinguished": null, "created_utc": 1529545677.0, "parent_id": "t1_e10h447", "replies": [{"author": "beebMeUp", "id": "e11t3pj", "score": 1, "subreddit": "BuyItForLife", "author_flair": null, "submission": "8skmiv", "stickied": false, "body": "That's the one!", "is_submitter": false, "distinguished": null, "created_utc": 1529591500.0, "parent_id": "t1_e10xhal", "replies": []}]}, {"author": "Metalhed69", "id": "e1110od", "score": 3, "subreddit": "BuyItForLife", "author_flair": null, "submission": "8skmiv", "stickied": false, "body": "And firefighting apparatus (fire trucks)!  I went to engineering school on a Grumman scholarship and I used to work for Grumman Emergency Products.  We had the tallest straight-stick ladder truck in the industry until the unions put the plant out of business.\n\nPart of my scholarship award was a flight in the F-14 simulator.  One of the most amazing days of my life.", "is_submitter": false, "distinguished": null, "created_utc": 1529549429.0, "parent_id": "t1_e10h447", "replies": [{"author": "wj333", "id": "e114yf8", "score": 3, "subreddit": "BuyItForLife", "author_flair": null, "submission": "8skmiv", "stickied": false, "body": "Fellow Grumman scholarship winner here! The simulator was certainly awesome, as was the trip to the Calverton assembly plant. (though it was winding down when I went there as a scholar; I had been there before as part of a summer program several years earlier when it was packed with Tomcats & Intruders.)", "is_submitter": false, "distinguished": null, "created_utc": 1529554004.0, "parent_id": "t1_e1110od", "replies": [{"author": "Metalhed69", "id": "e11iyvq", "score": 1, "subreddit": "BuyItForLife", "author_flair": null, "submission": "8skmiv", "stickied": false, "body": "What year?  I was \u201889.", "is_submitter": false, "distinguished": null, "created_utc": 1529579497.0, "parent_id": "t1_e114yf8", "replies": [{"author": "wj333", "id": "e11mkd7", "score": 1, "subreddit": "BuyItForLife", "author_flair": null, "submission": "8skmiv", "stickied": false, "body": "'90.  It was an interesting awards presentation given that the cover story of Newsday that day was O'Brien's resignation.", "is_submitter": false, "distinguished": null, "created_utc": 1529584752.0, "parent_id": "t1_e11iyvq", "replies": [{"author": "Metalhed69", "id": "e120fhy", "score": 1, "subreddit": "BuyItForLife", "author_flair": null, "submission": "8skmiv", "stickied": false, "body": "Yeah.  I was in college by the time Northrup took over, that was a shitty time.", "is_submitter": false, "distinguished": null, "created_utc": 1529597810.0, "parent_id": "t1_e11mkd7", "replies": []}]}]}]}, {"author": "Ifnwen", "id": "e1125x0", "score": 2, "subreddit": "BuyItForLife", "author_flair": null, "submission": "8skmiv", "stickied": false, "body": "Bread trucks too. Tin cans that were too cold in the winter and too hot in the summer, but lasted forever. Nothing beats that open door and vent on the highway.", "is_submitter": false, "distinguished": null, "created_utc": 1529550699.0, "parent_id": "t1_e1110od", "replies": [{"author": "FirearmConcierge", "id": "e11f6dl", "score": 1, "subreddit": "BuyItForLife", "author_flair": null, "submission": "8skmiv", "stickied": false, "body": "All the UPS package cars are Grumman/Olson", "is_submitter": false, "distinguished": null, "created_utc": 1529571566.0, "parent_id": "t1_e1125x0", "replies": []}]}]}]}, {"author": "DELETED", "id": "e107t6t", "score": 22, "subreddit": "BuyItForLife", "author_flair": null, "submission": "8skmiv", "stickied": false, "body": "KC! ", "is_submitter": false, "distinguished": null, "created_utc": 1529521607.0, "parent_id": "t3_8skmiv", "replies": []}, {"author": "scurvydog-uldum", "id": "e10zcfz", "score": 16, "subreddit": "BuyItForLife", "author_flair": null, "submission": "8skmiv", "stickied": false, "body": "I used to work for Grumman back in the 80's and 90's.\n\nIt was a big point of pride in the company that employees had found a use for all the leftover aluminum after WWII suddenly ended, and build a sizeable business making canoes.\n\nI think it was around 1989 my wife and I both read The Haunted Mesa by Louis L'Amour. The book had a hand-drawn map of the Lake Powell area before the dam was built. We decided to make our summer vacation a search for the mesa referenced in the book.\n\nWe went all the way around Lake Powell from the southwest to the northwest to the north to the norhteast and back south to the  southeast without finding any way to get near the mesa on the map. Had the greatest time ever discovering new amazing places in the process.\n\nFinally we decided our best bet was a place on the map called Piute Farm. Maybe we could get a pic of the mesa from across the lake or something. Getting  there meant driving for a pretty long time on a dirt road with red dust kicking up behind us and navajo herding sheep off to the sides and stuff. And then we come over the crest of a hill...\n\nJaguars, Mercedes, Wagoneers and range rovers, as far as the eye could see. We had stumbled on a launching point for wealthy houseboat vacations on Lake Powell.\n\nAnd every houseboat had a Grumman logo on it. Couldn't escape work by taking a dirt road through an indian reservation.\n\nWe got a little boat and went across the lake and found a mesa we decided was the one in the book. Victory!\n\ntl;dr: not much to say.\n", "is_submitter": false, "distinguished": null, "created_utc": 1529547646.0, "parent_id": "t3_8skmiv", "replies": [{"author": "I_Are_Brown_Bear", "id": "e1171ky", "score": 3, "subreddit": "BuyItForLife", "author_flair": null, "submission": "8skmiv", "stickied": false, "body": "Loved this.  ", "is_submitter": false, "distinguished": null, "created_utc": 1529556763.0, "parent_id": "t1_e10zcfz", "replies": []}]}, {"author": "pmmepyramidschemes", "id": "e10fmmk", "score": 14, "subreddit": "BuyItForLife", "author_flair": null, "submission": "8skmiv", "stickied": false, "body": "Should not have commented on the lack of leaks. That's like rule number one for old vehicles that don't have any problems....Yet. ", "is_submitter": false, "distinguished": null, "created_utc": 1529527927.0, "parent_id": "t3_8skmiv", "replies": []}, {"author": "-_-A-_-J-_-", "id": "e10ca89", "score": 5, "subreddit": "BuyItForLife", "author_flair": null, "submission": "8skmiv", "stickied": false, "body": "The makers of American post office trucks and military aircraft. I have a similar canoe, sturdy as a tank. Definitely old school cool. Enjoy! Congrats on the legal weed too.", "is_submitter": false, "distinguished": null, "created_utc": 1529525182.0, "parent_id": "t3_8skmiv", "replies": []}, {"author": "bitter_cynical_angry", "id": "e10by6d", "score": 3, "subreddit": "BuyItForLife", "author_flair": null, "submission": "8skmiv", "stickied": false, "body": "Grumman Iron Works. ", "is_submitter": false, "distinguished": null, "created_utc": 1529524914.0, "parent_id": "t3_8skmiv", "replies": []}, {"author": "ChadHahn", "id": "e10gx4l", "score": 5, "subreddit": "BuyItForLife", "author_flair": null, "submission": "8skmiv", "stickied": false, "body": "My mom had a flat backed Grumman that somebody stole from her yard, cut up and sold for scrap.  The idiot had to give his driver's license to sell it and was caught almost immediately.  She was out a very cool canoe though.", "is_submitter": false, "distinguished": null, "created_utc": 1529529022.0, "parent_id": "t3_8skmiv", "replies": []}, {"author": "SnowblindAlbino", "id": "e10p8ks", "score": 4, "subreddit": "BuyItForLife", "author_flair": null, "submission": "8skmiv", "stickied": false, "body": "I had one in the 1990s....had to sell it in a move in 2000, got more than I paid for it and I'm sure it's still on the water somewhere. But man, it was MUCH heavier than the Old Town I later got to replace it. Bulletproof, sure, but how often does someone shoot at your canoe?", "is_submitter": false, "distinguished": null, "created_utc": 1529536812.0, "parent_id": "t3_8skmiv", "replies": []}, {"author": "YaBoiGING", "id": "e10sfbn", "score": 4, "subreddit": "BuyItForLife", "author_flair": null, "submission": "8skmiv", "stickied": false, "body": "Portaging these with packs on is not fun, but definitely fits this sub. My mother has the same one and we still use it all the time!", "is_submitter": false, "distinguished": null, "created_utc": 1529540378.0, "parent_id": "t3_8skmiv", "replies": []}, {"author": "slayer_of_idiots", "id": "e109cjb", "score": 6, "subreddit": "BuyItForLife", "author_flair": null, "submission": "8skmiv", "stickied": false, "body": "My dad had an old Grumman canoe.  It even has a sail rig with side keels and a rudder", "is_submitter": false, "distinguished": null, "created_utc": 1529522843.0, "parent_id": "t3_8skmiv", "replies": []}, {"author": "P4S5B60", "id": "e10pjem", "score": 3, "subreddit": "BuyItForLife", "author_flair": null, "submission": "8skmiv", "stickied": false, "body": "Did 10 days in Ely Mn in one decades ago . It was a beast . A bit tough to portage but tough as nails ", "is_submitter": false, "distinguished": null, "created_utc": 1529537116.0, "parent_id": "t3_8skmiv", "replies": []}, {"author": "nemoskull", "id": "e10ujgt", "score": 3, "subreddit": "BuyItForLife", "author_flair": null, "submission": "8skmiv", "stickied": false, "body": "they sure dont make things like they used to.", "is_submitter": false, "distinguished": null, "created_utc": 1529542595.0, "parent_id": "t3_8skmiv", "replies": []}, {"author": "Dustylyon", "id": "e10nq0w", "score": 3, "subreddit": "BuyItForLife", "author_flair": null, "submission": "8skmiv", "stickied": false, "body": "I can\u2019t stand these old canoes. They\u2019re super heavy to haul, and uncomfortable to paddle. The only thing they have going for them (in my opinion) is the fact that you can load them down with 6-700 lbs of cargo and they\u2019ll still paddle in a straight line. \n\nI\u2019ll take a more modern canoe, like a [Mad River](http://canoereview.com/wp-content/uploads/2016/10/Mad-River-Adventure-14-Canoe-Review-1.jpg) any day of the week. Compared to a Grumman or Coleman, it\u2019s like being in a Cadillac. You might say they won\u2019t last as long, and you may be right, but I\u2019ve owned my 18\u2019 Mad River for about as long as you\u2019ve owned your Grumman, with nothing more than minor parts replacement. \n\nSource: worked at a canoe and kayak outfitter for years. ", "is_submitter": false, "distinguished": null, "created_utc": 1529535291.0, "parent_id": "t3_8skmiv", "replies": [{"author": "StudioRat", "id": "e10vkhx", "score": 5, "subreddit": "BuyItForLife", "author_flair": null, "submission": "8skmiv", "stickied": false, "body": "Cons: heavy, tough to paddle, slow, noisy, cold, sticks to any rock it hits like glue\n\npros: at the end of the paddling season you can throw them in the back yard and let them get buried in the snow", "is_submitter": false, "distinguished": null, "created_utc": 1529543691.0, "parent_id": "t1_e10nq0w", "replies": []}]}, {"author": "lonejeeper", "id": "e10b5q2", "score": 2, "subreddit": "BuyItForLife", "author_flair": null, "submission": "8skmiv", "stickied": false, "body": "I have a 17' Grumman freighter. no matter what else happens, I've got the canoe situation covered.", "is_submitter": false, "distinguished": null, "created_utc": 1529524294.0, "parent_id": "t3_8skmiv", "replies": []}, {"author": "kirby056", "id": "e10fttz", "score": 2, "subreddit": "BuyItForLife", "author_flair": null, "submission": "8skmiv", "stickied": false, "body": "I've got a 1970 17 foot Grumman.  It's got a bunch of bumps and bruises (we go down rapids and just run ashore before portages).  Weighs like 80 pounds, but it'll probably outlive me.\n\nI don't think you can buy them new anymore, though.", "is_submitter": false, "distinguished": null, "created_utc": 1529528090.0, "parent_id": "t3_8skmiv", "replies": []}, {"author": "kalpol", "id": "e10jbhe", "score": 2, "subreddit": "BuyItForLife", "author_flair": null, "submission": "8skmiv", "stickied": false, "body": "Where can one get replacement rivets for these things? I've lost a few and I guess I could use aluminum nails or something but thought there might be a kit etc. ", "is_submitter": false, "distinguished": null, "created_utc": 1529531137.0, "parent_id": "t3_8skmiv", "replies": [{"author": "ssl-3", "id": "e10waao", "score": 4, "subreddit": "BuyItForLife", "author_flair": null, "submission": "8skmiv", "stickied": false, "body": "The hard way:  You can buy solid aluminum rivets at the hardware store and peen them over with a ball peen hammer.\n\nThe easy way:  Folks who work with lightweight sheet metal have pneumatic tools that do this job (think aircraft, race cars).  Find this person and bring them a six-pack or two, and your boat will have new rivets installed.", "is_submitter": false, "distinguished": null, "created_utc": 1529544433.0, "parent_id": "t1_e10jbhe", "replies": []}, {"author": "DELETED", "id": "e10v1ru", "score": 1, "subreddit": "BuyItForLife", "author_flair": null, "submission": "8skmiv", "stickied": false, "body": "I think standard aluminum rivets would be fine, but you also gotta use a sealant around it. You can get a pop rivet gun pretty cheap.", "is_submitter": false, "distinguished": null, "created_utc": 1529543133.0, "parent_id": "t1_e10jbhe", "replies": []}]}, {"author": "holangjai", "id": "e110zco", "score": 2, "subreddit": "BuyItForLife", "author_flair": null, "submission": "8skmiv", "stickied": false, "body": "I like those stickers on the side. Really cool. ", "is_submitter": false, "distinguished": null, "created_utc": 1529549389.0, "parent_id": "t3_8skmiv", "replies": []}, {"author": "Babcock-student", "id": "e11hkiy", "score": 2, "subreddit": "BuyItForLife", "author_flair": null, "submission": "8skmiv", "stickied": false, "body": "Those permits are also stick it for life ", "is_submitter": false, "distinguished": null, "created_utc": 1529576880.0, "parent_id": "t3_8skmiv", "replies": []}, {"author": "bluewing", "id": "e11in8b", "score": 2, "subreddit": "BuyItForLife", "author_flair": null, "submission": "8skmiv", "stickied": false, "body": "Those Grummans never die. I still have my mid 1970's 18 footer ultra-light. Been patched a couple times, but it's been portaged all over the Boundary Waters lakes, gone fishing, floated some rivers, and camo'ed up for duck hunting.\n\nYour canoe will outlast your Grandchildren.", "is_submitter": false, "distinguished": null, "created_utc": 1529578912.0, "parent_id": "t3_8skmiv", "replies": []}, {"author": "cmperry51", "id": "e124xg3", "score": 2, "subreddit": "BuyItForLife", "author_flair": null, "submission": "8skmiv", "stickied": false, "body": "Keep it! I had an ex-rental Grumman I got from my dad years ago, had some good trips with it. Then I swapped it for a Chestnut-style cedar and canvas Langford. It is what it is, but I wish I\u2019d kept the Grumman.", "is_submitter": false, "distinguished": null, "created_utc": 1529601519.0, "parent_id": "t3_8skmiv", "replies": []}, {"author": "Bentweird", "id": "e11jt3r", "score": 2, "subreddit": "BuyItForLife", "author_flair": null, "submission": "8skmiv", "stickied": false, "body": "My dad bought his when he was 14. He\u2019s almost 80. ", "is_submitter": false, "distinguished": null, "created_utc": 1529580916.0, "parent_id": "t3_8skmiv", "replies": []}, {"author": "annoyingone", "id": "e10bsq6", "score": 1, "subreddit": "BuyItForLife", "author_flair": null, "submission": "8skmiv", "stickied": false, "body": "Picked a used one up about 5 years for $200.  I love it.  May be a bit heavy but you know it will be tough.", "is_submitter": false, "distinguished": null, "created_utc": 1529524796.0, "parent_id": "t3_8skmiv", "replies": []}, {"author": "PM_ME_YOUR_BASSOONS", "id": "e10dft0", "score": 1, "subreddit": "BuyItForLife", "author_flair": null, "submission": "8skmiv", "stickied": false, "body": "We have an early 70s we think smoker craft. That thing is indestructible.", "is_submitter": false, "distinguished": null, "created_utc": 1529526114.0, "parent_id": "t3_8skmiv", "replies": []}, {"author": "pedalpaddlehike", "id": "e10hn3z", "score": 1, "subreddit": "BuyItForLife", "author_flair": null, "submission": "8skmiv", "stickied": false, "body": "I have an Osagian from the '60s. Love old tin can canoes.", "is_submitter": false, "distinguished": null, "created_utc": 1529529650.0, "parent_id": "t3_8skmiv", "replies": []}, {"author": "chineselampinmyroom", "id": "e10tfbt", "score": 1, "subreddit": "BuyItForLife", "author_flair": null, "submission": "8skmiv", "stickied": false, "body": "I\u2019ve got one too. Thing is a tank. ", "is_submitter": false, "distinguished": null, "created_utc": 1529541436.0, "parent_id": "t3_8skmiv", "replies": []}, {"author": "DELETED", "id": "e10tygx", "score": 1, "subreddit": "BuyItForLife", "author_flair": null, "submission": "8skmiv", "stickied": false, "body": "We had a canoe like that at my Grandparents cabin in Canada. It was probably 50 years old when my grandad bought the cabin. ", "is_submitter": false, "distinguished": null, "created_utc": 1529541996.0, "parent_id": "t3_8skmiv", "replies": []}, {"author": "downwiththemike", "id": "e115uf2", "score": 1, "subreddit": "BuyItForLife", "author_flair": null, "submission": "8skmiv", "stickied": false, "body": "Nothing better that a 100lbs canoe on a loooonnnng portage haha", "is_submitter": false, "distinguished": null, "created_utc": 1529555141.0, "parent_id": "t3_8skmiv", "replies": []}, {"author": "jmccomas10", "id": "e11an1m", "score": 1, "subreddit": "BuyItForLife", "author_flair": null, "submission": "8skmiv", "stickied": false, "body": "I have my dad's gruman and use it for BWCA every year. It's a 1987. I love it", "is_submitter": false, "distinguished": null, "created_utc": 1529562463.0, "parent_id": "t3_8skmiv", "replies": []}, {"author": "lostprevention", "id": "e11aplm", "score": 1, "subreddit": "BuyItForLife", "author_flair": null, "submission": "8skmiv", "stickied": false, "body": "Tank.", "is_submitter": false, "distinguished": null, "created_utc": 1529562588.0, "parent_id": "t3_8skmiv", "replies": []}, {"author": "nickaa827", "id": "e11bp13", "score": 1, "subreddit": "BuyItForLife", "author_flair": null, "submission": "8skmiv", "stickied": false, "body": "Fun fact: a lot of the old white mail vans you see are grumman. No wonder you still see those little things puttering around today", "is_submitter": false, "distinguished": null, "created_utc": 1529564334.0, "parent_id": "t3_8skmiv", "replies": []}, {"author": "GoHomeWithBonnieJean", "id": "e11eye6", "score": 1, "subreddit": "BuyItForLife", "author_flair": null, "submission": "8skmiv", "stickied": false, "body": "We've got a 17' aluminum Grumman we've had for 35 years.  Haven't canoed in it in a decade, but a neighbor just made me an offer and I was kinda hurt. It's still like an old friend.", "is_submitter": false, "distinguished": null, "created_utc": 1529571056.0, "parent_id": "t3_8skmiv", "replies": []}, {"author": "JerBearZhou", "id": "e11ff02", "score": 1, "subreddit": "BuyItForLife", "author_flair": null, "submission": "8skmiv", "stickied": false, "body": "Had a great summer job in high school at a local canoe and kayak rental facility along the canal, and I'll always remember that the plastic kayaks were always developing cracks and being replaced, all the while dozens of these aluminum canoes had been there for decades", "is_submitter": false, "distinguished": null, "created_utc": 1529572108.0, "parent_id": "t3_8skmiv", "replies": []}, {"author": "Grims8806", "id": "e1he3et", "score": 1, "subreddit": "BuyItForLife", "author_flair": null, "submission": "8skmiv", "stickied": false, "body": "LLC- long life canoe", "is_submitter": false, "distinguished": null, "created_utc": 1530248621.0, "parent_id": "t3_8skmiv", "replies": []}, {"author": "Berniethedog", "id": "e10c9r4", "score": 1, "subreddit": "BuyItForLife", "author_flair": null, "submission": "8skmiv", "stickied": false, "body": "I\u2019ll give you 100 billion dollars for it!!!!!!", "is_submitter": false, "distinguished": null, "created_utc": 1529525171.0, "parent_id": "t3_8skmiv", "replies": []}, {"author": "hidarla", "id": "e11u35k", "score": 0, "subreddit": "BuyItForLife", "author_flair": null, "submission": "8skmiv", "stickied": false, "body": "looks like it is filled with water !?", "is_submitter": false, "distinguished": null, "created_utc": 1529592389.0, "parent_id": "t3_8skmiv", "replies": []}, {"author": "DELETED", "id": "e10d7u6", "score": -4, "subreddit": "BuyItForLife", "author_flair": null, "submission": "8skmiv", "stickied": false, "body": "Hitler's canoe?", "is_submitter": false, "distinguished": null, "created_utc": 1529525934.0, "parent_id": "t3_8skmiv", "replies": []}]}