{"title": "My 1974 Sansui 881, she's 43 years old this month.", "name": "t3_7ha9r5", "url": "https://i.redd.it/nytwqzm89q101.jpg", "selftext": "", "score": 9863, "upvote_ratio": 0.96, "permalink": "/r/BuyItForLife/comments/7ha9r5/my_1974_sansui_881_shes_43_years_old_this_month/", "id": "7ha9r5", "author": "canox74", "link_flair_text": null, "num_comments": 233, "over_18": false, "spoiler": false, "pinned": false, "locked": false, "distinguished": null, "created_utc": 1512315637.0, "comments": [{"author": "plazman30", "id": "dqpdc3s", "score": 427, "subreddit": "BuyItForLife", "author_flair": null, "submission": "7ha9r5", "stickied": false, "body": "Very nice.  Vintage receivers with those vu meters look awesome.\n\nHave you done any work to it?", "is_submitter": false, "distinguished": null, "created_utc": 1512316983.0, "parent_id": "t3_7ha9r5", "replies": [{"author": "canox74", "id": "dqq1grt", "score": 198, "subreddit": "BuyItForLife", "author_flair": null, "submission": "7ha9r5", "stickied": false, "body": "No work has been done other than a cleaning of all potentiometers and a general cleaning by a tech. I believe what has saved her over many years is the fact that it never saw a smoking environment. \nNicotine and tar not only kills humans....", "is_submitter": true, "distinguished": null, "created_utc": 1512342756.0, "parent_id": "t1_dqpdc3s", "replies": [{"author": "sentient_fox", "id": "dqq2071", "score": 90, "subreddit": "BuyItForLife", "author_flair": null, "submission": "7ha9r5", "stickied": false, "body": "Definitely right about that.  I have a family member that smoked in their house and every couple of months they are replacing some home entertainment device because of all the junk that gets on the boards.  It\u2019s crazy how much it builds up!", "is_submitter": false, "distinguished": null, "created_utc": 1512343369.0, "parent_id": "t1_dqq1grt", "replies": [{"author": "Archdukeofnukem", "id": "dqq35c8", "score": 30, "subreddit": "BuyItForLife", "author_flair": null, "submission": "7ha9r5", "stickied": false, "body": "Thank you.", "is_submitter": false, "distinguished": null, "created_utc": 1512344664.0, "parent_id": "t1_dqq2071", "replies": [{"author": "hurta", "id": "dqq3dma", "score": 19, "subreddit": "BuyItForLife", "author_flair": null, "submission": "7ha9r5", "stickied": false, "body": "You're welcome!", "is_submitter": false, "distinguished": null, "created_utc": 1512344923.0, "parent_id": "t1_dqq35c8", "replies": [{"author": "Archdukeofnukem", "id": "dqq3j52", "score": 57, "subreddit": "BuyItForLife", "author_flair": null, "submission": "7ha9r5", "stickied": false, "body": "I should add, random moment for me, you've just inspired me to quit the smokes. ", "is_submitter": false, "distinguished": null, "created_utc": 1512345094.0, "parent_id": "t1_dqq3dma", "replies": [{"author": "plazman30", "id": "dqq6f5p", "score": 17, "subreddit": "BuyItForLife", "author_flair": null, "submission": "7ha9r5", "stickied": false, "body": "Best thing you can do.  I was soo happy to give up that habit.", "is_submitter": false, "distinguished": null, "created_utc": 1512348460.0, "parent_id": "t1_dqq3j52", "replies": []}, {"author": "Nillchigga", "id": "dqq6qng", "score": 10, "subreddit": "BuyItForLife", "author_flair": null, "submission": "7ha9r5", "stickied": false, "body": "Yeah, you need to stay alive long enough to enjoy all this great stuff we're buying for life in this sub! \n\n", "is_submitter": false, "distinguished": null, "created_utc": 1512348858.0, "parent_id": "t1_dqq3j52", "replies": []}, {"author": "dreamy_professor", "id": "dqq97kr", "score": 7, "subreddit": "BuyItForLife", "author_flair": null, "submission": "7ha9r5", "stickied": false, "body": "I am 3 weeks out and never looking back, more power to you. Check out Allen Carr's Easyway. I used the audiobook version, sounds silly but it seriously works. ", "is_submitter": false, "distinguished": null, "created_utc": 1512351863.0, "parent_id": "t1_dqq3j52", "replies": []}, {"author": "DELETED", "id": "dqq7kx5", "score": 3, "subreddit": "BuyItForLife", "author_flair": null, "submission": "7ha9r5", "stickied": false, "body": "Giving up will have its moments where it feels as if it does suck. But they go away pretty quickly. Helped me to think of them as an undo. One less trigger. Making them feel as if they only come around once (in that specific way) helped me.  Giving up is still one of the best things I ever did.  \n", "is_submitter": false, "distinguished": null, "created_utc": 1512349902.0, "parent_id": "t1_dqq3j52", "replies": []}, {"author": "taldarus", "id": "dqqj1m9", "score": 5, "subreddit": "BuyItForLife", "author_flair": null, "submission": "7ha9r5", "stickied": false, "body": "> save your own life\n\n... Meh\n\n> save your electronics\n\nOh my Carp! \n\n*throws smokes away*\n\nBut seriously, good for you. Smoke does horrible things to people and machines alike. \n\nSource: am a fire god\n", "is_submitter": false, "distinguished": null, "created_utc": 1512363559.0, "parent_id": "t1_dqq3j52", "replies": []}, {"author": "tbickle76", "id": "dqqu2h6", "score": 2, "subreddit": "BuyItForLife", "author_flair": null, "submission": "7ha9r5", "stickied": false, "body": "I'm three weeks off them using an e-cigarette. I'm still dosing nicotine, but feel so much healthier, and feel I'll be able to step down on the nic much easier.", "is_submitter": false, "distinguished": null, "created_utc": 1512388294.0, "parent_id": "t1_dqq3j52", "replies": [{"author": "sadmanwithabox", "id": "dqr0z7n", "score": 2, "subreddit": "BuyItForLife", "author_flair": null, "submission": "7ha9r5", "stickied": false, "body": "Hey man, I've been vaping for 4years now, and I still use 3mg nicotine. The nicotine itself hasn't shown to be much more harmful than caffeine, and my doctor is a very cool and understanding doctor who has told me that since it seems to help me with my anxiety issues, I should just keep using nicotine to help with that. It's the smoke and chemicals created by burning plant matter (and the additives too) that make cigarettes so bad, not the nicotine.\n\nAlso, your nicotine cravings are far weaker with ecigarette nicotine than with cigarettes, so that's nice.", "is_submitter": false, "distinguished": null, "created_utc": 1512399573.0, "parent_id": "t1_dqqu2h6", "replies": []}, {"author": "jaypizzl", "id": "dqs6xfw", "score": 1, "subreddit": "BuyItForLife", "author_flair": null, "submission": "7ha9r5", "stickied": false, "body": "I first tried to quit by smoking Carltons - the longest, skinniest, lightest, most ridiculous cigarettes ever created. Between their lightness and my embarrassment at being seen smoking an old lady cigarette, I cut way back. I still couldn\u2019t quit until I switched to a vape, though. The nicotine is a bit stronger but it just doesn\u2019t quite do enough for me, i think because it made all those smoking triggers powerless. I associate nicotine with vaping and no one vapes on TV. I can\u2019t hear anyone lighting up a vape. I\u2019m just reminded of the buzz a lot less often, I think. I\u2019m not sure exactly why, but I enjoy being able to smoke when I want and when I do want to, I\u2019m not sucking on the tailpipe of a school bus for my nicotine!", "is_submitter": false, "distinguished": null, "created_utc": 1512442902.0, "parent_id": "t1_dqqu2h6", "replies": []}]}, {"author": "SockPants", "id": "dqr2dmu", "score": 1, "subreddit": "BuyItForLife", "author_flair": null, "submission": "7ha9r5", "stickied": false, "body": "Even if you'd be a cyborg smoking would kill you \ud83d\ude02", "is_submitter": false, "distinguished": null, "created_utc": 1512401215.0, "parent_id": "t1_dqq3j52", "replies": []}, {"author": "zerox600", "id": "dqr3sms", "score": 1, "subreddit": "BuyItForLife", "author_flair": null, "submission": "7ha9r5", "stickied": false, "body": "r/electronic_cigarette if you need some help.", "is_submitter": false, "distinguished": null, "created_utc": 1512402764.0, "parent_id": "t1_dqq3j52", "replies": []}]}, {"author": "0000000100100011", "id": "dqql16d", "score": 1, "subreddit": "BuyItForLife", "author_flair": null, "submission": "7ha9r5", "stickied": false, "body": "Me too, thanks.", "is_submitter": false, "distinguished": null, "created_utc": 1512366727.0, "parent_id": "t1_dqq3dma", "replies": []}]}, {"author": "Knappsterbot", "id": "dqq5yag", "score": 1, "subreddit": "BuyItForLife", "author_flair": null, "submission": "7ha9r5", "stickied": false, "body": "No thank you", "is_submitter": false, "distinguished": null, "created_utc": 1512347884.0, "parent_id": "t1_dqq35c8", "replies": []}]}, {"author": "Dgdrizzt", "id": "dqq5zgi", "score": 7, "subreddit": "BuyItForLife", "author_flair": null, "submission": "7ha9r5", "stickied": false, "body": "Crazy. My mom smokes in her house. Only thing she has had to replace that didn't work was a cd player that was like 20 years old. No other electroics have failed in their house. ", "is_submitter": false, "distinguished": null, "created_utc": 1512347923.0, "parent_id": "t1_dqq2071", "replies": [{"author": "plazman30", "id": "dqq6h5p", "score": 3, "subreddit": "BuyItForLife", "author_flair": null, "submission": "7ha9r5", "stickied": false, "body": "All that CD player probably needed was a new belt.  I bought a CD player from Goodwill for $7.00 and was disappointed it did not work.  Bought a new belt off eBay for $5.00.  Thing is good as new now.", "is_submitter": false, "distinguished": null, "created_utc": 1512348527.0, "parent_id": "t1_dqq5zgi", "replies": [{"author": "DELETED", "id": "dqqnr94", "score": 3, "subreddit": "BuyItForLife", "author_flair": null, "submission": "7ha9r5", "stickied": false, "body": "Many don\u2019t have belts but are direct drive, disc sits on the motor spindle. A common cause of failure is weakening of the laser diode. Sometimes there is an adjustment pot to compensate.", "is_submitter": false, "distinguished": null, "created_utc": 1512371976.0, "parent_id": "t1_dqq6h5p", "replies": [{"author": "plazman30", "id": "dqqukqo", "score": 1, "subreddit": "BuyItForLife", "author_flair": null, "submission": "7ha9r5", "stickied": false, "body": "That's a common problem in high end \"audiophile\" Sony CD players.  Sony's consumer line from the 80s and 90s does not have similar issues.\n\nMy understanding is that the Sony high end problem is so bad that the entire supply of NOS lasers has already been exhausted.", "is_submitter": false, "distinguished": null, "created_utc": 1512389460.0, "parent_id": "t1_dqqnr94", "replies": []}]}]}]}, {"author": "Vulpes-Vulpes-Fox", "id": "dqqb4al", "score": 1, "subreddit": "BuyItForLife", "author_flair": null, "submission": "7ha9r5", "stickied": false, "body": "Do sentient foxes like boops as much as nonsentient ones?", "is_submitter": false, "distinguished": null, "created_utc": 1512354092.0, "parent_id": "t1_dqq2071", "replies": [{"author": "sentient_fox", "id": "dqqb64o", "score": 1, "subreddit": "BuyItForLife", "author_flair": null, "submission": "7ha9r5", "stickied": false, "body": "Depends on where they come from.  Definitely not surprise ones.", "is_submitter": false, "distinguished": null, "created_utc": 1512354150.0, "parent_id": "t1_dqqb4al", "replies": [{"author": "Vulpes-Vulpes-Fox", "id": "dqqbiq9", "score": 1, "subreddit": "BuyItForLife", "author_flair": null, "submission": "7ha9r5", "stickied": false, "body": "Surprise boops are the best though", "is_submitter": false, "distinguished": null, "created_utc": 1512354567.0, "parent_id": "t1_dqqb64o", "replies": [{"author": "sentient_fox", "id": "dqqbxoe", "score": 1, "subreddit": "BuyItForLife", "author_flair": null, "submission": "7ha9r5", "stickied": false, "body": "To give, sure.  But not to receive.  At least not for me.", "is_submitter": false, "distinguished": null, "created_utc": 1512355037.0, "parent_id": "t1_dqqbiq9", "replies": [{"author": "Vulpes-Vulpes-Fox", "id": "dqqc4r1", "score": 1, "subreddit": "BuyItForLife", "author_flair": null, "submission": "7ha9r5", "stickied": false, "body": "Fair fair!", "is_submitter": false, "distinguished": null, "created_utc": 1512355265.0, "parent_id": "t1_dqqbxoe", "replies": []}]}]}]}]}]}, {"author": "C1RRU5", "id": "dqq4dyr", "score": 5, "subreddit": "BuyItForLife", "author_flair": null, "submission": "7ha9r5", "stickied": false, "body": "Well, it's not the nicotine that kills humans, it's the tar and other shit that are in cigarettes.\n\nBut you're totally right, computers and electronics get so gross and caked up with smoke.", "is_submitter": false, "distinguished": null, "created_utc": 1512346069.0, "parent_id": "t1_dqq1grt", "replies": [{"author": "canox74", "id": "dqq5a22", "score": 3, "subreddit": "BuyItForLife", "author_flair": null, "submission": "7ha9r5", "stickied": false, "body": "Sorry yes smoke and tar not nicotine, ", "is_submitter": true, "distinguished": null, "created_utc": 1512347093.0, "parent_id": "t1_dqq4dyr", "replies": []}]}, {"author": "googlestarbucks", "id": "dqq84c8", "score": 2, "subreddit": "BuyItForLife", "author_flair": null, "submission": "7ha9r5", "stickied": false, "body": "What do you think about scented candles burning around the clock?", "is_submitter": false, "distinguished": null, "created_utc": 1512350559.0, "parent_id": "t1_dqq1grt", "replies": [{"author": "canox74", "id": "dqq8c2l", "score": 2, "subreddit": "BuyItForLife", "author_flair": null, "submission": "7ha9r5", "stickied": false, "body": "I don't use them", "is_submitter": true, "distinguished": null, "created_utc": 1512350820.0, "parent_id": "t1_dqq84c8", "replies": []}]}]}, {"author": "DELETED", "id": "dqpxodz", "score": 20, "subreddit": "BuyItForLife", "author_flair": null, "submission": "7ha9r5", "stickied": false, "body": "No way those are the original lights\n\nSource: had to replace them more than once ", "is_submitter": false, "distinguished": null, "created_utc": 1512338573.0, "parent_id": "t1_dqpdc3s", "replies": [{"author": "canox74", "id": "dqq027n", "score": 37, "subreddit": "BuyItForLife", "author_flair": null, "submission": "7ha9r5", "stickied": false, "body": "Never touched any , one kinda flickers out a bit, but a slight tap on the glass and it's back for months,", "is_submitter": true, "distinguished": null, "created_utc": 1512341173.0, "parent_id": "t1_dqpxodz", "replies": []}]}]}, {"author": "skaneateles", "id": "dqpgpov", "score": 62, "subreddit": "BuyItForLife", "author_flair": null, "submission": "7ha9r5", "stickied": false, "body": "I've got a circa 1973 Sansui 2000X that gets daily use as our house's main receiver. I recapped it a few years ago and it should by problem free for the next 20 years! I have a record player and Google Cast (audio) hooked up to it and that pretty much covers all listening needs. Love your Sansui!", "is_submitter": false, "distinguished": null, "created_utc": 1512321189.0, "parent_id": "t3_7ha9r5", "replies": [{"author": "trans1st", "id": "dqpw5wn", "score": 16, "subreddit": "BuyItForLife", "author_flair": null, "submission": "7ha9r5", "stickied": false, "body": "I sold my Sansui 4000 when I was in college. I had found it at a garage sale, and it was quite the Frankenstein with the knobs I had to substitute in. Sounded beautiful though, especially on my Fortes. The guy who bought it was a super hipster guy in the Maryland suburbs of DC. Hope he took good care of it. ", "is_submitter": false, "distinguished": null, "created_utc": 1512336933.0, "parent_id": "t1_dqpgpov", "replies": [{"author": "skaneateles", "id": "dqpwwz0", "score": 7, "subreddit": "BuyItForLife", "author_flair": null, "submission": "7ha9r5", "stickied": false, "body": "That era solid state Sansui's are really great sounding receivers. Nice little headphone amps as well if you're apartment living!", "is_submitter": false, "distinguished": null, "created_utc": 1512337741.0, "parent_id": "t1_dqpw5wn", "replies": []}, {"author": "Sansui_in_MD", "id": "dqqbyat", "score": 5, "subreddit": "BuyItForLife", "author_flair": null, "submission": "7ha9r5", "stickied": false, "body": "Still sounds beautiful (even if you're not the guy I bought this from).\n\nhttps://i.imgur.com/xWebL8U.jpg", "is_submitter": false, "distinguished": null, "created_utc": 1512355056.0, "parent_id": "t1_dqpw5wn", "replies": [{"author": "trans1st", "id": "dqqe4gu", "score": 3, "subreddit": "BuyItForLife", "author_flair": null, "submission": "7ha9r5", "stickied": false, "body": "Looks remarkably similar, wouldn't have by chance bought that in the parking lot in the artsy area of Hyattsville?", "is_submitter": false, "distinguished": null, "created_utc": 1512357603.0, "parent_id": "t1_dqqbyat", "replies": [{"author": "Sansui_in_MD", "id": "dqqf55y", "score": 5, "subreddit": "BuyItForLife", "author_flair": null, "submission": "7ha9r5", "stickied": false, "body": "That sounds right. I was just super surprised to see something so small but significant mentioned that i couldn't resist.\n\nI love it, too. It's got such a nice sound and i bought some older book case (labeled as such but not really) speakers that paired with the receiver sound so good. It's really been worth it. Couple of moves but i still try to baby it.", "is_submitter": false, "distinguished": null, "created_utc": 1512358749.0, "parent_id": "t1_dqqe4gu", "replies": [{"author": "Im_Never_Witty", "id": "dqqfm3d", "score": 3, "subreddit": "BuyItForLife", "author_flair": null, "submission": "7ha9r5", "stickied": false, "body": "Well fuck me.. small world", "is_submitter": false, "distinguished": null, "created_utc": 1512359276.0, "parent_id": "t1_dqqf55y", "replies": []}, {"author": "trans1st", "id": "dqqfrc3", "score": 3, "subreddit": "BuyItForLife", "author_flair": null, "submission": "7ha9r5", "stickied": false, "body": "What an amazing coincidence. If it is in fact that one I sold, which would have been probably July-August 2014, then it makes me happy to hear you're enjoying it. At one point I had actually cleaned out the interior, but not to the extent it deserved. \n\nI'm using a Nakamichi that I inherited from my old man, but it just isn't the same. Keep on rockin'", "is_submitter": false, "distinguished": null, "created_utc": 1512359445.0, "parent_id": "t1_dqqf55y", "replies": []}]}]}, {"author": "sitchmellers", "id": "dqqxntx", "score": 1, "subreddit": "BuyItForLife", "author_flair": null, "submission": "7ha9r5", "stickied": false, "body": "WHAT A SPECIFIC USERNAME WOW", "is_submitter": false, "distinguished": null, "created_utc": 1512395099.0, "parent_id": "t1_dqqbyat", "replies": []}]}]}, {"author": "plazman30", "id": "dqq6j5i", "score": 2, "subreddit": "BuyItForLife", "author_flair": null, "submission": "7ha9r5", "stickied": false, "body": "I've been told military grade caps will last your lifetime.", "is_submitter": false, "distinguished": null, "created_utc": 1512348597.0, "parent_id": "t1_dqpgpov", "replies": [{"author": "skaneateles", "id": "dqqvvh7", "score": 1, "subreddit": "BuyItForLife", "author_flair": null, "submission": "7ha9r5", "stickied": false, "body": "I used good quality Nichion Caps where I could and splurged on some of their Hi-Sound Gold Audio for the output Caps.", "is_submitter": false, "distinguished": null, "created_utc": 1512392088.0, "parent_id": "t1_dqq6j5i", "replies": []}]}, {"author": "Murkroww", "id": "drow1nk", "score": 1, "subreddit": "BuyItForLife", "author_flair": null, "submission": "7ha9r5", "stickied": false, "body": "Nice! Hopefully you\u2019re a part of r/vinyl :)", "is_submitter": false, "distinguished": null, "created_utc": 1514094100.0, "parent_id": "t1_dqpgpov", "replies": []}]}, {"author": "minnesotaphatz", "id": "dqphhmm", "score": 433, "subreddit": "BuyItForLife", "author_flair": null, "submission": "7ha9r5", "stickied": false, "body": "Something about those old receiver nobs. They are so smooth and have some weight to them when dialing it in. They don\u2019t make them like that anymore!", "is_submitter": false, "distinguished": null, "created_utc": 1512322073.0, "parent_id": "t3_7ha9r5", "replies": [{"author": "Steamjunk88", "id": "dqpm69c", "score": 166, "subreddit": "BuyItForLife", "author_flair": null, "submission": "7ha9r5", "stickied": false, "body": "I found a nice sansui by a dumpster recently. I opened it up and the knob is so smooth because there is a string and pulley system in it instead of just a potentiometer", "is_submitter": false, "distinguished": null, "created_utc": 1512326922.0, "parent_id": "t1_dqphhmm", "replies": [{"author": "DELETED", "id": "dqqci16", "score": 22, "subreddit": "BuyItForLife", "author_flair": null, "submission": "7ha9r5", "stickied": false, "body": "That's probably the tuning knob. They're usually a weighted wheel with a pulley system for precise control.", "is_submitter": false, "distinguished": null, "created_utc": 1512355691.0, "parent_id": "t1_dqpm69c", "replies": []}]}, {"author": "obvilious", "id": "dqpv6i1", "score": 80, "subreddit": "BuyItForLife", "author_flair": null, "submission": "7ha9r5", "stickied": false, "body": "Awesome system of strings, pulleys, and tension springs inside!\n\nhttp://www.sansui-vintage.com/article_info.php?articles_id=5", "is_submitter": false, "distinguished": null, "created_utc": 1512335916.0, "parent_id": "t1_dqphhmm", "replies": [{"author": "vegetaman", "id": "dqq75yn", "score": 20, "subreddit": "BuyItForLife", "author_flair": null, "submission": "7ha9r5", "stickied": false, "body": "That just blew my mind.", "is_submitter": false, "distinguished": null, "created_utc": 1512349383.0, "parent_id": "t1_dqpv6i1", "replies": [{"author": "DELETED", "id": "dqqbwf6", "score": 10, "subreddit": "BuyItForLife", "author_flair": null, "submission": "7ha9r5", "stickied": false, "body": "[deleted]", "is_submitter": false, "distinguished": null, "created_utc": 1512354996.0, "parent_id": "t1_dqq75yn", "replies": [{"author": "redditor1101", "id": "dqqfe6c", "score": 4, "subreddit": "BuyItForLife", "author_flair": null, "submission": "7ha9r5", "stickied": false, "body": "I can't believe that was sturdy enough to last for any amount of time.  Thanks for sharing", "is_submitter": false, "distinguished": null, "created_utc": 1512359021.0, "parent_id": "t1_dqqbwf6", "replies": []}]}]}]}, {"author": "zero01one", "id": "dqpndnn", "score": 55, "subreddit": "BuyItForLife", "author_flair": null, "submission": "7ha9r5", "stickied": false, "body": "I have a sansui-TU-717.\n\nThat knob rolls from end to end so damn smoothly. It's my fav mechanical action out of anything I own. ", "is_submitter": false, "distinguished": null, "created_utc": 1512328113.0, "parent_id": "t1_dqphhmm", "replies": [{"author": "HoMaster", "id": "dqq6z4z", "score": 16, "subreddit": "BuyItForLife", "author_flair": null, "submission": "7ha9r5", "stickied": false, "body": "Perv. ", "is_submitter": false, "distinguished": null, "created_utc": 1512349147.0, "parent_id": "t1_dqpndnn", "replies": []}]}, {"author": "slimsalmon", "id": "dqpziii", "score": 14, "subreddit": "BuyItForLife", "author_flair": null, "submission": "7ha9r5", "stickied": false, "body": "Sounds like you might enjoy knob feel: https://www.youtube.com/user/KnobFeel", "is_submitter": false, "distinguished": null, "created_utc": 1512340580.0, "parent_id": "t1_dqphhmm", "replies": [{"author": "JohnChivez", "id": "dqr0jbk", "score": 2, "subreddit": "BuyItForLife", "author_flair": null, "submission": "7ha9r5", "stickied": false, "body": "I firmly believed that a video about knobs couldn't possibly be entertaining. The video on the front page made me laugh immediately. I watched 20 videos. Why.", "is_submitter": false, "distinguished": null, "created_utc": 1512399034.0, "parent_id": "t1_dqpziii", "replies": []}]}, {"author": "DELETED", "id": "dqpqwj4", "score": 20, "subreddit": "BuyItForLife", "author_flair": null, "submission": "7ha9r5", "stickied": false, "body": "[deleted]", "is_submitter": false, "distinguished": null, "created_utc": 1512331760.0, "parent_id": "t1_dqphhmm", "replies": [{"author": "coolhandluke05", "id": "dqpybp6", "score": 10, "subreddit": "BuyItForLife", "author_flair": null, "submission": "7ha9r5", "stickied": false, "body": "That thing is 40lbs!?? Is that right? ", "is_submitter": false, "distinguished": null, "created_utc": 1512339269.0, "parent_id": "t1_dqpqwj4", "replies": [{"author": "Oldpenguinhunter", "id": "dqq05mq", "score": 8, "subreddit": "BuyItForLife", "author_flair": null, "submission": "7ha9r5", "stickied": false, "body": "I have a Marantz 2250b that weighs about that.  The older recievers have that nice, warm sound that for some reason can not be duplicated...  And she's so [pretty](http://www.usaudiomart.com/details/649213294-marantz-2250b-receiver-with-wc22-wood-case/images/1020087/) when she's lit up.", "is_submitter": false, "distinguished": null, "created_utc": 1512341278.0, "parent_id": "t1_dqpybp6", "replies": []}]}, {"author": "fuzzynyanko", "id": "dqq640e", "score": 2, "subreddit": "BuyItForLife", "author_flair": null, "submission": "7ha9r5", "stickied": false, "body": "I asked around, and Yamaha is said to be a good bang for the buck. There's not a lot of brands out there on the budget side that are as good", "is_submitter": false, "distinguished": null, "created_utc": 1512348079.0, "parent_id": "t1_dqpqwj4", "replies": [{"author": "duvallg", "id": "dqq93gu", "score": 2, "subreddit": "BuyItForLife", "author_flair": null, "submission": "7ha9r5", "stickied": false, "body": "I swear by Yamaha on the low-end budget side here at home (RX-V377 and RX-V383 owner here) and plan to move my way up as money permits and I find values. Seriously great stuff. ", "is_submitter": false, "distinguished": null, "created_utc": 1512351725.0, "parent_id": "t1_dqq640e", "replies": [{"author": "fuzzynyanko", "id": "dqqekr1", "score": 1, "subreddit": "BuyItForLife", "author_flair": null, "submission": "7ha9r5", "stickied": false, "body": "I did a lot of research on stereo receivers (not 5.1, but 2.0), and a lot of people say Yamaha's is the way to go for budget receivers. Avoid Sony and Insignia for 2.0. \n\nThe one I have is dual stereo, so two sets of 2.0 speakers. It does add a lot to the sound\n\nEdit: sadman's feedback about Yamaha for budget", "is_submitter": false, "distinguished": null, "created_utc": 1512358108.0, "parent_id": "t1_dqq93gu", "replies": [{"author": "sadmanwithabox", "id": "dqr7zcb", "score": 3, "subreddit": "BuyItForLife", "author_flair": null, "submission": "7ha9r5", "stickied": false, "body": "Avoid Sony and insignia period, IMO. I install sound systems professionally and insignia stuff is bottom of the barrel, terrible sound quality, breaks way too easy.\n\nSony stuff sounds good, but has a problem with functioning properly (they forget certain settings) and they like to break as well.\n\nFor budget, Yamaha is probably the best. For good, solid, premium equipment, Pioneer Elite stuff is fantastic, if a little pricy. If you want a little cheaper, Onkyo makes some good stuff for a bit less than the pioneer elites.", "is_submitter": false, "distinguished": null, "created_utc": 1512406949.0, "parent_id": "t1_dqqekr1", "replies": [{"author": "fuzzynyanko", "id": "dqr8bh9", "score": 1, "subreddit": "BuyItForLife", "author_flair": null, "submission": "7ha9r5", "stickied": false, "body": "Ah, yes. I meant budget for Yamaha. I think Onkyo owns Pioneer, or at least the AV division", "is_submitter": false, "distinguished": null, "created_utc": 1512407287.0, "parent_id": "t1_dqr7zcb", "replies": [{"author": "sadmanwithabox", "id": "dqraxci", "score": 2, "subreddit": "BuyItForLife", "author_flair": null, "submission": "7ha9r5", "stickied": false, "body": "They do, but they still make the pioneer elite series and they are made to a different standard than the Onkyo products.", "is_submitter": false, "distinguished": null, "created_utc": 1512409837.0, "parent_id": "t1_dqr8bh9", "replies": []}]}]}, {"author": "nightmareuki", "id": "dqrkmh9", "score": 1, "subreddit": "BuyItForLife", "author_flair": null, "submission": "7ha9r5", "stickied": false, "body": "avoid Sony TVs too and this is coming from a Sony 4K tv owner. \n\ninterface is slow and unresponsive. takes a 1 minute after power on to recognize remote.  Has shit for apps, and they wont  upgrade it and integrate with Alea/google home. Webcam only works with Skype. external keyboard is not supported. FML\n\nDone with Sony", "is_submitter": false, "distinguished": null, "created_utc": 1512419196.0, "parent_id": "t1_dqqekr1", "replies": []}]}]}]}]}, {"author": "strewnshank", "id": "dqq1w54", "score": 3, "subreddit": "BuyItForLife", "author_flair": null, "submission": "7ha9r5", "stickied": false, "body": "Imagine: knobs like that in today's cars for volume and tune/input selector. That's my tech wet dream. ", "is_submitter": false, "distinguished": null, "created_utc": 1512343241.0, "parent_id": "t1_dqphhmm", "replies": []}, {"author": "Dreadnaught_IPA", "id": "dqqhakq", "score": 4, "subreddit": "BuyItForLife", "author_flair": null, "submission": "7ha9r5", "stickied": false, "body": "My dad had the exact same one when I was a kid. I remember spinning the tuner knob really fast and watching the needle float from side to another. That thing brings back memories.", "is_submitter": false, "distinguished": null, "created_utc": 1512361255.0, "parent_id": "t1_dqphhmm", "replies": []}, {"author": "junkit33", "id": "dqpzftd", "score": 5, "subreddit": "BuyItForLife", "author_flair": null, "submission": "7ha9r5", "stickied": false, "body": "> They don\u2019t make them like that anymore!\n\nThey actually do.  Good quality receivers put care and effort into getting that smooth weighted dial feel just right.", "is_submitter": false, "distinguished": null, "created_utc": 1512340500.0, "parent_id": "t1_dqphhmm", "replies": []}, {"author": "ionic7", "id": "dqpven9", "score": 1, "subreddit": "BuyItForLife", "author_flair": null, "submission": "7ha9r5", "stickied": false, "body": "Darkvoice 336se tube amps's volume knob is the closest new one I have found to that old heavy feel.", "is_submitter": false, "distinguished": null, "created_utc": 1512336147.0, "parent_id": "t1_dqphhmm", "replies": []}, {"author": "drive2fast", "id": "dqqffcp", "score": 1, "subreddit": "BuyItForLife", "author_flair": null, "submission": "7ha9r5", "stickied": false, "body": "https://youtu.be/oRLYZwUv2Xw", "is_submitter": false, "distinguished": null, "created_utc": 1512359058.0, "parent_id": "t1_dqphhmm", "replies": []}, {"author": "DELETED", "id": "dqpovja", "score": -5, "subreddit": "BuyItForLife", "author_flair": null, "submission": "7ha9r5", "stickied": false, "body": "[deleted]", "is_submitter": false, "distinguished": null, "created_utc": 1512329651.0, "parent_id": "t1_dqphhmm", "replies": []}, {"author": "AptCasaNova", "id": "hqrai2o", "score": 1, "subreddit": "BuyItForLife", "author_flair": null, "submission": "7ha9r5", "stickied": false, "body": "I remember my parents having one and I loved the feel of the knobs. Some of them had a subtle clicking sensation in them, nice and heavy too.", "is_submitter": false, "distinguished": null, "created_utc": 1641002540.0, "parent_id": "t1_dqphhmm", "replies": []}]}, {"author": "james_strange", "id": "dqph04k", "score": 22, "subreddit": "BuyItForLife", "author_flair": null, "submission": "7ha9r5", "stickied": false, "body": "Lets see the turntable", "is_submitter": false, "distinguished": null, "created_utc": 1512321524.0, "parent_id": "t3_7ha9r5", "replies": [{"author": "Chulpo", "id": "duryfdv", "score": 1, "subreddit": "BuyItForLife", "author_flair": null, "submission": "7ha9r5", "stickied": false, "body": "I second this, u/canox74!", "is_submitter": false, "distinguished": null, "created_utc": 1519511209.0, "parent_id": "t1_dqph04k", "replies": []}, {"author": "DELETED", "id": "dqq26dn", "score": 0, "subreddit": "BuyItForLife", "author_flair": null, "submission": "7ha9r5", "stickied": false, "body": "[deleted]", "is_submitter": false, "distinguished": null, "created_utc": 1512343569.0, "parent_id": "t1_dqph04k", "replies": [{"author": "james_strange", "id": "dqq4uvz", "score": 1, "subreddit": "BuyItForLife", "author_flair": null, "submission": "7ha9r5", "stickied": false, "body": "Huh?", "is_submitter": false, "distinguished": null, "created_utc": 1512346608.0, "parent_id": "t1_dqq26dn", "replies": []}]}]}, {"author": "-kkslider", "id": "dqpnyc9", "score": 41, "subreddit": "BuyItForLife", "author_flair": null, "submission": "7ha9r5", "stickied": false, "body": "If anyone wants some more of this stuff, check out TechMoan on youtube. Really interesting videos about old technology, I think he has one of these exact stereos actually ", "is_submitter": false, "distinguished": null, "created_utc": 1512328686.0, "parent_id": "t3_7ha9r5", "replies": [{"author": "metalgamer84", "id": "dqpvypq", "score": 12, "subreddit": "BuyItForLife", "author_flair": null, "submission": "7ha9r5", "stickied": false, "body": "https://www.youtube.com/user/Techmoan", "is_submitter": false, "distinguished": null, "created_utc": 1512336725.0, "parent_id": "t1_dqpnyc9", "replies": []}, {"author": "talones", "id": "dqptoe3", "score": 4, "subreddit": "BuyItForLife", "author_flair": null, "submission": "7ha9r5", "stickied": false, "body": "He\u2019s the best. ", "is_submitter": false, "distinguished": null, "created_utc": 1512334461.0, "parent_id": "t1_dqpnyc9", "replies": [{"author": "JockeysI3ollix", "id": "dqpycng", "score": 2, "subreddit": "BuyItForLife", "author_flair": null, "submission": "7ha9r5", "stickied": false, "body": "I get lost watching those videos.", "is_submitter": false, "distinguished": null, "created_utc": 1512339297.0, "parent_id": "t1_dqptoe3", "replies": []}]}]}, {"author": "i3allistic", "id": "dqpjb9z", "score": 29, "subreddit": "BuyItForLife", "author_flair": null, "submission": "7ha9r5", "stickied": false, "body": "Damn, i remember my dad came home with the whole system, it was the thing to have back in the days...Sansui was expensive back in the days too", "is_submitter": false, "distinguished": null, "created_utc": 1512324009.0, "parent_id": "t3_7ha9r5", "replies": []}, {"author": "Koko2315", "id": "dqpdf8m", "score": 40, "subreddit": "BuyItForLife", "author_flair": null, "submission": "7ha9r5", "stickied": false, "body": "Wow...that is a blast. The one I grew up on.", "is_submitter": false, "distinguished": null, "created_utc": 1512317103.0, "parent_id": "t3_7ha9r5", "replies": []}, {"author": "JohnMurrayInk", "id": "dqph0sj", "score": 6, "subreddit": "BuyItForLife", "author_flair": null, "submission": "7ha9r5", "stickied": false, "body": "have you cleaned it/had it cleaned?\nhave you had to replace any parts? if so, which ones?\n", "is_submitter": false, "distinguished": null, "created_utc": 1512321545.0, "parent_id": "t3_7ha9r5", "replies": [{"author": "Uncle_Erik", "id": "dqpkgvg", "score": 78, "subreddit": "BuyItForLife", "author_flair": null, "submission": "7ha9r5", "stickied": false, "body": "Cleaning is Reddit\u2019s folk remedy for electronics.  Sure, getting the dust out and lubricating the potentiometers with ProGold or Deoxit is a good thing.\n\nBut there are electronic components inside that do wear out.  Not too different from mechanical parts inside a car wearing out.  Cleaning it is like washing your car and expecting that to fix the transmission.\n\nThe number one source of trouble in old electronics are old electrolytic filter capacitors.  AC from the wall hits those first and they take a beating.  They help turn the AC from the wall into DC for the circuit.  Further, the filter caps made 40+ years ago weren\u2019t very good to begin with.  Sort of like the old bias ply tires cars used to have.  Modern tires are a big step up and so are modern polypropylene capacitors.  Whenever I get an old piece of gear, modern capacitors go in immediately.  I don\u2019t even bother testing the old ones.  If they\u2019re not bad, they *will* go bad.  Guaranteed.\n\nNext, check the rectifier.  Some of these old sets have selenium rectifiers.  Not good.  Yank and replace.  From there, I\u2019ll usually put modern capacitors and resistors in the signal path.  I hate carbon comp resistors, they are *never* in tolerance.  They drift over the years, and nice 1% or 2% metal film resistors are a serious upgrade.\n\nThis can be done DIY at home.  Learn to solder, learn how to discharge capacitors, learn the difference between axial and radial capacitors, and learn how to tell capacitor polarity.\n\nDo not mess with the radio section until you know what you\u2019re doing.  It\u2019s easy enough to replace parts and it\u2019s not dangerous, but FM circuits are touchy.  Change parts and you will have to realign the radio section.  That usually requires an oscilloscope and a signal generator.  Unless you want to buy those and learn how to use them, don\u2019t mess with the radio section.", "is_submitter": false, "distinguished": null, "created_utc": 1512325194.0, "parent_id": "t1_dqph0sj", "replies": [{"author": "SirDonkeyPunch", "id": "dqpq96i", "score": 3, "subreddit": "BuyItForLife", "author_flair": null, "submission": "7ha9r5", "stickied": false, "body": "I live in Spain and have several wonderful pieces of Marantz vintage audio including Model 1150D, a 150 and my absolute favourite CDR1. I don't want to do anything to them myself and your advice seems so knowledgeable. I've paid a local company to clean them because that's all I know, but your advice is very helpful, thank you.", "is_submitter": false, "distinguished": null, "created_utc": 1512331100.0, "parent_id": "t1_dqpkgvg", "replies": []}, {"author": "brownsnake84", "id": "dqptob8", "score": 2, "subreddit": "BuyItForLife", "author_flair": null, "submission": "7ha9r5", "stickied": false, "body": "Mate that\u2019s brilliant- thank you", "is_submitter": false, "distinguished": null, "created_utc": 1512334459.0, "parent_id": "t1_dqpkgvg", "replies": []}, {"author": "james_strange", "id": "dqq5k84", "score": 1, "subreddit": "BuyItForLife", "author_flair": null, "submission": "7ha9r5", "stickied": false, "body": "Where is the best place to find info on how to recap, etc.", "is_submitter": false, "distinguished": null, "created_utc": 1512347422.0, "parent_id": "t1_dqpkgvg", "replies": []}, {"author": "plazman30", "id": "dqq6u9m", "score": 1, "subreddit": "BuyItForLife", "author_flair": null, "submission": "7ha9r5", "stickied": false, "body": "I LOVE Deoxit.\n\nI recently bought a Yamaha RX-530 Receiver and everything worked great, except I could not adjust the volume with the remote control.  Manual adjustment worked fine.  I opened it up and saw that the volume knob actually had a direct drive motor attached to it, which I thought was cool, because you would actually see the knob turn when you adjusted the volume with the remote.\n\nI was trying to figure out how to replace the motor, and decided to let it way for another day.  But, I figured while I had it open, I would clean it out with some Deoxit.  Sprayed the circuit board down, hit the motor for the volume knob and let it dry out for 15 min.  Then I sprayed it with Deoxit Gold and slid the lid on.\n\nCame back an hour later to listen to some music and turned up the volume with the remote just out of habit, and the VOLUME KNOB MOVED.  And to this day, one year later, you can still adjust the volume with the remote.", "is_submitter": false, "distinguished": null, "created_utc": 1512348981.0, "parent_id": "t1_dqpkgvg", "replies": []}, {"author": "skaneateles", "id": "dqq7afc", "score": 1, "subreddit": "BuyItForLife", "author_flair": null, "submission": "7ha9r5", "stickied": false, "body": "Very much this! A lot of great DIYish guides on AudioKarma.org as well. ", "is_submitter": false, "distinguished": null, "created_utc": 1512349538.0, "parent_id": "t1_dqpkgvg", "replies": []}, {"author": "GiantNinerWarrior", "id": "dqqnuqp", "score": 1, "subreddit": "BuyItForLife", "author_flair": null, "submission": "7ha9r5", "stickied": false, "body": "Thanks for this!\n\nI have a Pioneer SA-7500 from 1976. Recently the phono setting starting feeding back, like a terrible low distorted rumbling sound drowning everything out, but the aux and other settings still work fine. Nothing wrong with the turntable or connections. \n\nAny ideas?", "is_submitter": false, "distinguished": null, "created_utc": 1512372182.0, "parent_id": "t1_dqpkgvg", "replies": []}]}, {"author": "5-4-3-2-1-bang", "id": "dqphbjh", "score": 1, "subreddit": "BuyItForLife", "author_flair": null, "submission": "7ha9r5", "stickied": false, "body": "If it sees daily use you usually have to rebulb them.  Maybe recap them if they start to sound bad.", "is_submitter": false, "distinguished": null, "created_utc": 1512321882.0, "parent_id": "t1_dqph0sj", "replies": []}]}, {"author": "FruityPoopLoops", "id": "dqpkeaa", "score": 6, "subreddit": "BuyItForLife", "author_flair": null, "submission": "7ha9r5", "stickied": false, "body": "I have the same one at home!!", "is_submitter": false, "distinguished": null, "created_utc": 1512325122.0, "parent_id": "t3_7ha9r5", "replies": []}, {"author": "DELETED", "id": "dqpzn6n", "score": 11, "subreddit": "BuyItForLife", "author_flair": null, "submission": "7ha9r5", "stickied": false, "body": "Sansui. Now there's a name I've not heard in a long time.", "is_submitter": false, "distinguished": null, "created_utc": 1512340718.0, "parent_id": "t3_7ha9r5", "replies": [{"author": "AK55", "id": "dqq9l74", "score": 10, "subreddit": "BuyItForLife", "author_flair": null, "submission": "7ha9r5", "stickied": false, "body": "it's french for *without ui*", "is_submitter": false, "distinguished": null, "created_utc": 1512352317.0, "parent_id": "t1_dqpzn6n", "replies": [{"author": "Allittle1970", "id": "dqqb6xv", "score": 2, "subreddit": "BuyItForLife", "author_flair": null, "submission": "7ha9r5", "stickied": false, "body": "In my neck of the woods, it\u2019s a pig call. ", "is_submitter": false, "distinguished": null, "created_utc": 1512354176.0, "parent_id": "t1_dqq9l74", "replies": []}]}, {"author": "Sylvester_Scott", "id": "dqqfaq5", "score": 3, "subreddit": "BuyItForLife", "author_flair": null, "submission": "7ha9r5", "stickied": false, "body": "Sansui Stark.  First of her name. Warden of Winterfell.", "is_submitter": false, "distinguished": null, "created_utc": 1512358913.0, "parent_id": "t1_dqpzn6n", "replies": []}]}, {"author": "ravia", "id": "dqpl86x", "score": 4, "subreddit": "BuyItForLife", "author_flair": null, "submission": "7ha9r5", "stickied": false, "body": "My BIC Formula IIs still produce great sound, and that's without the \"super tweeters\". I don't really know why they had them. That stereo, with a Marantz receiver and a Technics turntable, plus a JVC tape deck with something other than Dolby (forget the name of it, began with an \"a\"; \"Avalin\" or something?) ran altogether about $600 dollars. I think you could probably produce better sound today for $200, but maybe I'm wrong.\n\nCassettes were so horrible.", "is_submitter": false, "distinguished": null, "created_utc": 1512325965.0, "parent_id": "t3_7ha9r5", "replies": [{"author": "Doip", "id": "dqpon5k", "score": 7, "subreddit": "BuyItForLife", "author_flair": null, "submission": "7ha9r5", "stickied": false, "body": "I was with you until that last sentence", "is_submitter": false, "distinguished": null, "created_utc": 1512329405.0, "parent_id": "t1_dqpl86x", "replies": [{"author": "ravia", "id": "dqprkii", "score": 1, "subreddit": "BuyItForLife", "author_flair": null, "submission": "7ha9r5", "stickied": false, "body": "I'm assuming you're joking a little. What do you mean? ", "is_submitter": false, "distinguished": null, "created_utc": 1512332418.0, "parent_id": "t1_dqpon5k", "replies": [{"author": "leafleap", "id": "dqq1m51", "score": 3, "subreddit": "BuyItForLife", "author_flair": null, "submission": "7ha9r5", "stickied": false, "body": "A decent turntable by itself will break the $200 mark and a modern receiver of comparable quality would easily, too.  ", "is_submitter": false, "distinguished": null, "created_utc": 1512342926.0, "parent_id": "t1_dqprkii", "replies": [{"author": "james_strange", "id": "dqq614e", "score": 0, "subreddit": "BuyItForLife", "author_flair": null, "submission": "7ha9r5", "stickied": false, "body": "Just get a crosley cruiser.", "is_submitter": false, "distinguished": null, "created_utc": 1512347981.0, "parent_id": "t1_dqq1m51", "replies": [{"author": "leafleap", "id": "dqqa06v", "score": 1, "subreddit": "BuyItForLife", "author_flair": null, "submission": "7ha9r5", "stickied": false, "body": "[shudder]", "is_submitter": false, "distinguished": null, "created_utc": 1512352803.0, "parent_id": "t1_dqq614e", "replies": [{"author": "james_strange", "id": "dqqchtp", "score": 1, "subreddit": "BuyItForLife", "author_flair": null, "submission": "7ha9r5", "stickied": false, "body": "I mean i know throw get some hate for the awful tracking, but just throw a few pennies on the tone arm for extr weight. Helps with bass too. ", "is_submitter": false, "distinguished": null, "created_utc": 1512355685.0, "parent_id": "t1_dqqa06v", "replies": [{"author": "leafleap", "id": "dqqey18", "score": 1, "subreddit": "BuyItForLife", "author_flair": null, "submission": "7ha9r5", "stickied": false, "body": "...and destroy your albums with way too much weight cheap-o needle.  I mean, everybody is entitled to enjoy what they like, but those all-in-ones deserve all the hate they get.  They in no way compare favorably with the vintage gear in the OP. ", "is_submitter": false, "distinguished": null, "created_utc": 1512358521.0, "parent_id": "t1_dqqchtp", "replies": []}]}]}]}]}]}]}, {"author": "Bounty1Berry", "id": "dqqfd05", "score": 1, "subreddit": "BuyItForLife", "author_flair": null, "submission": "7ha9r5", "stickied": false, "body": "ANRS?  I think it was basically a similar tech to Dolby, more or less compatiible, but without paying for the name.\n", "is_submitter": false, "distinguished": null, "created_utc": 1512358982.0, "parent_id": "t1_dqpl86x", "replies": [{"author": "ravia", "id": "dqqr16n", "score": 2, "subreddit": "BuyItForLife", "author_flair": null, "submission": "7ha9r5", "stickied": false, "body": "Yeah that's what it was I think. It just could not deal with certain high notes coming off of a violin so it just ruined certain things for me and it was so hard to listen to them.", "is_submitter": false, "distinguished": null, "created_utc": 1512380190.0, "parent_id": "t1_dqqfd05", "replies": []}]}]}, {"author": "XTanuki", "id": "dqpqjy3", "score": 3, "subreddit": "BuyItForLife", "author_flair": null, "submission": "7ha9r5", "stickied": false, "body": "Wow, bringing back a rush of memories.  Parents had this exact unit.  I can still feel how those push buttons work and the firm click of the selector knobs.", "is_submitter": false, "distinguished": null, "created_utc": 1512331407.0, "parent_id": "t3_7ha9r5", "replies": []}, {"author": "cannondale57", "id": "dqq1jjz", "score": 4, "subreddit": "BuyItForLife", "author_flair": null, "submission": "7ha9r5", "stickied": false, "body": "Here\u2019s both  of my two Marantz 4400\u2019s. The top one was given to my brother by a HiFi enthusiast in his 80\u2019s who did not want it anymore.  The scope is still working.  Both Need some work, but still sound great. They\u2019re beasts - about 70 pounds!  \n\n[Marantz 4400](https://imgur.com/a/mjUB0) \n\n", "is_submitter": false, "distinguished": null, "created_utc": 1512342844.0, "parent_id": "t3_7ha9r5", "replies": [{"author": "Chulpo", "id": "duryibp", "score": 1, "subreddit": "BuyItForLife", "author_flair": null, "submission": "7ha9r5", "stickied": false, "body": "Those look great! I'm new to audio equipment - are these among the \"gold standard\" for receivers?", "is_submitter": false, "distinguished": null, "created_utc": 1519511311.0, "parent_id": "t1_dqq1jjz", "replies": []}]}, {"author": "kccoconuts", "id": "dqq2y5t", "score": 4, "subreddit": "BuyItForLife", "author_flair": null, "submission": "7ha9r5", "stickied": false, "body": "My dad had one of those. One of the buttons stopped working so he jammed a little paper into to keep it on. We spent a lot of time jamming out and sharing music together on it. So weird to see it again. He died last year and it went back to his dad so it really makes me happy to see it again. Thank you for sharing! ", "is_submitter": false, "distinguished": null, "created_utc": 1512344437.0, "parent_id": "t3_7ha9r5", "replies": []}, {"author": "nelska", "id": "dqpo75m", "score": 3, "subreddit": "BuyItForLife", "author_flair": null, "submission": "7ha9r5", "stickied": false, "body": "my dad has the same one, i think it crapped out a year or two ago.", "is_submitter": false, "distinguished": null, "created_utc": 1512328937.0, "parent_id": "t3_7ha9r5", "replies": []}, {"author": "InkedAlchemist", "id": "dqprtiu", "score": 3, "subreddit": "BuyItForLife", "author_flair": null, "submission": "7ha9r5", "stickied": false, "body": "Holy shit! We had that one, I'm pretty sure. I remember those buttons having such a satisfying feeling and sound when pressing them.", "is_submitter": false, "distinguished": null, "created_utc": 1512332669.0, "parent_id": "t3_7ha9r5", "replies": []}, {"author": "Gasperblur", "id": "dqpsozp", "score": 3, "subreddit": "BuyItForLife", "author_flair": null, "submission": "7ha9r5", "stickied": false, "body": "All I can remember is the big knob on the top right is the volume and I\u2019m not allowed to touch any of the knobs on the bottom row. It\u2019s beautiful. Thanks for the flashback.", "is_submitter": false, "distinguished": null, "created_utc": 1512333545.0, "parent_id": "t3_7ha9r5", "replies": []}, {"author": "ebettybeth", "id": "dqpz5y8", "score": 3, "subreddit": "BuyItForLife", "author_flair": null, "submission": "7ha9r5", "stickied": false, "body": "I totally grew up with one of those babies! Love seeing it!", "is_submitter": false, "distinguished": null, "created_utc": 1512340198.0, "parent_id": "t3_7ha9r5", "replies": []}, {"author": "thegoatisbad", "id": "dqpzag2", "score": 3, "subreddit": "BuyItForLife", "author_flair": null, "submission": "7ha9r5", "stickied": false, "body": "My parents had one of these in our living room growing up, it was exactly like this.  It was old then, in the 90\u2019s, but still worked fine. But they replaced it probably 25 years ago, with a Sony something that lasted maybe 6 years, and I never paid attention to where the original Sansui went. ", "is_submitter": false, "distinguished": null, "created_utc": 1512340339.0, "parent_id": "t3_7ha9r5", "replies": []}, {"author": "DELETED", "id": "dqpzo7g", "score": 3, "subreddit": "BuyItForLife", "author_flair": null, "submission": "7ha9r5", "stickied": false, "body": "I know this machine by heart. My father had the same one in his den my entire childhood. I still remember the heavy feeling the knobs have when you turn them. It is either in my basement or my sisters. This has made me want to search for it!", "is_submitter": false, "distinguished": null, "created_utc": 1512340750.0, "parent_id": "t3_7ha9r5", "replies": []}, {"author": "dbfsjkshutup", "id": "dqq1ftg", "score": 3, "subreddit": "BuyItForLife", "author_flair": null, "submission": "7ha9r5", "stickied": false, "body": "Dude, beautiful. My dad had the same exact one. But his cunt wife took it when he died :/", "is_submitter": false, "distinguished": null, "created_utc": 1512342725.0, "parent_id": "t3_7ha9r5", "replies": []}, {"author": "Seethesvt", "id": "dqq1l2r", "score": 3, "subreddit": "BuyItForLife", "author_flair": null, "submission": "7ha9r5", "stickied": false, "body": "Same one my dad had. ", "is_submitter": false, "distinguished": null, "created_utc": 1512342893.0, "parent_id": "t3_7ha9r5", "replies": []}, {"author": "gumout", "id": "dqprmty", "score": 7, "subreddit": "BuyItForLife", "author_flair": null, "submission": "7ha9r5", "stickied": false, "body": "How about a 42 year old Marantz?\n\nhttps://www.reddit.com/r/BuyItForLife/comments/7hc2k7/42_year_old_marantz_4220_stereo_quadradial/?st=JAR7OUV2&sh=e0f99910", "is_submitter": false, "distinguished": null, "created_utc": 1512332485.0, "parent_id": "t3_7ha9r5", "replies": [{"author": "emhcee", "id": "dqq1tna", "score": 3, "subreddit": "BuyItForLife", "author_flair": null, "submission": "7ha9r5", "stickied": false, "body": "Yeah man! [Marantz 4300](https://i.imgur.com/TrH5bUf.jpg) checking in... My Dad had the whole setup - receiver, tape deck, record player, reel-to-reel. Whenever he was gone I flipped every knob and pushed every button, it was my imaginary spaceship controls.  The receiver powers my outdoor workshop tunes nowadays.", "is_submitter": false, "distinguished": null, "created_utc": 1512343165.0, "parent_id": "t1_dqprmty", "replies": [{"author": "gumout", "id": "dqq9k5d", "score": 2, "subreddit": "BuyItForLife", "author_flair": null, "submission": "7ha9r5", "stickied": false, "body": "I loved the flywheel tuner. So satisfying and you could get from one end of the spectrum to the other in like 2 seconds. ", "is_submitter": false, "distinguished": null, "created_utc": 1512352283.0, "parent_id": "t1_dqq1tna", "replies": []}]}, {"author": "jersully", "id": "dqpv3qn", "score": 1, "subreddit": "BuyItForLife", "author_flair": null, "submission": "7ha9r5", "stickied": false, "body": "I have this receiver packed away. What do you use yours for?", "is_submitter": false, "distinguished": null, "created_utc": 1512335836.0, "parent_id": "t1_dqprmty", "replies": [{"author": "gumout", "id": "dqpxdtd", "score": 3, "subreddit": "BuyItForLife", "author_flair": null, "submission": "7ha9r5", "stickied": false, "body": "My dad bought it in 1975. Still sounds great. She listens mostly to CDs but she still has a tape deck attached. ", "is_submitter": false, "distinguished": null, "created_utc": 1512338254.0, "parent_id": "t1_dqpv3qn", "replies": []}]}]}, {"author": "tomccarlson", "id": "dqpgdn7", "score": 2, "subreddit": "BuyItForLife", "author_flair": null, "submission": "7ha9r5", "stickied": false, "body": "I remember that bad boy. Awesome!", "is_submitter": false, "distinguished": null, "created_utc": 1512320790.0, "parent_id": "t3_7ha9r5", "replies": []}, {"author": "thursdae", "id": "dqpq7ux", "score": 2, "subreddit": "BuyItForLife", "author_flair": null, "submission": "7ha9r5", "stickied": false, "body": "Seeing such an old piece of electronic equipment in such well cared for condition is very satisfying to me, for some reason. I mean it's more than a decade older than me, which is probably part of the reason it's so satisfying. ", "is_submitter": false, "distinguished": null, "created_utc": 1512331062.0, "parent_id": "t3_7ha9r5", "replies": []}, {"author": "norwegianjazzbass", "id": "dqpqqqc", "score": 2, "subreddit": "BuyItForLife", "author_flair": null, "submission": "7ha9r5", "stickied": false, "body": "Are you australian?", "is_submitter": false, "distinguished": null, "created_utc": 1512331596.0, "parent_id": "t3_7ha9r5", "replies": []}, {"author": "tomatosoupsatisfies", "id": "dqpvtqv", "score": 2, "subreddit": "BuyItForLife", "author_flair": null, "submission": "7ha9r5", "stickied": false, "body": "..and here I am trying to get my super hi-tech super connected receiver to work.\n\n[Sunday fun](https://i.imgur.com/PKiYo9C.jpg) ", "is_submitter": false, "distinguished": null, "created_utc": 1512336578.0, "parent_id": "t3_7ha9r5", "replies": []}, {"author": "awfl", "id": "dqpy2bn", "score": 2, "subreddit": "BuyItForLife", "author_flair": null, "submission": "7ha9r5", "stickied": false, "body": "Sold my Fisher 800T, Fisher's best circa 1971 or so, for $1.2k recently. No kidding. Found it by a dumpster in the 90s with the original AR speakers which were not recoverable. The things were tanks, and had a crappy potentiometer varactor tuner, but once aligned and cleaned push my Infinity SMs to their limit. Very musical, I really enjoyd it.", "is_submitter": false, "distinguished": null, "created_utc": 1512338992.0, "parent_id": "t3_7ha9r5", "replies": []}, {"author": "Overun31", "id": "dqpya7b", "score": 2, "subreddit": "BuyItForLife", "author_flair": null, "submission": "7ha9r5", "stickied": false, "body": "Awesome, looks great still. I find a lot of vintage audio / instruments were very high quality. Love my Pioneer receiver, around the same Era. ", "is_submitter": false, "distinguished": null, "created_utc": 1512339227.0, "parent_id": "t3_7ha9r5", "replies": []}, {"author": "rearwindows", "id": "dqpdnyn", "score": 5, "subreddit": "BuyItForLife", "author_flair": null, "submission": "7ha9r5", "stickied": false, "body": "That looks like the exact one my grandparents used to have. But there's was black", "is_submitter": false, "distinguished": null, "created_utc": 1512317436.0, "parent_id": "t3_7ha9r5", "replies": []}, {"author": "BlackJacquesLeblanc", "id": "dqq4p71", "score": 2, "subreddit": "BuyItForLife", "author_flair": null, "submission": "7ha9r5", "stickied": false, "body": "My buddy sold stereos back in the 80s.  He used to call Sansui *Sansewer*.  He said it was because they were muddy in the low end.\n\nI have no idea if that's correct, or just a good excuse for a joke.", "is_submitter": false, "distinguished": null, "created_utc": 1512346426.0, "parent_id": "t3_7ha9r5", "replies": [{"author": "jaypizzl", "id": "dqs7aw9", "score": 1, "subreddit": "BuyItForLife", "author_flair": null, "submission": "7ha9r5", "stickied": false, "body": "That\u2019s what my dad told me, for sure. Muddy, perhaps, but built to last, for sure!", "is_submitter": false, "distinguished": null, "created_utc": 1512443325.0, "parent_id": "t1_dqq4p71", "replies": []}]}, {"author": "sixpants", "id": "dqqbtdg", "score": 2, "subreddit": "BuyItForLife", "author_flair": null, "submission": "7ha9r5", "stickied": false, "body": "43! That's old. \n\nFrom 1974. Huh!   I was born in '74 too. \n\n...wait a minute...", "is_submitter": false, "distinguished": null, "created_utc": 1512354898.0, "parent_id": "t3_7ha9r5", "replies": []}, {"author": "teasnorter", "id": "dqpg2rw", "score": 1, "subreddit": "BuyItForLife", "author_flair": null, "submission": "7ha9r5", "stickied": false, "body": "What can you do with a vintage tuner other than playing the radio?", "is_submitter": false, "distinguished": null, "created_utc": 1512320432.0, "parent_id": "t3_7ha9r5", "replies": [{"author": "james_strange", "id": "dqph5h2", "score": 19, "subreddit": "BuyItForLife", "author_flair": null, "submission": "7ha9r5", "stickied": false, "body": "Mine is from the 50s or 60s and i use it for radio, turn table, and i stream spitify through my phone on it.", "is_submitter": false, "distinguished": null, "created_utc": 1512321691.0, "parent_id": "t1_dqpg2rw", "replies": [{"author": "roo-ster", "id": "dqphcib", "score": 28, "subreddit": "BuyItForLife", "author_flair": null, "submission": "7ha9r5", "stickied": false, "body": "Be careful with spitify.  Getting saliva all over your stuff is kinda gross.  ;-)", "is_submitter": false, "distinguished": null, "created_utc": 1512321913.0, "parent_id": "t1_dqph5h2", "replies": [{"author": "james_strange", "id": "dqq4yjp", "score": 1, "subreddit": "BuyItForLife", "author_flair": null, "submission": "7ha9r5", "stickied": false, "body": "Ha!", "is_submitter": false, "distinguished": null, "created_utc": 1512346725.0, "parent_id": "t1_dqphcib", "replies": []}]}]}, {"author": "5-4-3-2-1-bang", "id": "dqph85y", "score": 15, "subreddit": "BuyItForLife", "author_flair": null, "submission": "7ha9r5", "stickied": false, "body": "That's a receiver, not a tuner.  It has an amplifier and a tape loop, so it can drive speakers directly and optionally listen to another input.  (usually receivers have more inputs, but guess not in this case!)", "is_submitter": false, "distinguished": null, "created_utc": 1512321776.0, "parent_id": "t1_dqpg2rw", "replies": []}, {"author": "reddit455", "id": "dqpoi6r", "score": 6, "subreddit": "BuyItForLife", "author_flair": null, "submission": "7ha9r5", "stickied": false, "body": "it's an amp too.. it was the AV receiver before there was V.\n\nyou route everything through that\n\nhere's the back, note the inputs \n\nhttp://www.saturdayaudio.com/sites/default/files/styles/product_full_scale/public/dsc01117.jpg?itok=djx6iVkE", "is_submitter": false, "distinguished": null, "created_utc": 1512329262.0, "parent_id": "t1_dqpg2rw", "replies": []}, {"author": "tonetonitony", "id": "dqpl97x", "score": 4, "subreddit": "BuyItForLife", "author_flair": null, "submission": "7ha9r5", "stickied": false, "body": "They have stereo inputs.  I've got my laptop running into mine along with a record player.  ", "is_submitter": false, "distinguished": null, "created_utc": 1512325993.0, "parent_id": "t1_dqpg2rw", "replies": []}, {"author": "snow_big_deal", "id": "dqqubzw", "score": 1, "subreddit": "BuyItForLife", "author_flair": null, "submission": "7ha9r5", "stickied": false, "body": "I hooked mine up to my TV as well as my turntable, and a 1/8 inch jack for my phone. TV sounds pretty awesome coming through a vintage receiver and speakers. ", "is_submitter": false, "distinguished": null, "created_utc": 1512388909.0, "parent_id": "t1_dqpg2rw", "replies": []}, {"author": "JimmyPellen", "id": "dqpu52c", "score": 1, "subreddit": "BuyItForLife", "author_flair": null, "submission": "7ha9r5", "stickied": false, "body": "[for just under $50, you could play your bluetooth-enabled players through it.](http://www.belkin.com/us/support-product/?pid=01t80000003HSm9AAG)\n  ", "is_submitter": false, "distinguished": null, "created_utc": 1512334901.0, "parent_id": "t1_dqpg2rw", "replies": [{"author": "canox74", "id": "dqq0ale", "score": 1, "subreddit": "BuyItForLife", "author_flair": null, "submission": "7ha9r5", "stickied": false, "body": "For $35 I have a Chromecast audio hooked up to it, sounds great, way better than bluetooth", "is_submitter": true, "distinguished": null, "created_utc": 1512341430.0, "parent_id": "t1_dqpu52c", "replies": []}, {"author": "SnowblindAlbino", "id": "dqqcson", "score": 0, "subreddit": "BuyItForLife", "author_flair": null, "submission": "7ha9r5", "stickied": false, "body": "Try [$20 direct from Amazon](https://www.amazon.com/AmazonBasics-Bluetooth-4-0-Audio-Receiver/dp/B00I59VBH4/ref=sr_1_5?s=electronics&ie=UTF8&qid=1512355967&sr=1-5&keywords=bluetooth+receiver+for+home+stereo). Lots of options for similar devices in the $20-25 range these days to Bluetoothify anything with audio inputs.", "is_submitter": false, "distinguished": null, "created_utc": 1512356047.0, "parent_id": "t1_dqpu52c", "replies": [{"author": "DELETED", "id": "dqrf9yi", "score": 1, "subreddit": "BuyItForLife", "author_flair": null, "submission": "7ha9r5", "stickied": false, "body": "[removed]", "is_submitter": false, "distinguished": null, "created_utc": 1512414062.0, "parent_id": "t1_dqqcson", "replies": [{"author": "AutoModerator", "id": "dqrf9z7", "score": 1, "subreddit": "BuyItForLife", "author_flair": null, "submission": "7ha9r5", "stickied": false, "body": "Hello /u/AmazonInfoBot! Your post or comment was removed for using an Amazon Affiliate link or Reference (see Rule 7). You can change the URL and re-post it.\n\n*I am a bot, and this action was performed automatically. Please [contact the moderators of this subreddit](/message/compose/?to=/r/BuyItForLife) if you have any questions or concerns.*", "is_submitter": false, "distinguished": "moderator", "created_utc": 1512414062.0, "parent_id": "t1_dqrf9yi", "replies": []}]}]}]}]}, {"author": "roscoe_dock", "id": "dqpoqyh", "score": 1, "subreddit": "BuyItForLife", "author_flair": null, "submission": "7ha9r5", "stickied": false, "body": "Couldn\u2019t help but zooming in on the vinyls...", "is_submitter": false, "distinguished": null, "created_utc": 1512329515.0, "parent_id": "t3_7ha9r5", "replies": []}, {"author": "lacroix_boi", "id": "dqpt6hw", "score": 1, "subreddit": "BuyItForLife", "author_flair": null, "submission": "7ha9r5", "stickied": false, "body": "Gorgeous! I have a 771 in similar condition, one of my favorites!", "is_submitter": false, "distinguished": null, "created_utc": 1512334005.0, "parent_id": "t3_7ha9r5", "replies": []}, {"author": "random0351", "id": "dqptdtv", "score": 1, "subreddit": "BuyItForLife", "author_flair": null, "submission": "7ha9r5", "stickied": false, "body": "Niceeee", "is_submitter": false, "distinguished": null, "created_utc": 1512334191.0, "parent_id": "t3_7ha9r5", "replies": []}, {"author": "DELETED", "id": "dqpthbs", "score": 1, "subreddit": "BuyItForLife", "author_flair": null, "submission": "7ha9r5", "stickied": false, "body": "She's looking good!", "is_submitter": false, "distinguished": null, "created_utc": 1512334280.0, "parent_id": "t3_7ha9r5", "replies": []}, {"author": "drfunkenstien014", "id": "dqpueaj", "score": 1, "subreddit": "BuyItForLife", "author_flair": null, "submission": "7ha9r5", "stickied": false, "body": "Das a sexy piece of technology", "is_submitter": false, "distinguished": null, "created_utc": 1512335141.0, "parent_id": "t3_7ha9r5", "replies": []}, {"author": "8549176320", "id": "dqpvj3b", "score": 1, "subreddit": "BuyItForLife", "author_flair": null, "submission": "7ha9r5", "stickied": false, "body": "Cadillac of receivers.   ", "is_submitter": false, "distinguished": null, "created_utc": 1512336271.0, "parent_id": "t3_7ha9r5", "replies": []}, {"author": "DELETED", "id": "dqpxu2l", "score": 1, "subreddit": "BuyItForLife", "author_flair": null, "submission": "7ha9r5", "stickied": false, "body": "[deleted]", "is_submitter": false, "distinguished": null, "created_utc": 1512338741.0, "parent_id": "t3_7ha9r5", "replies": [{"author": "Sub_Corrector_Bot", "id": "dqpxu5x", "score": -3, "subreddit": "BuyItForLife", "author_flair": null, "submission": "7ha9r5", "stickied": false, "body": "You may have meant r/vintageaudio instead of R/vintageaudio.\n \n ---------------------------------------\n \n^^^Remember, *^^OP ^^^may ^^^have ^^ninja-edited.* ^^I ^^correct ^^subreddit ^^^and ^^user ^^links ^^with ^^^a ^^capital ^^R ^^^or ^^U, ^^^which ^^are ^^^usually ^^unusable. \n \n ^^**-Srikar**", "is_submitter": false, "distinguished": null, "created_utc": 1512338744.0, "parent_id": "t1_dqpxu2l", "replies": []}]}, {"author": "captainajax", "id": "dqpzw37", "score": 1, "subreddit": "BuyItForLife", "author_flair": null, "submission": "7ha9r5", "stickied": false, "body": "That\u2019s the one I grew up with! My Pop bought it in the 70s and it\u2019s still chugging along today. ", "is_submitter": false, "distinguished": null, "created_utc": 1512340988.0, "parent_id": "t3_7ha9r5", "replies": []}, {"author": "rehtulx", "id": "dqq1nq5", "score": 1, "subreddit": "BuyItForLife", "author_flair": null, "submission": "7ha9r5", "stickied": false, "body": "Are there any major technical reasons to replace receivers? Is there any reason I shouldn't buy an old high quality one for the aesthetic?", "is_submitter": false, "distinguished": null, "created_utc": 1512342977.0, "parent_id": "t3_7ha9r5", "replies": [{"author": "SnowblindAlbino", "id": "dqqcul9", "score": 0, "subreddit": "BuyItForLife", "author_flair": null, "submission": "7ha9r5", "stickied": false, "body": "None at all. The bigger problem is buying too many of them. I have about a dozen, including a nice c. 1978 Fisher I picked up for $6 at a pawnshop last month.", "is_submitter": false, "distinguished": null, "created_utc": 1512356112.0, "parent_id": "t1_dqq1nq5", "replies": []}]}, {"author": "zagbag", "id": "dqq1roc", "score": 1, "subreddit": "BuyItForLife", "author_flair": null, "submission": "7ha9r5", "stickied": false, "body": "$250 - $300 ebay", "is_submitter": false, "distinguished": null, "created_utc": 1512343103.0, "parent_id": "t3_7ha9r5", "replies": []}, {"author": "sentient_fox", "id": "dqq1wrt", "score": 1, "subreddit": "BuyItForLife", "author_flair": null, "submission": "7ha9r5", "stickied": false, "body": "Beautiful.", "is_submitter": false, "distinguished": null, "created_utc": 1512343260.0, "parent_id": "t3_7ha9r5", "replies": []}, {"author": "Crocodilly_Pontifex", "id": "dqq2n2g", "score": 1, "subreddit": "BuyItForLife", "author_flair": null, "submission": "7ha9r5", "stickied": false, "body": "I had my dad's old one just like this growing up", "is_submitter": false, "distinguished": null, "created_utc": 1512344095.0, "parent_id": "t3_7ha9r5", "replies": []}, {"author": "Fisheswithfeet", "id": "dqq34fx", "score": 1, "subreddit": "BuyItForLife", "author_flair": null, "submission": "7ha9r5", "stickied": false, "body": "We had that exact receiver when I was a kid (late 70s & 80s) I bet my dad still has it somewhere.", "is_submitter": false, "distinguished": null, "created_utc": 1512344636.0, "parent_id": "t3_7ha9r5", "replies": []}, {"author": "a_ninja_mouse", "id": "dqq3gmk", "score": 1, "subreddit": "BuyItForLife", "author_flair": null, "submission": "7ha9r5", "stickied": false, "body": "That's an AILF", "is_submitter": false, "distinguished": null, "created_utc": 1512345018.0, "parent_id": "t3_7ha9r5", "replies": []}, {"author": "DELETED", "id": "dqq3jda", "score": 1, "subreddit": "BuyItForLife", "author_flair": null, "submission": "7ha9r5", "stickied": false, "body": "I wish I still had my setup.  You are lucky.  ", "is_submitter": false, "distinguished": null, "created_utc": 1512345102.0, "parent_id": "t3_7ha9r5", "replies": []}, {"author": "tonalake", "id": "dqq3n27", "score": 1, "subreddit": "BuyItForLife", "author_flair": null, "submission": "7ha9r5", "stickied": false, "body": "No updates required.", "is_submitter": false, "distinguished": null, "created_utc": 1512345219.0, "parent_id": "t3_7ha9r5", "replies": [{"author": "canox74", "id": "dqqd08o", "score": 0, "subreddit": "BuyItForLife", "author_flair": null, "submission": "7ha9r5", "stickied": false, "body": "Exactly!", "is_submitter": true, "distinguished": null, "created_utc": 1512356303.0, "parent_id": "t1_dqq3n27", "replies": []}]}, {"author": "NotYou007", "id": "dqq3p2a", "score": 1, "subreddit": "BuyItForLife", "author_flair": null, "submission": "7ha9r5", "stickied": false, "body": "I'm older than this receiver and I don't remember what we had as a kid but that brings back a lot of memories. With that said a lot of people are commenting on knob feel. My current Sony DTS receiver purchased in 2009 only has a giant knob for volume control but it has that smooth heavy feel to it but it is rare I use the knob to adjust the volume.", "is_submitter": false, "distinguished": null, "created_utc": 1512345281.0, "parent_id": "t3_7ha9r5", "replies": []}, {"author": "neillegstrongmoonman", "id": "dqq4j1i", "score": 1, "subreddit": "BuyItForLife", "author_flair": null, "submission": "7ha9r5", "stickied": false, "body": "This is so beautiful", "is_submitter": false, "distinguished": null, "created_utc": 1512346231.0, "parent_id": "t3_7ha9r5", "replies": []}, {"author": "Edenio1", "id": "dqq65gt", "score": 1, "subreddit": "BuyItForLife", "author_flair": null, "submission": "7ha9r5", "stickied": false, "body": "I think my dad had this one! On a scale of 1 - 10 how satisfying are those buttons to press?", "is_submitter": false, "distinguished": null, "created_utc": 1512348130.0, "parent_id": "t3_7ha9r5", "replies": [{"author": "canox74", "id": "dqqc2lv", "score": 1, "subreddit": "BuyItForLife", "author_flair": null, "submission": "7ha9r5", "stickied": false, "body": "11", "is_submitter": true, "distinguished": null, "created_utc": 1512355196.0, "parent_id": "t1_dqq65gt", "replies": [{"author": "Edenio1", "id": "dqqsrf1", "score": 1, "subreddit": "BuyItForLife", "author_flair": null, "submission": "7ha9r5", "stickied": false, "body": "Yay it is the same one!", "is_submitter": false, "distinguished": null, "created_utc": 1512384954.0, "parent_id": "t1_dqqc2lv", "replies": []}]}]}, {"author": "wwindexx", "id": "dqq6671", "score": 1, "subreddit": "BuyItForLife", "author_flair": null, "submission": "7ha9r5", "stickied": false, "body": "Mid 70s receivers are awesome! I have a silver face pioneer from that period that sounds awesome. ", "is_submitter": false, "distinguished": null, "created_utc": 1512348155.0, "parent_id": "t3_7ha9r5", "replies": []}, {"author": "enderw1ggins", "id": "dqq6s2t", "score": 1, "subreddit": "BuyItForLife", "author_flair": null, "submission": "7ha9r5", "stickied": false, "body": "Did you get the ol Bose 901s with the tulip pedestals to go with that in '74?", "is_submitter": false, "distinguished": null, "created_utc": 1512348907.0, "parent_id": "t3_7ha9r5", "replies": []}, {"author": "CribbageMan", "id": "dqqaktd", "score": 1, "subreddit": "BuyItForLife", "author_flair": null, "submission": "7ha9r5", "stickied": false, "body": "Beautiful \n", "is_submitter": false, "distinguished": null, "created_utc": 1512353449.0, "parent_id": "t3_7ha9r5", "replies": []}, {"author": "vivalarevoluciones", "id": "dqqar3u", "score": 1, "subreddit": "BuyItForLife", "author_flair": null, "submission": "7ha9r5", "stickied": false, "body": "Is this Japanese? ", "is_submitter": false, "distinguished": null, "created_utc": 1512353651.0, "parent_id": "t3_7ha9r5", "replies": []}, {"author": "DELETED", "id": "dqqb2r5", "score": 1, "subreddit": "BuyItForLife", "author_flair": null, "submission": "7ha9r5", "stickied": false, "body": "Ha, I bought an old Sansui HD TV at a pawn shop for four dollars. ", "is_submitter": false, "distinguished": null, "created_utc": 1512354041.0, "parent_id": "t3_7ha9r5", "replies": []}, {"author": "barnaclegal", "id": "dqqbt8m", "score": 1, "subreddit": "BuyItForLife", "author_flair": null, "submission": "7ha9r5", "stickied": false, "body": "I have my dad\u2019s Sansui record player from 1978. Still going strong! The only thing that has broken is two of the springs on the legs, but nothing in the electronics! Still spins some great vinyl. ", "is_submitter": false, "distinguished": null, "created_utc": 1512354894.0, "parent_id": "t3_7ha9r5", "replies": []}, {"author": "ImmuneAsp", "id": "dqqbzmf", "score": 1, "subreddit": "BuyItForLife", "author_flair": null, "submission": "7ha9r5", "stickied": false, "body": "That looks beautiful. I didn't know I needed one in my life until now. Where would one go about getting my hands on something like this? What would be a fair price? Any help would be appreciated. ", "is_submitter": false, "distinguished": null, "created_utc": 1512355099.0, "parent_id": "t3_7ha9r5", "replies": [{"author": "canox74", "id": "dqqsdfm", "score": 1, "subreddit": "BuyItForLife", "author_flair": null, "submission": "7ha9r5", "stickied": false, "body": "Canuckauduio.com  \nCraigslist \n", "is_submitter": true, "distinguished": null, "created_utc": 1512383902.0, "parent_id": "t1_dqqbzmf", "replies": []}]}, {"author": "Swangin-N-Bangin", "id": "dqqc0gd", "score": 1, "subreddit": "BuyItForLife", "author_flair": null, "submission": "7ha9r5", "stickied": false, "body": "I have a 1971 Sansui 5000x that was my dad's. It sounds incredible. ", "is_submitter": false, "distinguished": null, "created_utc": 1512355125.0, "parent_id": "t3_7ha9r5", "replies": []}, {"author": "SnarkDolphin", "id": "dqqda2t", "score": 1, "subreddit": "BuyItForLife", "author_flair": null, "submission": "7ha9r5", "stickied": false, "body": "Hhhnnnggggg that's gorgeous\n\nThis is definitely my favorite time period for stereo equipment. The stainless steel, metal knobs, blue glow and physical VU meters are my jam. I feel like a hefty part of the reason I love techmoan on YouTube is because we share a taste in hi fi A  E  S  T  H  E  T  I  C  S", "is_submitter": false, "distinguished": null, "created_utc": 1512356639.0, "parent_id": "t3_7ha9r5", "replies": []}, {"author": "mcpatsky", "id": "dqqdcoa", "score": 1, "subreddit": "BuyItForLife", "author_flair": null, "submission": "7ha9r5", "stickied": false, "body": "My parents have the exact same one. Very nice unit overall!", "is_submitter": false, "distinguished": null, "created_utc": 1512356728.0, "parent_id": "t3_7ha9r5", "replies": []}, {"author": "crappyboy", "id": "dqqdnoc", "score": 1, "subreddit": "BuyItForLife", "author_flair": null, "submission": "7ha9r5", "stickied": false, "body": "I'm pretty sure my parents have that same one. It's put up in the garage with some giant Utah speakers for me someday.", "is_submitter": false, "distinguished": null, "created_utc": 1512357084.0, "parent_id": "t3_7ha9r5", "replies": []}, {"author": "clevenp", "id": "dqqej9w", "score": 1, "subreddit": "BuyItForLife", "author_flair": null, "submission": "7ha9r5", "stickied": false, "body": "Beautiful receiver!  And excellent craftmanship inside ... I used to have the same with KEF cadenza speakers and a thorentz 160 with sme arm ...\n\nTake well care of this beauty!", "is_submitter": false, "distinguished": null, "created_utc": 1512358062.0, "parent_id": "t3_7ha9r5", "replies": []}, {"author": "VoidOmatic", "id": "dqqeyyy", "score": 1, "subreddit": "BuyItForLife", "author_flair": null, "submission": "7ha9r5", "stickied": false, "body": "My dad has that model, his too still works flawlessly. Maybe in 350 years it will break lol", "is_submitter": false, "distinguished": null, "created_utc": 1512358553.0, "parent_id": "t3_7ha9r5", "replies": []}, {"author": "DELETED", "id": "dqqfjea", "score": 1, "subreddit": "BuyItForLife", "author_flair": null, "submission": "7ha9r5", "stickied": false, "body": "I've got a nice Marantz 2240 that is my home computer amplifier pushing a pair of Athena BS1s.", "is_submitter": false, "distinguished": null, "created_utc": 1512359186.0, "parent_id": "t3_7ha9r5", "replies": []}, {"author": "krails", "id": "dqqfkwd", "score": 1, "subreddit": "BuyItForLife", "author_flair": null, "submission": "7ha9r5", "stickied": false, "body": "Awesome!  My dad had a very similar Sansui when I was growing up.  I\u2019d use the knobs and buttons to pretend I was flying a space ship and then it\u2019d be all screwed when he went to listen. Thanks for bringing back a fun childhood memory!", "is_submitter": false, "distinguished": null, "created_utc": 1512359236.0, "parent_id": "t3_7ha9r5", "replies": []}, {"author": "DELETED", "id": "dqqflar", "score": 1, "subreddit": "BuyItForLife", "author_flair": null, "submission": "7ha9r5", "stickied": false, "body": "I have a 1978 pioneer sx980 and sx780 combo.  Love the oldies", "is_submitter": false, "distinguished": null, "created_utc": 1512359250.0, "parent_id": "t3_7ha9r5", "replies": []}, {"author": "KordovaJD", "id": "dqqfpsv", "score": 1, "subreddit": "BuyItForLife", "author_flair": null, "submission": "7ha9r5", "stickied": false, "body": "Literally just bought a Sansui receiver on Craigslist this week. ", "is_submitter": false, "distinguished": null, "created_utc": 1512359397.0, "parent_id": "t3_7ha9r5", "replies": []}, {"author": "Drfloog87", "id": "dqqg8i8", "score": 1, "subreddit": "BuyItForLife", "author_flair": null, "submission": "7ha9r5", "stickied": false, "body": "I miss mine so much!", "is_submitter": false, "distinguished": null, "created_utc": 1512359983.0, "parent_id": "t3_7ha9r5", "replies": []}, {"author": "ballsbedraggin", "id": "dqqgm2o", "score": 1, "subreddit": "BuyItForLife", "author_flair": null, "submission": "7ha9r5", "stickied": false, "body": "My dad has this same exact receiver and it\u2019s fucking awesome. Looks cool as shit too. ", "is_submitter": false, "distinguished": null, "created_utc": 1512360448.0, "parent_id": "t3_7ha9r5", "replies": []}, {"author": "kopacetix", "id": "dqqgvnv", "score": 1, "subreddit": "BuyItForLife", "author_flair": null, "submission": "7ha9r5", "stickied": false, "body": "Here\u2019s mine 8)\n\nhttps://winampheritage.com/skin/122459/ExpensiveHi-Fi.jpg", "is_submitter": false, "distinguished": null, "created_utc": 1512360759.0, "parent_id": "t3_7ha9r5", "replies": []}, {"author": "DELETED", "id": "dqqisk3", "score": 1, "subreddit": "BuyItForLife", "author_flair": null, "submission": "7ha9r5", "stickied": false, "body": "Still primary heat for your apartment? ", "is_submitter": false, "distinguished": null, "created_utc": 1512363194.0, "parent_id": "t3_7ha9r5", "replies": []}, {"author": "snowyhockeybum", "id": "dqqjak2", "score": 1, "subreddit": "BuyItForLife", "author_flair": null, "submission": "7ha9r5", "stickied": false, "body": "Dad? Haha", "is_submitter": false, "distinguished": null, "created_utc": 1512363924.0, "parent_id": "t3_7ha9r5", "replies": []}, {"author": "wolfgang_van_stetson", "id": "dqqjb26", "score": 1, "subreddit": "BuyItForLife", "author_flair": null, "submission": "7ha9r5", "stickied": false, "body": "I have one of these. I guess I should use it. Inherited it. What's it worth? Is it a good one? Didn't realize.  ", "is_submitter": false, "distinguished": null, "created_utc": 1512363944.0, "parent_id": "t3_7ha9r5", "replies": [{"author": "canox74", "id": "dqr1aqg", "score": 1, "subreddit": "BuyItForLife", "author_flair": null, "submission": "7ha9r5", "stickied": false, "body": "If it's an 881 in good condition, 250-300 \nIt was top of the line in 1974....", "is_submitter": true, "distinguished": null, "created_utc": 1512399956.0, "parent_id": "t1_dqqjb26", "replies": []}]}, {"author": "Juggernaut78", "id": "dqqkvbd", "score": 1, "subreddit": "BuyItForLife", "author_flair": null, "submission": "7ha9r5", "stickied": false, "body": "My parents have that same receiver! ", "is_submitter": false, "distinguished": null, "created_utc": 1512366447.0, "parent_id": "t3_7ha9r5", "replies": []}, {"author": "DELETED", "id": "dqqkwtr", "score": 1, "subreddit": "BuyItForLife", "author_flair": null, "submission": "7ha9r5", "stickied": false, "body": "So is this \u201cthing\u201d any good or is it just cool cuz it\u2019s retro?", "is_submitter": false, "distinguished": null, "created_utc": 1512366518.0, "parent_id": "t3_7ha9r5", "replies": [{"author": "canox74", "id": "dqr18ux", "score": 1, "subreddit": "BuyItForLife", "author_flair": null, "submission": "7ha9r5", "stickied": false, "body": "It's very good, the sound is amazing very warm ", "is_submitter": true, "distinguished": null, "created_utc": 1512399895.0, "parent_id": "t1_dqqkwtr", "replies": []}]}, {"author": "proandso", "id": "dqqleoe", "score": 1, "subreddit": "BuyItForLife", "author_flair": null, "submission": "7ha9r5", "stickied": false, "body": "Goddammit now browsing vintage amps and receivers on trademe (new Zealand ebay) ", "is_submitter": false, "distinguished": null, "created_utc": 1512367381.0, "parent_id": "t3_7ha9r5", "replies": []}, {"author": "never_l0st", "id": "dqqll11", "score": 1, "subreddit": "BuyItForLife", "author_flair": null, "submission": "7ha9r5", "stickied": false, "body": "She's a beauty ", "is_submitter": false, "distinguished": null, "created_utc": 1512367697.0, "parent_id": "t3_7ha9r5", "replies": []}, {"author": "witsendidk", "id": "dqqnb55", "score": 1, "subreddit": "BuyItForLife", "author_flair": null, "submission": "7ha9r5", "stickied": false, "body": "Have your back lights on the tuner ever gone out? I had my sansui's die out after only about a year since it was serviced", "is_submitter": false, "distinguished": null, "created_utc": 1512371018.0, "parent_id": "t3_7ha9r5", "replies": []}, {"author": "khillphall", "id": "dqqno9a", "score": 1, "subreddit": "BuyItForLife", "author_flair": null, "submission": "7ha9r5", "stickied": false, "body": "Holy shit I love it", "is_submitter": false, "distinguished": null, "created_utc": 1512371797.0, "parent_id": "t3_7ha9r5", "replies": []}, {"author": "lazespud2", "id": "dqqnwlv", "score": 1, "subreddit": "BuyItForLife", "author_flair": null, "submission": "7ha9r5", "stickied": false, "body": "man that def brings up memories. My mom and stepfather bought me the exact same one (I think!) used for Christmas in 1980, along with speakers and a record player.\n\nGiven how cheap my mom and her husband were, they definitely did spend much, but the sound was fantastic; I suspect they got a helluva bargain. I loved watching those needle meters bounce around.", "is_submitter": false, "distinguished": null, "created_utc": 1512372298.0, "parent_id": "t3_7ha9r5", "replies": []}, {"author": "BubbyW111", "id": "dqqohfb", "score": 1, "subreddit": "BuyItForLife", "author_flair": null, "submission": "7ha9r5", "stickied": false, "body": "Oh really I couldn't tell... ", "is_submitter": false, "distinguished": null, "created_utc": 1512373592.0, "parent_id": "t3_7ha9r5", "replies": []}, {"author": "chewyflex", "id": "dqqpoch", "score": 1, "subreddit": "BuyItForLife", "author_flair": null, "submission": "7ha9r5", "stickied": false, "body": "The great thing about audio technology is it hasn\u2019t really changed in half a decade. ", "is_submitter": false, "distinguished": null, "created_utc": 1512376526.0, "parent_id": "t3_7ha9r5", "replies": []}, {"author": "girlwtheflowertattoo", "id": "dqqq90y", "score": 1, "subreddit": "BuyItForLife", "author_flair": null, "submission": "7ha9r5", "stickied": false, "body": "Multiple times I read that as \"1774\" and I was extremely confused. ", "is_submitter": false, "distinguished": null, "created_utc": 1512378058.0, "parent_id": "t3_7ha9r5", "replies": []}, {"author": "BigglesFlysUndone", "id": "dqqqs6w", "score": 1, "subreddit": "BuyItForLife", "author_flair": null, "submission": "7ha9r5", "stickied": false, "body": "When I was a kid in the 70's, I would go into my dad's forbidden stereo room and play \"Star Trek\" by fiddling with his stereo receiver and amplifier. \n\nPush the buttons, flip the switches, turn the dials and otherwise screw up my dad's perfect settings...All of the lights were so futuristic! I'm Mr. Spock!\n\nMy dad would get home from work, relax with a cocktail, put on his headphones and either get blasted at full volume or find utter silence and spend the next half hour trying to figure out that I had flipped the obscure amp switch to the unused auxiliary setting.\n\nIt would lead to an uncomfortable dinner where he would grouchily glower at me across the table...And I would get sent to my room without dessert.", "is_submitter": false, "distinguished": null, "created_utc": 1512379506.0, "parent_id": "t3_7ha9r5", "replies": []}, {"author": "Stepside79", "id": "dqqsjsv", "score": 1, "subreddit": "BuyItForLife", "author_flair": null, "submission": "7ha9r5", "stickied": false, "body": "/r/avporn ", "is_submitter": false, "distinguished": null, "created_utc": 1512384394.0, "parent_id": "t3_7ha9r5", "replies": []}, {"author": "TheBeardedGod", "id": "dqqtbeo", "score": 1, "subreddit": "BuyItForLife", "author_flair": null, "submission": "7ha9r5", "stickied": false, "body": "My birthday is 12/13/1974 happy birthday corporate. ", "is_submitter": false, "distinguished": null, "created_utc": 1512386425.0, "parent_id": "t3_7ha9r5", "replies": []}, {"author": "anonanon1313", "id": "dqqu56x", "score": 1, "subreddit": "BuyItForLife", "author_flair": null, "submission": "7ha9r5", "stickied": false, "body": "In 1974, we had just graduated from engineering school. There was a recession. My friend couldn't find a real engineering job so he managed a chain hi-fi shop. I had a job, so first $$$ after being a poor student. He hooked me up with gear below his cost, I hooked him up with weed and blow. I still have that exact receiver. Old gear is alright, but nothing special, technically. Weighs a ton, not very efficient, beats tube sets by a mile, but can be finicky, things don't last forever. I don't think I've listened to FM or vinyl since the 80's, lol. Smoking doesn't kill electronics, BTW. That unit must have low hours since the panel lights (incandescent) still work.\n\nI spent years trying to chase down an intermittent hum. It turns out (discovered finally in an obscure online forum) that there's a single screw inside, grounding a circuit board to the chassis, which gets flakey. Just a twist of the screwdriver and it's fixed forever, but it's one of dozens of screws, some which can't be reached without disassembly. That's the kind of thing you get into with old gear.", "is_submitter": false, "distinguished": null, "created_utc": 1512388473.0, "parent_id": "t3_7ha9r5", "replies": []}, {"author": "Kumimono", "id": "dqqv2re", "score": 1, "subreddit": "BuyItForLife", "author_flair": null, "submission": "7ha9r5", "stickied": false, "body": "The knobs,  switches, levers.\n\nOops, I salivated on your Sansui.", "is_submitter": false, "distinguished": null, "created_utc": 1512390541.0, "parent_id": "t3_7ha9r5", "replies": []}, {"author": "LuvinMclovin", "id": "dqqx7k3", "score": 1, "subreddit": "BuyItForLife", "author_flair": null, "submission": "7ha9r5", "stickied": false, "body": "Are the speakers 43 years old?", "is_submitter": false, "distinguished": null, "created_utc": 1512394400.0, "parent_id": "t3_7ha9r5", "replies": []}, {"author": "johnnyone95", "id": "dqqxka2", "score": 1, "subreddit": "BuyItForLife", "author_flair": null, "submission": "7ha9r5", "stickied": false, "body": "Awesome rig, Man!\n\nJoe Walsh's [Analog Man](https://www.youtube.com/watch?v=NEoWaP4skv8) comes to mind!\n\nSansui was a well respected brand back then, though I was more of a Pioneer guy myself...had an [SX-939](http://www.classicaudio.com/forsale/pio/SX939a.jpg), all 41 pounds of it!\n\nThanks for posting this...takes me back!", "is_submitter": false, "distinguished": null, "created_utc": 1512394947.0, "parent_id": "t3_7ha9r5", "replies": []}, {"author": "DrummerDooter", "id": "dqqz0i7", "score": 1, "subreddit": "BuyItForLife", "author_flair": null, "submission": "7ha9r5", "stickied": false, "body": "Beautiful. This is so satisfying.", "is_submitter": false, "distinguished": null, "created_utc": 1512397066.0, "parent_id": "t3_7ha9r5", "replies": []}, {"author": "joesatmoes", "id": "dqqz8vt", "score": 1, "subreddit": "BuyItForLife", "author_flair": null, "submission": "7ha9r5", "stickied": false, "body": "Wish her a happy birthday from me", "is_submitter": false, "distinguished": null, "created_utc": 1512397379.0, "parent_id": "t3_7ha9r5", "replies": []}, {"author": "Lampshade_express", "id": "dqqzoc7", "score": 1, "subreddit": "BuyItForLife", "author_flair": null, "submission": "7ha9r5", "stickied": false, "body": "I grew up with this exact stereo. It\u2019s in my parents basement, last used about 5 years ago and still worked ", "is_submitter": false, "distinguished": null, "created_utc": 1512397947.0, "parent_id": "t3_7ha9r5", "replies": []}, {"author": "HopelesslyHuman", "id": "dqr0rv8", "score": 1, "subreddit": "BuyItForLife", "author_flair": null, "submission": "7ha9r5", "stickied": false, "body": "I was about to ask \"dad, is that you?\" because my day has a very similar setup. \n\nThen I saw your other post is about welding and I knew it wasn't. Because that's a skill for people who have actually done a day or two of real work in their lives. ", "is_submitter": false, "distinguished": null, "created_utc": 1512399323.0, "parent_id": "t3_7ha9r5", "replies": []}, {"author": "jaypizzl", "id": "dqs797n", "score": 1, "subreddit": "BuyItForLife", "author_flair": null, "submission": "7ha9r5", "stickied": false, "body": "I have a memory of my dad telling me that Sansui was crap. He bought a gigantic Pioneer, which I sold for him 28 years later, still going strong, still worth over $400. His knees were getting bad and he didn\u2019t want to have to get up to turn the volume down. Now your \u201ccrap\u201d is older than dad was when he told me it was shoddy! I have to conclude that all those old tanks were built really well, pretty much across the board. You can even get yours re-capped if it develops a buzz or other problems - better than new, they say!", "is_submitter": false, "distinguished": null, "created_utc": 1512443272.0, "parent_id": "t3_7ha9r5", "replies": []}, {"author": "vintagefancollector", "id": "dqshu7p", "score": 1, "subreddit": "BuyItForLife", "author_flair": null, "submission": "7ha9r5", "stickied": false, "body": "I love vintage receivers, especially all the quirky features they had. ", "is_submitter": false, "distinguished": null, "created_utc": 1512457935.0, "parent_id": "t3_7ha9r5", "replies": []}, {"author": "Growmyassoff", "id": "dqw6g8c", "score": 1, "subreddit": "BuyItForLife", "author_flair": null, "submission": "7ha9r5", "stickied": false, "body": "I have one of those. (Came with a house my parents bought) I don\u2019t know how to work it", "is_submitter": false, "distinguished": null, "created_utc": 1512636664.0, "parent_id": "t3_7ha9r5", "replies": []}, {"author": "Austinthewind", "id": "dsyn4ec", "score": 1, "subreddit": "BuyItForLife", "author_flair": null, "submission": "7ha9r5", "stickied": false, "body": "Ugh I love this aesthetic so much. Every look and feel to these old receivers is perfect", "is_submitter": false, "distinguished": null, "created_utc": 1516440074.0, "parent_id": "t3_7ha9r5", "replies": []}, {"author": "Loaf4prez", "id": "dy7yin8", "score": 1, "subreddit": "BuyItForLife", "author_flair": null, "submission": "7ha9r5", "stickied": false, "body": "Just found this sub. I think this was my first record player. I gave it away when I got a new one for Christmas. I miss it. ", "is_submitter": false, "distinguished": null, "created_utc": 1525107723.0, "parent_id": "t3_7ha9r5", "replies": []}, {"author": "nickskingg", "id": "dymc7hu", "score": 1, "subreddit": "BuyItForLife", "author_flair": null, "submission": "7ha9r5", "stickied": false, "body": "hey Paul!", "is_submitter": false, "distinguished": null, "created_utc": 1525745414.0, "parent_id": "t3_7ha9r5", "replies": []}, {"author": "ShatAlbert", "id": "dqq6cud", "score": 1, "subreddit": "BuyItForLife", "author_flair": null, "submission": "7ha9r5", "stickied": false, "body": "I have an old sansui 7700 receiver and the original wood faced grill speakers that came with it, I run some nice klipsch towers with some custom Frazier mark 7s as well,,,,,neighbors hate me for it....", "is_submitter": false, "distinguished": null, "created_utc": 1512348379.0, "parent_id": "t3_7ha9r5", "replies": []}, {"author": "mr_bunnyfish", "id": "dqq6y8e", "score": 1, "subreddit": "BuyItForLife", "author_flair": null, "submission": "7ha9r5", "stickied": false, "body": "Sansui is a boy's name", "is_submitter": false, "distinguished": null, "created_utc": 1512349117.0, "parent_id": "t3_7ha9r5", "replies": []}, {"author": "medievalPanera", "id": "dqq96qy", "score": 1, "subreddit": "BuyItForLife", "author_flair": null, "submission": "7ha9r5", "stickied": false, "body": "Yo! I have the same one hah inherited it from my pops, she's a beaut!!! (And sounds amazing to boot!)", "is_submitter": false, "distinguished": null, "created_utc": 1512351836.0, "parent_id": "t3_7ha9r5", "replies": []}, {"author": "jackfirecracker", "id": "dqqcnwh", "score": 1, "subreddit": "BuyItForLife", "author_flair": null, "submission": "7ha9r5", "stickied": false, "body": "Very cool.\n\nI inherited a [sansui 5000x](https://d2ydh70d4b5xgv.cloudfront.net/images/c/9/sansui-5000x-am-fm-stereo-amplifier-receiver-solid-state-for-parts-or-repair-dc9b4fa3f7bd6a9401dd46495022f824.jpg)\n\nUnfortunately the light on the display is burnt out and it makes a static sound when the volume is adjusted", "is_submitter": false, "distinguished": null, "created_utc": 1512355887.0, "parent_id": "t3_7ha9r5", "replies": [{"author": "avidiax", "id": "dqqjtl0", "score": 2, "subreddit": "BuyItForLife", "author_flair": null, "submission": "7ha9r5", "stickied": false, "body": "You just need to clean the potentiometer with deoxit, and get a new lightbulb.\n", "is_submitter": false, "distinguished": null, "created_utc": 1512364730.0, "parent_id": "t1_dqqcnwh", "replies": [{"author": "jackfirecracker", "id": "dqqo3o9", "score": 0, "subreddit": "BuyItForLife", "author_flair": null, "submission": "7ha9r5", "stickied": false, "body": "Saved your comment for the day I finally clean that thing out. I'm afraid to open it because I've heard finger oil can ruin some internals, particularly tubes. How serious of an issue is it and what precautions should I take? Is it like building a PC where I need to \"ground\" myself occasionally?", "is_submitter": false, "distinguished": null, "created_utc": 1512372729.0, "parent_id": "t1_dqqjtl0", "replies": [{"author": "avidiax", "id": "dqqohe8", "score": 1, "subreddit": "BuyItForLife", "author_flair": null, "submission": "7ha9r5", "stickied": false, "body": "You don't need to ground yourself. I'm not aware of the fingerprint thing with tubes (only halogen bulbs), but you can just wipe any fingerprints off with rubbing alcohol. Get a 1,000 ohm resistor (or a screwdriver) to discharge the large capacitors.", "is_submitter": false, "distinguished": null, "created_utc": 1512373591.0, "parent_id": "t1_dqqo3o9", "replies": [{"author": "jaypizzl", "id": "dqs7g37", "score": 1, "subreddit": "BuyItForLife", "author_flair": null, "submission": "7ha9r5", "stickied": false, "body": "Also, there are no tubes in any of those great old stereos. Tubes are for people who are desperately worried about fashion and clueless about sound, and they don\u2019t last worth a damn, either. ", "is_submitter": false, "distinguished": null, "created_utc": 1512443487.0, "parent_id": "t1_dqqohe8", "replies": []}]}]}]}]}, {"author": "DELETED", "id": "dqpjpjj", "score": 0, "subreddit": "BuyItForLife", "author_flair": null, "submission": "7ha9r5", "stickied": false, "body": "[deleted]", "is_submitter": false, "distinguished": null, "created_utc": 1512324426.0, "parent_id": "t3_7ha9r5", "replies": [{"author": "tarck", "id": "dqpkgin", "score": 3, "subreddit": "BuyItForLife", "author_flair": null, "submission": "7ha9r5", "stickied": false, "body": "and You believe that?", "is_submitter": false, "distinguished": null, "created_utc": 1512325184.0, "parent_id": "t1_dqpjpjj", "replies": []}]}, {"author": "DELETED", "id": "dqqdhys", "score": 0, "subreddit": "BuyItForLife", "author_flair": null, "submission": "7ha9r5", "stickied": false, "body": "Sansui was a low end receiver.", "is_submitter": false, "distinguished": null, "created_utc": 1512356905.0, "parent_id": "t3_7ha9r5", "replies": []}, {"author": "KyleOrtonAllDay", "id": "dqpxv0u", "score": -4, "subreddit": "BuyItForLife", "author_flair": null, "submission": "7ha9r5", "stickied": false, "body": "Wow, 1974 was 43 years ago? You don't fucking say. ", "is_submitter": false, "distinguished": null, "created_utc": 1512338770.0, "parent_id": "t3_7ha9r5", "replies": []}, {"author": "TipWellington", "id": "hubplmz", "score": 1, "subreddit": "BuyItForLife", "author_flair": null, "submission": "7ha9r5", "stickied": false, "body": "Audio equipment is one field where newer is not necessarily better. This one doesn\u2019t have an hdmi or optical port, so it would be of limited use to me now, but generally AVR\u2019s, amplifiers and speakers will be good for a lifetime if taken care of properly and not abused.", "is_submitter": false, "distinguished": null, "created_utc": 1643220738.0, "parent_id": "t3_7ha9r5", "replies": []}]}