{"title": "Recommendations on a non-fountain BIFL pen?", "name": "t3_u0kwh4", "url": "https://www.reddit.com/r/BuyItForLife/comments/u0kwh4/recommendations_on_a_nonfountain_bifl_pen/", "selftext": "", "score": 5, "upvote_ratio": 0.7, "permalink": "/r/BuyItForLife/comments/u0kwh4/recommendations_on_a_nonfountain_bifl_pen/", "id": "u0kwh4", "author": "capraithe", "link_flair_text": "[Request]", "num_comments": 39, "over_18": false, "spoiler": false, "pinned": false, "locked": false, "distinguished": null, "created_utc": 1649607388.0, "comments": [{"author": "lexaproquestions", "id": "i46h3r8", "score": 14, "subreddit": "BuyItForLife", "author_flair": null, "submission": "u0kwh4", "stickied": false, "body": "Fisher Space Pen or Cross.   I've had my Fisher for 20 years, carried daily in my pocket, and a Cross (on my desk) for 35 years.", "is_submitter": false, "distinguished": null, "created_utc": 1649607677.0, "parent_id": "t3_u0kwh4", "replies": [{"author": "VisualKeiKei", "id": "i46ve08", "score": 3, "subreddit": "BuyItForLife", "author_flair": null, "submission": "u0kwh4", "stickied": false, "body": "Have you found a solution to how globby the tips can get with ink? I have a few Space Pens and pens that take those pressurized Fisher cartridges floating around since I was a kid, and find I don't gravitate to them as often because the roller tips get so gunky after a while, and I have to wipe it with a tissue first before I can make the first pen stroke.", "is_submitter": false, "distinguished": null, "created_utc": 1649613359.0, "parent_id": "t1_i46h3r8", "replies": [{"author": "FractionalTotality", "id": "i48ao8g", "score": 7, "subreddit": "BuyItForLife", "author_flair": null, "submission": "u0kwh4", "stickied": false, "body": "Space Pen . . . floating around . . . gravitate . . . and I see you make rockets. \n\nHow cool is that?", "is_submitter": false, "distinguished": null, "created_utc": 1649635374.0, "parent_id": "t1_i46ve08", "replies": []}, {"author": "lexaproquestions", "id": "i46ying", "score": 3, "subreddit": "BuyItForLife", "author_flair": null, "submission": "u0kwh4", "stickied": false, "body": "Yeah, I switched to fine point refills instead of medium and it resolved.  The glob from the medium was awful.", "is_submitter": false, "distinguished": null, "created_utc": 1649614637.0, "parent_id": "t1_i46ve08", "replies": [{"author": "VisualKeiKei", "id": "i46z3ms", "score": 2, "subreddit": "BuyItForLife", "author_flair": null, "submission": "u0kwh4", "stickied": false, "body": "Nice! I didn't know there was a fine point cartridge. I'll give one a try.", "is_submitter": false, "distinguished": null, "created_utc": 1649614873.0, "parent_id": "t1_i46ying", "replies": []}]}, {"author": "xtrpns", "id": "i4a3a2v", "score": 2, "subreddit": "BuyItForLife", "author_flair": null, "submission": "u0kwh4", "stickied": false, "body": "I prefer schmidt easyflow 9000 ink to parker ink. seems like they never chunk up or streak. I like the medium to the fine point which sent me to schmidt. no regrets after 5 years and multiple packs of inserts used.", "is_submitter": false, "distinguished": null, "created_utc": 1649675801.0, "parent_id": "t1_i46ve08", "replies": []}]}]}, {"author": "-TheycallmeThe", "id": "i46leu0", "score": 11, "subreddit": "BuyItForLife", "author_flair": null, "submission": "u0kwh4", "stickied": false, "body": "I have only had it for a month but the Zebra f-701 is all stainless. Seems well built and is less than $10.", "is_submitter": false, "distinguished": null, "created_utc": 1649609392.0, "parent_id": "t3_u0kwh4", "replies": [{"author": "RangosServiceStation", "id": "i473nou", "score": 4, "subreddit": "BuyItForLife", "author_flair": null, "submission": "u0kwh4", "stickied": false, "body": "The f-701 is a pretty good pen for the money. Sometimes it's difficult to find the .8mm refills like it comes with. They're typically .7mm plastic refills, which aren't as nice. I've bought a number of f-701 and have used my first for several years so far. It sounds trivial but those stock .8mm are the bees knees and write super well.", "is_submitter": false, "distinguished": null, "created_utc": 1649616744.0, "parent_id": "t1_i46leu0", "replies": [{"author": "Ellistann", "id": "i47s4o1", "score": 5, "subreddit": "BuyItForLife", "author_flair": null, "submission": "u0kwh4", "stickied": false, "body": "Why not [try the space pen insert](https://youtu.be/7S4bjPG5Lr4?t=122) . That video shows you how to do the mod... Its not difficult and the guy does it with a safety pin...", "is_submitter": false, "distinguished": null, "created_utc": 1649627027.0, "parent_id": "t1_i473nou", "replies": [{"author": "RangosServiceStation", "id": "i47w2tu", "score": 1, "subreddit": "BuyItForLife", "author_flair": null, "submission": "u0kwh4", "stickied": false, "body": "I did try a Fisher Space Pen, honestly thought it was pretty poor compared to the .8mm stock cartridge. I still have it but ink flow was very similar to disposable ink pens that I felt robbed for paying that much for the refill lol", "is_submitter": false, "distinguished": null, "created_utc": 1649628744.0, "parent_id": "t1_i47s4o1", "replies": [{"author": "-TheycallmeThe", "id": "i4uscuf", "score": 1, "subreddit": "BuyItForLife", "author_flair": null, "submission": "u0kwh4", "stickied": false, "body": "The space pen refill is like 80% of the 701 cost. Staples carries some .8mm but you gotta buy 20.\n\nhttps://www.staples.com/zebra-f-701-ballpoint-pen-refill-0-8mm-tip-black-20-pack-89120/product_2940469?cid=PS:GS:SBD:PLA:OS&gclid=Cj0KCQjwr-SSBhC9ARIsANhzu14FJsGn6JLBSlk9dLf_WQkV_-iUmyjbjYKLSRpLs34QZHqZtDlsxfkaAhkdEALw_wcB", "is_submitter": false, "distinguished": null, "created_utc": 1650043211.0, "parent_id": "t1_i47w2tu", "replies": [{"author": "RangosServiceStation", "id": "i4usmoy", "score": 1, "subreddit": "BuyItForLife", "author_flair": null, "submission": "u0kwh4", "stickied": false, "body": "I've never seen that! Thank you!", "is_submitter": false, "distinguished": null, "created_utc": 1650043319.0, "parent_id": "t1_i4uscuf", "replies": []}]}]}]}]}]}, {"author": "GenericFirstName", "id": "i46gwr8", "score": 5, "subreddit": "BuyItForLife", "author_flair": null, "submission": "u0kwh4", "stickied": false, "body": "You just want a casing that will last forever?", "is_submitter": false, "distinguished": null, "created_utc": 1649607603.0, "parent_id": "t3_u0kwh4", "replies": [{"author": "capraithe", "id": "i46igmr", "score": 4, "subreddit": "BuyItForLife", "author_flair": null, "submission": "u0kwh4", "stickied": false, "body": "Yes. I don\u2019t like writing with fountain pens.", "is_submitter": true, "distinguished": null, "created_utc": 1649608214.0, "parent_id": "t1_i46gwr8", "replies": [{"author": "GenericFirstName", "id": "i46j7zn", "score": 4, "subreddit": "BuyItForLife", "author_flair": null, "submission": "u0kwh4", "stickied": false, "body": "I mean any high quality pen that accepts whatever insert you prefer will last a light time. I can recommended a pen when their are hundreds of variables. Find your perfect insert and go from there I think it\u2019s r/pens", "is_submitter": false, "distinguished": null, "created_utc": 1649608515.0, "parent_id": "t1_i46igmr", "replies": []}]}]}, {"author": "ParkerZephyr", "id": "i46ukhm", "score": 5, "subreddit": "BuyItForLife", "author_flair": null, "submission": "u0kwh4", "stickied": false, "body": "Parker Jotter, preferably vintage", "is_submitter": false, "distinguished": null, "created_utc": 1649613029.0, "parent_id": "t3_u0kwh4", "replies": [{"author": "Ellistann", "id": "i47qsop", "score": 5, "subreddit": "BuyItForLife", "author_flair": null, "submission": "u0kwh4", "stickied": false, "body": "Since it takes the Parker G2 cartridge, I reccomend you try out the [easy flow 9000](https://www.amazon.com/Pack-Schmidt-easyFLOW-9000-Black/dp/B00M0VVDTE/) for your ink.", "is_submitter": false, "distinguished": null, "created_utc": 1649626458.0, "parent_id": "t1_i46ukhm", "replies": [{"author": "duk242", "id": "i48vlq3", "score": 2, "subreddit": "BuyItForLife", "author_flair": null, "submission": "u0kwh4", "stickied": false, "body": "Are these similar to the Quinkflow refills?  I've been using them for years and they've got the right about of friction and flow so my writing doesn't look like trash...\n\nhttps://www.parkerpen.com/inks-refills/ballpoint-pen-refills/parker-quinkflow-ballpoint-1-refill/SAP\\_1950367.html", "is_submitter": false, "distinguished": null, "created_utc": 1649645289.0, "parent_id": "t1_i47qsop", "replies": [{"author": "Ellistann", "id": "i48xao9", "score": 2, "subreddit": "BuyItForLife", "author_flair": null, "submission": "u0kwh4", "stickied": false, "body": "This guy is an idiot savant when it comes to pens.\n\nhttps://unsharpen.com/best-parker-style-g2-refill/\n\nWant to know anything about whatever pen and some good video reviews, find him on Youtube.\n\nBut his comparisons I've found to be pretty solid and so I found the best things he reviewed under the constraints I had and things worked out beautifully.  \n\nHe has your ink as a 4, and the Easy-Flow as his only 5. The Ohto he has as a 4.5, but I don't care for it and neither does my wife who I bought it for since she's a lefty. \n\nSo he's not infallible maybe... Or maybe his 5 rating was the truth and I've just gotten lucky. IDK.\n\nBut feel free to watch his videos on whatever pen related thing you're interested in... he's a good baseline and comprehensive.", "is_submitter": false, "distinguished": null, "created_utc": 1649646142.0, "parent_id": "t1_i48vlq3", "replies": [{"author": "duk242", "id": "i48z0pg", "score": 1, "subreddit": "BuyItForLife", "author_flair": null, "submission": "u0kwh4", "stickied": false, "body": "Oh awesome, thanks!", "is_submitter": false, "distinguished": null, "created_utc": 1649647037.0, "parent_id": "t1_i48xao9", "replies": []}]}, {"author": "ParkerZephyr", "id": "i49x6zp", "score": 2, "subreddit": "BuyItForLife", "author_flair": null, "submission": "u0kwh4", "stickied": false, "body": "I like the QuinkFlow refills, too.", "is_submitter": false, "distinguished": null, "created_utc": 1649671435.0, "parent_id": "t1_i48vlq3", "replies": []}]}, {"author": "xtrpns", "id": "i4a3k2n", "score": 1, "subreddit": "BuyItForLife", "author_flair": null, "submission": "u0kwh4", "stickied": false, "body": "I made the switch 5 years ago and love them. no streaks and no globbing at the tip. love the schidt easyflow9000 medium tips.", "is_submitter": false, "distinguished": null, "created_utc": 1649675979.0, "parent_id": "t1_i47qsop", "replies": []}]}, {"author": "fortgatlin", "id": "i4dpjq9", "score": 2, "subreddit": "BuyItForLife", "author_flair": null, "submission": "u0kwh4", "stickied": false, "body": "There is such a thing as a best in class product. I love all pens in all price ranges, but for what it is a Jotter a real standout.\n\nA $10 item you could buy right now if you were a 10 year old and it could last your whole life. \n\nFool now I went and looked on ebay and I want a perpetual calender Jotter", "is_submitter": false, "distinguished": null, "created_utc": 1649732374.0, "parent_id": "t1_i46ukhm", "replies": []}]}, {"author": "whitedragon551", "id": "i46mzwn", "score": 3, "subreddit": "BuyItForLife", "author_flair": null, "submission": "u0kwh4", "stickied": false, "body": "Fisher space pen, zebra  701, lamy, rotring are all good choices. I personally rock a new model zebra 701. The early versions had plastic in them that held the end on to the body, it's now all metal construction.", "is_submitter": false, "distinguished": null, "created_utc": 1649610016.0, "parent_id": "t3_u0kwh4", "replies": []}, {"author": "Ellistann", "id": "i47rqiy", "score": 3, "subreddit": "BuyItForLife", "author_flair": null, "submission": "u0kwh4", "stickied": false, "body": "If you're ok with spending $20-30, try the [Rotring 600](https://www.amazon.com/ROTRING-600-Ballpoint-Pen-black/dp/B077GPND47). Based off the mechanical pencil design that they're somewhat known for. And I found that out because its a good high tier budget mechanical pencil in /r/Drafting or its a mid tier pencil when budget is thrown out the window... And if someone knows writing instraments, I would hope its drafters. \n\nI've been using mine for the last year and change... Army Officer and its lived in my sleeve pocket getting banged around and constant use. \n\nThe ink is a Parker G2 cartridge, my personal favorite is the [Easy Flow 9000](https://www.amazon.com/ROTRING-600-Ballpoint-Pen-black/dp/B077GPND47). But if you're a lefty, [Ohto Flash dry might be better for you](https://www.amazon.com/gp/product/B0824W61QR/)", "is_submitter": false, "distinguished": null, "created_utc": 1649626860.0, "parent_id": "t3_u0kwh4", "replies": []}, {"author": "bad-monkey", "id": "i4bf2ju", "score": 2, "subreddit": "BuyItForLife", "author_flair": null, "submission": "u0kwh4", "stickied": false, "body": "[The Pentel Energel Aluminum Pen.](https://www.amazon.com/Pentel-EnerGel-Medium-Silver-BL407BP/dp/B0026ZPWZA/ref=sr_1_5?crid=QXWFL111DSAF&keywords=energel+pen&qid=1649696998&sprefix=energel+pen%2Caps%2C150&sr=8-5) These are made very robust and take Pentel's energel refill, which is one of my favorite writing inks. Costs $8. Buy more than one, people will steal them.", "is_submitter": false, "distinguished": null, "created_utc": 1649697053.0, "parent_id": "t3_u0kwh4", "replies": []}, {"author": "Tacolover30", "id": "i46oyr4", "score": 1, "subreddit": "BuyItForLife", "author_flair": null, "submission": "u0kwh4", "stickied": false, "body": "I have a Ti edc arto pen from bigidesign and it is pretty cool. It accepts a bunch of refills (750 based on the website) and is made from solid titanium.", "is_submitter": false, "distinguished": null, "created_utc": 1649610795.0, "parent_id": "t3_u0kwh4", "replies": []}, {"author": "timurthelame", "id": "i46qk2g", "score": 1, "subreddit": "BuyItForLife", "author_flair": null, "submission": "u0kwh4", "stickied": false, "body": "I've had a sarge skt-pen for over 10 years now. I think they're about 15-20 dollars. It fits both mont blanc pen refills and fisher space pen ones.", "is_submitter": false, "distinguished": null, "created_utc": 1649611436.0, "parent_id": "t3_u0kwh4", "replies": []}, {"author": "VisualKeiKei", "id": "i46ula4", "score": 1, "subreddit": "BuyItForLife", "author_flair": null, "submission": "u0kwh4", "stickied": false, "body": "I like the Pilot FriXion Ball 2 Biz 2 Color Gel Ink Multi Pen. I use it extensively at work so I can do engineering redlines and also sign things and write notes and scribbles with just one pen. There are different types of ink types and widths available, but I like the erasable frixion tech cartridges because I'm a scatterbrain.\n\nIt's a brass metal body with several different paint colors available.", "is_submitter": false, "distinguished": null, "created_utc": 1649613037.0, "parent_id": "t3_u0kwh4", "replies": []}, {"author": "iFlarexXx", "id": "i4711ns", "score": 1, "subreddit": "BuyItForLife", "author_flair": null, "submission": "u0kwh4", "stickied": false, "body": "I recently bought a Bastion bolt pen. It feels really solid and writes nicely but I've only had it about 2 months so can't comment on how it will last yet. Hopefully it sticks around.", "is_submitter": false, "distinguished": null, "created_utc": 1649615675.0, "parent_id": "t3_u0kwh4", "replies": []}, {"author": "Milton__Obote", "id": "i472c36", "score": 1, "subreddit": "BuyItForLife", "author_flair": null, "submission": "u0kwh4", "stickied": false, "body": "I just refill my Pilot G2s. My limiting rate is losing them, not them breaking.", "is_submitter": false, "distinguished": null, "created_utc": 1649616204.0, "parent_id": "t3_u0kwh4", "replies": [{"author": "Ellistann", "id": "i47sa55", "score": 1, "subreddit": "BuyItForLife", "author_flair": null, "submission": "u0kwh4", "stickied": false, "body": "I've found that once you put some money into the pen, you don't lose them. \n\nBut if you know its disposable, it truly is something you lose time and again.", "is_submitter": false, "distinguished": null, "created_utc": 1649627092.0, "parent_id": "t1_i472c36", "replies": []}]}, {"author": "spikemill", "id": "i488c4k", "score": 1, "subreddit": "BuyItForLife", "author_flair": null, "submission": "u0kwh4", "stickied": false, "body": "Lamy studio. Great casing, solidly made and finished. Stainless steel ones won't lose paint either. Standard Lamy refill. \nI have 2 - one is 16 years old (old style) and one 5 years old (new style).", "is_submitter": false, "distinguished": null, "created_utc": 1649634279.0, "parent_id": "t3_u0kwh4", "replies": []}, {"author": "fazalmajid", "id": "i48cfxc", "score": 1, "subreddit": "BuyItForLife", "author_flair": null, "submission": "u0kwh4", "stickied": false, "body": "I like Retro51, available in roller or ballpoint. If you want ultimate versality, Big i Design\u2019s Ti Arto pen takes every refill known to man.", "is_submitter": false, "distinguished": null, "created_utc": 1649636206.0, "parent_id": "t3_u0kwh4", "replies": []}, {"author": "hraath", "id": "i4918er", "score": 1, "subreddit": "BuyItForLife", "author_flair": null, "submission": "u0kwh4", "stickied": false, "body": "Zebra F-701/F-xMD. Nice solid pen body, mediocre refill options.\n\nFisher Space Pen variants. Pretty solid, I find the taper on the ubuquitous bullet to cause my hand to slide down a bit. I prefer non-tapered pen grips. Fisher pressurized refills are pretty mediocre as well. I think you can get some other refills to fit however.\n\nParker makes a bunch of options. There's quite a few Parker-compatible refills from the likes of Schmidt and Monteverde that are quite nice. I personally find the regular Jotter to be too small for my fingers, but I'm really digging the IM.\n\nRotring stuff is usually nice and beefy but can have nib-rattle depending on the refill.\n\nI like Lamy FPs, haven't yet bought a roller/ball/point from them. I generally find the Safari grip to be quite nice in my hand, so I'd consider buying one if I need another pen (I don't). I think the refill compatibility is unclear. Kinda sucks when you get proprietary formats.", "is_submitter": false, "distinguished": null, "created_utc": 1649648214.0, "parent_id": "t3_u0kwh4", "replies": []}, {"author": "LAMustang61", "id": "i497c75", "score": 1, "subreddit": "BuyItForLife", "author_flair": null, "submission": "u0kwh4", "stickied": false, "body": "Cross, Schaefer, waterman, Mont Blanc etc all make great pens. Whichever variety you prefer. Lamy too", "is_submitter": false, "distinguished": null, "created_utc": 1649651735.0, "parent_id": "t3_u0kwh4", "replies": []}, {"author": "Nining_Leven", "id": "i4juqfu", "score": 1, "subreddit": "BuyItForLife", "author_flair": null, "submission": "u0kwh4", "stickied": false, "body": "Kaweco Brass (or aluminum) Sport rollerball.", "is_submitter": false, "distinguished": null, "created_utc": 1649848601.0, "parent_id": "t3_u0kwh4", "replies": []}, {"author": "elroncador", "id": "i487nwo", "score": 0, "subreddit": "BuyItForLife", "author_flair": null, "submission": "u0kwh4", "stickied": false, "body": "Montblanc.", "is_submitter": false, "distinguished": null, "created_utc": 1649633967.0, "parent_id": "t3_u0kwh4", "replies": [{"author": "Nonothinghoss", "id": "i48vd74", "score": 0, "subreddit": "BuyItForLife", "author_flair": null, "submission": "u0kwh4", "stickied": false, "body": "Lol. They better be for the price.", "is_submitter": false, "distinguished": null, "created_utc": 1649645172.0, "parent_id": "t1_i487nwo", "replies": []}]}]}