{"title": "I\u2019ve been using this mixer since the mid 80\u2019s", "name": "t3_en1mlf", "url": "https://i.imgur.com/1JLcAkh.jpg", "selftext": "", "score": 2150, "upvote_ratio": 0.97, "permalink": "/r/BuyItForLife/comments/en1mlf/ive_been_using_this_mixer_since_the_mid_80s/", "id": "en1mlf", "author": "cdub88", "link_flair_text": null, "num_comments": 66, "over_18": false, "spoiler": false, "pinned": false, "locked": false, "distinguished": null, "created_utc": 1578710746.0, "comments": [{"author": "rosepettijohn", "id": "fdtbx5o", "score": 234, "subreddit": "BuyItForLife", "author_flair": null, "submission": "en1mlf", "stickied": false, "body": "Your cord wrapping skills are phenomenal.", "is_submitter": false, "distinguished": null, "created_utc": 1578714578.0, "parent_id": "t3_en1mlf", "replies": [{"author": "NukeyHov", "id": "fdtrd03", "score": 48, "subreddit": "BuyItForLife", "author_flair": null, "submission": "en1mlf", "stickied": false, "body": "I\u2019ve been looking for a professional cord wrapper.", "is_submitter": false, "distinguished": null, "created_utc": 1578721002.0, "parent_id": "t1_fdtbx5o", "replies": [{"author": "FrogBoglin", "id": "fdxiy92", "score": 13, "subreddit": "BuyItForLife", "author_flair": null, "submission": "en1mlf", "stickied": false, "body": "I'm a professional word crapper", "is_submitter": false, "distinguished": null, "created_utc": 1578769162.0, "parent_id": "t1_fdtrd03", "replies": []}]}, {"author": "cdub88", "id": "fdvfzdf", "score": 30, "subreddit": "BuyItForLife", "author_flair": null, "submission": "en1mlf", "stickied": false, "body": "Aw, thanks! There\u2019s a groove in the handle so it\u2019s perfect for tucking in the last bit of cord.", "is_submitter": true, "distinguished": null, "created_utc": 1578747065.0, "parent_id": "t1_fdtbx5o", "replies": []}]}, {"author": "Jim-Kardashian", "id": "fdt1zvw", "score": 161, "subreddit": "BuyItForLife", "author_flair": null, "submission": "en1mlf", "stickied": false, "body": "Well turn it off and get some sleep. Jeez.", "is_submitter": false, "distinguished": null, "created_utc": 1578710883.0, "parent_id": "t3_en1mlf", "replies": [{"author": "cdub88", "id": "fdvgbl4", "score": 29, "subreddit": "BuyItForLife", "author_flair": null, "submission": "en1mlf", "stickied": false, "body": "You get some sleep, DAD!", "is_submitter": true, "distinguished": null, "created_utc": 1578747137.0, "parent_id": "t1_fdt1zvw", "replies": []}]}, {"author": "Caroflashlight", "id": "fdt7shc", "score": 30, "subreddit": "BuyItForLife", "author_flair": null, "submission": "en1mlf", "stickied": false, "body": "I've got the same one! I love that mixer.", "is_submitter": false, "distinguished": null, "created_utc": 1578713033.0, "parent_id": "t3_en1mlf", "replies": [{"author": "DELETED", "id": "fdusx3p", "score": 7, "subreddit": "BuyItForLife", "author_flair": null, "submission": "en1mlf", "stickied": false, "body": "[deleted]", "is_submitter": false, "distinguished": null, "created_utc": 1578738307.0, "parent_id": "t1_fdt7shc", "replies": [{"author": "Stay-OneKindWord", "id": "fduziur", "score": 8, "subreddit": "BuyItForLife", "author_flair": null, "submission": "en1mlf", "stickied": false, "body": "It\u2019s tough on the tongue when it\u2019s still on.", "is_submitter": false, "distinguished": null, "created_utc": 1578741388.0, "parent_id": "t1_fdusx3p", "replies": []}]}, {"author": "ThatWildMongoose", "id": "fdwcjkk", "score": 5, "subreddit": "BuyItForLife", "author_flair": null, "submission": "en1mlf", "stickied": false, "body": "My mom gave me hers when I grew up and is literally the only hand mixer I have ever used in my entire life. She also stored it in the original moss green box it came in and I have continued the tradition. Works like a dream", "is_submitter": false, "distinguished": null, "created_utc": 1578757335.0, "parent_id": "t1_fdt7shc", "replies": []}, {"author": "kakatoru", "id": "fdvthhi", "score": 3, "subreddit": "BuyItForLife", "author_flair": null, "submission": "en1mlf", "stickied": false, "body": "The same one? How do you decide which of you get to use it?", "is_submitter": false, "distinguished": null, "created_utc": 1578751268.0, "parent_id": "t1_fdt7shc", "replies": []}]}, {"author": "Mineralpillow", "id": "fdta7fq", "score": 65, "subreddit": "BuyItForLife", "author_flair": null, "submission": "en1mlf", "stickied": false, "body": "You know it smells like that one smell if you smell it.", "is_submitter": false, "distinguished": null, "created_utc": 1578713937.0, "parent_id": "t3_en1mlf", "replies": [{"author": "kpopshamepop", "id": "fdu8hng", "score": 22, "subreddit": "BuyItForLife", "author_flair": null, "submission": "en1mlf", "stickied": false, "body": "Lmfao I didn't know this was a thing!! I remember when I was a little kid and my mom would bake banana bread with this and the kitchen would smell like banana'd pennies.", "is_submitter": false, "distinguished": null, "created_utc": 1578729413.0, "parent_id": "t1_fdta7fq", "replies": []}, {"author": "So_Ch", "id": "fdtupsu", "score": 20, "subreddit": "BuyItForLife", "author_flair": null, "submission": "en1mlf", "stickied": false, "body": "My brothers would ask if the mixer was alright. I would say, \"Yeah, that's how it smells when you use this.\"", "is_submitter": false, "distinguished": null, "created_utc": 1578722512.0, "parent_id": "t1_fdta7fq", "replies": []}, {"author": "FistBumpHighFive", "id": "fdvp8qo", "score": 4, "subreddit": "BuyItForLife", "author_flair": null, "submission": "en1mlf", "stickied": false, "body": "I\u2019m so relieved to hear this!!! Friend gave hers to me and I used it for the first time last night and the smell was the first thing I noticed \ud83d\ude02", "is_submitter": false, "distinguished": null, "created_utc": 1578749980.0, "parent_id": "t1_fdta7fq", "replies": [{"author": "Mineralpillow", "id": "fdvre2j", "score": 3, "subreddit": "BuyItForLife", "author_flair": null, "submission": "en1mlf", "stickied": false, "body": "It's real hahah. When I posted this I was like, nobody is gonna get this.", "is_submitter": false, "distinguished": null, "created_utc": 1578750647.0, "parent_id": "t1_fdvp8qo", "replies": []}]}, {"author": "toolatealreadyfapped", "id": "fdwenvn", "score": 3, "subreddit": "BuyItForLife", "author_flair": null, "submission": "en1mlf", "stickied": false, "body": "ooOOOOooo that SMELL! Can't you smell that SMELL?", "is_submitter": false, "distinguished": null, "created_utc": 1578757933.0, "parent_id": "t1_fdta7fq", "replies": []}, {"author": "ALittleNightMusing", "id": "fdwgir2", "score": 2, "subreddit": "BuyItForLife", "author_flair": null, "submission": "en1mlf", "stickied": false, "body": "I inherited my Grandma's (looks a similar age to this) and it gives off that smell. I always wonder if it's possible to start a house fire in the time it takes to make a Victoria Sponge mix \ud83d\ude02", "is_submitter": false, "distinguished": null, "created_utc": 1578758411.0, "parent_id": "t1_fdta7fq", "replies": []}, {"author": "vote100binary", "id": "fdxcsel", "score": 2, "subreddit": "BuyItForLife", "author_flair": null, "submission": "en1mlf", "stickied": false, "body": "Grease and ozone", "is_submitter": false, "distinguished": null, "created_utc": 1578767496.0, "parent_id": "t1_fdta7fq", "replies": [{"author": "kidflash1904", "id": "fdyw6tb", "score": 1, "subreddit": "BuyItForLife", "author_flair": null, "submission": "en1mlf", "stickied": false, "body": "Is it really ozone?", "is_submitter": false, "distinguished": null, "created_utc": 1578784202.0, "parent_id": "t1_fdxcsel", "replies": [{"author": "vote100binary", "id": "fdzxbcd", "score": 1, "subreddit": "BuyItForLife", "author_flair": null, "submission": "en1mlf", "stickied": false, "body": "Yeah, the motor (unless brushless, which probably hasn't come to mixers yet) will produce ozone. It's from the small amount of arcing that happens as brushes go over the motor's commutator.\n\nHere's a slomo of a much larger motor, for illustration.\n\nhttps://www.youtube.com/watch?v=gc4l1eooPKM", "is_submitter": false, "distinguished": null, "created_utc": 1578798066.0, "parent_id": "t1_fdyw6tb", "replies": []}]}]}, {"author": "dkb52", "id": "fdx9z1o", "score": 1, "subreddit": "BuyItForLife", "author_flair": null, "submission": "en1mlf", "stickied": false, "body": "Do you smell that smelly smell I smell?", "is_submitter": false, "distinguished": null, "created_utc": 1578766782.0, "parent_id": "t1_fdta7fq", "replies": []}]}, {"author": "findthejoyhere", "id": "fdtnw54", "score": 19, "subreddit": "BuyItForLife", "author_flair": null, "submission": "en1mlf", "stickied": false, "body": "Have same one at cottage, will not see again until spring. Love how the beaters clip onto the sides for storage!", "is_submitter": false, "distinguished": null, "created_utc": 1578719504.0, "parent_id": "t3_en1mlf", "replies": [{"author": "cdub88", "id": "fdviias", "score": 18, "subreddit": "BuyItForLife", "author_flair": null, "submission": "en1mlf", "stickied": false, "body": "Wait, WHAT? They clip in the sides?! I\u2019ve been looking at this thing my whole life and this is the first time I\u2019ve even thought of it. I\u2019ve been tossing them in the drawer like my parents used to do.", "is_submitter": true, "distinguished": null, "created_utc": 1578747752.0, "parent_id": "t1_fdtnw54", "replies": [{"author": "dlo2316", "id": "fdwm527", "score": 3, "subreddit": "BuyItForLife", "author_flair": null, "submission": "en1mlf", "stickied": false, "body": "Lol you just learned something new", "is_submitter": false, "distinguished": null, "created_utc": 1578760118.0, "parent_id": "t1_fdviias", "replies": []}, {"author": "fluffpluff", "id": "fdxyfmg", "score": 2, "subreddit": "BuyItForLife", "author_flair": null, "submission": "en1mlf", "stickied": false, "body": "Will clipping them to the sides affect the beautiful cable wrapping?", "is_submitter": false, "distinguished": null, "created_utc": 1578774205.0, "parent_id": "t1_fdviias", "replies": [{"author": "findthejoyhere", "id": "fe0981t", "score": 2, "subreddit": "BuyItForLife", "author_flair": null, "submission": "en1mlf", "stickied": false, "body": "Still doable!", "is_submitter": false, "distinguished": null, "created_utc": 1578806605.0, "parent_id": "t1_fdxyfmg", "replies": []}]}, {"author": "birddit", "id": "fdy8ek0", "score": 2, "subreddit": "BuyItForLife", "author_flair": null, "submission": "en1mlf", "stickied": false, "body": "Holy crap! I have been using the same mixer for 20 years (inherited it from my mom), and I never noticed the clips to hold the beaters either.", "is_submitter": false, "distinguished": null, "created_utc": 1578777140.0, "parent_id": "t1_fdviias", "replies": []}, {"author": "findthejoyhere", "id": "fe09dv6", "score": 1, "subreddit": "BuyItForLife", "author_flair": null, "submission": "en1mlf", "stickied": false, "body": "Ah ha! Cottage has only two kitchen drawers - putting beaters in them was never an option for me. But you do you!", "is_submitter": false, "distinguished": null, "created_utc": 1578806751.0, "parent_id": "t1_fdviias", "replies": []}, {"author": "justins_dad", "id": "fdx8rmc", "score": 1, "subreddit": "BuyItForLife", "author_flair": null, "submission": "en1mlf", "stickied": false, "body": "https://xkcd.com/1053/", "is_submitter": false, "distinguished": null, "created_utc": 1578766387.0, "parent_id": "t1_fdviias", "replies": []}]}, {"author": "bookavalanche", "id": "feo67pq", "score": 1, "subreddit": "BuyItForLife", "author_flair": null, "submission": "en1mlf", "stickied": false, "body": "MIND BLOWN. Have the same one and didn\u2019t realize they clip on!", "is_submitter": false, "distinguished": null, "created_utc": 1579295671.0, "parent_id": "t1_fdtnw54", "replies": []}]}, {"author": "belousugar", "id": "fdtgnnp", "score": 14, "subreddit": "BuyItForLife", "author_flair": null, "submission": "en1mlf", "stickied": false, "body": "Dats some tight cord wrapping skills. Can we see the other side?", "is_submitter": false, "distinguished": null, "created_utc": 1578716490.0, "parent_id": "t3_en1mlf", "replies": [{"author": "cdub88", "id": "fdvgyjn", "score": 4, "subreddit": "BuyItForLife", "author_flair": null, "submission": "en1mlf", "stickied": false, "body": "No. Well, maybe later.", "is_submitter": true, "distinguished": null, "created_utc": 1578747316.0, "parent_id": "t1_fdtgnnp", "replies": []}]}, {"author": "rachelmaryl", "id": "fdtnm7n", "score": 13, "subreddit": "BuyItForLife", "author_flair": null, "submission": "en1mlf", "stickied": false, "body": "My parents have this mixer too (1986 wedding gift). And now I\u2019m having nostalgic memories learning to make chocolate chip cookies from scratch.", "is_submitter": false, "distinguished": null, "created_utc": 1578719384.0, "parent_id": "t3_en1mlf", "replies": [{"author": "BurningOrangeHeaven", "id": "fdtqokc", "score": 2, "subreddit": "BuyItForLife", "author_flair": null, "submission": "en1mlf", "stickied": false, "body": "Thats so cute...", "is_submitter": false, "distinguished": null, "created_utc": 1578720703.0, "parent_id": "t1_fdtnm7n", "replies": []}]}, {"author": "msmarymacmac", "id": "fdtde4c", "score": 10, "subreddit": "BuyItForLife", "author_flair": null, "submission": "en1mlf", "stickied": false, "body": "I have the same one! I got it from my mom in 1995 but it got out of heavy rotation when I got a kitchen aid about 5 years ago.", "is_submitter": false, "distinguished": null, "created_utc": 1578715161.0, "parent_id": "t3_en1mlf", "replies": []}, {"author": "Newprophet", "id": "fdtij3d", "score": 4, "subreddit": "BuyItForLife", "author_flair": null, "submission": "en1mlf", "stickied": false, "body": "Have this same mixer, love it!", "is_submitter": false, "distinguished": null, "created_utc": 1578717253.0, "parent_id": "t3_en1mlf", "replies": []}, {"author": "PegLeggedBoy", "id": "fdu3zeo", "score": 3, "subreddit": "BuyItForLife", "author_flair": null, "submission": "en1mlf", "stickied": false, "body": "I bought the exact same in a thrift shop last week for 6cad. It doesn't look like it will die any time soon.", "is_submitter": false, "distinguished": null, "created_utc": 1578727132.0, "parent_id": "t3_en1mlf", "replies": []}, {"author": "Uniqueusername360", "id": "fdtgcke", "score": 7, "subreddit": "BuyItForLife", "author_flair": null, "submission": "en1mlf", "stickied": false, "body": "That\u2019s my mixer too!!!!! My wife got a new one when we got married though. I kept using it as my own personal mixer for edibles but she just nagged and nagged me till I agreed to get rid of it.", "is_submitter": false, "distinguished": null, "created_utc": 1578716365.0, "parent_id": "t3_en1mlf", "replies": [{"author": "cdub88", "id": "fdvh9fn", "score": 5, "subreddit": "BuyItForLife", "author_flair": null, "submission": "en1mlf", "stickied": false, "body": "I would love to retire this mixer for exclusive mixing of edibles. I just need to learn to make edibles.", "is_submitter": true, "distinguished": null, "created_utc": 1578747433.0, "parent_id": "t1_fdtgcke", "replies": [{"author": "Uniqueusername360", "id": "fdwt2fn", "score": 2, "subreddit": "BuyItForLife", "author_flair": null, "submission": "en1mlf", "stickied": false, "body": "Any type of edible in particular in mind? Baked goods are super easy. I hate change lol so I\u2019m not gonna lie, I miss my mixer.", "is_submitter": false, "distinguished": null, "created_utc": 1578762046.0, "parent_id": "t1_fdvh9fn", "replies": []}]}]}, {"author": "_atyourcervix", "id": "fdtzgyg", "score": 3, "subreddit": "BuyItForLife", "author_flair": null, "submission": "en1mlf", "stickied": false, "body": "I have one of these too! My mom got it as a wedding gift in the late 70s", "is_submitter": false, "distinguished": null, "created_utc": 1578724813.0, "parent_id": "t3_en1mlf", "replies": []}, {"author": "TerryTowellinghat", "id": "fdu9l1x", "score": 3, "subreddit": "BuyItForLife", "author_flair": null, "submission": "en1mlf", "stickied": false, "body": "This is the exact same mode that my mum retired in about 1980. I grabbed it out of the rubbish and it worked as a drill, for a specific size drill bit, for months. I was about 8.", "is_submitter": false, "distinguished": null, "created_utc": 1578729945.0, "parent_id": "t3_en1mlf", "replies": []}, {"author": "petthepeeves", "id": "fduidzx", "score": 3, "subreddit": "BuyItForLife", "author_flair": null, "submission": "en1mlf", "stickied": false, "body": "Is it weird that I can hear it?", "is_submitter": false, "distinguished": null, "created_utc": 1578733494.0, "parent_id": "t3_en1mlf", "replies": []}, {"author": "courtjester27", "id": "fdvicqa", "score": 3, "subreddit": "BuyItForLife", "author_flair": null, "submission": "en1mlf", "stickied": false, "body": "I have the same one! Picked it up at goodwill in college, about 10 years ago. My mom laughs that I\u2019m still using it, but it works \u00af\\_(\u30c4)_/\u00af", "is_submitter": false, "distinguished": null, "created_utc": 1578747695.0, "parent_id": "t3_en1mlf", "replies": []}, {"author": "frattak1", "id": "fdvo114", "score": 3, "subreddit": "BuyItForLife", "author_flair": null, "submission": "en1mlf", "stickied": false, "body": "This things will surpass all of us. My family has a mixer on the late 70\u2019s still going strong. Cake after cake.", "is_submitter": false, "distinguished": null, "created_utc": 1578749502.0, "parent_id": "t3_en1mlf", "replies": []}, {"author": "F4B3R", "id": "fdu9his", "score": 5, "subreddit": "BuyItForLife", "author_flair": null, "submission": "en1mlf", "stickied": false, "body": "I have EXACTLY that brand and model mixer, so many memories of eating a treat called Pink Fluff off the mixing bits.\n\nPink Fluff ingredients:\n1 tub of Cool Whip\n1 small box of red Jello powder mix\n~1 tub of cottage cheese\nand a whole ton of tangerine slices\n\nMix it all together in a big bowl, cover, and put it in the fridge until it's nice and cold.", "is_submitter": false, "distinguished": null, "created_utc": 1578729897.0, "parent_id": "t3_en1mlf", "replies": []}, {"author": "Idontgetitreddit", "id": "fdv9js0", "score": 2, "subreddit": "BuyItForLife", "author_flair": null, "submission": "en1mlf", "stickied": false, "body": "My Dad passed away about a year ago. When we were cleaning out his house, I found the pink mixer my Mom bought in the 50\u2019s. Still works!", "is_submitter": false, "distinguished": null, "created_utc": 1578744964.0, "parent_id": "t3_en1mlf", "replies": []}, {"author": "beardsunited", "id": "fdvwnct", "score": 2, "subreddit": "BuyItForLife", "author_flair": null, "submission": "en1mlf", "stickied": false, "body": "I think this is the same kind mixer my Mom had for decades. Mid 80s also would've been about the time she got it.", "is_submitter": false, "distinguished": null, "created_utc": 1578752513.0, "parent_id": "t3_en1mlf", "replies": []}, {"author": "starkinmn", "id": "fdwlwbf", "score": 2, "subreddit": "BuyItForLife", "author_flair": null, "submission": "en1mlf", "stickied": false, "body": "Sorry doc, but I been crazy", "is_submitter": false, "distinguished": null, "created_utc": 1578760032.0, "parent_id": "t3_en1mlf", "replies": []}, {"author": "twotoebobo", "id": "fdu7q7v", "score": 1, "subreddit": "BuyItForLife", "author_flair": null, "submission": "en1mlf", "stickied": false, "body": "Unless it explodes dont buy a new 1 they explode once a month", "is_submitter": false, "distinguished": null, "created_utc": 1578729038.0, "parent_id": "t3_en1mlf", "replies": []}, {"author": "TheRabbitHole-512", "id": "fduifpf", "score": 1, "subreddit": "BuyItForLife", "author_flair": null, "submission": "en1mlf", "stickied": false, "body": "You should try the new digital mixers, way better than those analogs.", "is_submitter": false, "distinguished": null, "created_utc": 1578733517.0, "parent_id": "t3_en1mlf", "replies": [{"author": "DELETED", "id": "fdvzed2", "score": 1, "subreddit": "BuyItForLife", "author_flair": null, "submission": "en1mlf", "stickied": false, "body": "BIFL", "is_submitter": false, "distinguished": null, "created_utc": 1578753456.0, "parent_id": "t1_fduifpf", "replies": []}]}, {"author": "Stay-OneKindWord", "id": "fduxkyw", "score": 1, "subreddit": "BuyItForLife", "author_flair": null, "submission": "en1mlf", "stickied": false, "body": "David Letterman\u2019s favorite punching bag!", "is_submitter": false, "distinguished": null, "created_utc": 1578740594.0, "parent_id": "t3_en1mlf", "replies": []}, {"author": "MapedMod", "id": "fdwg90d", "score": 1, "subreddit": "BuyItForLife", "author_flair": null, "submission": "en1mlf", "stickied": false, "body": "And it doubles as a hammer drill.", "is_submitter": false, "distinguished": null, "created_utc": 1578758352.0, "parent_id": "t3_en1mlf", "replies": []}, {"author": "orchidmama", "id": "fdy9si9", "score": 1, "subreddit": "BuyItForLife", "author_flair": null, "submission": "en1mlf", "stickied": false, "body": "I have an identical one, it still works really well.  I love it so much.", "is_submitter": false, "distinguished": null, "created_utc": 1578777550.0, "parent_id": "t3_en1mlf", "replies": []}, {"author": "le_Wholock", "id": "fdyf5fs", "score": 1, "subreddit": "BuyItForLife", "author_flair": null, "submission": "en1mlf", "stickied": false, "body": "11: I love the round thingies\n10: What are the round thingies?\n11: I don't know...", "is_submitter": false, "distinguished": null, "created_utc": 1578779051.0, "parent_id": "t3_en1mlf", "replies": []}, {"author": "Becboots", "id": "fdylj2t", "score": 1, "subreddit": "BuyItForLife", "author_flair": null, "submission": "en1mlf", "stickied": false, "body": "OMG I have the same exact mixer, given as a wedding shower gift in 1984! My 33 year old daughter was visiting last November and apparently wasn't a fan (hey...it works great!!) so I got a KitchenAid hand mixer for Christmas. Just put my mixer in the Goodwill pile :(", "is_submitter": false, "distinguished": null, "created_utc": 1578781106.0, "parent_id": "t3_en1mlf", "replies": []}, {"author": "Kairenne", "id": "fdzqpu1", "score": 1, "subreddit": "BuyItForLife", "author_flair": null, "submission": "en1mlf", "stickied": false, "body": "I have this mixer. It is great. I don\u2019t hurt my wrist using it. The handle is shaped perfectly.  I have an avocado green one. Bought new unopened box in the 90s. Still going strong. Going to go put the beaters on it. Reddit knows everything.", "is_submitter": false, "distinguished": null, "created_utc": 1578793611.0, "parent_id": "t3_en1mlf", "replies": []}, {"author": "slugbonez", "id": "fefgofh", "score": 1, "subreddit": "BuyItForLife", "author_flair": null, "submission": "en1mlf", "stickied": false, "body": "This design screams the 80s! \ud83d\ude0d", "is_submitter": false, "distinguished": null, "created_utc": 1579055939.0, "parent_id": "t3_en1mlf", "replies": []}, {"author": "Camiam321", "id": "feim0ol", "score": 1, "subreddit": "BuyItForLife", "author_flair": null, "submission": "en1mlf", "stickied": false, "body": "I am immediately transported back to my Grandma making whipped cream for strawberry shortcake desert after Xmas dinner, and all us kids having to share the beaters. I can still hear the sound it made.  Thank you for that.", "is_submitter": false, "distinguished": null, "created_utc": 1579141674.0, "parent_id": "t3_en1mlf", "replies": [{"author": "cdub88", "id": "feiptxn", "score": 2, "subreddit": "BuyItForLife", "author_flair": null, "submission": "en1mlf", "stickied": false, "body": "Aww! That makes me happy", "is_submitter": true, "distinguished": null, "created_utc": 1579144222.0, "parent_id": "t1_feim0ol", "replies": []}]}, {"author": "bookavalanche", "id": "feo61td", "score": 1, "subreddit": "BuyItForLife", "author_flair": null, "submission": "en1mlf", "stickied": false, "body": "I have the same one in yellow! It still works perfectly.", "is_submitter": false, "distinguished": null, "created_utc": 1579295576.0, "parent_id": "t3_en1mlf", "replies": []}, {"author": "Daneel_", "id": "fdvacp8", "score": 1, "subreddit": "BuyItForLife", "author_flair": null, "submission": "en1mlf", "stickied": false, "body": "So, where can I still buy one of these?\n\nThere\u2019s so many posts in here these days of \u201cI bought this back in the olden times! Look how well it\u2019s lasted!\u201d However the sub is for products you can purchase NOW that are buy it for life.\n\nI\u2019m not trying to hate on your post, I\u2019m just sick of seeing things I can\u2019t buy get posted over and over", "is_submitter": false, "distinguished": null, "created_utc": 1578745298.0, "parent_id": "t3_en1mlf", "replies": [{"author": "svenr", "id": "fdydan4", "score": 3, "subreddit": "BuyItForLife", "author_flair": null, "submission": "en1mlf", "stickied": false, "body": "Unfortunately, you won't know how well things last until you've used them for a while. And the longer the while, the more sure you can be that it truly is \"for life\".\n\nChicken and egg, I know that doesn't help you much.\n\nBut I often resent product reviews that are written shortly after purchase, therefore only focus on features, glitz and glamor, but not on durability. Sadly, almost nobody goes back to a web store after a year and writes about how well the purchase has held up. Sometimes people try to judge apparent durability in advance ... and then you buy the thing and it breaks in half a year.\n\nLong story short, I still enjoy these \"olden times\" posts here. Sometimes you can get an idea of what to pay attention on, sometimes discover brands with values that haven't changed much (probably not true for GE, where this mixer would come from some cheap ODM shop in China nowadays).", "is_submitter": false, "distinguished": null, "created_utc": 1578778535.0, "parent_id": "t1_fdvacp8", "replies": []}, {"author": "Dandw12786", "id": "fdxa5cn", "score": 2, "subreddit": "BuyItForLife", "author_flair": null, "submission": "en1mlf", "stickied": false, "body": "Agreed. I'm looking for a hand mixer to put on my birthday list and every post is just \"look at how old this thing is that still works!\". Any requests are met with \"go find an old one at a yard sale\".\n\nIt would be nice to see some stuff that's actually currently made once in awhile.", "is_submitter": false, "distinguished": null, "created_utc": 1578766832.0, "parent_id": "t1_fdvacp8", "replies": []}, {"author": "ALittleNightMusing", "id": "fdwgrya", "score": 0, "subreddit": "BuyItForLife", "author_flair": null, "submission": "en1mlf", "stickied": false, "body": "ebay?", "is_submitter": false, "distinguished": null, "created_utc": 1578758504.0, "parent_id": "t1_fdvacp8", "replies": []}]}]}