{"title": "New pads and bicycle grip tape and my headphones are good as new.", "name": "t3_tnyka0", "url": "https://www.reddit.com/gallery/tnyka0", "selftext": "", "score": 100, "upvote_ratio": 0.89, "permalink": "/r/BuyItForLife/comments/tnyka0/new_pads_and_bicycle_grip_tape_and_my_headphones/", "id": "tnyka0", "author": "ceadub", "link_flair_text": "Repair", "num_comments": 7, "over_18": false, "spoiler": false, "pinned": false, "locked": false, "distinguished": null, "created_utc": 1648240817.0, "comments": [{"author": "rebelyell_in", "id": "i267mb4", "score": 3, "subreddit": "BuyItForLife", "author_flair": null, "submission": "tnyka0", "stickied": false, "body": "I used tennis racquet grip tape on my Audio Technica.", "is_submitter": false, "distinguished": null, "created_utc": 1648284241.0, "parent_id": "t3_tnyka0", "replies": []}, {"author": "corbyss", "id": "i26b5jz", "score": 1, "subreddit": "BuyItForLife", "author_flair": null, "submission": "tnyka0", "stickied": false, "body": "Plantronics BackBeat 2", "is_submitter": false, "distinguished": null, "created_utc": 1648287391.0, "parent_id": "t3_tnyka0", "replies": []}, {"author": "Arcade80sbillsfan", "id": "i27xtko", "score": 1, "subreddit": "BuyItForLife", "author_flair": null, "submission": "tnyka0", "stickied": false, "body": "Question...my wife is the main headphone user...and has long hair.  Does the grip tape play well with hair or does it kind of snag it?", "is_submitter": false, "distinguished": null, "created_utc": 1648318804.0, "parent_id": "t3_tnyka0", "replies": [{"author": "ceadub", "id": "i283zew", "score": 1, "subreddit": "BuyItForLife", "author_flair": null, "submission": "tnyka0", "stickied": false, "body": "Great question, I also have long hair.  I have never been bothered by it.  When I'm sitting the headphone band and pads stay put and don't slide around.  If I'm moving around like cleaning the house it would get put up anyway so it's not in the way. Over all I have no complaints about them and my hair.", "is_submitter": true, "distinguished": null, "created_utc": 1648321572.0, "parent_id": "t1_i27xtko", "replies": [{"author": "Arcade80sbillsfan", "id": "i288c5r", "score": 1, "subreddit": "BuyItForLife", "author_flair": null, "submission": "tnyka0", "stickied": false, "body": "Awesome thanks for letting me know.  Appreciated", "is_submitter": false, "distinguished": null, "created_utc": 1648323510.0, "parent_id": "t1_i283zew", "replies": []}]}]}, {"author": "alexfred22", "id": "i2b816y", "score": 1, "subreddit": "BuyItForLife", "author_flair": null, "submission": "tnyka0", "stickied": false, "body": "Damn you gave me a great idea with this bike grip. Maybe I'll try to save my JBLs.", "is_submitter": false, "distinguished": null, "created_utc": 1648388026.0, "parent_id": "t3_tnyka0", "replies": []}, {"author": "burningbun", "id": "i2f58if", "score": 1, "subreddit": "BuyItForLife", "author_flair": null, "submission": "tnyka0", "stickied": false, "body": "i dont like these tapes as the adhesive only in the middle so theres lots of gaps dirt and sweat get in.", "is_submitter": false, "distinguished": null, "created_utc": 1648461855.0, "parent_id": "t3_tnyka0", "replies": []}]}