{"title": "Mitchell leather money clip wallet - 11 years and counting!", "name": "t3_udln5h", "url": "https://imgur.com/a/ZOJTe0A", "selftext": "", "score": 9, "upvote_ratio": 0.77, "permalink": "/r/BuyItForLife/comments/udln5h/mitchell_leather_money_clip_wallet_11_years_and/", "id": "udln5h", "author": "cherlin", "link_flair_text": "Currently sold", "num_comments": 4, "over_18": false, "spoiler": false, "pinned": false, "locked": false, "distinguished": null, "created_utc": 1651116442.0, "comments": [{"author": "cherlin", "id": "i6hod3v", "score": 2, "subreddit": "BuyItForLife", "author_flair": null, "submission": "udln5h", "stickied": false, "body": "See a lot of wallet posts but haven't seen these guys here before, this is my 11 year old Mitchell leather money clip wallet I got as a gift. It's been through the wash in my pants countless times, and while it's got a couple of nicks and small holes in it, it's holding up super well and will easily last me another 11 years! My favorite part of this thing is just how darn thin it is. I have a total of 10 cards in it in the photos (2 of them are thin health insurance). Love this thing.", "is_submitter": true, "distinguished": null, "created_utc": 1651116552.0, "parent_id": "t3_udln5h", "replies": [{"author": "Cudizonedefense", "id": "i6hpqhh", "score": 2, "subreddit": "BuyItForLife", "author_flair": null, "submission": "udln5h", "stickied": false, "body": "I\u2019m always excited when an OP is this happy. Glad you\u2019re enjoying the wallet, dude", "is_submitter": false, "distinguished": null, "created_utc": 1651117227.0, "parent_id": "t1_i6hod3v", "replies": []}]}, {"author": "Aragarok", "id": "i6ilpsc", "score": 1, "subreddit": "BuyItForLife", "author_flair": null, "submission": "udln5h", "stickied": false, "body": "That\u2019s some good wear and patina on that! A good wallet is an awesome thing to have", "is_submitter": false, "distinguished": null, "created_utc": 1651141428.0, "parent_id": "t3_udln5h", "replies": []}, {"author": "RatedR4Rudy", "id": "i6m6x50", "score": 1, "subreddit": "BuyItForLife", "author_flair": null, "submission": "udln5h", "stickied": false, "body": "I have one of these as well, I love it!", "is_submitter": false, "distinguished": null, "created_utc": 1651198818.0, "parent_id": "t3_udln5h", "replies": []}]}