{"title": "Best BIFL Reverse Close Umbrella?", "name": "t3_u55mji", "url": "https://www.reddit.com/r/BuyItForLife/comments/u55mji/best_bifl_reverse_close_umbrella/", "selftext": "Hello! I'm searching the market for a good reverse close umbrella. I've seen the posts about umbrellas on this sub, but I haven't found a brand that sells reverse close umbrellas. If anyone knows a good brand that will last that sells reverse umbrellas I would greatly appreciate it. Thanks!", "score": 8, "upvote_ratio": 1.0, "permalink": "/r/BuyItForLife/comments/u55mji/best_bifl_reverse_close_umbrella/", "id": "u55mji", "author": "chicho265", "link_flair_text": "[Request]", "num_comments": 5, "over_18": false, "spoiler": false, "pinned": false, "locked": false, "distinguished": null, "created_utc": 1650138457.0, "comments": [{"author": "SurpriseTimely", "id": "i501pg9", "score": 3, "subreddit": "BuyItForLife", "author_flair": null, "submission": "u55mji", "stickied": false, "body": "Had a couple here in Vancouver that didn\u2019t hold up, switched back to regular . Good luck on your hunt", "is_submitter": false, "distinguished": null, "created_utc": 1650142035.0, "parent_id": "t3_u55mji", "replies": [{"author": "chicho265", "id": "i507yp0", "score": 1, "subreddit": "BuyItForLife", "author_flair": null, "submission": "u55mji", "stickied": false, "body": "Thanks!", "is_submitter": true, "distinguished": null, "created_utc": 1650144850.0, "parent_id": "t1_i501pg9", "replies": []}]}, {"author": "kamekazi_crotch", "id": "i51tdq6", "score": 3, "subreddit": "BuyItForLife", "author_flair": null, "submission": "u55mji", "stickied": false, "body": "https://www.repelumbrella.com/\n\nThese are solid. have the reserve close and small portable size", "is_submitter": false, "distinguished": null, "created_utc": 1650173833.0, "parent_id": "t3_u55mji", "replies": [{"author": "chicho265", "id": "i51uzs1", "score": 1, "subreddit": "BuyItForLife", "author_flair": null, "submission": "u55mji", "stickied": false, "body": "Thanks!", "is_submitter": true, "distinguished": null, "created_utc": 1650174969.0, "parent_id": "t1_i51tdq6", "replies": []}]}, {"author": "dewafelbakkers", "id": "i5c3tnm", "score": 1, "subreddit": "BuyItForLife", "author_flair": null, "submission": "u55mji", "stickied": false, "body": "Not reverse close, but every umbrella post I see I take a moment to sing the praises of Blunt brand. For anyone else who might be looking for an umbrella but doesn't necessarily need reverse closing, Blunt is you friend.", "is_submitter": false, "distinguished": null, "created_utc": 1650372458.0, "parent_id": "t3_u55mji", "replies": []}]}