{"title": "Sorry you\u2019re dead grandma! Your 70s Temperware dish set lives on!", "name": "t3_9iwn6b", "url": "https://i.redd.it/76x2mxf2lgo11.jpg", "selftext": "", "score": 3808, "upvote_ratio": 0.88, "permalink": "/r/BuyItForLife/comments/9iwn6b/sorry_youre_dead_grandma_your_70s_temperware_dish/", "id": "9iwn6b", "author": "ChiliConCowan", "link_flair_text": null, "num_comments": 137, "over_18": false, "spoiler": false, "pinned": false, "locked": false, "distinguished": null, "created_utc": 1537913555.0, "comments": [{"author": "FakingScuba", "id": "e6n6j06", "score": 672, "subreddit": "BuyItForLife", "author_flair": null, "submission": "9iwn6b", "stickied": false, "body": "The way this is phrased makes me think OP killed their grandmother", "is_submitter": false, "distinguished": null, "created_utc": 1537921631.0, "parent_id": "t3_9iwn6b", "replies": [{"author": "WHEENC", "id": "e6n71un", "score": 55, "subreddit": "BuyItForLife", "author_flair": null, "submission": "9iwn6b", "stickied": false, "body": "Phrasing! But agreeing!", "is_submitter": false, "distinguished": null, "created_utc": 1537922157.0, "parent_id": "t1_e6n6j06", "replies": []}, {"author": "DELETED", "id": "e6nj5gr", "score": 25, "subreddit": "BuyItForLife", "author_flair": null, "submission": "9iwn6b", "stickied": false, "body": "i mean for a full set of cookware for free i think i\u2019d do anything", "is_submitter": false, "distinguished": null, "created_utc": 1537934777.0, "parent_id": "t1_e6n6j06", "replies": [{"author": "FakingScuba", "id": "e6nj7h0", "score": 5, "subreddit": "BuyItForLife", "author_flair": null, "submission": "9iwn6b", "stickied": false, "body": "Amen", "is_submitter": false, "distinguished": null, "created_utc": 1537934841.0, "parent_id": "t1_e6nj5gr", "replies": []}]}]}, {"author": "TheGantra", "id": "e6n4lf1", "score": 1502, "subreddit": "BuyItForLife", "author_flair": null, "submission": "9iwn6b", "stickied": false, "body": "Your enthusiasm is unsettling", "is_submitter": false, "distinguished": null, "created_utc": 1537919696.0, "parent_id": "t3_9iwn6b", "replies": [{"author": "memetaskforce420", "id": "e6n86kk", "score": 214, "subreddit": "BuyItForLife", "author_flair": null, "submission": "9iwn6b", "stickied": false, "body": "wholesome, but still unsettling ", "is_submitter": false, "distinguished": null, "created_utc": 1537923300.0, "parent_id": "t1_e6n4lf1", "replies": [{"author": "ladylondonderry", "id": "e6naykz", "score": 124, "subreddit": "BuyItForLife", "author_flair": null, "submission": "9iwn6b", "stickied": false, "body": "Srry ur ded g'ma! Thx 4 the china! ", "is_submitter": false, "distinguished": null, "created_utc": 1537926055.0, "parent_id": "t1_e6n86kk", "replies": []}, {"author": "DELETED", "id": "e6oqy60", "score": 8, "subreddit": "BuyItForLife", "author_flair": null, "submission": "9iwn6b", "stickied": false, "body": "Does anyone on this damn website actually know what \u201cwholesome\u201dmeans?", "is_submitter": false, "distinguished": null, "created_utc": 1537987868.0, "parent_id": "t1_e6n86kk", "replies": []}]}, {"author": "babylon311", "id": "e6no70s", "score": 10, "subreddit": "BuyItForLife", "author_flair": null, "submission": "9iwn6b", "stickied": false, "body": "Yup, that\u2019s how I\u2019d describe it as well.", "is_submitter": false, "distinguished": null, "created_utc": 1537942074.0, "parent_id": "t1_e6n4lf1", "replies": []}, {"author": "Iamfunboy", "id": "e6o18c0", "score": 6, "subreddit": "BuyItForLife", "author_flair": null, "submission": "9iwn6b", "stickied": false, "body": "Sorry bout your death Grandma? Was it OPs fault she died? Did OP do it for the dishes? ", "is_submitter": false, "distinguished": null, "created_utc": 1537966236.0, "parent_id": "t1_e6n4lf1", "replies": []}, {"author": "Blastercorps", "id": "e6qqqyh", "score": 2, "subreddit": "BuyItForLife", "author_flair": null, "submission": "9iwn6b", "stickied": false, "body": "Life continues after someone dies. I don't know what generation this grandmother was from, but my grandparents would not want useful stuff to be wasted. I think it was from growing up in the great depression. My grandfather's last words to my mother were that she should take the cans of tuna from the house as he thought he'd be in physical rehab and out of the house a while. ", "is_submitter": false, "distinguished": null, "created_utc": 1538067085.0, "parent_id": "t1_e6n4lf1", "replies": []}]}, {"author": "SeoulTezza", "id": "e6n1o00", "score": 593, "subreddit": "BuyItForLife", "author_flair": null, "submission": "9iwn6b", "stickied": false, "body": "\u201cSorry you are dead\u201d how touching!", "is_submitter": false, "distinguished": null, "created_utc": 1537916743.0, "parent_id": "t3_9iwn6b", "replies": [{"author": "Surrealle01", "id": "e6nkox0", "score": 39, "subreddit": "BuyItForLife", "author_flair": null, "submission": "9iwn6b", "stickied": false, "body": "To be fair, I doubt she's on Reddit.", "is_submitter": false, "distinguished": null, "created_utc": 1537936737.0, "parent_id": "t1_e6n1o00", "replies": [{"author": "DELETED", "id": "e6no3lp", "score": 32, "subreddit": "BuyItForLife", "author_flair": null, "submission": "9iwn6b", "stickied": false, "body": "Certainly not now she's not", "is_submitter": false, "distinguished": null, "created_utc": 1537941912.0, "parent_id": "t1_e6nkox0", "replies": [{"author": "louisi9", "id": "e6nvo7x", "score": 5, "subreddit": "BuyItForLife", "author_flair": null, "submission": "9iwn6b", "stickied": false, "body": "You made me burst out laughing sat in the waiting room for my drs appt", "is_submitter": false, "distinguished": null, "created_utc": 1537958090.0, "parent_id": "t1_e6no3lp", "replies": []}]}]}]}, {"author": "DELETED", "id": "e6n5ad1", "score": 180, "subreddit": "BuyItForLife", "author_flair": null, "submission": "9iwn6b", "stickied": false, "body": "[deleted]", "is_submitter": false, "distinguished": null, "created_utc": 1537920391.0, "parent_id": "t3_9iwn6b", "replies": [{"author": "Maggieneato", "id": "e6na20r", "score": 87, "subreddit": "BuyItForLife", "author_flair": null, "submission": "9iwn6b", "stickied": false, "body": "Could\u2019ve been worse. How about \u201cSucks to be you, grandma! But at least I\u2019ve got these dope-ass plates. #ididntkillher #butplates #worthit \ud83d\udc4c\ud83d\ude0e\ud83d\ude4c\ud83c\udf7e\u26b0\ufe0f\ud83d\udcb5\ud83d\udd2b\ud83d\udcaf\u201d?", "is_submitter": false, "distinguished": null, "created_utc": 1537925165.0, "parent_id": "t1_e6n5ad1", "replies": [{"author": "auto-xkcd37", "id": "e6na258", "score": 22, "subreddit": "BuyItForLife", "author_flair": null, "submission": "9iwn6b", "stickied": false, "body": "> dope ass-plates\n\n***\n\n^(Bleep-bloop, I'm a bot. This comment was inspired by )^[xkcd#37](https://xkcd.com/37)", "is_submitter": false, "distinguished": null, "created_utc": 1537925169.0, "parent_id": "t1_e6na20r", "replies": [{"author": "Lindvaettr", "id": "e6nffm9", "score": 10, "subreddit": "BuyItForLife", "author_flair": null, "submission": "9iwn6b", "stickied": false, "body": "You'll never guess how drug smugglers are getting marijuana across the border now.", "is_submitter": false, "distinguished": null, "created_utc": 1537930628.0, "parent_id": "t1_e6na258", "replies": []}]}]}]}, {"author": "sonusfaber", "id": "e6n7abe", "score": 122, "subreddit": "BuyItForLife", "author_flair": null, "submission": "9iwn6b", "stickied": false, "body": "r/BuyItForDeath", "is_submitter": false, "distinguished": null, "created_utc": 1537922395.0, "parent_id": "t3_9iwn6b", "replies": [{"author": "Arbiter329", "id": "e6nid2e", "score": 30, "subreddit": "BuyItForLife", "author_flair": null, "submission": "9iwn6b", "stickied": false, "body": "r/BuyItForAfterLife", "is_submitter": false, "distinguished": null, "created_utc": 1537933840.0, "parent_id": "t1_e6n7abe", "replies": [{"author": "asparagrus", "id": "e6nrjki", "score": 2, "subreddit": "BuyItForLife", "author_flair": null, "submission": "9iwn6b", "stickied": false, "body": "/r/buyitforpharaoh", "is_submitter": false, "distinguished": null, "created_utc": 1537948651.0, "parent_id": "t1_e6nid2e", "replies": [{"author": "Exastiken", "id": "e6ocy7t", "score": 1, "subreddit": "BuyItForLife", "author_flair": null, "submission": "9iwn6b", "stickied": false, "body": "r/BuyItForMummy", "is_submitter": false, "distinguished": null, "created_utc": 1537976738.0, "parent_id": "t1_e6nrjki", "replies": []}]}]}, {"author": "Sighshell", "id": "e6ntazr", "score": 1, "subreddit": "BuyItForLife", "author_flair": null, "submission": "9iwn6b", "stickied": false, "body": "Great subreddit, neat. ", "is_submitter": false, "distinguished": null, "created_utc": 1537952716.0, "parent_id": "t1_e6n7abe", "replies": []}, {"author": "beniceorbevice", "id": "e6oec8g", "score": 1, "subreddit": "BuyItForLife", "author_flair": null, "submission": "9iwn6b", "stickied": false, "body": "Buy it for life until it breaks because it's porcelain and of course it'll last forever until broken", "is_submitter": false, "distinguished": null, "created_utc": 1537977844.0, "parent_id": "t1_e6n7abe", "replies": []}]}, {"author": "carma143", "id": "e6n35h3", "score": 115, "subreddit": "BuyItForLife", "author_flair": null, "submission": "9iwn6b", "stickied": false, "body": "Check it for lead.  It might have lead", "is_submitter": false, "distinguished": null, "created_utc": 1537918232.0, "parent_id": "t3_9iwn6b", "replies": [{"author": "ChiliConCowan", "id": "e6n42s9", "score": 167, "subreddit": "BuyItForLife", "author_flair": null, "submission": "9iwn6b", "stickied": false, "body": "She did die of lead poisoning \ud83e\udd14", "is_submitter": true, "distinguished": null, "created_utc": 1537919181.0, "parent_id": "t1_e6n35h3", "replies": [{"author": "SeeRight_Mills", "id": "e6n53tn", "score": 47, "subreddit": "BuyItForLife", "author_flair": null, "submission": "9iwn6b", "stickied": false, "body": "Major *plumbum*mer", "is_submitter": false, "distinguished": null, "created_utc": 1537920209.0, "parent_id": "t1_e6n42s9", "replies": [{"author": "metagrobolizedmanel", "id": "e6n5klm", "score": 14, "subreddit": "BuyItForLife", "author_flair": null, "submission": "9iwn6b", "stickied": false, "body": "What's a plumbummer?", "is_submitter": false, "distinguished": null, "created_utc": 1537920674.0, "parent_id": "t1_e6n53tn", "replies": [{"author": "Cat2Rupert", "id": "e6nbr9l", "score": 35, "subreddit": "BuyItForLife", "author_flair": null, "submission": "9iwn6b", "stickied": false, "body": "Plumbum is a name for lead. That's why it's pb on the table of elements. ", "is_submitter": false, "distinguished": null, "created_utc": 1537926843.0, "parent_id": "t1_e6n5klm", "replies": [{"author": "Surrealle01", "id": "e6nkr7q", "score": 10, "subreddit": "BuyItForLife", "author_flair": null, "submission": "9iwn6b", "stickied": false, "body": "I so want to confirm this but I'm not brave enough to google that word. \n\nEdit: I confirmed it indirectly! Neat, TIL :)", "is_submitter": false, "distinguished": null, "created_utc": 1537936824.0, "parent_id": "t1_e6nbr9l", "replies": []}, {"author": "jammastajew", "id": "e6o8yrn", "score": 5, "subreddit": "BuyItForLife", "author_flair": null, "submission": "9iwn6b", "stickied": false, "body": "and why the word for plumber is \"plumber\"", "is_submitter": false, "distinguished": null, "created_utc": 1537973497.0, "parent_id": "t1_e6nbr9l", "replies": [{"author": "metagrobolizedmanel", "id": "e6ok77w", "score": 1, "subreddit": "BuyItForLife", "author_flair": null, "submission": "9iwn6b", "stickied": false, "body": "Ahh! This makes so much sense now! I've heard a theory that the Roman Empire might not have fallen if they didn't use lead pipes for their water system because of the lead poisoning they got.", "is_submitter": false, "distinguished": null, "created_utc": 1537982523.0, "parent_id": "t1_e6o8yrn", "replies": []}]}, {"author": "metagrobolizedmanel", "id": "e6ojzmz", "score": 2, "subreddit": "BuyItForLife", "author_flair": null, "submission": "9iwn6b", "stickied": false, "body": "Ohh... I actually should have known that. Thanks.", "is_submitter": false, "distinguished": null, "created_utc": 1537982363.0, "parent_id": "t1_e6nbr9l", "replies": []}]}, {"author": "vaelroth", "id": "e6nbqrr", "score": 7, "subreddit": "BuyItForLife", "author_flair": null, "submission": "9iwn6b", "stickied": false, "body": "Kinda like a plumbus, but disappointing. ", "is_submitter": false, "distinguished": null, "created_utc": 1537926828.0, "parent_id": "t1_e6n5klm", "replies": []}]}]}, {"author": "carma143", "id": "e6n4uu3", "score": 24, "subreddit": "BuyItForLife", "author_flair": null, "submission": "9iwn6b", "stickied": false, "body": "If you are serious, those plates could be the cause of it.  My mom found old plates from when she was a kid and threw them away due them containing lead.  ", "is_submitter": false, "distinguished": null, "created_utc": 1537919958.0, "parent_id": "t1_e6n42s9", "replies": [{"author": "ChiliConCowan", "id": "e6n5sew", "score": 124, "subreddit": "BuyItForLife", "author_flair": null, "submission": "9iwn6b", "stickied": false, "body": "I shall eat off the plates nonetheless and dine with Grandma in Hell!", "is_submitter": true, "distinguished": null, "created_utc": 1537920891.0, "parent_id": "t1_e6n4uu3", "replies": [{"author": "malaihi", "id": "e6n796w", "score": 24, "subreddit": "BuyItForLife", "author_flair": null, "submission": "9iwn6b", "stickied": false, "body": "Hh..how do you know she's in hell? ", "is_submitter": false, "distinguished": null, "created_utc": 1537922363.0, "parent_id": "t1_e6n5sew", "replies": [{"author": "Surrealle01", "id": "e6nl19u", "score": 22, "subreddit": "BuyItForLife", "author_flair": null, "submission": "9iwn6b", "stickied": false, "body": "I'm guessing it's probably related to why OP is so enthusiastic-sounding about her death.. ", "is_submitter": false, "distinguished": null, "created_utc": 1537937206.0, "parent_id": "t1_e6n796w", "replies": []}]}, {"author": "DELETED", "id": "e6n5wr5", "score": 40, "subreddit": "BuyItForLife", "author_flair": null, "submission": "9iwn6b", "stickied": false, "body": "Take a walk and come down from you're coke high, please.", "is_submitter": false, "distinguished": null, "created_utc": 1537921015.0, "parent_id": "t1_e6n5sew", "replies": [{"author": "DELETED", "id": "e6n8hqa", "score": 6, "subreddit": "BuyItForLife", "author_flair": null, "submission": "9iwn6b", "stickied": false, "body": "Perhaps its an experiment! \nDeadliest warriors: cocaine vs lead", "is_submitter": false, "distinguished": null, "created_utc": 1537923616.0, "parent_id": "t1_e6n5wr5", "replies": [{"author": "DELETED", "id": "e6nimsx", "score": 3, "subreddit": "BuyItForLife", "author_flair": null, "submission": "9iwn6b", "stickied": false, "body": "Snorting it right off the lead paint with grandmas ashes. ", "is_submitter": false, "distinguished": null, "created_utc": 1537934158.0, "parent_id": "t1_e6n8hqa", "replies": []}]}]}, {"author": "ReigninLikeA_MoFo", "id": "e6n96e5", "score": 6, "subreddit": "BuyItForLife", "author_flair": null, "submission": "9iwn6b", "stickied": false, "body": "See ya there pal. \ud83d\ude08", "is_submitter": false, "distinguished": null, "created_utc": 1537924300.0, "parent_id": "t1_e6n5sew", "replies": []}, {"author": "Wes___Mantooth", "id": "e6nk0xj", "score": 4, "subreddit": "BuyItForLife", "author_flair": null, "submission": "9iwn6b", "stickied": false, "body": "Seems like you've already been eating off them.", "is_submitter": false, "distinguished": null, "created_utc": 1537935861.0, "parent_id": "t1_e6n5sew", "replies": []}, {"author": "Banantics", "id": "e6n5y40", "score": 21, "subreddit": "BuyItForLife", "author_flair": null, "submission": "9iwn6b", "stickied": false, "body": "I like you. And your Tupperware set. ", "is_submitter": false, "distinguished": null, "created_utc": 1537921053.0, "parent_id": "t1_e6n5sew", "replies": []}, {"author": "Torsion_duty", "id": "e6nd1wd", "score": 4, "subreddit": "BuyItForLife", "author_flair": null, "submission": "9iwn6b", "stickied": false, "body": "Isn't lead kinda cheating for BIFL?", "is_submitter": false, "distinguished": null, "created_utc": 1537928147.0, "parent_id": "t1_e6n5sew", "replies": []}, {"author": "TexasKobeBeef", "id": "e6n7z66", "score": 3, "subreddit": "BuyItForLife", "author_flair": null, "submission": "9iwn6b", "stickied": false, "body": "You plotted this from day 1 didn't ya?", "is_submitter": false, "distinguished": null, "created_utc": 1537923092.0, "parent_id": "t1_e6n5sew", "replies": []}, {"author": "Merlyn21", "id": "e6nhmsc", "score": 1, "subreddit": "BuyItForLife", "author_flair": null, "submission": "9iwn6b", "stickied": false, "body": "They serve food!", "is_submitter": false, "distinguished": null, "created_utc": 1537933012.0, "parent_id": "t1_e6n5sew", "replies": []}]}]}, {"author": "schmoogina", "id": "e6nhwb4", "score": 4, "subreddit": "BuyItForLife", "author_flair": null, "submission": "9iwn6b", "stickied": false, "body": "Seriously tho, lead test kits aren't very expensive. There's a chance this could poison you and any innocent person who you serve food to. I'll admit they are pretty tho", "is_submitter": false, "distinguished": null, "created_utc": 1537933308.0, "parent_id": "t1_e6n42s9", "replies": []}]}, {"author": "SimpleLifePDX", "id": "e6nmazc", "score": 0, "subreddit": "BuyItForLife", "author_flair": null, "submission": "9iwn6b", "stickied": false, "body": "They DO have lead.", "is_submitter": false, "distinguished": null, "created_utc": 1537939028.0, "parent_id": "t1_e6n35h3", "replies": []}]}, {"author": "thrustrations", "id": "e6n04ge", "score": 312, "subreddit": "BuyItForLife", "author_flair": null, "submission": "9iwn6b", "stickied": false, "body": "What an odd thing to post about your grandmother...", "is_submitter": false, "distinguished": null, "created_utc": 1537915242.0, "parent_id": "t3_9iwn6b", "replies": [{"author": "ChiliConCowan", "id": "e6n0zn3", "score": 244, "subreddit": "BuyItForLife", "author_flair": null, "submission": "9iwn6b", "stickied": false, "body": "That she\u2019s dead? She is dead.", "is_submitter": true, "distinguished": null, "created_utc": 1537916077.0, "parent_id": "t1_e6n04ge", "replies": [{"author": "cbleslie", "id": "e6n2wpu", "score": 93, "subreddit": "BuyItForLife", "author_flair": null, "submission": "9iwn6b", "stickied": false, "body": "I'm sure grandma would be stoked to know you didn't waste her money. ", "is_submitter": false, "distinguished": null, "created_utc": 1537917985.0, "parent_id": "t1_e6n0zn3", "replies": []}, {"author": "HairyHorseKnuckles", "id": "e6n445a", "score": 26, "subreddit": "BuyItForLife", "author_flair": null, "submission": "9iwn6b", "stickied": false, "body": "Should have stored her in [ForeverWare](https://m.imdb.com/title/tt0569394/)", "is_submitter": false, "distinguished": null, "created_utc": 1537919219.0, "parent_id": "t1_e6n0zn3", "replies": [{"author": "Evl1", "id": "e6nk106", "score": 8, "subreddit": "BuyItForLife", "author_flair": null, "submission": "9iwn6b", "stickied": false, "body": "I knew what you meant before I even clicked the link!", "is_submitter": false, "distinguished": null, "created_utc": 1537935863.0, "parent_id": "t1_e6n445a", "replies": []}]}, {"author": "nburns1825", "id": "e6naaun", "score": 12, "subreddit": "BuyItForLife", "author_flair": null, "submission": "9iwn6b", "stickied": false, "body": "Happy cake day, your grandma's dead!", "is_submitter": false, "distinguished": null, "created_utc": 1537925406.0, "parent_id": "t1_e6n0zn3", "replies": []}, {"author": "failbenork", "id": "e6n7fhk", "score": 18, "subreddit": "BuyItForLife", "author_flair": null, "submission": "9iwn6b", "stickied": false, "body": "Her memory lives on in your use of her Tupperware. I have a knife my grandfather used to chop vegetables. ", "is_submitter": false, "distinguished": null, "created_utc": 1537922538.0, "parent_id": "t1_e6n0zn3", "replies": [{"author": "klieber", "id": "e6ne6gg", "score": 1, "subreddit": "BuyItForLife", "author_flair": null, "submission": "9iwn6b", "stickied": false, "body": "Who said anything about Tupperware?", "is_submitter": false, "distinguished": null, "created_utc": 1537929315.0, "parent_id": "t1_e6n7fhk", "replies": []}]}, {"author": "bikesboozeandbacon", "id": "e6naeqc", "score": 12, "subreddit": "BuyItForLife", "author_flair": null, "submission": "9iwn6b", "stickied": false, "body": "The exclamation and the wording is kinda creepy lol", "is_submitter": false, "distinguished": null, "created_utc": 1537925513.0, "parent_id": "t1_e6n0zn3", "replies": []}, {"author": "coquihalla", "id": "e6ny9vc", "score": 1, "subreddit": "BuyItForLife", "author_flair": null, "submission": "9iwn6b", "stickied": false, "body": "I make the same joke about my mom and my dead dog. Gallows humour.", "is_submitter": false, "distinguished": null, "created_utc": 1537962481.0, "parent_id": "t1_e6n0zn3", "replies": []}, {"author": "Ewoktoremember", "id": "e6nm32k", "score": -2, "subreddit": "BuyItForLife", "author_flair": null, "submission": "9iwn6b", "stickied": false, "body": "I like you ", "is_submitter": false, "distinguished": null, "created_utc": 1537938697.0, "parent_id": "t1_e6n0zn3", "replies": []}]}]}, {"author": "palehorse864", "id": "e6nd40c", "score": 40, "subreddit": "BuyItForLife", "author_flair": null, "submission": "9iwn6b", "stickied": false, "body": "I've thought for some time that the exclamation point was a fairly useless bit of grammar, with a few exceptions. If something suggests excitement, it's usually the sentence itself or the context.\n\nThis changed my mind. That exclamation changed the whole feeling of the subject line.", "is_submitter": false, "distinguished": null, "created_utc": 1537928207.0, "parent_id": "t3_9iwn6b", "replies": [{"author": "Surrealle01", "id": "e6nl9sr", "score": 12, "subreddit": "BuyItForLife", "author_flair": null, "submission": "9iwn6b", "stickied": false, "body": "I'm fascinated by the fact that you seem to have put significant thought into the usefulness of specific punctuation marks. ", "is_submitter": false, "distinguished": null, "created_utc": 1537937530.0, "parent_id": "t1_e6nd40c", "replies": [{"author": "patrick227", "id": "e6nn656", "score": 5, "subreddit": "BuyItForLife", "author_flair": null, "submission": "9iwn6b", "stickied": false, "body": "is it that strange? You've likely written or ready something every day of your life since you first learned to read, and punctuation plays a pretty important role in written language", "is_submitter": false, "distinguished": null, "created_utc": 1537940366.0, "parent_id": "t1_e6nl9sr", "replies": [{"author": "Surrealle01", "id": "e6nnv20", "score": 2, "subreddit": "BuyItForLife", "author_flair": null, "submission": "9iwn6b", "stickied": false, "body": "To me it is. I guess I don't dig that deep into stuff like that. ", "is_submitter": false, "distinguished": null, "created_utc": 1537941504.0, "parent_id": "t1_e6nn656", "replies": []}]}, {"author": "sparkjournal", "id": "e6o9w0d", "score": 2, "subreddit": "BuyItForLife", "author_flair": null, "submission": "9iwn6b", "stickied": false, "body": "There are [entire books and style guides](http://toolsandtoys.net/guides/books-to-make-you-a-better-editor/) dedicated to topics like that. Same goes for fields like typography and design (look up what \"kerning\" is and and you'll never see fonts the same way again).", "is_submitter": false, "distinguished": null, "created_utc": 1537974262.0, "parent_id": "t1_e6nl9sr", "replies": [{"author": "Surrealle01", "id": "e6p8xs4", "score": 1, "subreddit": "BuyItForLife", "author_flair": null, "submission": "9iwn6b", "stickied": false, "body": "I'm familiar with kerning. I just don't put that level of thought into this kind of thing :)", "is_submitter": false, "distinguished": null, "created_utc": 1538002850.0, "parent_id": "t1_e6o9w0d", "replies": []}]}]}]}, {"author": "jchabotte", "id": "e6n7u0m", "score": 34, "subreddit": "BuyItForLife", "author_flair": null, "submission": "9iwn6b", "stickied": false, "body": "Dearest Grandmother,\n\nWe are saddened to hear of your prolonged illness. When the time comes that your illness has been rescinded, we will be sure to visit you on the morrow. Until then, we have decided to exchange pleasantries over your fabulous Temperware dish set. You shan\u2019t be needing them anytime soon, so we hope you find this arrangement agreeable. Please do not hesitate to contact us at your earliest convenience!\n\nGood day to you. ", "is_submitter": false, "distinguished": null, "created_utc": 1537922948.0, "parent_id": "t3_9iwn6b", "replies": []}, {"author": "brightshapes", "id": "e6nbj7u", "score": 71, "subreddit": "BuyItForLife", "author_flair": null, "submission": "9iwn6b", "stickied": false, "body": "What the fuck is that title?", "is_submitter": false, "distinguished": null, "created_utc": 1537926621.0, "parent_id": "t3_9iwn6b", "replies": [{"author": "MagicansaurusRex", "id": "e6nku63", "score": 11, "subreddit": "BuyItForLife", "author_flair": null, "submission": "9iwn6b", "stickied": false, "body": "r/titlegore", "is_submitter": false, "distinguished": null, "created_utc": 1537936934.0, "parent_id": "t1_e6nbj7u", "replies": [{"author": "Ewoktoremember", "id": "e6nm4gd", "score": 30, "subreddit": "BuyItForLife", "author_flair": null, "submission": "9iwn6b", "stickied": false, "body": "r/titlegold", "is_submitter": false, "distinguished": null, "created_utc": 1537938753.0, "parent_id": "t1_e6nku63", "replies": []}]}]}, {"author": "vacuous_comment", "id": "e6mzi1c", "score": 25, "subreddit": "BuyItForLife", "author_flair": null, "submission": "9iwn6b", "stickied": false, "body": "A suitable tribute to her and the dish set I guess. \n ", "is_submitter": false, "distinguished": null, "created_utc": 1537914642.0, "parent_id": "t3_9iwn6b", "replies": [{"author": "mycatpartyhouse", "id": "e6nr9gs", "score": 0, "subreddit": "BuyItForLife", "author_flair": null, "submission": "9iwn6b", "stickied": false, "body": "So \u201870s!", "is_submitter": false, "distinguished": null, "created_utc": 1537948022.0, "parent_id": "t1_e6mzi1c", "replies": []}]}, {"author": "DELETED", "id": "e6n5wbz", "score": 25, "subreddit": "BuyItForLife", "author_flair": null, "submission": "9iwn6b", "stickied": false, "body": "Geez.", "is_submitter": false, "distinguished": null, "created_utc": 1537921003.0, "parent_id": "t3_9iwn6b", "replies": []}, {"author": "bikesboozeandbacon", "id": "e6nadd6", "score": 24, "subreddit": "BuyItForLife", "author_flair": null, "submission": "9iwn6b", "stickied": false, "body": "What a strange title", "is_submitter": false, "distinguished": null, "created_utc": 1537925474.0, "parent_id": "t3_9iwn6b", "replies": []}, {"author": "DELETED", "id": "e6n68ga", "score": 7, "subreddit": "BuyItForLife", "author_flair": null, "submission": "9iwn6b", "stickied": false, "body": "Did I see this very same dinnerware mentioned in another post  ( \u0361\u00b0 \u035c\u0296 \u0361\u00b0) ", "is_submitter": false, "distinguished": null, "created_utc": 1537921337.0, "parent_id": "t3_9iwn6b", "replies": []}, {"author": "DELETED", "id": "e6n1utc", "score": 11, "subreddit": "BuyItForLife", "author_flair": null, "submission": "9iwn6b", "stickied": false, "body": "I have the same set!", "is_submitter": false, "distinguished": null, "created_utc": 1537916934.0, "parent_id": "t3_9iwn6b", "replies": [{"author": "ChiliConCowan", "id": "e6n1zni", "score": 24, "subreddit": "BuyItForLife", "author_flair": null, "submission": "9iwn6b", "stickied": false, "body": "It\u2019s amazing! I never thought I\u2019d own a gravy boat", "is_submitter": true, "distinguished": null, "created_utc": 1537917070.0, "parent_id": "t1_e6n1utc", "replies": [{"author": "HandiCapablePanda", "id": "e6n3eui", "score": 70, "subreddit": "BuyItForLife", "author_flair": null, "submission": "9iwn6b", "stickied": false, "body": "Did you kill her for it", "is_submitter": false, "distinguished": null, "created_utc": 1537918500.0, "parent_id": "t1_e6n1zni", "replies": []}, {"author": "shalala1234", "id": "e6ngbn5", "score": 12, "subreddit": "BuyItForLife", "author_flair": null, "submission": "9iwn6b", "stickied": false, "body": "Thanks for dying, grandma! \u270a\ud83c\udffe\ud83d\ude0e\ud83d\udc4d\ud83c\udffd", "is_submitter": false, "distinguished": null, "created_utc": 1537931576.0, "parent_id": "t1_e6n1zni", "replies": []}]}]}, {"author": "nazenko", "id": "e6nfwvi", "score": 12, "subreddit": "BuyItForLife", "author_flair": null, "submission": "9iwn6b", "stickied": false, "body": "This post appeared immediately after this one on my timeline:\n\nhttps://www.reddit.com/r/lastimages/comments/9iw5fd/my_grandmother_enjoying_a_take_out_meal_from/?st=JMIKGYJG&sh=3d311278\n\n\nYikes.", "is_submitter": false, "distinguished": null, "created_utc": 1537931129.0, "parent_id": "t3_9iwn6b", "replies": [{"author": "ChiliConCowan", "id": "e6nk5m8", "score": 6, "subreddit": "BuyItForLife", "author_flair": null, "submission": "9iwn6b", "stickied": false, "body": "I think there is a subreddit for this exact scenario ", "is_submitter": true, "distinguished": null, "created_utc": 1537936028.0, "parent_id": "t1_e6nfwvi", "replies": [{"author": "PandoraWraith", "id": "e6nkjj8", "score": 7, "subreddit": "BuyItForLife", "author_flair": null, "submission": "9iwn6b", "stickied": false, "body": "r/juxtaposition or r/tombstoning in this case", "is_submitter": false, "distinguished": null, "created_utc": 1537936536.0, "parent_id": "t1_e6nk5m8", "replies": []}]}]}, {"author": "twillstein", "id": "e6n7rjc", "score": 6, "subreddit": "BuyItForLife", "author_flair": null, "submission": "9iwn6b", "stickied": false, "body": "Grandma was definitely BIFL! ", "is_submitter": false, "distinguished": null, "created_utc": 1537922881.0, "parent_id": "t3_9iwn6b", "replies": []}, {"author": "Mughi", "id": "e6nadcd", "score": 6, "subreddit": "BuyItForLife", "author_flair": null, "submission": "9iwn6b", "stickied": false, "body": "Holy shit my mom had that EXACT same Fireflower set! I've still got most of it.", "is_submitter": false, "distinguished": null, "created_utc": 1537925474.0, "parent_id": "t3_9iwn6b", "replies": [{"author": "Merlyn21", "id": "e6nhqbo", "score": 9, "subreddit": "BuyItForLife", "author_flair": null, "submission": "9iwn6b", "stickied": false, "body": "Is she dead 2", "is_submitter": false, "distinguished": null, "created_utc": 1537933122.0, "parent_id": "t1_e6nadcd", "replies": [{"author": "Mughi", "id": "e6nxr5g", "score": 4, "subreddit": "BuyItForLife", "author_flair": null, "submission": "9iwn6b", "stickied": false, "body": "Yes.", "is_submitter": false, "distinguished": null, "created_utc": 1537961709.0, "parent_id": "t1_e6nhqbo", "replies": [{"author": "Exastiken", "id": "e6od7v5", "score": 2, "subreddit": "BuyItForLife", "author_flair": null, "submission": "9iwn6b", "stickied": false, "body": "Sorry you\u2019re dead /u/Mughi\u2019s mom! Your 70s Temperware dish set lives on!\n\n^(no offense intended)", "is_submitter": false, "distinguished": null, "created_utc": 1537976954.0, "parent_id": "t1_e6nxr5g", "replies": []}]}]}]}, {"author": "PawsButton", "id": "e6ng7bi", "score": 4, "subreddit": "BuyItForLife", "author_flair": null, "submission": "9iwn6b", "stickied": false, "body": "Awkward title of this thread aside, Lenox Temperware are excellent dishes.  My parents have used theirs every day since they got married in 1981 and have never broken a piece, and one of my best thrifting finds ever was a huge Temperware set a couple of years ago.  They come in several different prints, and you can still buy (new, replacement) pieces online.  \n\nLooks like OP\u2019s set has some uncommon pieces in it!", "is_submitter": false, "distinguished": null, "created_utc": 1537931444.0, "parent_id": "t3_9iwn6b", "replies": [{"author": "ChiliConCowan", "id": "e6nk3mn", "score": 5, "subreddit": "BuyItForLife", "author_flair": null, "submission": "9iwn6b", "stickied": false, "body": "Wow! Thanks for the info! I\u2019m particularly excited about the gravy boat \ud83d\ude01", "is_submitter": true, "distinguished": null, "created_utc": 1537935958.0, "parent_id": "t1_e6ng7bi", "replies": []}]}, {"author": "chevymonza", "id": "e6n4s2d", "score": 3, "subreddit": "BuyItForLife", "author_flair": null, "submission": "9iwn6b", "stickied": false, "body": "I just inherited a teapot that matches this almost perfectly.", "is_submitter": false, "distinguished": null, "created_utc": 1537919881.0, "parent_id": "t3_9iwn6b", "replies": [{"author": "DELETED", "id": "e6ngjnc", "score": 5, "subreddit": "BuyItForLife", "author_flair": null, "submission": "9iwn6b", "stickied": false, "body": "Thanks dead guy!", "is_submitter": false, "distinguished": null, "created_utc": 1537931817.0, "parent_id": "t1_e6n4s2d", "replies": [{"author": "chevymonza", "id": "e6o29w4", "score": 2, "subreddit": "BuyItForLife", "author_flair": null, "submission": "9iwn6b", "stickied": false, "body": "Might've belonged to great-grandma first, so there's *two* dead women to thank!", "is_submitter": false, "distinguished": null, "created_utc": 1537967391.0, "parent_id": "t1_e6ngjnc", "replies": []}]}]}, {"author": "Ewoktoremember", "id": "e6nm1ic", "score": 6, "subreddit": "BuyItForLife", "author_flair": null, "submission": "9iwn6b", "stickied": false, "body": "I\u2019m laughing a very uncomfortable laugh at this caption", "is_submitter": false, "distinguished": null, "created_utc": 1537938633.0, "parent_id": "t3_9iwn6b", "replies": []}, {"author": "DELETED", "id": "e6ngzb3", "score": 3, "subreddit": "BuyItForLife", "author_flair": null, "submission": "9iwn6b", "stickied": false, "body": "For a set from the 70s that's not even bad to look at. No baby barf green or mustard yellow.", "is_submitter": false, "distinguished": null, "created_utc": 1537932296.0, "parent_id": "t3_9iwn6b", "replies": []}, {"author": "thatsMRnick2you", "id": "e6nnrwg", "score": 3, "subreddit": "BuyItForLife", "author_flair": null, "submission": "9iwn6b", "stickied": false, "body": "Is there a sub for stuff you can still buy that will last for life?", "is_submitter": false, "distinguished": null, "created_utc": 1537941359.0, "parent_id": "t3_9iwn6b", "replies": []}, {"author": "Carl055555", "id": "e6nwdhp", "score": 3, "subreddit": "BuyItForLife", "author_flair": null, "submission": "9iwn6b", "stickied": false, "body": "I guess it's a buy it for two lives set now huh?", "is_submitter": false, "distinguished": null, "created_utc": 1537959436.0, "parent_id": "t3_9iwn6b", "replies": []}, {"author": "ohshizzlemissfrizzzl", "id": "e6nwess", "score": 3, "subreddit": "BuyItForLife", "author_flair": null, "submission": "9iwn6b", "stickied": false, "body": "This makes it sound like there\u2019s this huge battle between the grandma and her temper-ware, with the grandchildren inheriting the wares. Then, when they grow old, they too must fight the temper ware. If they fail to destroy it, they succumb to death and leave the wares to their grandchildren. If they win, no more battles will occur", "is_submitter": false, "distinguished": null, "created_utc": 1537959503.0, "parent_id": "t3_9iwn6b", "replies": []}, {"author": "jpunk86", "id": "e6obz5f", "score": 3, "subreddit": "BuyItForLife", "author_flair": null, "submission": "9iwn6b", "stickied": false, "body": "\"sorry you're dead grandma\" should be how every post title starts ", "is_submitter": false, "distinguished": null, "created_utc": 1537975960.0, "parent_id": "t3_9iwn6b", "replies": []}, {"author": "Old97sFan", "id": "e6nbu15", "score": 5, "subreddit": "BuyItForLife", "author_flair": null, "submission": "9iwn6b", "stickied": false, "body": "I said SORRY YOU\u2019RE DEAD GRANDMA . Keep it down. We will call the undertaker Monday.", "is_submitter": false, "distinguished": null, "created_utc": 1537926917.0, "parent_id": "t3_9iwn6b", "replies": []}, {"author": "Neurobreak27", "id": "e6ncwpa", "score": 5, "subreddit": "BuyItForLife", "author_flair": null, "submission": "9iwn6b", "stickied": false, "body": "I like to think you and your grandma had an awesome relationship, seeing how you're so easy-going about it ", "is_submitter": false, "distinguished": null, "created_utc": 1537927997.0, "parent_id": "t3_9iwn6b", "replies": []}, {"author": "KrinkleSack", "id": "e6necmy", "score": 7, "subreddit": "BuyItForLife", "author_flair": null, "submission": "9iwn6b", "stickied": false, "body": "Whopper of a title.", "is_submitter": false, "distinguished": null, "created_utc": 1537929492.0, "parent_id": "t3_9iwn6b", "replies": []}, {"author": "Mooperboops", "id": "e6n2zl0", "score": 5, "subreddit": "BuyItForLife", "author_flair": null, "submission": "9iwn6b", "stickied": false, "body": "Cute!", "is_submitter": false, "distinguished": null, "created_utc": 1537918066.0, "parent_id": "t3_9iwn6b", "replies": []}, {"author": "Hooderman", "id": "e6nenef", "score": 4, "subreddit": "BuyItForLife", "author_flair": null, "submission": "9iwn6b", "stickied": false, "body": "\u201cSorry you\u2019re dead\u201d", "is_submitter": false, "distinguished": null, "created_utc": 1537929803.0, "parent_id": "t3_9iwn6b", "replies": []}, {"author": "camman134", "id": "e6n9s8b", "score": 6, "subreddit": "BuyItForLife", "author_flair": null, "submission": "9iwn6b", "stickied": false, "body": "F", "is_submitter": false, "distinguished": null, "created_utc": 1537924892.0, "parent_id": "t3_9iwn6b", "replies": []}, {"author": "ObiWanBockobi", "id": "e6n57y4", "score": 5, "subreddit": "BuyItForLife", "author_flair": null, "submission": "9iwn6b", "stickied": false, "body": "Happy cake day! Sorry about Grandma. ", "is_submitter": false, "distinguished": null, "created_utc": 1537920322.0, "parent_id": "t3_9iwn6b", "replies": [{"author": "DELETED", "id": "e6ngalv", "score": 2, "subreddit": "BuyItForLife", "author_flair": null, "submission": "9iwn6b", "stickied": false, "body": "Grams gave her life so OP could have cake, how touching ", "is_submitter": false, "distinguished": null, "created_utc": 1537931545.0, "parent_id": "t1_e6n57y4", "replies": []}]}, {"author": "adayoff", "id": "e6nb35c", "score": 2, "subreddit": "BuyItForLife", "author_flair": null, "submission": "9iwn6b", "stickied": false, "body": "Is this the same person that got the thermos?", "is_submitter": false, "distinguished": null, "created_utc": 1537926179.0, "parent_id": "t3_9iwn6b", "replies": []}, {"author": "orangutan25", "id": "e6ncbbv", "score": 2, "subreddit": "BuyItForLife", "author_flair": null, "submission": "9iwn6b", "stickied": false, "body": "Literally Buy it for Life", "is_submitter": false, "distinguished": null, "created_utc": 1537927385.0, "parent_id": "t3_9iwn6b", "replies": []}, {"author": "Merlyn21", "id": "e6nhiyh", "score": 2, "subreddit": "BuyItForLife", "author_flair": null, "submission": "9iwn6b", "stickied": false, "body": "Score", "is_submitter": false, "distinguished": null, "created_utc": 1537932896.0, "parent_id": "t3_9iwn6b", "replies": []}, {"author": "momofeveryone5", "id": "e6niat9", "score": 2, "subreddit": "BuyItForLife", "author_flair": null, "submission": "9iwn6b", "stickied": false, "body": "Knowing what they paid for this stuff back in the day, she's probably glad you guys kept it!", "is_submitter": false, "distinguished": null, "created_utc": 1537933768.0, "parent_id": "t3_9iwn6b", "replies": []}, {"author": "SharkoJester", "id": "e6nl6tj", "score": 2, "subreddit": "BuyItForLife", "author_flair": null, "submission": "9iwn6b", "stickied": false, "body": "I also am sorry grandma is dead.", "is_submitter": false, "distinguished": null, "created_utc": 1537937420.0, "parent_id": "t3_9iwn6b", "replies": []}, {"author": "idyutkitty", "id": "e6nlkv9", "score": 2, "subreddit": "BuyItForLife", "author_flair": null, "submission": "9iwn6b", "stickied": false, "body": "I love this set. Shits are heavy as hell though!", "is_submitter": false, "distinguished": null, "created_utc": 1537937966.0, "parent_id": "t3_9iwn6b", "replies": []}, {"author": "woundedpoptarts", "id": "e6nns3l", "score": 2, "subreddit": "BuyItForLife", "author_flair": null, "submission": "9iwn6b", "stickied": false, "body": "That is some beautiful Temperware!", "is_submitter": false, "distinguished": null, "created_utc": 1537941368.0, "parent_id": "t3_9iwn6b", "replies": []}, {"author": "femstora", "id": "e6npvbs", "score": 2, "subreddit": "BuyItForLife", "author_flair": null, "submission": "9iwn6b", "stickied": false, "body": "Pretty sure that stuff in in vogue again", "is_submitter": false, "distinguished": null, "created_utc": 1537945149.0, "parent_id": "t3_9iwn6b", "replies": []}, {"author": "ellendegingeres", "id": "e6nq0am", "score": 2, "subreddit": "BuyItForLife", "author_flair": null, "submission": "9iwn6b", "stickied": false, "body": "Lol, both of my grandmas have this exact set.", "is_submitter": false, "distinguished": null, "created_utc": 1537945419.0, "parent_id": "t3_9iwn6b", "replies": []}, {"author": "GETswiftyyy", "id": "e6nrkx3", "score": 2, "subreddit": "BuyItForLife", "author_flair": null, "submission": "9iwn6b", "stickied": false, "body": "How much for the set? ", "is_submitter": false, "distinguished": null, "created_utc": 1537948737.0, "parent_id": "t3_9iwn6b", "replies": []}, {"author": "trumps_amygdala", "id": "e6nsbzw", "score": 2, "subreddit": "BuyItForLife", "author_flair": null, "submission": "9iwn6b", "stickied": false, "body": "grandma had an excellent sense of humor, or this is an elaborate insurance fraud scheme, by the kremlin", "is_submitter": false, "distinguished": null, "created_utc": 1537950456.0, "parent_id": "t3_9iwn6b", "replies": []}, {"author": "Ovadox", "id": "e6nxpg2", "score": 2, "subreddit": "BuyItForLife", "author_flair": null, "submission": "9iwn6b", "stickied": false, "body": "I've got some Corningware (which I still use regularly) from the same era.  Love it.", "is_submitter": false, "distinguished": null, "created_utc": 1537961636.0, "parent_id": "t3_9iwn6b", "replies": []}, {"author": "arseman03", "id": "e6nlbid", "score": 2, "subreddit": "BuyItForLife", "author_flair": null, "submission": "9iwn6b", "stickied": false, "body": "Did no one on this post get that you were referencing another, earlier post? I think too much time might have passed since that last post.", "is_submitter": false, "distinguished": null, "created_utc": 1537937597.0, "parent_id": "t3_9iwn6b", "replies": [{"author": "Aravisi", "id": "e6nlo0i", "score": 2, "subreddit": "BuyItForLife", "author_flair": null, "submission": "9iwn6b", "stickied": false, "body": "and here I was thinking there was a streak of people murdering their relatives for their BIFL items", "is_submitter": false, "distinguished": null, "created_utc": 1537938088.0, "parent_id": "t1_e6nlbid", "replies": []}]}, {"author": "Sekmet19", "id": "e6o0h56", "score": 4, "subreddit": "BuyItForLife", "author_flair": null, "submission": "9iwn6b", "stickied": false, "body": "Hopefully it\u2019s not radioactive like [Fiestaware](https://www.orau.org/ptp/collection/consumer%20products/fiesta.htm).  If you read the article using uranium for a red or orange glaze was common place from the 1930\u2019s into the 70\u2019s.", "is_submitter": false, "distinguished": null, "created_utc": 1537965352.0, "parent_id": "t3_9iwn6b", "replies": []}, {"author": "Ninja_rooster", "id": "e6njz5u", "score": 2, "subreddit": "BuyItForLife", "author_flair": null, "submission": "9iwn6b", "stickied": false, "body": "That fucking title, man. ", "is_submitter": false, "distinguished": null, "created_utc": 1537935797.0, "parent_id": "t3_9iwn6b", "replies": []}, {"author": "Clone538", "id": "e6ndzmx", "score": 0, "subreddit": "BuyItForLife", "author_flair": null, "submission": "9iwn6b", "stickied": false, "body": "r/trashy", "is_submitter": false, "distinguished": null, "created_utc": 1537929115.0, "parent_id": "t3_9iwn6b", "replies": []}, {"author": "ravia", "id": "e6njeg5", "score": 1, "subreddit": "BuyItForLife", "author_flair": null, "submission": "9iwn6b", "stickied": false, "body": "I was sitting here asking myself, what does it mean to set a life on. Like, set on fire? Just like, turned on or something?", "is_submitter": false, "distinguished": null, "created_utc": 1537935079.0, "parent_id": "t3_9iwn6b", "replies": []}, {"author": "cBEiN", "id": "e6oho00", "score": 1, "subreddit": "BuyItForLife", "author_flair": null, "submission": "9iwn6b", "stickied": false, "body": "You sound like you really miss your grandma /s", "is_submitter": false, "distinguished": null, "created_utc": 1537980471.0, "parent_id": "t3_9iwn6b", "replies": []}, {"author": "TastyTacTic", "id": "e6olqxl", "score": 1, "subreddit": "BuyItForLife", "author_flair": null, "submission": "9iwn6b", "stickied": false, "body": "Check it with a Geiger counter. Usually old orange dyes have high readings. ", "is_submitter": false, "distinguished": null, "created_utc": 1537983735.0, "parent_id": "t3_9iwn6b", "replies": []}, {"author": "InevitableSoup", "id": "e6u3aj9", "score": 1, "subreddit": "BuyItForLife", "author_flair": null, "submission": "9iwn6b", "stickied": false, "body": "I love everything about this post", "is_submitter": false, "distinguished": null, "created_utc": 1538190603.0, "parent_id": "t3_9iwn6b", "replies": []}, {"author": "nom_nom_nominal", "id": "e6n83py", "score": 2, "subreddit": "BuyItForLife", "author_flair": null, "submission": "9iwn6b", "stickied": false, "body": "Reddit troll. ", "is_submitter": false, "distinguished": null, "created_utc": 1537923220.0, "parent_id": "t3_9iwn6b", "replies": [{"author": "Merlyn21", "id": "e6nht8n", "score": 0, "subreddit": "BuyItForLife", "author_flair": null, "submission": "9iwn6b", "stickied": false, "body": "Fah Q !", "is_submitter": false, "distinguished": null, "created_utc": 1537933214.0, "parent_id": "t1_e6n83py", "replies": []}]}, {"author": "hippolyte_pixii", "id": "e6nl8y1", "score": 2, "subreddit": "BuyItForLife", "author_flair": null, "submission": "9iwn6b", "stickied": false, "body": "And it's every bit as hideous as the day it was purchased!", "is_submitter": false, "distinguished": null, "created_utc": 1537937497.0, "parent_id": "t3_9iwn6b", "replies": []}, {"author": "mtnorgard", "id": "e6noue4", "score": 1, "subreddit": "BuyItForLife", "author_flair": null, "submission": "9iwn6b", "stickied": false, "body": "Interesting title.", "is_submitter": false, "distinguished": null, "created_utc": 1537943214.0, "parent_id": "t3_9iwn6b", "replies": []}, {"author": "einstein2001", "id": "e6nzew7", "score": 1, "subreddit": "BuyItForLife", "author_flair": null, "submission": "9iwn6b", "stickied": false, "body": "I like relatives that don't die.", "is_submitter": false, "distinguished": null, "created_utc": 1537964024.0, "parent_id": "t3_9iwn6b", "replies": []}, {"author": "articheepo", "id": "e6o6map", "score": 1, "subreddit": "BuyItForLife", "author_flair": null, "submission": "9iwn6b", "stickied": false, "body": "I thought this was r/frugaljerk", "is_submitter": false, "distinguished": null, "created_utc": 1537971519.0, "parent_id": "t3_9iwn6b", "replies": []}, {"author": "Arukawi", "id": "e6n9tx7", "score": 0, "subreddit": "BuyItForLife", "author_flair": null, "submission": "9iwn6b", "stickied": false, "body": "Now this.... This is good", "is_submitter": false, "distinguished": null, "created_utc": 1537924939.0, "parent_id": "t3_9iwn6b", "replies": []}, {"author": "alfredhelix", "id": "e6ngxvi", "score": -2, "subreddit": "BuyItForLife", "author_flair": null, "submission": "9iwn6b", "stickied": false, "body": "Sorry to hear grandma bought it. ", "is_submitter": false, "distinguished": null, "created_utc": 1537932252.0, "parent_id": "t3_9iwn6b", "replies": []}, {"author": "mtucker502", "id": "e6om7b6", "score": -1, "subreddit": "BuyItForLife", "author_flair": null, "submission": "9iwn6b", "stickied": false, "body": "Distasteful. And the second post of it's kind I've seen in the past few days.", "is_submitter": false, "distinguished": null, "created_utc": 1537984069.0, "parent_id": "t3_9iwn6b", "replies": []}]}