{"title": "Best time and place to buy couch furniture?", "name": "t3_t6axrt", "url": "https://www.reddit.com/r/BuyItForLife/comments/t6axrt/best_time_and_place_to_buy_couch_furniture/", "selftext": "Looking to buy some good quality furniture.  I don\u2019t have a rush to purchase anything so if there is a best time of the year to purchase it.  I\u2019ve been looking at lazy boy sectional couches however that\u2019s only bc it\u2019s one the few brands I know.    \n\n\nCurrently looking to buy just 2-3 pieces of a sectional since I want specific pieces and i got a small space I\u2019m looking to fit it in.  Any recommendations on where, when and other brands I should be looking at.  Budget is hopefully less than 2k", "score": 12, "upvote_ratio": 0.79, "permalink": "/r/BuyItForLife/comments/t6axrt/best_time_and_place_to_buy_couch_furniture/", "id": "t6axrt", "author": "chopsui101", "link_flair_text": "[Request]", "num_comments": 23, "over_18": false, "spoiler": false, "pinned": false, "locked": false, "distinguished": null, "created_utc": 1646369468.0, "comments": [{"author": "seamallowance", "id": "hza38yr", "score": 28, "subreddit": "BuyItForLife", "author_flair": null, "submission": "t6axrt", "stickied": false, "body": "Whatever you do, don\u2019t buy Ashley. That stuff is junk.", "is_submitter": false, "distinguished": null, "created_utc": 1646369942.0, "parent_id": "t3_t6axrt", "replies": [{"author": "ziksy9", "id": "hza8gl3", "score": 6, "subreddit": "BuyItForLife", "author_flair": null, "submission": "t6axrt", "stickied": false, "body": "Can confirm. Sitting on a huge sectional that fell apart, springs shot, unable to get replacement fabric, and pillow seams are all coming out.", "is_submitter": false, "distinguished": null, "created_utc": 1646372986.0, "parent_id": "t1_hza38yr", "replies": []}, {"author": "SaoDavi", "id": "hzduzx1", "score": 2, "subreddit": "BuyItForLife", "author_flair": null, "submission": "t6axrt", "stickied": false, "body": "Same for Room Store, Rooms to Go, Ikea.\n\nAny furniture you have to assemble yourself is not BIFL.  Same is true for anyone selling furniture \"by the room\".", "is_submitter": false, "distinguished": null, "created_utc": 1646437531.0, "parent_id": "t1_hza38yr", "replies": []}]}, {"author": "downheartedbaby", "id": "hza7t79", "score": 13, "subreddit": "BuyItForLife", "author_flair": null, "submission": "t6axrt", "stickied": false, "body": "Any sectional under $2k is going to be poor quality. If you are truly ready for the commitment to quality furniture, then you\u2019re gonna have to create a more realistic budget or start looking for a used quality sectional.", "is_submitter": false, "distinguished": null, "created_utc": 1646372585.0, "parent_id": "t3_t6axrt", "replies": []}, {"author": "Sivalleydan2", "id": "hzb0t89", "score": 10, "subreddit": "BuyItForLife", "author_flair": null, "submission": "t6axrt", "stickied": false, "body": "I bought Ethan Allen stuff 20 years ago. Still good. I peruse CL for used stuff rich folks who get bored and buy new stuff. I do searches for Ethan Allen and have found some great stuff in beautiful condition at 25% of the new price.", "is_submitter": false, "distinguished": null, "created_utc": 1646394477.0, "parent_id": "t3_t6axrt", "replies": [{"author": "SaoDavi", "id": "hzdvbhh", "score": 3, "subreddit": "BuyItForLife", "author_flair": null, "submission": "t6axrt", "stickied": false, "body": "Natuzi and Basset sell good stuff.\n\nBasically you want kiln-dried hardwood frames and good wood joints (not held together with screws or cams).  Often times it will be built to order.", "is_submitter": false, "distinguished": null, "created_utc": 1646437667.0, "parent_id": "t1_hzb0t89", "replies": []}]}, {"author": "MagicansaurusRex", "id": "hza5od1", "score": 15, "subreddit": "BuyItForLife", "author_flair": null, "submission": "t6axrt", "stickied": false, "body": "Hate to break it to you, but 2k won\u2019t even get you one sectional piece at Lazy Boy.", "is_submitter": false, "distinguished": null, "created_utc": 1646371319.0, "parent_id": "t3_t6axrt", "replies": []}, {"author": "NoSciencelab", "id": "hzc4t8p", "score": 3, "subreddit": "BuyItForLife", "author_flair": null, "submission": "t6axrt", "stickied": false, "body": "3k minimum for quality couches. Make sure you look at the frame materials and try to avoid webbing suspension. Roger and Chris is a good place. Most will take months and performance fabric is usually more expensive.", "is_submitter": false, "distinguished": null, "created_utc": 1646413139.0, "parent_id": "t3_t6axrt", "replies": [{"author": "ScrewWinters", "id": "i0z9rtd", "score": 1, "subreddit": "BuyItForLife", "author_flair": null, "submission": "t6axrt", "stickied": false, "body": "Thanks so much for the recommendation. I just cruised their site and was blown away at the construction details. Truly solid furniture and I\u2019ll likely have them make a couch for me.", "is_submitter": false, "distinguished": null, "created_utc": 1647490735.0, "parent_id": "t1_hzc4t8p", "replies": []}]}, {"author": "thefootballhound", "id": "hzal12a", "score": 6, "subreddit": "BuyItForLife", "author_flair": null, "submission": "t6axrt", "stickied": false, "body": "Costco.  You literally have a BIFL return policy.  If you don't have a membership, it's worth it just for the couch.  Last year, I bought from Costco.com a beautiful full grain leather sectional for about $2500 with free delivery, 2 months later it was on sale for $500 less, I called online customer service and they refunded me the difference.", "is_submitter": false, "distinguished": null, "created_utc": 1646381766.0, "parent_id": "t3_t6axrt", "replies": [{"author": "ProfessorrFate", "id": "hzb7k4m", "score": 3, "subreddit": "BuyItForLife", "author_flair": null, "submission": "t6axrt", "stickied": false, "body": "A second Costco.  Quality is good (not great, but good) and prices can\u2019t be beat.  Usually in stock so you get it right away.  They have limited selections, but clearly sell items/style that will please many.  Their sectional couch prices are especially competitive, given the quality.", "is_submitter": false, "distinguished": null, "created_utc": 1646398629.0, "parent_id": "t1_hzal12a", "replies": []}, {"author": "LeeisureTime", "id": "hzbntf6", "score": 2, "subreddit": "BuyItForLife", "author_flair": null, "submission": "t6axrt", "stickied": false, "body": "I know people who have returned couches three years after they bought it because it was falling apart. Costco made it right. \n\nWhich is why we bought a Costco couch and will be returning it if there is ever a problem.", "is_submitter": false, "distinguished": null, "created_utc": 1646406325.0, "parent_id": "t1_hzal12a", "replies": []}, {"author": "Chastidy", "id": "hzalaba", "score": 2, "subreddit": "BuyItForLife", "author_flair": null, "submission": "t6axrt", "stickied": false, "body": "I've had pretty bad experiences with Costco furniture, though obviously it depends on the make. I have a recliner atm and the mechanism literally fell apart one day.", "is_submitter": false, "distinguished": null, "created_utc": 1646381971.0, "parent_id": "t1_hzal12a", "replies": [{"author": "thefootballhound", "id": "hzam9x0", "score": 1, "subreddit": "BuyItForLife", "author_flair": null, "submission": "t6axrt", "stickied": false, "body": "Did Costco make the situation right?", "is_submitter": false, "distinguished": null, "created_utc": 1646382756.0, "parent_id": "t1_hzalaba", "replies": [{"author": "Chastidy", "id": "hzbo892", "score": 1, "subreddit": "BuyItForLife", "author_flair": null, "submission": "t6axrt", "stickied": false, "body": "Honestly I didn't try yet, was going to try to fix it myself when I get a chance. For now it is just a non-reclining recliner", "is_submitter": false, "distinguished": null, "created_utc": 1646406499.0, "parent_id": "t1_hzam9x0", "replies": []}]}]}]}, {"author": "unrealcatch", "id": "hzdvh1o", "score": 2, "subreddit": "BuyItForLife", "author_flair": null, "submission": "t6axrt", "stickied": false, "body": "Take a look at the Radley set from Macy's. My wife researched our new couch for about 6 months and this set was by far the best quality for that price range.", "is_submitter": false, "distinguished": null, "created_utc": 1646437734.0, "parent_id": "t3_t6axrt", "replies": [{"author": "XJclassic", "id": "hzylgu6", "score": 1, "subreddit": "BuyItForLife", "author_flair": null, "submission": "t6axrt", "stickied": false, "body": "I was consistently impressed with the quality of the furniture at Macy\u2019s", "is_submitter": false, "distinguished": null, "created_utc": 1646825633.0, "parent_id": "t1_hzdvh1o", "replies": []}]}, {"author": "j-random", "id": "hzb902n", "score": 3, "subreddit": "BuyItForLife", "author_flair": null, "submission": "t6axrt", "stickied": false, "body": "Lovesac is the best answer here. Their stuff is fully modular and built to last. You can add pieces as your needs change, and you can buy different covers to change the look if you redecorate. We currently have one set up with two \"occasional chairs\" that are just single sections. We combine them with the rest of the couch to make two separate couches when we have a party. Or we can move the seat sections up next to the couch to make a makeshift bed big enough for five little girls to have a slumber party on. The covers are really soft and always wash up clean.", "is_submitter": false, "distinguished": null, "created_utc": 1646399407.0, "parent_id": "t3_t6axrt", "replies": [{"author": "duckscrubber", "id": "hzboni4", "score": 2, "subreddit": "BuyItForLife", "author_flair": null, "submission": "t6axrt", "stickied": false, "body": "I second Lovesac's Sactional furniture. You can buy just a couple \"seats\" now to make a loveseat, and then buy more to make a full sofa/sectional when you have the funds/space. It is expensive though and you're likely to hit your $2k budget with just that, sans ottoman.\n\nLoveseat will measure either 70\" or 82\" long depending on configuration. \n\nIf you can spend more, look at Costco's Lovesac deals. Costco return policy plus Lovesac quality.", "is_submitter": false, "distinguished": null, "created_utc": 1646406680.0, "parent_id": "t1_hzb902n", "replies": []}]}, {"author": "tege0005", "id": "hzbknqa", "score": 1, "subreddit": "BuyItForLife", "author_flair": null, "submission": "t6axrt", "stickied": false, "body": "Just a heads up, if you don\u2019t buy something that\u2019s in-stock, expect to wait a while.  We just ordered a sectional from a local furniture store and we were quoted 8-10 months for delivery \ud83d\ude33", "is_submitter": false, "distinguished": null, "created_utc": 1646404976.0, "parent_id": "t3_t6axrt", "replies": []}, {"author": "brightlightsbigcity8", "id": "hzcszdn", "score": 1, "subreddit": "BuyItForLife", "author_flair": null, "submission": "t6axrt", "stickied": false, "body": "Recommend taking time to learn about right proportions and depths of various couches which apply to different rooms and use cases.\n\nPretty systematic across brands, much like vehicle categories. Makes it way easier to compare versus getting lost in all the options within each brand.", "is_submitter": false, "distinguished": null, "created_utc": 1646422582.0, "parent_id": "t3_t6axrt", "replies": []}, {"author": "RoseScentedGlasses", "id": "hzz2jru", "score": 1, "subreddit": "BuyItForLife", "author_flair": null, "submission": "t6axrt", "stickied": false, "body": "Anyone have a sofa from Room and Board?   It's hardwood frame, all pillows are flippable (which helps move them for weigh distribution and shape), and some reviews I read said these are sofas you'd reupholster rather than replace.  However, its gonna be 5k to10k, which seems a lot.", "is_submitter": false, "distinguished": null, "created_utc": 1646835366.0, "parent_id": "t3_t6axrt", "replies": []}, {"author": "AgentSolitude", "id": "hzb9mhz", "score": -1, "subreddit": "BuyItForLife", "author_flair": null, "submission": "t6axrt", "stickied": false, "body": "Stressless. Expensive but lasts decades when maintained. Be prepared to spend like 3k for a recliner if new. \n\nI suggest looking on Craigslist or FB marketplace to see if you can find good quality used.", "is_submitter": false, "distinguished": null, "created_utc": 1646399741.0, "parent_id": "t3_t6axrt", "replies": []}]}