{"title": "appreciate the input", "name": "t3_t08ohz", "url": "https://www.reddit.com/r/BuyItForLife/comments/t08ohz/appreciate_the_input/", "selftext": "looking for best waterproof steel toe boots with tactical mobility? I see so many .. including simple timberland boots but so many things have go horrific reviews. any input?", "score": 1, "upvote_ratio": 0.57, "permalink": "/r/BuyItForLife/comments/t08ohz/appreciate_the_input/", "id": "t08ohz", "author": "chp656s", "link_flair_text": "Discussion", "num_comments": 12, "over_18": false, "spoiler": false, "pinned": false, "locked": false, "distinguished": null, "created_utc": 1645701723.0, "comments": [{"author": "DELETED", "id": "hy88lse", "score": 3, "subreddit": "BuyItForLife", "author_flair": null, "submission": "t08ohz", "stickied": false, "body": "You should watch rose anvil on YouTube", "is_submitter": false, "distinguished": null, "created_utc": 1645702054.0, "parent_id": "t3_t08ohz", "replies": []}, {"author": "monoslim", "id": "hy8ela8", "score": 3, "subreddit": "BuyItForLife", "author_flair": null, "submission": "t08ohz", "stickied": false, "body": "maybe look at whites or frank\u2019s?", "is_submitter": false, "distinguished": null, "created_utc": 1645705903.0, "parent_id": "t3_t08ohz", "replies": []}, {"author": "TangoDeltaFoxtrot", "id": "hy94ja6", "score": 2, "subreddit": "BuyItForLife", "author_flair": null, "submission": "t08ohz", "stickied": false, "body": "I\u2019ve been using my Danner RAT boots for 13 years now, the upper is still in great shape and they are still 100% waterproof. Soles are easy to replace on these.", "is_submitter": false, "distinguished": null, "created_utc": 1645717583.0, "parent_id": "t3_t08ohz", "replies": [{"author": "chp656s", "id": "hy9sm0u", "score": 1, "subreddit": "BuyItForLife", "author_flair": null, "submission": "t08ohz", "stickied": false, "body": "thanks", "is_submitter": true, "distinguished": null, "created_utc": 1645726607.0, "parent_id": "t1_hy94ja6", "replies": []}, {"author": "chp656s", "id": "hz82gyw", "score": 1, "subreddit": "BuyItForLife", "author_flair": null, "submission": "t08ohz", "stickied": false, "body": "I actually bought some of these! looked them up when you suggested them and they happened to be on sale for only 90.00", "is_submitter": true, "distinguished": null, "created_utc": 1646336984.0, "parent_id": "t1_hy94ja6", "replies": [{"author": "TangoDeltaFoxtrot", "id": "hz8fnln", "score": 2, "subreddit": "BuyItForLife", "author_flair": null, "submission": "t08ohz", "stickied": false, "body": "What a deal, hope you enjoy them!", "is_submitter": false, "distinguished": null, "created_utc": 1646342201.0, "parent_id": "t1_hz82gyw", "replies": [{"author": "chp656s", "id": "hz8fsom", "score": 1, "subreddit": "BuyItForLife", "author_flair": null, "submission": "t08ohz", "stickied": false, "body": "definitely Initially impressed. time will tell ! thanks", "is_submitter": true, "distinguished": null, "created_utc": 1646342258.0, "parent_id": "t1_hz8fnln", "replies": []}]}]}]}, {"author": "Muncie4", "id": "hybyoac", "score": 0, "subreddit": "BuyItForLife", "author_flair": null, "submission": "t08ohz", "stickied": false, "body": "You are looking for waterproof steel toe boots that are goodyear welted for repairability.  Tactical mobility is not a thing.  Red Wings store with an in person fitting is probably the easy button as you can ask questions and get fitted in person.....you don't know your real shoe size I'm willing to bet!  Otherwise, many brands make waterproof goodyear welted boots to Include Timberland.  The issue with boot haters is MOST boot brands make quality and disposable boots so the Timberland haters hate on Timberland because their $80 Tim's made in Long Dong China don't last as long as the American made $200 Timberlands that professionals wear.  Replace Timberland with the word Red Wing and most other brands.", "is_submitter": false, "distinguished": null, "created_utc": 1645757934.0, "parent_id": "t3_t08ohz", "replies": [{"author": "chp656s", "id": "hyi0km9", "score": 2, "subreddit": "BuyItForLife", "author_flair": null, "submission": "t08ohz", "stickied": false, "body": "lol why so argumentative? my shoe size is 9.5 is that not the size? I agree about the change to lessor quality. sorry to ruin your day", "is_submitter": true, "distinguished": null, "created_utc": 1645870987.0, "parent_id": "t1_hybyoac", "replies": [{"author": "Muncie4", "id": "hyiudbn", "score": 1, "subreddit": "BuyItForLife", "author_flair": null, "submission": "t08ohz", "stickied": false, "body": "You are assigning an emotion to my post, let's not do that as I'm being informative and not argumentative.  9.5 is not your shoe size as quality shoes are measured via a Bannock device and are TWO metrics.  Length is one, width is the other and is a letter grade and Red Wing and other BIFL shoe makers make footwear to suit.  So you should buy not only BIFL footwear, the correct size footwear as you could ignorantly be buying 9.5EEE boots and being super passed off that they fit like dog ass is your fault as you didn't know you were a 9.5AA.  Again....go to a store and get a fitting.  And ill wager $10 in paypal that you are, in fact, NOT a 9.5 either....feet sizes can change over time.", "is_submitter": false, "distinguished": null, "created_utc": 1645889364.0, "parent_id": "t1_hyi0km9", "replies": [{"author": "chp656s", "id": "hyr8mz0", "score": 1, "subreddit": "BuyItForLife", "author_flair": null, "submission": "t08ohz", "stickied": false, "body": "this is much later and I agree! I have no idea why I got defensive. please forgive me", "is_submitter": true, "distinguished": null, "created_utc": 1646037392.0, "parent_id": "t1_hyiudbn", "replies": [{"author": "Muncie4", "id": "hysksa4", "score": 2, "subreddit": "BuyItForLife", "author_flair": null, "submission": "t08ohz", "stickied": false, "body": "We all do this, no worries!  :)", "is_submitter": false, "distinguished": null, "created_utc": 1646065374.0, "parent_id": "t1_hyr8mz0", "replies": []}]}]}]}]}]}