{"title": "My dad's sharpening stone still has the receipt from 1942. Still gets regular use.", "name": "t3_6r2pyn", "url": "https://imgur.com/gallery/h0ari", "selftext": "", "score": 2232, "upvote_ratio": 0.94, "permalink": "/r/BuyItForLife/comments/6r2pyn/my_dads_sharpening_stone_still_has_the_receipt/", "id": "6r2pyn", "author": "ClumsyGypsy", "link_flair_text": null, "num_comments": 90, "over_18": false, "spoiler": false, "pinned": false, "locked": false, "distinguished": null, "created_utc": 1501660882.0, "comments": [{"author": "manys", "id": "dl20nfp", "score": 165, "subreddit": "BuyItForLife", "author_flair": null, "submission": "6r2pyn", "stickied": false, "body": "Lap that bad boy.", "is_submitter": false, "distinguished": null, "created_utc": 1501674213.0, "parent_id": "t3_6r2pyn", "replies": [{"author": "etskinner", "id": "dl22vlu", "score": 73, "subreddit": "BuyItForLife", "author_flair": null, "submission": "6r2pyn", "stickied": false, "body": "Definitely. It seems like this stone would constantly make an edge and then break it to a different angle every time you do a stroke on this.", "is_submitter": false, "distinguished": null, "created_utc": 1501678070.0, "parent_id": "t1_dl20nfp", "replies": [{"author": "AndrewFGleich", "id": "dl25vu0", "score": 16, "subreddit": "BuyItForLife", "author_flair": null, "submission": "6r2pyn", "stickied": false, "body": "Is there a good sub for knife sharpening. I have a stone but my jnofes have 0 edge left so it's like sharpening bar stock at this point ", "is_submitter": false, "distinguished": null, "created_utc": 1501682152.0, "parent_id": "t1_dl22vlu", "replies": [{"author": "TheBlueberryPirate", "id": "dl26hep", "score": 13, "subreddit": "BuyItForLife", "author_flair": null, "submission": "6r2pyn", "stickied": false, "body": "There are tons of videos on YouTube, that's how I've learned to use my sharpening stones.  I usually would rather read about a topic than watch a video but in this case my knives started getting way sharper after seeing the techniques vs reading them.", "is_submitter": false, "distinguished": null, "created_utc": 1501682886.0, "parent_id": "t1_dl25vu0", "replies": []}, {"author": "BraggScattering", "id": "dl2bwgq", "score": 8, "subreddit": "BuyItForLife", "author_flair": null, "submission": "6r2pyn", "stickied": false, "body": "If you are lookin' to do some book learnin', I recommend [\"The Complete Guide To Sharpening\", by Leonard Lee](https://www.amazon.com/gp/product/1561581259/ref=oh_aui_detailpage_o04_s00?ie=UTF8&psc=1).", "is_submitter": false, "distinguished": null, "created_utc": 1501688806.0, "parent_id": "t1_dl25vu0", "replies": []}, {"author": "etskinner", "id": "dl26kyc", "score": 10, "subreddit": "BuyItForLife", "author_flair": null, "submission": "6r2pyn", "stickied": false, "body": "I got the [Edge Pro Apex](http://www.edgeproinc.com/Apex-Model-Edge-Pro-System-c3/) and never looked back, it's essentially whetstones without having to get good at it. They have numerous [videos on how to use it](http://www.edgeproinc.com/Videos.html), and if you go up through the stone grits, you can get them pretty razor sharp.\n\nThat being said, I bet subs like /r/knives and /r/AskCulinary could help. Also, there's no shame in just taking them in to a professional to sharpen for a few bucks.", "is_submitter": false, "distinguished": null, "created_utc": 1501683007.0, "parent_id": "t1_dl25vu0", "replies": [{"author": "Its_Probably_Me", "id": "dl2iq52", "score": 8, "subreddit": "BuyItForLife", "author_flair": null, "submission": "6r2pyn", "stickied": false, "body": "/r/knifeclub is probably a better bet, place it is easy to find someone there to do an initial sharpening for them so the starting point will be more managable", "is_submitter": false, "distinguished": null, "created_utc": 1501695678.0, "parent_id": "t1_dl26kyc", "replies": [{"author": "AlGoreBestGore", "id": "dl2wkwk", "score": 2, "subreddit": "BuyItForLife", "author_flair": null, "submission": "6r2pyn", "stickied": false, "body": "You just broke the first rule of /r/knifeclub. ", "is_submitter": false, "distinguished": null, "created_utc": 1501709554.0, "parent_id": "t1_dl2iq52", "replies": [{"author": "Its_Probably_Me", "id": "dl2wod3", "score": 1, "subreddit": "BuyItForLife", "author_flair": null, "submission": "6r2pyn", "stickied": false, "body": "I didnt see that coming!", "is_submitter": false, "distinguished": null, "created_utc": 1501709657.0, "parent_id": "t1_dl2wkwk", "replies": []}, {"author": "DELETED", "id": "dl365jl", "score": 1, "subreddit": "BuyItForLife", "author_flair": null, "submission": "6r2pyn", "stickied": false, "body": "The first rule of /r/knifeclub is to talk about knifeclub though.....", "is_submitter": false, "distinguished": null, "created_utc": 1501720089.0, "parent_id": "t1_dl2wkwk", "replies": []}]}]}, {"author": "AndrewFGleich", "id": "dl2b1rw", "score": 3, "subreddit": "BuyItForLife", "author_flair": null, "submission": "6r2pyn", "stickied": false, "body": "Hey you were totally right. /r/knives even has a weekly thread on knife sharpening. Thanks!", "is_submitter": false, "distinguished": null, "created_utc": 1501687937.0, "parent_id": "t1_dl26kyc", "replies": []}, {"author": "old_shart", "id": "dl3uhhz", "score": 2, "subreddit": "BuyItForLife", "author_flair": null, "submission": "6r2pyn", "stickied": false, "body": "> without having to get good at it\n\nAs someone who is very bad at sharpening knives, that looks like something that would work for me. ", "is_submitter": false, "distinguished": null, "created_utc": 1501764466.0, "parent_id": "t1_dl26kyc", "replies": [{"author": "etskinner", "id": "dl3uvuy", "score": 1, "subreddit": "BuyItForLife", "author_flair": null, "submission": "6r2pyn", "stickied": false, "body": "Don't get me wrong, you do have to learn it, but the learning curve is much shallower.", "is_submitter": false, "distinguished": null, "created_utc": 1501765055.0, "parent_id": "t1_dl3uhhz", "replies": [{"author": "old_shart", "id": "dl3wmq1", "score": 2, "subreddit": "BuyItForLife", "author_flair": null, "submission": "6r2pyn", "stickied": false, "body": "Since my problem is keeping the proper angle, it looks like it would help with that. I have a tristone and can get them sharpish, so I won't be buying a new product. I have a favorite knife which I take to get sharpened. \n\n", "is_submitter": false, "distinguished": null, "created_utc": 1501767420.0, "parent_id": "t1_dl3uvuy", "replies": []}]}]}, {"author": "aaronthearcher", "id": "dl2hliv", "score": 1, "subreddit": "BuyItForLife", "author_flair": null, "submission": "6r2pyn", "stickied": false, "body": "A newer better much improved copy of the edge pro is the hapstone pro. Or spend a good bit more and get the tsprof. ", "is_submitter": false, "distinguished": null, "created_utc": 1501694553.0, "parent_id": "t1_dl26kyc", "replies": []}]}, {"author": "DELETED", "id": "dl388hn", "score": 3, "subreddit": "BuyItForLife", "author_flair": null, "submission": "6r2pyn", "stickied": false, "body": "/r/chefknives", "is_submitter": false, "distinguished": null, "created_utc": 1501722736.0, "parent_id": "t1_dl25vu0", "replies": [{"author": "oddthingtosay", "id": "dl3k8m1", "score": 1, "subreddit": "BuyItForLife", "author_flair": null, "submission": "6r2pyn", "stickied": false, "body": "> r/chefjnofes\n\nftfy", "is_submitter": false, "distinguished": null, "created_utc": 1501741052.0, "parent_id": "t1_dl388hn", "replies": []}]}, {"author": "AnthAmbassador", "id": "dls11w0", "score": 2, "subreddit": "BuyItForLife", "author_flair": null, "submission": "6r2pyn", "stickied": false, "body": "I'd suggest you start with a belt sander, if you can get one that goes relatively slowly.\n\nI usually start with a 4 inch wide belt sander to shape, and then finish with a fancy variable speed number that does 1 1/8 wide belts. \n\nIf you don't have power tools, just check out the Scary Sharp method.\n\nI have a fuck ton of sharpening stones, and I really enjoy sharpening knives, but 9 times out of 10, i use my belt sander, it's just faster and easier.", "is_submitter": false, "distinguished": null, "created_utc": 1503016862.0, "parent_id": "t1_dl25vu0", "replies": [{"author": "AndrewFGleich", "id": "dls2dg1", "score": 1, "subreddit": "BuyItForLife", "author_flair": null, "submission": "6r2pyn", "stickied": false, "body": "Wow, totally forgot I made this comment. Thanks for replying regardless. I have a belt sander so it wouldn't be too hard to try. Funny thing is I already did this with a couple putty knives but never thought about it for the kitchen ones.", "is_submitter": false, "distinguished": null, "created_utc": 1503018559.0, "parent_id": "t1_dls11w0", "replies": [{"author": "AnthAmbassador", "id": "dls6lpy", "score": 2, "subreddit": "BuyItForLife", "author_flair": null, "submission": "6r2pyn", "stickied": false, "body": "The key is to not heat the metal, so keep a wet sponge on hand, do a pass on the belt sander, and then wipe on sponge. That should keep the heat manageable no matter the speed of the belt. Good knives are sensitive to heat, messes with the tempering.", "is_submitter": false, "distinguished": null, "created_utc": 1503024003.0, "parent_id": "t1_dls2dg1", "replies": []}]}]}, {"author": "DELETED", "id": "dl3cm1a", "score": 1, "subreddit": "BuyItForLife", "author_flair": null, "submission": "6r2pyn", "stickied": false, "body": "I hate it when jnofes do that ", "is_submitter": false, "distinguished": null, "created_utc": 1501728429.0, "parent_id": "t1_dl25vu0", "replies": []}]}, {"author": "_keen", "id": "dl2bsg8", "score": 2, "subreddit": "BuyItForLife", "author_flair": null, "submission": "6r2pyn", "stickied": false, "body": "Actually, if you look at stones used by professional carpenters in the past, most of them were maintained with a steady concavity. [Source](https://paulsellers.com/2014/12/primitive-sharpening-from-times-past/)\n\n Also, this is a palm stone, so was probably used on axes, not a straight edge like a knife or plane blade.", "is_submitter": false, "distinguished": null, "created_utc": 1501688691.0, "parent_id": "t1_dl22vlu", "replies": [{"author": "etskinner", "id": "dl2iq0c", "score": 8, "subreddit": "BuyItForLife", "author_flair": null, "submission": "6r2pyn", "stickied": false, "body": "I don't think they were as much maintained that way as worn down that way. That was the normal, not the ideal. I recognize that you can get a plenty good edge with one if you have the know-how, but 'the way it's always been done' isn't always the best way.\n\nGood point about it being a hand stone though, that kind of negates this whole discussion.", "is_submitter": false, "distinguished": null, "created_utc": 1501695674.0, "parent_id": "t1_dl2bsg8", "replies": []}, {"author": "TheCalculatingGamer", "id": "dl2s8wh", "score": 2, "subreddit": "BuyItForLife", "author_flair": null, "submission": "6r2pyn", "stickied": false, "body": "I don't know if I would want to use the stones pictured in Paul's blog (those look really dished), but I did just learn about diamond stones that are purposely manufactured with a very slight concavity.  Here's a [post from Christopher Schwarz](http://www.popularwoodworking.com/tools/tool-reviews/odate_crowning_plate_sharpening_stones) and a [video from Frank Klausz](https://youtu.be/pAR9fyXV8go?t=6m12s) if anyone's interested. I didn't know this was a thing until today.", "is_submitter": false, "distinguished": null, "created_utc": 1501705102.0, "parent_id": "t1_dl2bsg8", "replies": [{"author": "_keen", "id": "dl2t5zl", "score": 1, "subreddit": "BuyItForLife", "author_flair": null, "submission": "6r2pyn", "stickied": false, "body": "Huh, that's really cool. I don't think those old stones were used with a consistent angle but worked with the natural mechanics of the arms. Paul talks about this a little in his sharpening videos, where he builds a convex edge simply by pushing in a way that alters the angle of the blade.", "is_submitter": false, "distinguished": null, "created_utc": 1501706016.0, "parent_id": "t1_dl2s8wh", "replies": []}, {"author": "manys", "id": "dl2v6g6", "score": 1, "subreddit": "BuyItForLife", "author_flair": null, "submission": "6r2pyn", "stickied": false, "body": "Those are for plane blades, which are supposed to have a slightly curved edge (9:20 in the Klausz video).", "is_submitter": false, "distinguished": null, "created_utc": 1501708059.0, "parent_id": "t1_dl2s8wh", "replies": []}]}]}, {"author": "AnthAmbassador", "id": "dls0wzr", "score": 1, "subreddit": "BuyItForLife", "author_flair": null, "submission": "6r2pyn", "stickied": false, "body": "Just creates a rounded edge. It isn't ideal, but it won't really ruin anything, other than making you remove more material than necessary on the back, or ending up with a less acute angle on the edge.", "is_submitter": false, "distinguished": null, "created_utc": 1503016688.0, "parent_id": "t1_dl22vlu", "replies": []}]}]}, {"author": "DeadEndDeerCamp", "id": "dl212ys", "score": 43, "subreddit": "BuyItForLife", "author_flair": null, "submission": "6r2pyn", "stickied": false, "body": "When an original receipt is required for replacement under warranty...", "is_submitter": false, "distinguished": null, "created_utc": 1501675033.0, "parent_id": "t3_6r2pyn", "replies": [{"author": "cleeder", "id": "dl2m6iw", "score": 15, "subreddit": "BuyItForLife", "author_flair": null, "submission": "6r2pyn", "stickied": false, "body": "I saw a lightbulb the other day that had a 3 year warranty...if you kept the original receipt and packaging.", "is_submitter": false, "distinguished": null, "created_utc": 1501699077.0, "parent_id": "t1_dl212ys", "replies": []}]}, {"author": "iunnox", "id": "dl22wal", "score": 55, "subreddit": "BuyItForLife", "author_flair": null, "submission": "6r2pyn", "stickied": false, "body": "Nice! Needs to be reflattened though, can't be working too well with that big dip in the middle.", "is_submitter": false, "distinguished": null, "created_utc": 1501678098.0, "parent_id": "t3_6r2pyn", "replies": [{"author": "ClumsyGypsy", "id": "dl2a99c", "score": 44, "subreddit": "BuyItForLife", "author_flair": null, "submission": "6r2pyn", "stickied": false, "body": "Will do. Although I've just been using the other side. Figure it's good for another 75 years.", "is_submitter": true, "distinguished": null, "created_utc": 1501687115.0, "parent_id": "t1_dl22wal", "replies": []}, {"author": "canine_canestas", "id": "dl2yl7m", "score": 2, "subreddit": "BuyItForLife", "author_flair": null, "submission": "6r2pyn", "stickied": false, "body": "/r/wellworn", "is_submitter": false, "distinguished": null, "created_utc": 1501711812.0, "parent_id": "t1_dl22wal", "replies": []}]}, {"author": "turtleknifefight", "id": "dl27xsd", "score": 13, "subreddit": "BuyItForLife", "author_flair": null, "submission": "6r2pyn", "stickied": false, "body": "Cool stone. I think its time to flatten it out. \n\nA piece of glass and some sandpaper will flatten it out with some elbow grease. \n\nhttps://www.youtube.com/watch?v=ABRs2HkXkUE", "is_submitter": false, "distinguished": null, "created_utc": 1501684571.0, "parent_id": "t3_6r2pyn", "replies": [{"author": "ClumsyGypsy", "id": "dl2bg4v", "score": 5, "subreddit": "BuyItForLife", "author_flair": null, "submission": "6r2pyn", "stickied": false, "body": "Cheers\n", "is_submitter": true, "distinguished": null, "created_utc": 1501688348.0, "parent_id": "t1_dl27xsd", "replies": []}]}, {"author": "funkless_eck", "id": "dl23cc3", "score": 29, "subreddit": "BuyItForLife", "author_flair": null, "submission": "6r2pyn", "stickied": false, "body": "Is this post about the stone or the receipt? ", "is_submitter": false, "distinguished": null, "created_utc": 1501678764.0, "parent_id": "t3_6r2pyn", "replies": [{"author": "got-trunks", "id": "dl25xo7", "score": 42, "subreddit": "BuyItForLife", "author_flair": null, "submission": "6r2pyn", "stickied": false, "body": "Those old receipts just last so much longer than our new ones. one afternoon in a hot wallet, ruined! \n\nNow these receipts, wew laddy let me tell you. records for life ", "is_submitter": false, "distinguished": null, "created_utc": 1501682214.0, "parent_id": "t1_dl23cc3", "replies": [{"author": "AtomicFlx", "id": "dl2dbzl", "score": 10, "subreddit": "BuyItForLife", "author_flair": null, "submission": "6r2pyn", "stickied": false, "body": "Actually you are correct. The thermal paper used today does not last very long, even under ideal conditions thermal paper will fade after a few years and even faster with any kind of heat exposure. ", "is_submitter": false, "distinguished": null, "created_utc": 1501690264.0, "parent_id": "t1_dl25xo7", "replies": [{"author": "MarkBeeblebrox", "id": "dl2jn3v", "score": 6, "subreddit": "BuyItForLife", "author_flair": null, "submission": "6r2pyn", "stickied": false, "body": "Very important information when you dump $300-$400 in change into a coinstar and get a gift certificate. That's\u200b a lot of money on paper that can change color if you crease it.\n\nPlus handling it isn't good for pregnant woman because of the chemicals. I want to say BPA.", "is_submitter": false, "distinguished": null, "created_utc": 1501696579.0, "parent_id": "t1_dl2dbzl", "replies": [{"author": "cleeder", "id": "dl2mbfb", "score": 2, "subreddit": "BuyItForLife", "author_flair": null, "submission": "6r2pyn", "stickied": false, "body": "It's not good for _anybody_, actually. Worse when it's your job to hand them out all day.", "is_submitter": false, "distinguished": null, "created_utc": 1501699213.0, "parent_id": "t1_dl2jn3v", "replies": []}]}]}]}, {"author": "genghiscoyne", "id": "dl23fci", "score": 7, "subreddit": "BuyItForLife", "author_flair": null, "submission": "6r2pyn", "stickied": false, "body": "Yes", "is_submitter": false, "distinguished": null, "created_utc": 1501678887.0, "parent_id": "t1_dl23cc3", "replies": []}, {"author": "dep318", "id": "dl28gs3", "score": 1, "subreddit": "BuyItForLife", "author_flair": null, "submission": "6r2pyn", "stickied": false, "body": "Neither", "is_submitter": false, "distinguished": null, "created_utc": 1501685168.0, "parent_id": "t1_dl23cc3", "replies": [{"author": "funkless_eck", "id": "dl28u06", "score": 6, "subreddit": "BuyItForLife", "author_flair": null, "submission": "6r2pyn", "stickied": false, "body": "Ah now I see.\n\nThe dad gets regular use. ", "is_submitter": false, "distinguished": null, "created_utc": 1501685576.0, "parent_id": "t1_dl28gs3", "replies": []}]}]}, {"author": "A_BayBay", "id": "dl22hi3", "score": 83, "subreddit": "BuyItForLife", "author_flair": null, "submission": "6r2pyn", "stickied": false, "body": "A rock is buy it for life? No way!", "is_submitter": false, "distinguished": null, "created_utc": 1501677462.0, "parent_id": "t3_6r2pyn", "replies": [{"author": "stifflizerd", "id": "dl25lxx", "score": 34, "subreddit": "BuyItForLife", "author_flair": null, "submission": "6r2pyn", "stickied": false, "body": "You'd be surprised how many of these degrade over time. Improper use and poor upkeep are the main reasons, but most people think \"oh it's just a rock\" and don't bother keep it perfectly flat/smooth which results in poor, uneven edges and can do considerable harm to your blade depending on what it is", "is_submitter": false, "distinguished": null, "created_utc": 1501681818.0, "parent_id": "t1_dl22hi3", "replies": [{"author": "yelruh00", "id": "dl26nl1", "score": 22, "subreddit": "BuyItForLife", "author_flair": null, "submission": "6r2pyn", "stickied": false, "body": "IMO improper use and poor upkeep could make any BIFL product degrade over time.", "is_submitter": false, "distinguished": null, "created_utc": 1501683093.0, "parent_id": "t1_dl25lxx", "replies": [{"author": "Gpotato", "id": "dl2ggu3", "score": 2, "subreddit": "BuyItForLife", "author_flair": null, "submission": "6r2pyn", "stickied": false, "body": "Exactly.  The reason I go to this sub is to find items that I need, and can also maintain well to keep around for a long time.  ", "is_submitter": false, "distinguished": null, "created_utc": 1501693424.0, "parent_id": "t1_dl26nl1", "replies": []}]}, {"author": "hellopandant", "id": "dl26oak", "score": 2, "subreddit": "BuyItForLife", "author_flair": null, "submission": "6r2pyn", "stickied": false, "body": "Huh, TIL, makes sense. If I have a grooved, marked stone though, could I like smooth it out and then it would be in good condition?", "is_submitter": false, "distinguished": null, "created_utc": 1501683115.0, "parent_id": "t1_dl25lxx", "replies": [{"author": "wingedcoyote", "id": "dl284kw", "score": 5, "subreddit": "BuyItForLife", "author_flair": null, "submission": "6r2pyn", "stickied": false, "body": "Yep! Although it will be thinner, so there's theoretically a limited number of times you can do this.", "is_submitter": false, "distinguished": null, "created_utc": 1501684784.0, "parent_id": "t1_dl26oak", "replies": [{"author": "hamakabi", "id": "dl2bhnp", "score": 3, "subreddit": "BuyItForLife", "author_flair": null, "submission": "6r2pyn", "stickied": false, "body": "same as a knife, really.  Both will shrink through continued use, but neither should become unusable in a single lifetime.", "is_submitter": false, "distinguished": null, "created_utc": 1501688391.0, "parent_id": "t1_dl284kw", "replies": [{"author": "AtomicFlx", "id": "dl2d9jv", "score": 2, "subreddit": "BuyItForLife", "author_flair": null, "submission": "6r2pyn", "stickied": false, "body": "Gonna have to disagree on that knife part. I haven't used up a stone as I use dimond stones, but I have definitely gotten to a point where some of my knives are getting near replacement size. ", "is_submitter": false, "distinguished": null, "created_utc": 1501690194.0, "parent_id": "t1_dl2bhnp", "replies": [{"author": "iamheero", "id": "dl2g3bb", "score": 6, "subreddit": "BuyItForLife", "author_flair": null, "submission": "6r2pyn", "stickied": false, "body": "Either you sharpen way too often, you're very old, or you're a professional cook/chef because that's not very common at all.", "is_submitter": false, "distinguished": null, "created_utc": 1501693043.0, "parent_id": "t1_dl2d9jv", "replies": [{"author": "cleeder", "id": "dl2m4xg", "score": 3, "subreddit": "BuyItForLife", "author_flair": null, "submission": "6r2pyn", "stickied": false, "body": "Probably using too heavy of a grit when he does sharpen. Once you have your edge, you only need a fine grit to re-sharpen/hone.", "is_submitter": false, "distinguished": null, "created_utc": 1501699033.0, "parent_id": "t1_dl2g3bb", "replies": [{"author": "iamheero", "id": "dl2tche", "score": 1, "subreddit": "BuyItForLife", "author_flair": null, "submission": "6r2pyn", "stickied": false, "body": "Oh yeah good call. Restarting at 400-1000 grit each time would do it (but it'd still take a while)!", "is_submitter": false, "distinguished": null, "created_utc": 1501706195.0, "parent_id": "t1_dl2m4xg", "replies": []}]}]}]}]}]}]}, {"author": "sopwath", "id": "dl2uadh", "score": 1, "subreddit": "BuyItForLife", "author_flair": null, "submission": "6r2pyn", "stickied": false, "body": "https://paulsellers.com/2014/12/sharpening-stones-watch-out-for-the-bumps/\n\nWhile he concedes that diamond plates are basically the best option for most people today, there was a time when oilstones were the only (or at least the best) option for sharpening. They worked fine for literally hundreds of years.", "is_submitter": false, "distinguished": null, "created_utc": 1501707144.0, "parent_id": "t1_dl25lxx", "replies": []}]}, {"author": "DELETED", "id": "dl3cn77", "score": 2, "subreddit": "BuyItForLife", "author_flair": null, "submission": "6r2pyn", "stickied": false, "body": "Dude I have this rock that at least, like, ten million years old. ", "is_submitter": false, "distinguished": null, "created_utc": 1501728470.0, "parent_id": "t1_dl22hi3", "replies": []}]}, {"author": "Travis_T_OJustice", "id": "dl256di", "score": 10, "subreddit": "BuyItForLife", "author_flair": null, "submission": "6r2pyn", "stickied": false, "body": "Does it matter it isn't flat anymore? Butchers and vets I know rub the knife on the stone. I would have thought the depression would affect the edge. ", "is_submitter": false, "distinguished": null, "created_utc": 1501681275.0, "parent_id": "t3_6r2pyn", "replies": [{"author": "DELETED", "id": "dl26aop", "score": 30, "subreddit": "BuyItForLife", "author_flair": null, "submission": "6r2pyn", "stickied": false, "body": "Woodworker here: This stone is unusable in its current state. But you can flatten them down and they're good as new. ", "is_submitter": false, "distinguished": null, "created_utc": 1501682657.0, "parent_id": "t1_dl256di", "replies": [{"author": "noctrnalsymphony", "id": "dl2ao37", "score": 4, "subreddit": "BuyItForLife", "author_flair": null, "submission": "6r2pyn", "stickied": false, "body": "What do you use to accomplish that? I am not handy.", "is_submitter": false, "distinguished": null, "created_utc": 1501687540.0, "parent_id": "t1_dl26aop", "replies": [{"author": "hamakabi", "id": "dl2bja2", "score": 20, "subreddit": "BuyItForLife", "author_flair": null, "submission": "6r2pyn", "stickied": false, "body": "a harder stone. ", "is_submitter": false, "distinguished": null, "created_utc": 1501688437.0, "parent_id": "t1_dl2ao37", "replies": [{"author": "noctrnalsymphony", "id": "dl2bqon", "score": 2, "subreddit": "BuyItForLife", "author_flair": null, "submission": "6r2pyn", "stickied": false, "body": "I guess that should've been obvious, but I was more interested in how you accomplish making it exactly flat.", "is_submitter": false, "distinguished": null, "created_utc": 1501688643.0, "parent_id": "t1_dl2bja2", "replies": [{"author": "DELETED", "id": "dl2cxc4", "score": 9, "subreddit": "BuyItForLife", "author_flair": null, "submission": "6r2pyn", "stickied": false, "body": "A lapping block is usually bigger than the stone you are flattening and has a harder abrasive. When you lap the smaller stone, it flattens out the high spots to match the low, much like using a sanding block on a piece of wood or an automotive body panel.", "is_submitter": false, "distinguished": null, "created_utc": 1501689849.0, "parent_id": "t1_dl2bqon", "replies": [{"author": "noctrnalsymphony", "id": "dl2d4nm", "score": 1, "subreddit": "BuyItForLife", "author_flair": null, "submission": "6r2pyn", "stickied": false, "body": "Thanks!", "is_submitter": false, "distinguished": null, "created_utc": 1501690055.0, "parent_id": "t1_dl2cxc4", "replies": []}, {"author": "DELETED", "id": "dl2oxbl", "score": 1, "subreddit": "BuyItForLife", "author_flair": null, "submission": "6r2pyn", "stickied": false, "body": "For very fine stones, how do you remove the contaminant that the lapping block leaves on the sharpening stone? ", "is_submitter": false, "distinguished": null, "created_utc": 1501701784.0, "parent_id": "t1_dl2cxc4", "replies": [{"author": "DELETED", "id": "dl2snv6", "score": 1, "subreddit": "BuyItForLife", "author_flair": null, "submission": "6r2pyn", "stickied": false, "body": "Rinsing with water works well, but dry brushing can remove most of it. ", "is_submitter": false, "distinguished": null, "created_utc": 1501705513.0, "parent_id": "t1_dl2oxbl", "replies": []}]}]}]}]}, {"author": "DELETED", "id": "dl2sq3a", "score": 3, "subreddit": "BuyItForLife", "author_flair": null, "submission": "6r2pyn", "stickied": false, "body": "A mechanically flat surface, like a pane of glass or a table saw bed, and a sheet of really abrasive wet sandpaper.", "is_submitter": false, "distinguished": null, "created_utc": 1501705575.0, "parent_id": "t1_dl2ao37", "replies": [{"author": "SalamalaS", "id": "dl37dg8", "score": 1, "subreddit": "BuyItForLife", "author_flair": null, "submission": "6r2pyn", "stickied": false, "body": "Something like 60 > 120 > 200 ?", "is_submitter": false, "distinguished": null, "created_utc": 1501721656.0, "parent_id": "t1_dl2sq3a", "replies": [{"author": "DELETED", "id": "dl39zf2", "score": 2, "subreddit": "BuyItForLife", "author_flair": null, "submission": "6r2pyn", "stickied": false, "body": "I just ran out to my garage to check, and I'm just using 220 grit paper to flatten my 1000/6000 stone. I just rub it in a circular motion and check it every so often with a straight edge. Works like a charm.", "is_submitter": false, "distinguished": null, "created_utc": 1501724977.0, "parent_id": "t1_dl37dg8", "replies": []}]}, {"author": "blumhagen", "id": "dl5mjed", "score": 1, "subreddit": "BuyItForLife", "author_flair": null, "submission": "6r2pyn", "stickied": false, "body": "Of course you could just use this method to sharpen your knives. I do & it works great.", "is_submitter": false, "distinguished": null, "created_utc": 1501852419.0, "parent_id": "t1_dl2sq3a", "replies": [{"author": "DELETED", "id": "dl7ilj9", "score": 1, "subreddit": "BuyItForLife", "author_flair": null, "submission": "6r2pyn", "stickied": false, "body": "I suppose, but the sandpaper slips around the surface and I wouldn't like that much.", "is_submitter": false, "distinguished": null, "created_utc": 1501954864.0, "parent_id": "t1_dl5mjed", "replies": []}]}]}]}, {"author": "sopwath", "id": "dl3a7wq", "score": 2, "subreddit": "BuyItForLife", "author_flair": null, "submission": "6r2pyn", "stickied": false, "body": "Unusable is not true, it does take a certain skill to use a stone so heavily concave however.", "is_submitter": false, "distinguished": null, "created_utc": 1501725285.0, "parent_id": "t1_dl26aop", "replies": []}, {"author": "CR4V3N", "id": "dl2ca93", "score": 2, "subreddit": "BuyItForLife", "author_flair": null, "submission": "6r2pyn", "stickied": false, "body": "Use the other side. ", "is_submitter": false, "distinguished": null, "created_utc": 1501689196.0, "parent_id": "t1_dl26aop", "replies": [{"author": "ClumsyGypsy", "id": "dl37uzq", "score": 2, "subreddit": "BuyItForLife", "author_flair": null, "submission": "6r2pyn", "stickied": false, "body": "Let em go ;)", "is_submitter": true, "distinguished": null, "created_utc": 1501722267.0, "parent_id": "t1_dl2ca93", "replies": []}]}]}, {"author": "kronaz", "id": "dl33n9l", "score": 0, "subreddit": "BuyItForLife", "author_flair": null, "submission": "6r2pyn", "stickied": false, "body": "[redacted]", "is_submitter": false, "distinguished": null, "created_utc": 1501717355.0, "parent_id": "t1_dl256di", "replies": []}]}, {"author": "DELETED", "id": "dl1w4k3", "score": 9, "subreddit": "BuyItForLife", "author_flair": null, "submission": "6r2pyn", "stickied": false, "body": "Fucking old school. Damn man. ", "is_submitter": false, "distinguished": null, "created_utc": 1501663005.0, "parent_id": "t3_6r2pyn", "replies": []}, {"author": "Jimassho", "id": "dl22dn7", "score": 3, "subreddit": "BuyItForLife", "author_flair": null, "submission": "6r2pyn", "stickied": false, "body": "You obviously should return it for a refund now. ", "is_submitter": false, "distinguished": null, "created_utc": 1501677288.0, "parent_id": "t3_6r2pyn", "replies": []}, {"author": "DELETED", "id": "dl21wm7", "score": 7, "subreddit": "BuyItForLife", "author_flair": null, "submission": "6r2pyn", "stickied": false, "body": "[deleted]", "is_submitter": false, "distinguished": null, "created_utc": 1501676503.0, "parent_id": "t3_6r2pyn", "replies": [{"author": "DELETED", "id": "dl2v4et", "score": 4, "subreddit": "BuyItForLife", "author_flair": null, "submission": "6r2pyn", "stickied": false, "body": "There's dozens of us!", "is_submitter": false, "distinguished": null, "created_utc": 1501707998.0, "parent_id": "t1_dl21wm7", "replies": []}]}, {"author": "thaidrogo", "id": "dl2j7tp", "score": 2, "subreddit": "BuyItForLife", "author_flair": null, "submission": "6r2pyn", "stickied": false, "body": "My dad bought a very similar stone in London, around 1968. It's a size larger - 6\"x 2\"x 1\", and the label says \"For Carpenters and Joiners\". Its box is also falling apart. Fun to see another one on Reddit!", "is_submitter": false, "distinguished": null, "created_utc": 1501696157.0, "parent_id": "t3_6r2pyn", "replies": []}, {"author": "cbelt3", "id": "dl2ndnp", "score": 1, "subreddit": "BuyItForLife", "author_flair": null, "submission": "6r2pyn", "stickied": false, "body": "Very very nice ! I've got a pocket Arkansas stone in a leather pouch by Dad bought with his first knife.. so probably 1937...", "is_submitter": false, "distinguished": null, "created_utc": 1501700244.0, "parent_id": "t3_6r2pyn", "replies": []}, {"author": "Forrest319", "id": "dl2sap3", "score": 1, "subreddit": "BuyItForLife", "author_flair": null, "submission": "6r2pyn", "stickied": false, "body": "If you want some more karma, xpost to /r/chefknives.   Whetstones are a regular part of the discussion there and I'm sure they would like to see it.\n\nWhat was it used to sharpen?  I'm guessing razor blades by the size.  Any idea what grit?\n\nedit:  After a little googling it appears that this is a natural stone (not synthetic) with a grit of around 4k to 5k.  And it's definitely for razors.  You can probably get a couple hundred bucks for it if you sell, maybe more because of the provenance.  ", "is_submitter": false, "distinguished": null, "created_utc": 1501705151.0, "parent_id": "t3_6r2pyn", "replies": [{"author": "ClumsyGypsy", "id": "dl389ob", "score": 1, "subreddit": "BuyItForLife", "author_flair": null, "submission": "6r2pyn", "stickied": false, "body": "Oh right I did not know any of that. Pretty sure dad used it for chisels mostly and other tools and then brought it inside to use on knives once his plastic sharpener thing broke about a year ago. All his knives are blunt af though. ", "is_submitter": true, "distinguished": null, "created_utc": 1501722779.0, "parent_id": "t1_dl2sap3", "replies": []}]}, {"author": "mynameisalso", "id": "dl3co3q", "score": 1, "subreddit": "BuyItForLife", "author_flair": null, "submission": "6r2pyn", "stickied": false, "body": "That's the same stone used on a fixed jig", "is_submitter": false, "distinguished": null, "created_utc": 1501728504.0, "parent_id": "t3_6r2pyn", "replies": []}, {"author": "Sporadica", "id": "dl2dwa9", "score": 1, "subreddit": "BuyItForLife", "author_flair": null, "submission": "6r2pyn", "stickied": false, "body": "Always wondered what receipts looked like before adding machines and till tape", "is_submitter": false, "distinguished": null, "created_utc": 1501690836.0, "parent_id": "t3_6r2pyn", "replies": [{"author": "t90fan", "id": "dl2g8iw", "score": 1, "subreddit": "BuyItForLife", "author_flair": null, "submission": "6r2pyn", "stickied": false, "body": "They had those in the 40s. They were mechanical.", "is_submitter": false, "distinguished": null, "created_utc": 1501693192.0, "parent_id": "t1_dl2dwa9", "replies": []}]}, {"author": "kindall", "id": "dl2euru", "score": 0, "subreddit": "BuyItForLife", "author_flair": null, "submission": "6r2pyn", "stickied": false, "body": "Who exactly celebrated this stone?", "is_submitter": false, "distinguished": null, "created_utc": 1501691807.0, "parent_id": "t3_6r2pyn", "replies": []}, {"author": "TheBurningBeard", "id": "dl21flu", "score": -1, "subreddit": "BuyItForLife", "author_flair": null, "submission": "6r2pyn", "stickied": false, "body": "Given that a sharpening stone is a consumable, can it easily be bifl?\n\nEdit: autocorrect.", "is_submitter": false, "distinguished": null, "created_utc": 1501675688.0, "parent_id": "t3_6r2pyn", "replies": [{"author": "Forrest319", "id": "dl2siru", "score": 1, "subreddit": "BuyItForLife", "author_flair": null, "submission": "6r2pyn", "stickied": false, "body": "If it takes longer than one lifetime to consume, yes.", "is_submitter": false, "distinguished": null, "created_utc": 1501705373.0, "parent_id": "t1_dl21flu", "replies": [{"author": "TheBurningBeard", "id": "dl2sse0", "score": 2, "subreddit": "BuyItForLife", "author_flair": null, "submission": "6r2pyn", "stickied": false, "body": "I know people that have gone through multiple sharpening stones in the period of a few years.", "is_submitter": false, "distinguished": null, "created_utc": 1501705640.0, "parent_id": "t1_dl2siru", "replies": [{"author": "Forrest319", "id": "dl2t2wp", "score": 1, "subreddit": "BuyItForLife", "author_flair": null, "submission": "6r2pyn", "stickied": false, "body": "And OPs dad didn't.  Different products, different use, different lifespans.  You're taking the 'for life' part too literally.", "is_submitter": false, "distinguished": null, "created_utc": 1501705930.0, "parent_id": "t1_dl2sse0", "replies": []}, {"author": "sopwath", "id": "dl39cms", "score": 1, "subreddit": "BuyItForLife", "author_flair": null, "submission": "6r2pyn", "stickied": false, "body": "This depends on usage type and the type/quality of the stone. An Arkansas oil stone wears differently from a bonded aluminum oxide stone.", "is_submitter": false, "distinguished": null, "created_utc": 1501724166.0, "parent_id": "t1_dl2sse0", "replies": []}]}]}]}, {"author": "DELETED", "id": "dl2255a", "score": -12, "subreddit": "BuyItForLife", "author_flair": null, "submission": "6r2pyn", "stickied": false, "body": "[removed]", "is_submitter": false, "distinguished": null, "created_utc": 1501676895.0, "parent_id": "t3_6r2pyn", "replies": [{"author": "kazoozle", "id": "dl25us0", "score": 6, "subreddit": "BuyItForLife", "author_flair": null, "submission": "6r2pyn", "stickied": false, "body": "Where do you think you are? ", "is_submitter": false, "distinguished": null, "created_utc": 1501682117.0, "parent_id": "t1_dl2255a", "replies": []}]}]}