{"title": "Women's shoes recommendations", "name": "t3_u5q89m", "url": "https://www.reddit.com/r/BuyItForLife/comments/u5q89m/womens_shoes_recommendations/", "selftext": "TL;dr: looking for brands/styles for quality women's footwear for feet that are wide at the ball but average to narrow at the heel.\n\nI have come to the point in my life where I want to invest in some better quality shoes. I am through the younger, broke-er years, I've had my three babies, and my weight isn't far off of where I expect to settle for good.\n\nI've invested in thong-style Birkenstocks for summers. Happy there, no intention of changing that until they wear out, at which point I know what to do...buy another pair of Birkenstocks in the same style. \n\nWhat I'm looking for:\n* ankle boots (slip on preferred, but zip is ok too)\n* ballet flats\n* Mid-calf to knee-high boots that are moderately warm\n* A dressier strappy sandal\n\nAnyone have leads? I don't even know where to start. The places I've mostly gotten shoes have been Payless Shoes or slightly higher quality, so I'm way out of my familiar zone.\n\nA couple other relevant pieces: I'm in Canada, and don't cross border shop much, so it either has to be available here or decent online delivery.", "score": 16, "upvote_ratio": 0.95, "permalink": "/r/BuyItForLife/comments/u5q89m/womens_shoes_recommendations/", "id": "u5q89m", "author": "concentrated-amazing", "link_flair_text": "[Request]", "num_comments": 36, "over_18": false, "spoiler": false, "pinned": false, "locked": false, "distinguished": null, "created_utc": 1650211838.0, "comments": [{"author": "mojogirl_", "id": "i53v7ja", "score": 4, "subreddit": "BuyItForLife", "author_flair": null, "submission": "u5q89m", "stickied": false, "body": "I swear by Vionics. Lots of styles. Very comfortable.", "is_submitter": false, "distinguished": null, "created_utc": 1650217779.0, "parent_id": "t3_u5q89m", "replies": [{"author": "concentrated-amazing", "id": "i54ntvq", "score": 1, "subreddit": "BuyItForLife", "author_flair": null, "submission": "u5q89m", "stickied": false, "body": "Looking at the website now!", "is_submitter": true, "distinguished": null, "created_utc": 1650230018.0, "parent_id": "t1_i53v7ja", "replies": []}]}, {"author": "HagOfTheNorth", "id": "i53zkfj", "score": 4, "subreddit": "BuyItForLife", "author_flair": null, "submission": "u5q89m", "stickied": false, "body": "I have mid-wide feet and I really like Clark\u2019s shoes.", "is_submitter": false, "distinguished": null, "created_utc": 1650219582.0, "parent_id": "t3_u5q89m", "replies": []}, {"author": "DELETED", "id": "i53kaeb", "score": 3, "subreddit": "BuyItForLife", "author_flair": null, "submission": "u5q89m", "stickied": false, "body": "[deleted]", "is_submitter": false, "distinguished": null, "created_utc": 1650213310.0, "parent_id": "t3_u5q89m", "replies": [{"author": "extrasauce_", "id": "i53tso3", "score": 2, "subreddit": "BuyItForLife", "author_flair": null, "submission": "u5q89m", "stickied": false, "body": "I have similar feet and a pair of these boots and I love them! They have lots of styles. The sizing runs big though so definitely see if you can try them on. If you're in Manitoba they have a factory outlet in Winnipeg with all the styles!", "is_submitter": false, "distinguished": null, "created_utc": 1650217213.0, "parent_id": "t1_i53kaeb", "replies": [{"author": "concentrated-amazing", "id": "i54nocq", "score": 2, "subreddit": "BuyItForLife", "author_flair": null, "submission": "u5q89m", "stickied": false, "body": "I will keep that in mind for when I travel there to see family at some point...", "is_submitter": true, "distinguished": null, "created_utc": 1650229954.0, "parent_id": "t1_i53tso3", "replies": []}]}]}, {"author": "Future_Dog_3156", "id": "i53lt6a", "score": 3, "subreddit": "BuyItForLife", "author_flair": null, "submission": "u5q89m", "stickied": false, "body": "I have wide feet and wear the same style Birkenstock. I\u2019d suggest looking at Aquaitalia, Mephisto, Vionic, and Paul Green.", "is_submitter": false, "distinguished": null, "created_utc": 1650213947.0, "parent_id": "t3_u5q89m", "replies": [{"author": "starving-my-neopets", "id": "i59iwnj", "score": 2, "subreddit": "BuyItForLife", "author_flair": null, "submission": "u5q89m", "stickied": false, "body": "Birkenstock is hella BFL", "is_submitter": false, "distinguished": null, "created_utc": 1650319741.0, "parent_id": "t1_i53lt6a", "replies": []}, {"author": "concentrated-amazing", "id": "i53ogk8", "score": 1, "subreddit": "BuyItForLife", "author_flair": null, "submission": "u5q89m", "stickied": false, "body": "Ooo, thank you so much!", "is_submitter": true, "distinguished": null, "created_utc": 1650215044.0, "parent_id": "t1_i53lt6a", "replies": [{"author": "Odd_Photograph4794", "id": "i53t3i8", "score": 3, "subreddit": "BuyItForLife", "author_flair": null, "submission": "u5q89m", "stickied": false, "body": "I agree about Mephisto, bit I find most Vionic shoes to be on the more narrow side. Dansko, Alegria, and Taos are all good options.", "is_submitter": false, "distinguished": null, "created_utc": 1650216929.0, "parent_id": "t1_i53ogk8", "replies": [{"author": "concentrated-amazing", "id": "i54ns3e", "score": 2, "subreddit": "BuyItForLife", "author_flair": null, "submission": "u5q89m", "stickied": false, "body": "I will definitely make sure I try any Vionics on in pers if possible.", "is_submitter": true, "distinguished": null, "created_utc": 1650229998.0, "parent_id": "t1_i53t3i8", "replies": []}]}]}]}, {"author": "deputydog1", "id": "i53mbw5", "score": 3, "subreddit": "BuyItForLife", "author_flair": null, "submission": "u5q89m", "stickied": false, "body": "I remember an excellent thread on this subject in a teachers subedit a few years ago. I wish I had written down all the brands mentioned. Teachers stand for many hours and they know shoes.\n\nA pricey NYC brand of ballet type shoes was among the good ones mentioned but were said to be worth the purchase in the long discussion threads of praise for them.", "is_submitter": false, "distinguished": null, "created_utc": 1650214163.0, "parent_id": "t3_u5q89m", "replies": [{"author": "concentrated-amazing", "id": "i53nljy", "score": 1, "subreddit": "BuyItForLife", "author_flair": null, "submission": "u5q89m", "stickied": false, "body": "Hmm, I will try a general Reddit search and maybe I'll get lucky and stumble on it... Thanks!", "is_submitter": true, "distinguished": null, "created_utc": 1650214688.0, "parent_id": "t1_i53mbw5", "replies": [{"author": "diagnosedsounds", "id": "i5l8kdb", "score": 2, "subreddit": "BuyItForLife", "author_flair": null, "submission": "u5q89m", "stickied": false, "body": "Try French Sole- very nice high-quality ballet flats (and other styles).", "is_submitter": false, "distinguished": null, "created_utc": 1650525976.0, "parent_id": "t1_i53nljy", "replies": []}]}, {"author": "diagnosedsounds", "id": "i5l80ob", "score": 1, "subreddit": "BuyItForLife", "author_flair": null, "submission": "u5q89m", "stickied": false, "body": "French Sole?", "is_submitter": false, "distinguished": null, "created_utc": 1650525523.0, "parent_id": "t1_i53mbw5", "replies": []}]}, {"author": "CDubGma2835", "id": "i53ptjv", "score": 3, "subreddit": "BuyItForLife", "author_flair": null, "submission": "u5q89m", "stickied": false, "body": "Calla shoes. They are made specifically for women with bunions. I have narrow heels, even though my forefeet are huge due to bunions. They are fairly pricey, but so comfortable.", "is_submitter": false, "distinguished": null, "created_utc": 1650215607.0, "parent_id": "t3_u5q89m", "replies": [{"author": "concentrated-amazing", "id": "i54nkgh", "score": 1, "subreddit": "BuyItForLife", "author_flair": null, "submission": "u5q89m", "stickied": false, "body": "Thanks! And happy cake day!", "is_submitter": true, "distinguished": null, "created_utc": 1650229906.0, "parent_id": "t1_i53ptjv", "replies": []}]}, {"author": "_running_fool_", "id": "i53nvmj", "score": 2, "subreddit": "BuyItForLife", "author_flair": null, "submission": "u5q89m", "stickied": false, "body": "I've been pleasantly surprised by my Timberland ankle boots from Marks. Bought them a year ago and walk 5k a day with the dog and they're comfortable and have held up well.", "is_submitter": false, "distinguished": null, "created_utc": 1650214804.0, "parent_id": "t3_u5q89m", "replies": [{"author": "concentrated-amazing", "id": "i53oq9c", "score": 2, "subreddit": "BuyItForLife", "author_flair": null, "submission": "u5q89m", "stickied": false, "body": "I will look at these, thanks!", "is_submitter": true, "distinguished": null, "created_utc": 1650215156.0, "parent_id": "t1_i53nvmj", "replies": []}]}, {"author": "mRydz", "id": "i540ron", "score": 2, "subreddit": "BuyItForLife", "author_flair": null, "submission": "u5q89m", "stickied": false, "body": "Ballet flats: if you don\u2019t mind the look of the fabric, my feet sound like they\u2019re a lot like yours (wide at the ball and average everywhere else). I\u2019ve been enjoying the flats from allbirds. I got all black, and nobody has noticed or commented on the fabric yet I\u2019ve dressed them up & down with no issues and they look new after 2 years! I also have the tree dashers for running and the wool slip on shoes that I wear as house shoes/slippers. A lot of the reviews said they were too wide at the ball, which was my first clue before I ordered them that they were made for me.", "is_submitter": false, "distinguished": null, "created_utc": 1650220086.0, "parent_id": "t3_u5q89m", "replies": [{"author": "concentrated-amazing", "id": "i542fyk", "score": 2, "subreddit": "BuyItForLife", "author_flair": null, "submission": "u5q89m", "stickied": false, "body": "New website to extensively browse...thanks!", "is_submitter": true, "distinguished": null, "created_utc": 1650220799.0, "parent_id": "t1_i540ron", "replies": []}]}, {"author": "couldbeyouornot", "id": "i54eu5t", "score": 2, "subreddit": "BuyItForLife", "author_flair": null, "submission": "u5q89m", "stickied": false, "body": "yo, birkenstock has some [ballet flats](https://www.birkenstock.com/us/flats/)! they're super cute imo. also eileen fisher usually has shoes on sale at nordstrom rack and saks off 5th--just search online. they're stylish, and they're made to be comfortable. read reviews for fit suggestions. when I look for dressier sandals, I try to find something with adjustable straps, and avoid anything that's going to hit the bunion area, as I have on my left foot. i've given up on anything above 1\" tall, and usually wear a platform or flatform, since chunky is in. finding ankle boots that zip and have a wide toe box is easier than finding ones that slip on, fwiw. \n\npretty sure these brands are available through zappos.", "is_submitter": false, "distinguished": null, "created_utc": 1650226164.0, "parent_id": "t3_u5q89m", "replies": [{"author": "concentrated-amazing", "id": "i54f76e", "score": 1, "subreddit": "BuyItForLife", "author_flair": null, "submission": "u5q89m", "stickied": false, "body": "Tons of great info, thanks!", "is_submitter": true, "distinguished": null, "created_utc": 1650226322.0, "parent_id": "t1_i54eu5t", "replies": []}]}, {"author": "InspectionTasty1307", "id": "i54zqge", "score": 2, "subreddit": "BuyItForLife", "author_flair": null, "submission": "u5q89m", "stickied": false, "body": "I have multiple pairs of Alegria\u2019s and love them. I have sandals, boots and Mary Jane\u2019s for work (nurse). They also have a lifetime warranty. My work pair has a plastic print over the leather and it began to crack and peel. They replaced them, free of charge, no questions asked. Highly recommend.", "is_submitter": false, "distinguished": null, "created_utc": 1650235195.0, "parent_id": "t3_u5q89m", "replies": []}, {"author": "chartingequilibrium", "id": "i5a87ws", "score": 2, "subreddit": "BuyItForLife", "author_flair": null, "submission": "u5q89m", "stickied": false, "body": "I've had really good experiences with Frye, and they have great ankle boots + taller boots. I've heard the quality can vary a bit depending on when and where the shoes are made, but all the pairs I have a great and have lasted years (my oldest pair is pushing a decade). Many of their styles are goodyear welted, so they can be resoled. \n\nI also have wide feet, and many shoes will break around the ball of the foot due to stretching - shoes with stitched construction, like goodyear welted shoes, don't break there for me. Frye doesn't offer wide sizes, but my pairs have always broken in nicely to fit my wide feet.", "is_submitter": false, "distinguished": null, "created_utc": 1650330900.0, "parent_id": "t3_u5q89m", "replies": [{"author": "concentrated-amazing", "id": "i5a8bfw", "score": 1, "subreddit": "BuyItForLife", "author_flair": null, "submission": "u5q89m", "stickied": false, "body": "Will definitely be taking a look!", "is_submitter": true, "distinguished": null, "created_utc": 1650330942.0, "parent_id": "t1_i5a87ws", "replies": []}]}, {"author": "Ocean_Ad3417", "id": "i65nzz4", "score": 2, "subreddit": "BuyItForLife", "author_flair": null, "submission": "u5q89m", "stickied": false, "body": "Dansko has some great options!", "is_submitter": false, "distinguished": null, "created_utc": 1650908533.0, "parent_id": "t3_u5q89m", "replies": []}, {"author": "Jeremiah_Peacekeeper", "id": "i545f3k", "score": 1, "subreddit": "BuyItForLife", "author_flair": null, "submission": "u5q89m", "stickied": false, "body": "Anything that's a barefoot shoe. Xero, vivo, etc.", "is_submitter": false, "distinguished": null, "created_utc": 1650222084.0, "parent_id": "t3_u5q89m", "replies": [{"author": "concentrated-amazing", "id": "i54nv9e", "score": 2, "subreddit": "BuyItForLife", "author_flair": null, "submission": "u5q89m", "stickied": false, "body": "I will scout for those!", "is_submitter": true, "distinguished": null, "created_utc": 1650230035.0, "parent_id": "t1_i545f3k", "replies": []}, {"author": "benpetersen", "id": "i56656w", "score": 1, "subreddit": "BuyItForLife", "author_flair": null, "submission": "u5q89m", "stickied": false, "body": "Xero's really are great and I highly recommend them, though I wish they carry more colors of the Hana canvas shoe", "is_submitter": false, "distinguished": null, "created_utc": 1650255843.0, "parent_id": "t1_i545f3k", "replies": [{"author": "Jeremiah_Peacekeeper", "id": "i5667uv", "score": 1, "subreddit": "BuyItForLife", "author_flair": null, "submission": "u5q89m", "stickied": false, "body": "I wish they had more boot options in mens sizes. They used to have a Chelsea style but its discontinued.", "is_submitter": false, "distinguished": null, "created_utc": 1650255889.0, "parent_id": "t1_i56656w", "replies": []}]}]}, {"author": "OmegaDX7", "id": "i54kiax", "score": 1, "subreddit": "BuyItForLife", "author_flair": null, "submission": "u5q89m", "stickied": false, "body": "Check Carmina", "is_submitter": false, "distinguished": null, "created_utc": 1650228581.0, "parent_id": "t3_u5q89m", "replies": [{"author": "concentrated-amazing", "id": "i54nw4z", "score": 2, "subreddit": "BuyItForLife", "author_flair": null, "submission": "u5q89m", "stickied": false, "body": "Will do!", "is_submitter": true, "distinguished": null, "created_utc": 1650230045.0, "parent_id": "t1_i54kiax", "replies": []}]}, {"author": "Sonystars", "id": "i57ev49", "score": 1, "subreddit": "BuyItForLife", "author_flair": null, "submission": "u5q89m", "stickied": false, "body": "Ziera (used to be kumfs). Super comfy and most of their shoes are wide fit.", "is_submitter": false, "distinguished": null, "created_utc": 1650288264.0, "parent_id": "t3_u5q89m", "replies": []}, {"author": "Muncie4", "id": "i550e6y", "score": 0, "subreddit": "BuyItForLife", "author_flair": null, "submission": "u5q89m", "stickied": false, "body": "There are no double width sized shoes for women that I'm aware of, so push that premise to the back of your mind.  The only brand that does this is Alden and they don't sell women's shoes unless you happen to have large enough feet to look into their offerings.\n\nhttps://www.reddit.com/r/goodyearwelt/comments/kfbe17/gyw_for_women_brands_and_notes/\n\nIf you have been buying Payless, do know that quality shoes START at $100 for goodyear welt, so align your pocketbook to this shock.", "is_submitter": false, "distinguished": null, "created_utc": 1650235494.0, "parent_id": "t3_u5q89m", "replies": [{"author": "concentrated-amazing", "id": "i551fj1", "score": 1, "subreddit": "BuyItForLife", "author_flair": null, "submission": "u5q89m", "stickied": false, "body": "Thanks for the info and link!\n\nYup, I'm aware that I'm looking $100+, maaaybe slightly less for flats and likely $150+ for each pair of boots.", "is_submitter": true, "distinguished": null, "created_utc": 1650235959.0, "parent_id": "t1_i550e6y", "replies": []}, {"author": "laughingmanzaq", "id": "i5abdx6", "score": 1, "subreddit": "BuyItForLife", "author_flair": null, "submission": "u5q89m", "stickied": false, "body": "Maybe Russell Moccasins? But they start at 290+ USD and go up..", "is_submitter": false, "distinguished": null, "created_utc": 1650332282.0, "parent_id": "t1_i550e6y", "replies": []}]}]}