{"title": "What\u2019s your thoughts on SmartWool socks?", "name": "t3_t4s7ex", "url": "https://www.reddit.com/r/BuyItForLife/comments/t4s7ex/whats_your_thoughts_on_smartwool_socks/", "selftext": "I bought some and they make my feet sweat so much I get blisters and I\u2019m not sure if it\u2019s the socks or them with my Timberland hiking boots?", "score": 11, "upvote_ratio": 0.82, "permalink": "/r/BuyItForLife/comments/t4s7ex/whats_your_thoughts_on_smartwool_socks/", "id": "t4s7ex", "author": "cosmorocker13", "link_flair_text": "Discussion", "num_comments": 16, "over_18": false, "spoiler": false, "pinned": false, "locked": false, "distinguished": null, "created_utc": 1646197091.0, "comments": [{"author": "SR-71Bluebird", "id": "hz0gm9s", "score": 3, "subreddit": "BuyItForLife", "author_flair": null, "submission": "t4s7ex", "stickied": false, "body": "I have finally gotten all my cotton socks replaced with wool and have multiple pairs of SmartWool socks. My feet sweat less and stink less in my Timberland work boots with the wool socks, plus the wool socks last longer. If you\u2019re getting blisters from wet feet, it sounds like your boots may be a bit too big, otherwise your feet couldn\u2019t shift around enough. Just my two cents :)", "is_submitter": false, "distinguished": null, "created_utc": 1646197564.0, "parent_id": "t3_t4s7ex", "replies": [{"author": "loyalKent", "id": "hz0kb08", "score": 3, "subreddit": "BuyItForLife", "author_flair": null, "submission": "t4s7ex", "stickied": false, "body": "I had a similar experience. They didn\u2019t wear like what I think wool should wear like. Like u/thirdeye18, I switched to darn tough and have been super happy (most of my socks are now darn tough). With gortex boots, or breathable footwear, they are my secret weapon for warm dry feet.", "is_submitter": false, "distinguished": null, "created_utc": 1646199629.0, "parent_id": "t1_hz0gm9s", "replies": [{"author": "carsonross83", "id": "hzn6xs9", "score": 1, "subreddit": "BuyItForLife", "author_flair": null, "submission": "t4s7ex", "stickied": false, "body": "I will second this. I have both the smart wool and darn tough. Smart wool I think is good, but Darn tough is better in my opinion.", "is_submitter": false, "distinguished": null, "created_utc": 1646613502.0, "parent_id": "t1_hz0kb08", "replies": []}]}]}, {"author": "thirdeye18", "id": "hz0hct2", "score": 10, "subreddit": "BuyItForLife", "author_flair": null, "submission": "t4s7ex", "stickied": false, "body": "Like my Darn Tough better. Lifetime warranty and most of theirs have held up better than smart wool ones I bought around same time.", "is_submitter": false, "distinguished": null, "created_utc": 1646197967.0, "parent_id": "t3_t4s7ex", "replies": []}, {"author": "LessJudge", "id": "hz8k3fz", "score": 3, "subreddit": "BuyItForLife", "author_flair": null, "submission": "t4s7ex", "stickied": false, "body": "Ah, I get to vent about Smartwool! Back in the day (10 yrs?) their socks & sweaters were great. The merino wool was softer and thicker than today's scratchy thin stuff. They were bought by Northface, which was then bought by some other giant so it's a name now, not a quality product. If you're looking for thick winter socks I recommend Wolverine.", "is_submitter": false, "distinguished": null, "created_utc": 1646344137.0, "parent_id": "t3_t4s7ex", "replies": [{"author": "figment4L", "id": "hzf2qhk", "score": 2, "subreddit": "BuyItForLife", "author_flair": null, "submission": "t4s7ex", "stickied": false, "body": "Thanks for the rant! I was wondering why the socks I bought recently were nowhere near the quality I was buying 10 years ago!", "is_submitter": false, "distinguished": null, "created_utc": 1646458206.0, "parent_id": "t1_hz8k3fz", "replies": []}]}, {"author": "regaphysics", "id": "hz0rq5c", "score": 2, "subreddit": "BuyItForLife", "author_flair": null, "submission": "t4s7ex", "stickied": false, "body": "I love them for casual things that aren\u2019t causing lots of rubbing since they\u2019re so comfortable.  For more demanding / foot motion intensive activities, darn tough is more durable and less rubbing, but it\u2019s tighter and less comfortable.  I use smart wool for skiing, darn tough for hiking etc.", "is_submitter": false, "distinguished": null, "created_utc": 1646204402.0, "parent_id": "t3_t4s7ex", "replies": []}, {"author": "bladepen", "id": "hz0tjmn", "score": 2, "subreddit": "BuyItForLife", "author_flair": null, "submission": "t4s7ex", "stickied": false, "body": "If you are getting blisters then you may not be matching the size and fit of your socks and boots to your feet. Blisters are caused by rubbing and/or movement\n\nThere is no one sock that suits all situations and conditions. You have to choose the right socks for your needs and the conditions, which includes your footwear. Wearing a thick winter sock in 70+ summer temps is probably going to help create some primo sweaty feet. Wearing a lighter weight sock would be a better choice, but then you may have to adjust your footwear to correct the fit - tighter/alternate lacing, inserts, etc.", "is_submitter": false, "distinguished": null, "created_utc": 1646205649.0, "parent_id": "t3_t4s7ex", "replies": []}, {"author": "AutoModerator", "id": "hz0fql0", "score": 1, "subreddit": "BuyItForLife", "author_flair": null, "submission": "t4s7ex", "stickied": false, "body": "Hello /u/cosmorocker13! Thank you for your submission! The AutoMod thought that your post might be a request type post and has changed the flair accordingly, but if this was wrong feel free to change it back!\n\n*I am a bot, and this action was performed automatically. Please [contact the moderators of this subreddit](/message/compose/?to=/r/BuyItForLife) if you have any questions or concerns.*", "is_submitter": false, "distinguished": "moderator", "created_utc": 1646197092.0, "parent_id": "t3_t4s7ex", "replies": []}, {"author": "FIbynight", "id": "hz0t75d", "score": 1, "subreddit": "BuyItForLife", "author_flair": null, "submission": "t4s7ex", "stickied": false, "body": "have not held up for me even one season", "is_submitter": false, "distinguished": null, "created_utc": 1646205413.0, "parent_id": "t3_t4s7ex", "replies": []}, {"author": "theatre-matt", "id": "hz1amoy", "score": 1, "subreddit": "BuyItForLife", "author_flair": null, "submission": "t4s7ex", "stickied": false, "body": "I have several pairs of smartwool that are at least 10-15 years old that I bought in Colorado in different weights. The heaviest do make my feet sweat, and only come on in really cold weather; however, the lighter weight are perfect in cooler temperatures and, as others have said, do much better than cotton for me. All that being said, I started buying DarnTough since they are still made in the US and have the warranty. DarnTough are very tight though, and I prefer the fit of my old smartwool fwiw.", "is_submitter": false, "distinguished": null, "created_utc": 1646219089.0, "parent_id": "t3_t4s7ex", "replies": []}, {"author": "wiselyinformal", "id": "hz2xx7u", "score": 1, "subreddit": "BuyItForLife", "author_flair": null, "submission": "t4s7ex", "stickied": false, "body": "I like darn toughs ankle socks better but for writhe house I think Smartwool is more comfortable. REI has some nice store brand merino socks as well", "is_submitter": false, "distinguished": null, "created_utc": 1646246169.0, "parent_id": "t3_t4s7ex", "replies": []}, {"author": "DrKennethNoisewater-", "id": "hz52e6e", "score": 1, "subreddit": "BuyItForLife", "author_flair": null, "submission": "t4s7ex", "stickied": false, "body": "I think it really depends on type. I have had several other smart wool socks before (not exactly sure type) and love them. I recently got some of the hike versions over Christmas. While I still like them, they do fit tighter than I had hoped.", "is_submitter": false, "distinguished": null, "created_utc": 1646279926.0, "parent_id": "t3_t4s7ex", "replies": []}, {"author": "mrRabblerouser", "id": "hzdrl0p", "score": 1, "subreddit": "BuyItForLife", "author_flair": null, "submission": "t4s7ex", "stickied": false, "body": "If your talking BIFL darn tough is the only way to go because they literally are. They also hold up better than smart wool in my experience. But if your feet are sweating and getting blisters it sounds more like a problem with the boots than the socks. Blisters form when there\u2019s excessive rubbing from the shoe material not exclusively from sweat.", "is_submitter": false, "distinguished": null, "created_utc": 1646436083.0, "parent_id": "t3_t4s7ex", "replies": []}, {"author": "judgmentalsculpin", "id": "i0msd3m", "score": 1, "subreddit": "BuyItForLife", "author_flair": null, "submission": "t4s7ex", "stickied": false, "body": "Canadian here, I wear wool socks from Great Canadian Sox most of the year. Gr8 Cdn sox sell good wool sox, but, more importantly, they also sell sock liners. They're lightweight and iirc nylon, but wearing them inside the wool sox will solve the blister problem. Try them.", "is_submitter": false, "distinguished": null, "created_utc": 1647274795.0, "parent_id": "t3_t4s7ex", "replies": []}, {"author": "alpineovernappa", "id": "i2e6i1g", "score": 1, "subreddit": "BuyItForLife", "author_flair": null, "submission": "t4s7ex", "stickied": false, "body": "I\u2019m surprised at all the comments here. I hike quite a lot- probably 3-4,000 miles a year. I exclusively use smart wool socks and have for 10 years or so. I\u2019ve had bad luck with their shirts and underwear, but not one sock failure. They frequently get worn 5-6 times before getting washed, get hand washed in sinks and rung dry, etc. I\u2019m a fan for life", "is_submitter": false, "distinguished": null, "created_utc": 1648436820.0, "parent_id": "t3_t4s7ex", "replies": []}]}