{"title": "Buying my first washer, dryer and refrigerator. Please give me your opinions. I was looking at Maytag tc7?", "name": "t3_ub9ozo", "url": "https://www.reddit.com/r/BuyItForLife/comments/ub9ozo/buying_my_first_washer_dryer_and_refrigerator/", "selftext": "I do like the steam options in some of the washers or dryers. Please let me know what you suggest.\n\n\nIm not sure what to look for ina fridge at all.", "score": 7, "upvote_ratio": 1.0, "permalink": "/r/BuyItForLife/comments/ub9ozo/buying_my_first_washer_dryer_and_refrigerator/", "id": "ub9ozo", "author": "Cranberi", "link_flair_text": "Discussion", "num_comments": 20, "over_18": false, "spoiler": false, "pinned": false, "locked": false, "distinguished": null, "created_utc": 1650850629.0, "comments": [{"author": "NotAtThesePricesBaby", "id": "i64t1ae", "score": 6, "subreddit": "BuyItForLife", "author_flair": null, "submission": "ub9ozo", "stickied": false, "body": "NOT SAMSUNG. NOT LG.", "is_submitter": false, "distinguished": null, "created_utc": 1650896461.0, "parent_id": "t3_ub9ozo", "replies": [{"author": "humbabi", "id": "i6qd2zp", "score": 1, "subreddit": "BuyItForLife", "author_flair": null, "submission": "ub9ozo", "stickied": false, "body": "Or choose something Japanese brand, like Panasonic.", "is_submitter": false, "distinguished": null, "created_utc": 1651277341.0, "parent_id": "t1_i64t1ae", "replies": []}]}, {"author": "LetsBeginwithFritos", "id": "i645jzv", "score": 6, "subreddit": "BuyItForLife", "author_flair": null, "submission": "ub9ozo", "stickied": false, "body": "The more simple your unit is, the more reliable the unit.  I bought a Kitchenaid fridge (whirlpool and Maytag are sisters) and it was flawless. Moved and left that. Bought the Whirlpool sister for new home.  It has been flawless.  Friend bought Samsung fancy unit.  She\u2019s had issues and ended up getting BB to take it back.  \nThe steam washer/dryers  don\u2019t tend work as expected.  Don\u2019t know if it\u2019s a failure or wrong expectations.  I bought Maytag for the W/D. I\u2019m 12 yrs into the Maytag washer and 2 yrs into using the dryer. Both have been without issues.  The thing my repair dude said was make sure there are repair people in your area that can service your brand.  If there are no Samsung or LG service techs you\u2019re stuck in limbo awaiting service or repair.  Expect you might need a small repair. You\u2019d think in a suburb to a major city there would be all options.  But GE, Maytag and Frigidaire were my only service options.  I was told by 2 repair people that the more simple your machine the better it will run and last.  My washer has more electronics than I would prefer. My dryer is pretty simple, knobs and all.", "is_submitter": false, "distinguished": null, "created_utc": 1650884228.0, "parent_id": "t3_ub9ozo", "replies": [{"author": "fatslapper123", "id": "i64dgpc", "score": 3, "subreddit": "BuyItForLife", "author_flair": null, "submission": "ub9ozo", "stickied": false, "body": "That's one of the downsides with the change to more \"energy efficient\" units... steam takes substantially more energy to create\n\nI'll bet in the owners manual there is a minimum incoming water temperature requirement to get the desired effect", "is_submitter": false, "distinguished": null, "created_utc": 1650889118.0, "parent_id": "t1_i645jzv", "replies": []}, {"author": "jeffsayno", "id": "i64u2s9", "score": 3, "subreddit": "BuyItForLife", "author_flair": null, "submission": "ub9ozo", "stickied": false, "body": "yeah I like things with less doodads to break", "is_submitter": false, "distinguished": null, "created_utc": 1650896888.0, "parent_id": "t1_i645jzv", "replies": []}]}, {"author": "snnrman", "id": "i64ttuh", "score": 6, "subreddit": "BuyItForLife", "author_flair": null, "submission": "ub9ozo", "stickied": false, "body": "Miele all the way", "is_submitter": false, "distinguished": null, "created_utc": 1650896786.0, "parent_id": "t3_ub9ozo", "replies": [{"author": "xXIGreedIXx", "id": "i66rbel", "score": 1, "subreddit": "BuyItForLife", "author_flair": null, "submission": "ub9ozo", "stickied": false, "body": "Miele refs are liebherr refs, so liebherr is a good alternative", "is_submitter": false, "distinguished": null, "created_utc": 1650924052.0, "parent_id": "t1_i64ttuh", "replies": []}]}, {"author": "Muncie4", "id": "i645zs0", "score": 4, "subreddit": "BuyItForLife", "author_flair": null, "submission": "ub9ozo", "stickied": false, "body": "First off you need to research harder as your title combines Maker A's name with Maker B's model number.\n\nYou need to state where you live as its hard to get a SubZero in Chad.\n\nYou need to state a budget as a $5000 refrigerator is a thing.\n\nYou should learn every dryer has a steam option, its called throw the item's you want steamed, dry, into a dryer with a wet rag.\n\nMaytag MVWP575GW is a washer to look at and we don't know if you are a gas/electric person to recommend a dryer model.\n\nAnd no one can recommend a refrigerator without knowing your dimensions/features as regardless of how nice a refrigerator is, they have fitment and feature metrics that usually win the day.  Please be specific.", "is_submitter": false, "distinguished": null, "created_utc": 1650884534.0, "parent_id": "t3_ub9ozo", "replies": []}, {"author": "doublemembrane", "id": "i62v8p3", "score": 7, "subreddit": "BuyItForLife", "author_flair": null, "submission": "ub9ozo", "stickied": false, "body": "The answer is Speed Queen. It\u2019s built to last at least 25 years. They only sell it at certain retailers. Pricey but worth it.", "is_submitter": false, "distinguished": null, "created_utc": 1650852784.0, "parent_id": "t3_ub9ozo", "replies": [{"author": "11B4OF7", "id": "i66phwo", "score": 2, "subreddit": "BuyItForLife", "author_flair": null, "submission": "ub9ozo", "stickied": false, "body": "This is the only answer. They\u2019re made for commercial use to use 8+ hours a day.", "is_submitter": false, "distinguished": null, "created_utc": 1650923303.0, "parent_id": "t1_i62v8p3", "replies": []}]}, {"author": "Jcornoffthecob", "id": "i63vx2b", "score": 3, "subreddit": "BuyItForLife", "author_flair": null, "submission": "ub9ozo", "stickied": false, "body": "I delivered appliances for a few years. The only thing that was consistently bad was Samsung. LG can be hit or miss. I\u2019d suggest Maytag without an agitator for your washer and GE for your fridge. The best thing to do would be buy an extended warranty. None of these new appliances will last 20 years.", "is_submitter": false, "distinguished": null, "created_utc": 1650876451.0, "parent_id": "t3_ub9ozo", "replies": []}, {"author": "AlgaeOk2923", "id": "i632jr8", "score": 2, "subreddit": "BuyItForLife", "author_flair": null, "submission": "ub9ozo", "stickied": false, "body": "I have a relative that works in washer dryer sales. When I was looking to purchase a washer dryer set in March 2020 and was interested in the steam function, he said unless I bought the very top of the line, there isn\u2019t a truly functional steam option on most lines and models. So I went with the LG WT7900HBA washer & matching dryer. I bought a warranty for the washer but not the dryer based on my relatives advice that it\u2019s much harder to fix a washer than a dryer. Splurge for the metal hoses for the washer. I\u2019ve been very happy with both machines.\n\nIn terms of fridges, I haven\u2019t purchased one myself but my current place has a plain white Frigidaire that has been really really solid. I\u2019ve been in places with Maytag stainless refrigerators the modern ones and they have sucked.", "is_submitter": false, "distinguished": null, "created_utc": 1650856378.0, "parent_id": "t3_ub9ozo", "replies": []}, {"author": "AutoModerator", "id": "i62qk9g", "score": 1, "subreddit": "BuyItForLife", "author_flair": null, "submission": "ub9ozo", "stickied": false, "body": "Hello /u/Cranberi! Thank you for your submission! The AutoMod thought that your post might be a request type post and has changed the flair accordingly, but if this was wrong feel free to change it back!\n\n*I am a bot, and this action was performed automatically. Please [contact the moderators of this subreddit](/message/compose/?to=/r/BuyItForLife) if you have any questions or concerns.*", "is_submitter": false, "distinguished": "moderator", "created_utc": 1650850630.0, "parent_id": "t3_ub9ozo", "replies": []}, {"author": "bloodsoed", "id": "i6418g6", "score": 1, "subreddit": "BuyItForLife", "author_flair": null, "submission": "ub9ozo", "stickied": false, "body": "I\u2019ve had a Kenmore refrigerator for 12 years so far haven\u2019t had a single issue out of it.", "is_submitter": false, "distinguished": null, "created_utc": 1650880974.0, "parent_id": "t3_ub9ozo", "replies": []}, {"author": "croman91", "id": "i66gcl8", "score": 1, "subreddit": "BuyItForLife", "author_flair": null, "submission": "ub9ozo", "stickied": false, "body": "Samsung makes awful washer and dryer, that's all I can say. Never had so many issues. Thankfully I have appliance insurance or I'd be screwed. \n\nAlso never seen so much mold amd mildew in a washing machine before.", "is_submitter": false, "distinguished": null, "created_utc": 1650919603.0, "parent_id": "t3_ub9ozo", "replies": [{"author": "Toreja-dono", "id": "i68unsf", "score": 1, "subreddit": "BuyItForLife", "author_flair": null, "submission": "ub9ozo", "stickied": false, "body": "That I can attest to. I\u2019ve never had a washing machine that I\u2019ve smell bad before, ever.", "is_submitter": false, "distinguished": null, "created_utc": 1650965909.0, "parent_id": "t1_i66gcl8", "replies": []}]}, {"author": "11B4OF7", "id": "i66p6fw", "score": 1, "subreddit": "BuyItForLife", "author_flair": null, "submission": "ub9ozo", "stickied": false, "body": "buy a commercial speed queen with knobs. It will last a life time.", "is_submitter": false, "distinguished": null, "created_utc": 1650923171.0, "parent_id": "t3_ub9ozo", "replies": []}, {"author": "Michmachinev10", "id": "i6qi64c", "score": 1, "subreddit": "BuyItForLife", "author_flair": null, "submission": "ub9ozo", "stickied": false, "body": "Have you looked at speedqueen?", "is_submitter": false, "distinguished": null, "created_utc": 1651279776.0, "parent_id": "t3_ub9ozo", "replies": []}, {"author": "slagwizard", "id": "i62r6gj", "score": 0, "subreddit": "BuyItForLife", "author_flair": null, "submission": "ub9ozo", "stickied": false, "body": "My Electrolux set was solid. Had a Steam function that I never used.", "is_submitter": false, "distinguished": null, "created_utc": 1650850914.0, "parent_id": "t3_ub9ozo", "replies": []}, {"author": "Bobmanbob1", "id": "i6613ee", "score": 0, "subreddit": "BuyItForLife", "author_flair": null, "submission": "ub9ozo", "stickied": false, "body": "Matagorda is one of the best left out there. Go for a top loader if you can.  Even with cleaning and mitigation eventually your front loaders will smell.", "is_submitter": false, "distinguished": null, "created_utc": 1650913623.0, "parent_id": "t3_ub9ozo", "replies": []}]}