{"title": "Corded beard trimmer that goes down to 1.5mm(1/16 inch) - must be available in UK", "name": "t3_t267hs", "url": "https://www.reddit.com/r/BuyItForLife/comments/t267hs/corded_beard_trimmer_that_goes_down_to_15mm116/", "selftext": "After struggling with a weak, nasty Babyliss beard trimmer for a year that always seems to be out of battery, I\u2019m looking for a corded alternative which has a bit more power. Unfortunately as I\u2019m in the UK there\u2019s a lot of US Wahl models that just don\u2019t exist in 220-240V like the Peanut, and while there exists a European version called the Super Micro, the guards seem to go down only as far as 1/8 inch(3mm) which would be a bit too long. Most of the Oster models seem to be super expensive and lots are only available in 110V, and most of the Andis models sold here are cordless. \n\nThere\u2019s the whole Wahl Home range available on Amazon like the [Colour Pro](https://www.amazon.co.uk/dp/B06WD1CDCC/ref=cm_sw_r_cp_api_glt_i_P0XFQDGWB1A2DB26W7V6) and the  [Clip \u2018n Trim II](https://www.amazon.co.uk/dp/B001RIYID4/ref=cm_sw_r_cp_api_glt_i_CQYNA029M0W68DQPB80N), both of which don\u2019t seem to be exactly BIFL with a few reviews saying they didn\u2019t last long.  \n\nThe [Elite Pro](https://www.amazon.co.uk/dp/B00WZ1JV48/ref=cm_sw_r_cp_api_glt_i_dl_HFVQMVH76DWCRVWJABET) seems to be pretty much the same as the Pro level clippers but look very heavy duty, I\u2019m sure they\u2019re great as beard trimmers but pretty heavy? Please feel free to correct me if it isn\u2019t the case.\n\n\nConsidering all this, what\u2019s my best option for a corded stubble trimmer? I\u2019d be looking to pay about \u00a350 or more if it\u2019s really, really good.", "score": 6, "upvote_ratio": 0.87, "permalink": "/r/BuyItForLife/comments/t267hs/corded_beard_trimmer_that_goes_down_to_15mm116/", "id": "t267hs", "author": "cw757_", "link_flair_text": "[Request]", "num_comments": 4, "over_18": false, "spoiler": false, "pinned": false, "locked": false, "distinguished": null, "created_utc": 1645907088.0, "comments": [{"author": "BluesMaster", "id": "hyknphq", "score": 3, "subreddit": "BuyItForLife", "author_flair": null, "submission": "t267hs", "stickied": false, "body": "[Wahl T-Pro Corded T-Blade Trimmer](https://www.wahl.co.uk/product/t-pro-corded-t-blade-trimmer/)", "is_submitter": false, "distinguished": null, "created_utc": 1645916630.0, "parent_id": "t3_t267hs", "replies": [{"author": "cw757_", "id": "hykpa5p", "score": 1, "subreddit": "BuyItForLife", "author_flair": null, "submission": "t267hs", "stickied": false, "body": "Thanks, I spotted this before but a lot of reviews said the motor was weak or that it broke after a number of weeks. Have you had a better experience?", "is_submitter": true, "distinguished": null, "created_utc": 1645917317.0, "parent_id": "t1_hyknphq", "replies": [{"author": "BluesMaster", "id": "hykwxwv", "score": 1, "subreddit": "BuyItForLife", "author_flair": null, "submission": "t267hs", "stickied": false, "body": "I couldn't find those bad reviews but one of the many sources that show positive ones is this: https://www.amazon.com/Wahl-Trimmer-Corded-Compact-9307-300/dp/B00292BRAO\n\nFWIW, I've been using various Wahl products for 4 decades and have never been disappointed.", "is_submitter": false, "distinguished": null, "created_utc": 1645920733.0, "parent_id": "t1_hykpa5p", "replies": []}]}]}]}