{"title": "Weber Genesis gas grill, looking new after 10 years", "name": "t3_amui5r", "url": "https://i.imgur.com/rO4Eqnk.jpg", "selftext": "", "score": 2152, "upvote_ratio": 0.95, "permalink": "/r/BuyItForLife/comments/amui5r/weber_genesis_gas_grill_looking_new_after_10_years/", "id": "amui5r", "author": "dadzilla", "link_flair_text": "Grill", "num_comments": 152, "over_18": false, "spoiler": false, "pinned": false, "locked": false, "distinguished": null, "created_utc": 1549230659.0, "comments": [{"author": "Studlier", "id": "efoocz2", "score": 135, "subreddit": "BuyItForLife", "author_flair": null, "submission": "amui5r", "stickied": false, "body": "My Genesis has lasted about 20 years and still going strong. I've had to replace the burners, the flavorizer bars and the grates, but that's what's nice about Webers ... you can order parts and repair them without throwing them away.", "is_submitter": false, "distinguished": null, "created_utc": 1549231949.0, "parent_id": "t3_amui5r", "replies": [{"author": "factionfx", "id": "efpc5cw", "score": 55, "subreddit": "BuyItForLife", "author_flair": null, "submission": "amui5r", "stickied": false, "body": "Yep.  They do last and you can repair them, but the real bonus is in the meantime the work a lot better than a $200 grill.  A lot of people think \"I can buy 5 $200 grills in 20 years\", but those grills don't work near as well as ours (heat as evenly or even get as hot).\n\n&#x200B;", "is_submitter": false, "distinguished": null, "created_utc": 1549252208.0, "parent_id": "t1_efoocz2", "replies": [{"author": "Allinon72", "id": "efpcdry", "score": 28, "subreddit": "BuyItForLife", "author_flair": null, "submission": "amui5r", "stickied": false, "body": "Folks also don't factor in the cost and hassle associated with buying a $200 grill, transporting it home, assembling it, and disposing of the old grill.  ", "is_submitter": false, "distinguished": null, "created_utc": 1549252418.0, "parent_id": "t1_efpc5cw", "replies": [{"author": "factionfx", "id": "efpkgrz", "score": 13, "subreddit": "BuyItForLife", "author_flair": null, "submission": "amui5r", "stickied": false, "body": "Can't believe I forgot about that!  I put my Weber together with loctite just so I would never have to deal with losing a screw.  Yeah, what's even more of a joke is how poor of a job is done on most pre assembled grills.  I can't believe Wal-Mart can make any money paying employees $10 an hour to assemble grills and bicycles with the tools that come in the box.", "is_submitter": false, "distinguished": null, "created_utc": 1549260816.0, "parent_id": "t1_efpcdry", "replies": [{"author": "DELETED", "id": "efq9dsa", "score": 9, "subreddit": "BuyItForLife", "author_flair": null, "submission": "amui5r", "stickied": false, "body": "I used to assemble grills for home depot. It's done by an outside company. You get paid by the grill and anyone who wants to make money brings their own tools, usually 12v impact drivers. Gotta be small to get into tight spaces. Some of the guys collaborated and got an assembly line going, I just kept to myself. Wheel barrows were a pain in the ass, but if you got good at them, you could make good money because nobody wanted them. The good stuff (high payout, easy build) was snatched up quickly and if you were especially unlucky, you got stuck with a smoker. ", "is_submitter": false, "distinguished": null, "created_utc": 1549294674.0, "parent_id": "t1_efpkgrz", "replies": []}]}, {"author": "ontherise88", "id": "efpvj5b", "score": 24, "subreddit": "BuyItForLife", "author_flair": null, "submission": "amui5r", "stickied": false, "body": "Disposing? End of the driveway and it's gone in 20 mins.  People froth at the mouth for scrap metal.  ", "is_submitter": false, "distinguished": null, "created_utc": 1549279402.0, "parent_id": "t1_efpcdry", "replies": [{"author": "EncouragementRobot", "id": "efpvj7y", "score": 7, "subreddit": "BuyItForLife", "author_flair": null, "submission": "amui5r", "stickied": false, "body": "Happy Cake Day ontherise88! Promise me you'll always remember: You're braver than you believe, and stronger than you seem, and smarter than you think.", "is_submitter": false, "distinguished": null, "created_utc": 1549279406.0, "parent_id": "t1_efpvj5b", "replies": []}, {"author": "CakeDay--Bot", "id": "efqmq6y", "score": 2, "subreddit": "BuyItForLife", "author_flair": null, "submission": "amui5r", "stickied": false, "body": "*Hey just noticed..* it's your **3rd Cakeday** ontherise88! ^(hug)", "is_submitter": false, "distinguished": null, "created_utc": 1549304632.0, "parent_id": "t1_efpvj5b", "replies": []}]}]}]}, {"author": "SearchingForMe", "id": "efphv6l", "score": 7, "subreddit": "BuyItForLife", "author_flair": null, "submission": "amui5r", "stickied": false, "body": "Our igniter went out last spring.. Replaced and she's still going strong after 9 years of being used at least twice a week year round, more often in the spring and summer!", "is_submitter": false, "distinguished": null, "created_utc": 1549257779.0, "parent_id": "t1_efoocz2", "replies": []}, {"author": "ganoveces", "id": "efq5pqx", "score": 3, "subreddit": "BuyItForLife", "author_flair": null, "submission": "amui5r", "stickied": false, "body": "I just recently handed down a handed down Weber Genesis Silver B that is 20 years old. \n\nI also replaced the LP manifold, heat deflectors and grates after 12 years. \n\ni just bought a new spirit ii e-310.   \n\n\n\n\n", "is_submitter": false, "distinguished": null, "created_utc": 1549291534.0, "parent_id": "t1_efoocz2", "replies": []}, {"author": "illestevolution", "id": "efqtir5", "score": 3, "subreddit": "BuyItForLife", "author_flair": null, "submission": "amui5r", "stickied": false, "body": "I feel like alot of people dont get that that is the point of bifl. Something you can have forever because its sturdy and repairable. Not because something will last forever with no maintenence. Those dont exist", "is_submitter": false, "distinguished": null, "created_utc": 1549309560.0, "parent_id": "t1_efoocz2", "replies": []}, {"author": "GirlsJustWanaHaveFun", "id": "efq7k52", "score": 1, "subreddit": "BuyItForLife", "author_flair": null, "submission": "amui5r", "stickied": false, "body": "Im looking at a new genesis to replace a freebie I got a couple years ago. Do you leave yours outside? I take mine out every summer and store it every winter. If you leave yours out all summer, that's impressive. ", "is_submitter": false, "distinguished": null, "created_utc": 1549293155.0, "parent_id": "t1_efoocz2", "replies": []}]}, {"author": "AndreT_NY", "id": "efoy26v", "score": 28, "subreddit": "BuyItForLife", "author_flair": null, "submission": "amui5r", "stickied": false, "body": "I have this model. The only thing I don\u2019t like is the placement of the knobs. Hard to put stuff on that side it just isn\u2019t big enough.  ", "is_submitter": false, "distinguished": null, "created_utc": 1549239811.0, "parent_id": "t3_amui5r", "replies": [{"author": "lo-lux", "id": "efoz8ju", "score": 19, "subreddit": "BuyItForLife", "author_flair": null, "submission": "amui5r", "stickied": false, "body": "That is odd. Why not put them in front like everyone else.", "is_submitter": false, "distinguished": null, "created_utc": 1549240755.0, "parent_id": "t1_efoy26v", "replies": [{"author": "DELETED", "id": "efozyck", "score": 19, "subreddit": "BuyItForLife", "author_flair": null, "submission": "amui5r", "stickied": false, "body": "Weber does that now, but it didn't back then.", "is_submitter": false, "distinguished": null, "created_utc": 1549241298.0, "parent_id": "t1_efoz8ju", "replies": []}, {"author": "Oakroscoe", "id": "efpxa1v", "score": 7, "subreddit": "BuyItForLife", "author_flair": null, "submission": "amui5r", "stickied": false, "body": "They changed it literally the next year from OP\u2019s grill.  2009 was the last year they had them on the right side.   ", "is_submitter": false, "distinguished": null, "created_utc": 1549282135.0, "parent_id": "t1_efoz8ju", "replies": [{"author": "DrSquick", "id": "efqlf4e", "score": 2, "subreddit": "BuyItForLife", "author_flair": null, "submission": "amui5r", "stickied": false, "body": "Yep, I have the same model as the OP and I lust at the new front knob models and think, \u201conly 15 more years until the warranty on my grill is up and I can buy another.\u201d BIFT-problems?", "is_submitter": false, "distinguished": null, "created_utc": 1549303687.0, "parent_id": "t1_efpxa1v", "replies": [{"author": "Oakroscoe", "id": "efqxarj", "score": 2, "subreddit": "BuyItForLife", "author_flair": null, "submission": "amui5r", "stickied": false, "body": "You\u2019re not going to want a new Weber.  The quality is not what it once was.  ", "is_submitter": false, "distinguished": null, "created_utc": 1549312212.0, "parent_id": "t1_efqlf4e", "replies": []}]}]}, {"author": "dadzilla", "id": "efpa011", "score": 5, "subreddit": "BuyItForLife", "author_flair": null, "submission": "amui5r", "stickied": false, "body": "Agree. ", "is_submitter": true, "distinguished": null, "created_utc": 1549250349.0, "parent_id": "t1_efoz8ju", "replies": []}, {"author": "quarl0w", "id": "efpcpl5", "score": 2, "subreddit": "BuyItForLife", "author_flair": null, "submission": "amui5r", "stickied": false, "body": "The reason they are on the side instead of the front is based on how the burners are arranged. They are side to side burners going across instead of front to back. \n\nI have an older model that has them right next to the BBQ, so there is still a usable shelf on the side. I don't know why they changed that and made that side shelf useless.", "is_submitter": false, "distinguished": null, "created_utc": 1549252706.0, "parent_id": "t1_efoz8ju", "replies": []}]}, {"author": "Lockwood85", "id": "efpnyno", "score": 2, "subreddit": "BuyItForLife", "author_flair": null, "submission": "amui5r", "stickied": false, "body": "That's a really dumb design, I'm glad they stopped making the newer ones like that. ", "is_submitter": false, "distinguished": null, "created_utc": 1549265683.0, "parent_id": "t1_efoy26v", "replies": []}, {"author": "lemost", "id": "efq2f2q", "score": 2, "subreddit": "BuyItForLife", "author_flair": null, "submission": "amui5r", "stickied": false, "body": "have two genesis both have knobs on the front. both about 10 years old\nedit: saw the answer in comments down below, good call from Weber", "is_submitter": false, "distinguished": null, "created_utc": 1549288336.0, "parent_id": "t1_efoy26v", "replies": []}]}, {"author": "dadzilla", "id": "efomyj3", "score": 71, "subreddit": "BuyItForLife", "author_flair": null, "submission": "amui5r", "stickied": false, "body": "After going through countless cheap and not-so-cheap grills, I bit the bullet and bought this. Porcelain and high quality stainless look new even with the hot sun and wet winters. The interior is fine, I don\u2019t think I\u2019ve replaced a thing. This has fed my family of 8 reliably, and should keep on going for a very long time. ", "is_submitter": true, "distinguished": null, "created_utc": 1549230849.0, "parent_id": "t3_amui5r", "replies": [{"author": "mustardtiger44", "id": "efoodeb", "score": 17, "subreddit": "BuyItForLife", "author_flair": null, "submission": "amui5r", "stickied": false, "body": "I've had the same for 2 years now - love it so far, any maintainace tips?", "is_submitter": false, "distinguished": null, "created_utc": 1549231958.0, "parent_id": "t1_efomyj3", "replies": [{"author": "dadzilla", "id": "efook7t", "score": 34, "subreddit": "BuyItForLife", "author_flair": null, "submission": "amui5r", "stickied": false, "body": "I do use a cover, but only in the off-season. Big thing is to scrape down the burn chamber pretty often. I use a mini metal spatula and it takes all of 10 minutes. ", "is_submitter": true, "distinguished": null, "created_utc": 1549232108.0, "parent_id": "t1_efoodeb", "replies": [{"author": "dewy61746114", "id": "efp0cro", "score": 6, "subreddit": "BuyItForLife", "author_flair": null, "submission": "amui5r", "stickied": false, "body": "Definitely this. Prevents grill fires and prolongs grate and burner life.", "is_submitter": false, "distinguished": null, "created_utc": 1549241607.0, "parent_id": "t1_efook7t", "replies": []}, {"author": "KaPantsKey", "id": "efperru", "score": 6, "subreddit": "BuyItForLife", "author_flair": null, "submission": "amui5r", "stickied": false, "body": "What do you mean by burn chamber? Is that the flavorizer bars or something else?", "is_submitter": false, "distinguished": null, "created_utc": 1549254598.0, "parent_id": "t1_efook7t", "replies": [{"author": "dadzilla", "id": "efpexnb", "score": 8, "subreddit": "BuyItForLife", "author_flair": null, "submission": "amui5r", "stickied": false, "body": "Everything under the grates - the flavorizer bars, sides, and bottom pan. I use [this](https://www.amazon.com/Pampered-Chef-Mini-Serving-Spatula-2622/dp/B004ETLFFW/ref=sr_1_10?s=kitchen&ie=UTF8&qid=1549254704&sr=1-10&keywords=mini+spatula), makes it easy.", "is_submitter": true, "distinguished": null, "created_utc": 1549254755.0, "parent_id": "t1_efperru", "replies": [{"author": "CaptainMulligan", "id": "efpkivd", "score": 8, "subreddit": "BuyItForLife", "author_flair": null, "submission": "amui5r", "stickied": false, "body": "[Cheaper and better.](https://www.amazon.com/dp/B004V4JW9G)", "is_submitter": false, "distinguished": null, "created_utc": 1549260891.0, "parent_id": "t1_efpexnb", "replies": [{"author": "CreaminFreeman", "id": "efq4wb7", "score": -2, "subreddit": "BuyItForLife", "author_flair": null, "submission": "amui5r", "stickied": false, "body": "Except that the spatula was also designed for cooking. Going to look stupid at the barbecue coming out there flipping burgers with your flexible joint knife.", "is_submitter": false, "distinguished": null, "created_utc": 1549290780.0, "parent_id": "t1_efpkivd", "replies": [{"author": "GirlsJustWanaHaveFun", "id": "efq7roh", "score": 2, "subreddit": "BuyItForLife", "author_flair": null, "submission": "amui5r", "stickied": false, "body": "It's for cleaning only I'm sure. ", "is_submitter": false, "distinguished": null, "created_utc": 1549293331.0, "parent_id": "t1_efq4wb7", "replies": []}]}]}, {"author": "KaPantsKey", "id": "efpfc81", "score": 3, "subreddit": "BuyItForLife", "author_flair": null, "submission": "amui5r", "stickied": false, "body": "Thanks!", "is_submitter": false, "distinguished": null, "created_utc": 1549255156.0, "parent_id": "t1_efpexnb", "replies": []}]}, {"author": "ganoveces", "id": "efq5z78", "score": 2, "subreddit": "BuyItForLife", "author_flair": null, "submission": "amui5r", "stickied": false, "body": "\nFlavorizer bar is such a dumb name for heat deflector. \n\nCus what 'flavor' is imparting back into the food?   Burnt fat drip smoke?   \n\n\n", "is_submitter": false, "distinguished": null, "created_utc": 1549291772.0, "parent_id": "t1_efperru", "replies": [{"author": "argentcorvid", "id": "efqcz3l", "score": 2, "subreddit": "BuyItForLife", "author_flair": null, "submission": "amui5r", "stickied": false, "body": "Yes.", "is_submitter": false, "distinguished": null, "created_utc": 1549297470.0, "parent_id": "t1_efq5z78", "replies": []}, {"author": "KaPantsKey", "id": "efqsnbn", "score": 1, "subreddit": "BuyItForLife", "author_flair": null, "submission": "amui5r", "stickied": false, "body": "Marketing at its finest ", "is_submitter": false, "distinguished": null, "created_utc": 1549308933.0, "parent_id": "t1_efq5z78", "replies": []}]}]}]}, {"author": "HALabunga", "id": "efplcmu", "score": 7, "subreddit": "BuyItForLife", "author_flair": null, "submission": "amui5r", "stickied": false, "body": "If you\u2019re using porcelain coated iron grates, use a nylon brush to scrub with. Metal brushes can flake the porcelain off. ", "is_submitter": false, "distinguished": null, "created_utc": 1549261962.0, "parent_id": "t1_efoodeb", "replies": [{"author": "Brutalos", "id": "efpv6z0", "score": 2, "subreddit": "BuyItForLife", "author_flair": null, "submission": "amui5r", "stickied": false, "body": "Or use a piece of wood. Amazon sells them. I made one myself it looks like a little boat paddle. ", "is_submitter": false, "distinguished": null, "created_utc": 1549278808.0, "parent_id": "t1_efplcmu", "replies": [{"author": "HALabunga", "id": "efrg56i", "score": 1, "subreddit": "BuyItForLife", "author_flair": null, "submission": "amui5r", "stickied": false, "body": "That\u2019s a good idea! ", "is_submitter": false, "distinguished": null, "created_utc": 1549326191.0, "parent_id": "t1_efpv6z0", "replies": []}]}]}]}, {"author": "DELETED", "id": "efpgp4q", "score": 8, "subreddit": "BuyItForLife", "author_flair": null, "submission": "amui5r", "stickied": false, "body": "[deleted]", "is_submitter": false, "distinguished": null, "created_utc": 1549256533.0, "parent_id": "t1_efomyj3", "replies": [{"author": "crepuscula", "id": "efph96n", "score": 6, "subreddit": "BuyItForLife", "author_flair": null, "submission": "amui5r", "stickied": false, "body": "I don't cover any of my grills. My 6 year old Weber's (one gas, one charcoal) are doing just fine, as is my komodo. I used to cover but taking the cover off and putting it on was an annoyance, especially in winter or rain. If I take a year or two off their lifespan (which I doubt will happen, for the reasons you mentioned) then so be it. I want to use my grills as an appliance - no cover makes that easier.", "is_submitter": false, "distinguished": null, "created_utc": 1549257121.0, "parent_id": "t1_efpgp4q", "replies": []}]}, {"author": "DELETED", "id": "efprvju", "score": 3, "subreddit": "BuyItForLife", "author_flair": null, "submission": "amui5r", "stickied": false, "body": "[deleted]", "is_submitter": false, "distinguished": null, "created_utc": 1549272478.0, "parent_id": "t1_efomyj3", "replies": [{"author": "dadzilla", "id": "efpu1kd", "score": 3, "subreddit": "BuyItForLife", "author_flair": null, "submission": "amui5r", "stickied": false, "body": "Yup. Central CA, so hot summers and mild, wet winters. ", "is_submitter": true, "distinguished": null, "created_utc": 1549276678.0, "parent_id": "t1_efprvju", "replies": [{"author": "TomaVanPey", "id": "efs1hrt", "score": 1, "subreddit": "BuyItForLife", "author_flair": null, "submission": "amui5r", "stickied": false, "body": "Did you use itl for a Super Bowl get-together?", "is_submitter": false, "distinguished": null, "created_utc": 1549344878.0, "parent_id": "t1_efpu1kd", "replies": []}]}]}]}, {"author": "NoseyCo-WorkersSuck", "id": "efp54gr", "score": 23, "subreddit": "BuyItForLife", "author_flair": null, "submission": "amui5r", "stickied": false, "body": "I used to sell webers... Old Weber = 100% BIFL material, but new Weber products are 100% dog shit.\n\nThe genesis and summit morals of old were things of beauty, now they are just plastic heaps of garbage no better than some charbroil grill... Maybe the burners and flavorizer bars, but not much else.\n\nEdit: For the OP... the genesis you have bought I would still consider to be one of the solid/quality built grills.  The stainless isnt AMAZING but its good enough and those cast end pieces will last forever.  You've got a good grill, I just didnt want people to think the NEW genesis or Weber products were the same quality.", "is_submitter": false, "distinguished": null, "created_utc": 1549245557.0, "parent_id": "t3_amui5r", "replies": [{"author": "mikeiscool81", "id": "efpey9u", "score": 9, "subreddit": "BuyItForLife", "author_flair": null, "submission": "amui5r", "stickied": false, "body": "What\u2019s a good grill now?", "is_submitter": false, "distinguished": null, "created_utc": 1549254772.0, "parent_id": "t1_efp54gr", "replies": [{"author": "Thundermuk", "id": "efpotsl", "score": 4, "subreddit": "BuyItForLife", "author_flair": null, "submission": "amui5r", "stickied": false, "body": "If you're looking for gas I'd recommend Napoleon. ", "is_submitter": false, "distinguished": null, "created_utc": 1549267067.0, "parent_id": "t1_efpey9u", "replies": []}, {"author": "NoseyCo-WorkersSuck", "id": "efpvu5s", "score": 2, "subreddit": "BuyItForLife", "author_flair": null, "submission": "amui5r", "stickied": false, "body": "Well if you can still find some Weber new old stock at some of the smaller hardware stores in town - even the genesis model pictured above is miles ahead of where they downgraded to in recent years - then Weber is great.  \n\nHonestly though I'm not even really sure of a \"great & affordable\" grill these days.  You could literally spend thousands on a grill.  Weber still may make some of their Summit series in the US.  Those used to be the perfect middle ground between \"common man grill\" brand and \"hand built professional series\" brand at around $1400-2400 (I dont know what they cost now days).\n\nI used to take our customers old (real old) Weber Genesis 200 & 300's and clean them out, put some new internals in if needed and keep them around for someone who needs a grill.  I felt bad seeing customers pay $1000 for a downgrade that looked prettier.", "is_submitter": false, "distinguished": null, "created_utc": 1549279915.0, "parent_id": "t1_efpey9u", "replies": []}, {"author": "YOURE_A_MEANIE", "id": "efqhkpo", "score": 1, "subreddit": "BuyItForLife", "author_flair": null, "submission": "amui5r", "stickied": false, "body": "Broil King!", "is_submitter": false, "distinguished": null, "created_utc": 1549300894.0, "parent_id": "t1_efpey9u", "replies": []}, {"author": "bosphotos", "id": "efr31dr", "score": 1, "subreddit": "BuyItForLife", "author_flair": null, "submission": "amui5r", "stickied": false, "body": "Hyped on my 4yr old Vermont Castings", "is_submitter": false, "distinguished": null, "created_utc": 1549316156.0, "parent_id": "t1_efpey9u", "replies": []}, {"author": "patchy_22", "id": "efr9mvz", "score": 1, "subreddit": "BuyItForLife", "author_flair": null, "submission": "amui5r", "stickied": false, "body": "Does anyone have experience with Crown Verity?  Their MCB commercial grills look pretty bulletproof.", "is_submitter": false, "distinguished": null, "created_utc": 1549320912.0, "parent_id": "t1_efpey9u", "replies": []}]}, {"author": "DELETED", "id": "efq1i5z", "score": 3, "subreddit": "BuyItForLife", "author_flair": null, "submission": "amui5r", "stickied": false, "body": "[deleted]", "is_submitter": false, "distinguished": null, "created_utc": 1549287364.0, "parent_id": "t1_efp54gr", "replies": [{"author": "NoseyCo-WorkersSuck", "id": "efq2uvj", "score": 1, "subreddit": "BuyItForLife", "author_flair": null, "submission": "amui5r", "stickied": false, "body": "That is interesting... I didnt know that the company was sold either (according to a poster below).  As I mentioned in another post, I used to deliver these new grills to people and take their old ones away... well those old 90's Genesis' (or Spirits if they were REALLY old) were still completely solid.  Replace the grates and bars, sometimes a burner or two and they are good to go for another 20 years.  ", "is_submitter": false, "distinguished": null, "created_utc": 1549288789.0, "parent_id": "t1_efq1i5z", "replies": []}]}, {"author": "fhuckatron5000", "id": "efpkkov", "score": -2, "subreddit": "BuyItForLife", "author_flair": null, "submission": "amui5r", "stickied": false, "body": "I beg to differ. My grill is 7-8 years or so I would estimate and there is nothing plastic aside from parts of the knobs. ", "is_submitter": false, "distinguished": null, "created_utc": 1549260956.0, "parent_id": "t1_efp54gr", "replies": [{"author": "ssl-3", "id": "efpmisu", "score": 4, "subreddit": "BuyItForLife", "author_flair": null, "submission": "amui5r", "stickied": false, "body": "That's probably old enough to still be \"old\" Weber.\n\nIt was a family-owned business until 2010, when it was sold to vulture capitalists.\n\nIt can take a bit for the vultures to destroy a brand's quality, since factories don't get retooled overnight.", "is_submitter": false, "distinguished": null, "created_utc": 1549263557.0, "parent_id": "t1_efpkkov", "replies": []}, {"author": "Thundermuk", "id": "efpol15", "score": 2, "subreddit": "BuyItForLife", "author_flair": null, "submission": "amui5r", "stickied": false, "body": "Trying to save a buck happened in the past 2-3 years. What really proved it was how drastically even a spirit-210 lost so much quality. Used to have 4 casters and folding side shelves that sucked to put on, but once on they were great. Now it's a 2 wheel monstrosity. Wouldn't be terrible, but the mounting of the new shelves sucks. To attempt to move it the shelf pops out of its upright position 90% of the time. And it doesn't sit level anymore, slightly dipping to the side with no wheels which doesn't make sense because the grease trap is in the center of the grill. And the metal is cheap and thin. Bend's way to easily. I might sound critical but they ruined (most) Weber grills quite quickly. ", "is_submitter": false, "distinguished": null, "created_utc": 1549266668.0, "parent_id": "t1_efpkkov", "replies": [{"author": "rlbond86", "id": "egl715o", "score": 2, "subreddit": "BuyItForLife", "author_flair": null, "submission": "amui5r", "stickied": false, "body": "Holy shit, I have a Spirit 310 and just looked up the \"revised\" model... All plastic. Awful", "is_submitter": false, "distinguished": null, "created_utc": 1550306684.0, "parent_id": "t1_efpol15", "replies": []}]}, {"author": "mjh215", "id": "efpnwi1", "score": 2, "subreddit": "BuyItForLife", "author_flair": null, "submission": "amui5r", "stickied": false, "body": "Over the past few years they've been revamping all their models and moving manufacturing over to China. I THINK the Summit line and the kettles are the only things left made in the USA. I know in the past month or so they redid the Genesis line. ", "is_submitter": false, "distinguished": null, "created_utc": 1549265594.0, "parent_id": "t1_efpkkov", "replies": [{"author": "Zartla", "id": "efpwwg9", "score": 1, "subreddit": "BuyItForLife", "author_flair": null, "submission": "amui5r", "stickied": false, "body": "Kettles are done in China now, often has chipping paint. They're still great about warranty though ", "is_submitter": false, "distinguished": null, "created_utc": 1549281575.0, "parent_id": "t1_efpnwi1", "replies": []}]}]}]}, {"author": "kilograhm", "id": "efp0f2m", "score": 44, "subreddit": "BuyItForLife", "author_flair": null, "submission": "amui5r", "stickied": false, "body": "Finally a real BILF item that is not somebody's old backpack.  Weber is BILF because they have replacement parts.\n\nEdit: While we're on the subject their covers are bilf too.  Well almost, they wont last a life time BUT they're very well made and will last you much longer than most other brands, in other words, worth the money.\n\nEdit2: Getting reports of crappy covers.  Stay away I guess.", "is_submitter": false, "distinguished": null, "created_utc": 1549241657.0, "parent_id": "t3_amui5r", "replies": [{"author": "MackofallTrades", "id": "efp4syx", "score": 16, "subreddit": "BuyItForLife", "author_flair": null, "submission": "amui5r", "stickied": false, "body": "I disagree.  The covers last about a year for me.  They are pretty terrible.", "is_submitter": false, "distinguished": null, "created_utc": 1549245247.0, "parent_id": "t1_efp0f2m", "replies": [{"author": "tomt1112", "id": "efpb7it", "score": 5, "subreddit": "BuyItForLife", "author_flair": null, "submission": "amui5r", "stickied": false, "body": "These ones work pretty well and come with a 3 year warranty.  I've had one successfully replaced for free after 2.5 years.\n\nClassic Accessories 73912 Veranda Grill Cover, Medium, Pebble https://www.amazon.com/dp/B000HCNEWM/ref=cm_sw_r_cp_apa_i_Gi7vCb0YFC4VN", "is_submitter": false, "distinguished": null, "created_utc": 1549251373.0, "parent_id": "t1_efp4syx", "replies": [{"author": "MackofallTrades", "id": "efq01om", "score": 1, "subreddit": "BuyItForLife", "author_flair": null, "submission": "amui5r", "stickied": false, "body": "I got a nice one from Costco.  2 years and it is holding up really well so far.  ", "is_submitter": false, "distinguished": null, "created_utc": 1549285726.0, "parent_id": "t1_efpb7it", "replies": []}]}, {"author": "pjs32000", "id": "efpdpbu", "score": 2, "subreddit": "BuyItForLife", "author_flair": null, "submission": "amui5r", "stickied": false, "body": "I've had my cover for nearly as long as the grill, probably close to 10 years. It's still in great shape. I do keep it under a covered patio though, but it's stores outside every day. I have the same grill as the OP and it's been great, only the ignitor has gone bad.", "is_submitter": false, "distinguished": null, "created_utc": 1549253605.0, "parent_id": "t1_efp4syx", "replies": [{"author": "MackofallTrades", "id": "efq01le", "score": 1, "subreddit": "BuyItForLife", "author_flair": null, "submission": "amui5r", "stickied": false, "body": "That must be a different type of cover.  The ones now crack really quickly.  They get very brittle.", "is_submitter": false, "distinguished": null, "created_utc": 1549285724.0, "parent_id": "t1_efpdpbu", "replies": []}]}]}, {"author": "upvoatsforall", "id": "efp9z1q", "score": 12, "subreddit": "BuyItForLife", "author_flair": null, "submission": "amui5r", "stickied": false, "body": "Weber was sold off a couple years ago. I read an article when researching new barbecues last year that made it sound like they've already started to cut the quality. ", "is_submitter": false, "distinguished": null, "created_utc": 1549250328.0, "parent_id": "t1_efp0f2m", "replies": [{"author": "VengefulCaptain", "id": "efpjd0p", "score": 3, "subreddit": "BuyItForLife", "author_flair": null, "submission": "amui5r", "stickied": false, "body": "I had a job building BBQs 5+ years ago and both Weber and napoleon were solid grills.\n\nMy parents bought a new Weber a few years ago and its no where near as good as it used to be.\n\nWhen you shake a BBQ after building it the good ones don't rattle or flex.\n\nThe new Weber is just as flimsy as the shitty BBQ we had before.\n\nThey are still great to cook on but the quality went downhill a lot.", "is_submitter": false, "distinguished": null, "created_utc": 1549259457.0, "parent_id": "t1_efp9z1q", "replies": []}, {"author": "UserM16", "id": "efpeqw4", "score": 2, "subreddit": "BuyItForLife", "author_flair": null, "submission": "amui5r", "stickied": false, "body": "It's been reported by many to have gone down.  But I believe the Genesis is still built well.  AFAIK, it's still 304 stainless steel too.  ", "is_submitter": false, "distinguished": null, "created_utc": 1549254576.0, "parent_id": "t1_efp9z1q", "replies": []}, {"author": "kilograhm", "id": "efpfcnd", "score": 1, "subreddit": "BuyItForLife", "author_flair": null, "submission": "amui5r", "stickied": false, "body": "that is so sad. I bought one used last summer, its several years old but doing great.", "is_submitter": false, "distinguished": null, "created_utc": 1549255167.0, "parent_id": "t1_efp9z1q", "replies": []}, {"author": "Oakroscoe", "id": "efpxcdd", "score": 1, "subreddit": "BuyItForLife", "author_flair": null, "submission": "amui5r", "stickied": false, "body": "That\u2019s true.  They were sold a couple years after OP bought this grill.  The grills are not the same quality they were ten years ago when Op bought this grill.  ", "is_submitter": false, "distinguished": null, "created_utc": 1549282226.0, "parent_id": "t1_efp9z1q", "replies": []}]}, {"author": "Travis_T_OJustice", "id": "efpr2e7", "score": 7, "subreddit": "BuyItForLife", "author_flair": null, "submission": "amui5r", "stickied": false, "body": "Do you mean BILF (BBQ I'd Like to Fuck) or BIFL? ", "is_submitter": false, "distinguished": null, "created_utc": 1549270965.0, "parent_id": "t1_efp0f2m", "replies": [{"author": "kilograhm", "id": "efq8eb2", "score": 2, "subreddit": "BuyItForLife", "author_flair": null, "submission": "amui5r", "stickied": false, "body": "HAHA, I did not make that connection.  And don't judge me if I'm into hardcore inter-product bbq porn!  It's HOT, we're talking 4 burners propane hot!", "is_submitter": false, "distinguished": null, "created_utc": 1549293866.0, "parent_id": "t1_efpr2e7", "replies": []}]}, {"author": "mt379", "id": "efpbwuv", "score": 2, "subreddit": "BuyItForLife", "author_flair": null, "submission": "amui5r", "stickied": false, "body": "Idk about that. Haven't heard great things about their covers. I went with a kingkong cover for my spirit e-310. Have only had the grill a year but the cover feels far superior to the quality of Weber covers. Hasn't shown any signs of fading yet. If anyone needs a new cover I recommend checking one of theirs out", "is_submitter": false, "distinguished": null, "created_utc": 1549251998.0, "parent_id": "t1_efp0f2m", "replies": []}, {"author": "battraman", "id": "efqlrpw", "score": 1, "subreddit": "BuyItForLife", "author_flair": null, "submission": "amui5r", "stickied": false, "body": "> Weber is BILF because they have replacement parts.\n\nBrand I'd like to F?\n\nIn all seriousness, I bought a Kennmore grill 7 years ago and it needs a new starter but guess what, I can't seem to find parts for it.", "is_submitter": false, "distinguished": null, "created_utc": 1549303943.0, "parent_id": "t1_efp0f2m", "replies": []}]}, {"author": "cyril0", "id": "efoteoh", "score": 6, "subreddit": "BuyItForLife", "author_flair": null, "submission": "amui5r", "stickied": false, "body": "I always wondered how hard it would be to turn a terrible grill in to an amazing one.  Couldn't you change the gas line and valves as long as you had something with a decent frame.", "is_submitter": false, "distinguished": null, "created_utc": 1549236124.0, "parent_id": "t3_amui5r", "replies": [{"author": "pteryx2", "id": "efoz19a", "score": 8, "subreddit": "BuyItForLife", "author_flair": null, "submission": "amui5r", "stickied": false, "body": "The problem is that you are paying for the frame.  There's no cheap gas grill with a thick steel frame, to my knowledge.", "is_submitter": false, "distinguished": null, "created_utc": 1549240593.0, "parent_id": "t1_efoteoh", "replies": [{"author": "cyril0", "id": "efoziew", "score": 5, "subreddit": "BuyItForLife", "author_flair": null, "submission": "amui5r", "stickied": false, "body": "Makes sense.  I just watched a few refurb videos on youtube, maybe I will try and get myself a defective high end grill and refurb it.  ", "is_submitter": false, "distinguished": null, "created_utc": 1549240962.0, "parent_id": "t1_efoz19a", "replies": []}, {"author": "mandelboxset", "id": "efpoj32", "score": 1, "subreddit": "BuyItForLife", "author_flair": null, "submission": "amui5r", "stickied": false, "body": "There are cheap gas grills with good frames.\n\nOld, used webers. People think they look old and want to get rid of them, will sell em for practically nothing just to not have to throw it away, dump some money into a few repair parts and you have a grill that will last a lifetime with a small amount of matenence. I honestly prefer the look of the older webers anyways. I want one like my parents old Genisis 3 from the late eighties, it has a side burner as well. ", "is_submitter": false, "distinguished": null, "created_utc": 1549266582.0, "parent_id": "t1_efoz19a", "replies": []}]}, {"author": "argentcorvid", "id": "efp5k9l", "score": 5, "subreddit": "BuyItForLife", "author_flair": null, "submission": "amui5r", "stickied": false, "body": "_terrible_ grills are terrible. The middle of the road ones can be ok.\n\n I have a Home Depot house brand grill that I got for free because the previous owner was moving and the burners were rusted out. $100 In parts from Amazon later it worked like new. The only issue is that the steel of the bottom of the firebox is also rusty, so I don't know how much longer it's going to last.", "is_submitter": false, "distinguished": null, "created_utc": 1549246002.0, "parent_id": "t1_efoteoh", "replies": [{"author": "cyril0", "id": "efp5yy0", "score": 1, "subreddit": "BuyItForLife", "author_flair": null, "submission": "amui5r", "stickied": false, "body": "Can you just cut out the bottom and weld in a nice thick steel plate?  That's got to be way cheaper than replacing the grill.or what it you found a nice steel basin roughly the right size? You could cut out the rust, drop in the he basin after drilling holes for your heating elements. Anyways just a thought. I'm a hug fan of building things", "is_submitter": false, "distinguished": null, "created_utc": 1549246434.0, "parent_id": "t1_efp5k9l", "replies": [{"author": "MusaEnsete", "id": "efpg2bt", "score": 5, "subreddit": "BuyItForLife", "author_flair": null, "submission": "amui5r", "stickied": false, "body": "Props to you.  But the average home owner wants nothing to do with finding someone to weld in a steel plate (or source a steel plate), or cut out the rust (with what?), or do anything other than drop some $ to fix it.  Folks who like building things can make a sweet ass grill for cheaper.  Most Weber buyers want to buy something with easily ordered parts that doesn't fall apart or need extra work.", "is_submitter": false, "distinguished": null, "created_utc": 1549255886.0, "parent_id": "t1_efp5yy0", "replies": []}]}]}, {"author": "DELETED", "id": "efp64y5", "score": 2, "subreddit": "BuyItForLife", "author_flair": null, "submission": "amui5r", "stickied": false, "body": "Yes I have a charbroil that was made during the short time they put out all stainless frames and hoods, I have rebuilt the guts with all kinds of various parts that will last as long as the grill. It's an 04'.", "is_submitter": false, "distinguished": null, "created_utc": 1549246605.0, "parent_id": "t1_efoteoh", "replies": []}]}, {"author": "One-Eyed-Willies", "id": "efouvh9", "score": 7, "subreddit": "BuyItForLife", "author_flair": null, "submission": "amui5r", "stickied": false, "body": "I have the same grill but in black. I have also had it ten years and it looks the same. Best $800 I have spent on a BBQ. ", "is_submitter": false, "distinguished": null, "created_utc": 1549237323.0, "parent_id": "t3_amui5r", "replies": []}, {"author": "Qmtfive", "id": "efoy6iv", "score": 7, "subreddit": "BuyItForLife", "author_flair": null, "submission": "amui5r", "stickied": false, "body": "At my old job the Weber grilles were not only the easiest to assemble but they also never came back once they went out the door. Definitely the brand I'd recommend.", "is_submitter": false, "distinguished": null, "created_utc": 1549239908.0, "parent_id": "t3_amui5r", "replies": [{"author": "StpdSxyFlndrs", "id": "efpsyhs", "score": 2, "subreddit": "BuyItForLife", "author_flair": null, "submission": "amui5r", "stickied": false, "body": "How long ago was that? New stuff doesn\u2019t seem to be on par with the typical quality they\u2019re known for, fr m what I\u2019ve been hearing.", "is_submitter": false, "distinguished": null, "created_utc": 1549274594.0, "parent_id": "t1_efoy6iv", "replies": [{"author": "Qmtfive", "id": "efq4uir", "score": 2, "subreddit": "BuyItForLife", "author_flair": null, "submission": "amui5r", "stickied": false, "body": "About a year ago. Even if that's true it's still much better than the compitetion.", "is_submitter": false, "distinguished": null, "created_utc": 1549290733.0, "parent_id": "t1_efpsyhs", "replies": []}]}]}, {"author": "DELETED", "id": "efp6wy5", "score": 10, "subreddit": "BuyItForLife", "author_flair": null, "submission": "amui5r", "stickied": false, "body": "The problem lies in the fact that Weber started building all their grills in China in the past couple years. My old boss who was the main distributor in town here said the warranty got worse, the price went up, and the products aren't are steong as they once were. He quit selling them altogether because of the crap he was getting from his Weber rep. \n\nI wouldn't buy one these days, but glad that anyone who got one previously has a good product. I have an old charcoal one that is still going strong myself.", "is_submitter": false, "distinguished": null, "created_utc": 1549247397.0, "parent_id": "t3_amui5r", "replies": [{"author": "mikeiscool81", "id": "efpf1rs", "score": 4, "subreddit": "BuyItForLife", "author_flair": null, "submission": "amui5r", "stickied": false, "body": "What\u2019s a good brand now?", "is_submitter": false, "distinguished": null, "created_utc": 1549254867.0, "parent_id": "t1_efp6wy5", "replies": [{"author": "DELETED", "id": "efpxmd3", "score": 3, "subreddit": "BuyItForLife", "author_flair": null, "submission": "amui5r", "stickied": false, "body": "I couldn't say with certainty on anything. I do know my old boss is now selling Broil King. Iirc he said they are all made in the USA with a good warranty and they stand behind their product as well. \n\n\nIt seems harder and harder these days to find anything at all that lasts more than 5 years.", "is_submitter": false, "distinguished": null, "created_utc": 1549282614.0, "parent_id": "t1_efpf1rs", "replies": [{"author": "YOURE_A_MEANIE", "id": "efqhpr3", "score": 2, "subreddit": "BuyItForLife", "author_flair": null, "submission": "amui5r", "stickied": false, "body": "Broil King is built in Canada but yeah, they're great. I got one last year and it's a thing of beauty.", "is_submitter": false, "distinguished": null, "created_utc": 1549300995.0, "parent_id": "t1_efpxmd3", "replies": [{"author": "battraman", "id": "efqpgjv", "score": 2, "subreddit": "BuyItForLife", "author_flair": null, "submission": "amui5r", "stickied": false, "body": "You know, due to the similarity in manufacturing quality and how intertwined our economies are, I'm totally okay with buying Made in Canada just as I am buying American made.", "is_submitter": false, "distinguished": null, "created_utc": 1549306587.0, "parent_id": "t1_efqhpr3", "replies": [{"author": "YOURE_A_MEANIE", "id": "efqpzf4", "score": 2, "subreddit": "BuyItForLife", "author_flair": null, "submission": "amui5r", "stickied": false, "body": "I agree completely.", "is_submitter": false, "distinguished": null, "created_utc": 1549306958.0, "parent_id": "t1_efqpgjv", "replies": []}]}]}]}, {"author": "Oakroscoe", "id": "efq12m7", "score": 1, "subreddit": "BuyItForLife", "author_flair": null, "submission": "amui5r", "stickied": false, "body": "If you\u2019re willing to go charcoal then big green egg or kamado joe are both superb brands.  ", "is_submitter": false, "distinguished": null, "created_utc": 1549286896.0, "parent_id": "t1_efpf1rs", "replies": [{"author": "mikeiscool81", "id": "efq268d", "score": 1, "subreddit": "BuyItForLife", "author_flair": null, "submission": "amui5r", "stickied": false, "body": "I agree!  I wish I was better with charcoal. ", "is_submitter": false, "distinguished": null, "created_utc": 1549288083.0, "parent_id": "t1_efq12m7", "replies": [{"author": "Oakroscoe", "id": "efret2g", "score": 1, "subreddit": "BuyItForLife", "author_flair": null, "submission": "amui5r", "stickied": false, "body": "I had bad experience with charcoal on old school kettle style grills but I ended up borrowing a big green egg and controlling lump charcoal in a ceramic grill is a lot easier.  After borrowing a BGE I ended up buying a kamado joe I hardly use my Weber genesis compared to the KJ.  ", "is_submitter": false, "distinguished": null, "created_utc": 1549325041.0, "parent_id": "t1_efq268d", "replies": []}]}]}, {"author": "DELETED", "id": "efqa8eu", "score": 1, "subreddit": "BuyItForLife", "author_flair": null, "submission": "amui5r", "stickied": false, "body": "One does not shop for grill via brand, one shops for form factor and features as ZERO brands make all types of grills.", "is_submitter": false, "distinguished": null, "created_utc": 1549295350.0, "parent_id": "t1_efpf1rs", "replies": []}]}]}, {"author": "jjjheimerschmidt", "id": "efp15ak", "score": 5, "subreddit": "BuyItForLife", "author_flair": null, "submission": "amui5r", "stickied": false, "body": "Have the same grill.. Igniter has been dead since the second month of ownership but the rest of the grill has been working as it did on the first day.", "is_submitter": false, "distinguished": null, "created_utc": 1549242201.0, "parent_id": "t3_amui5r", "replies": [{"author": "MusaEnsete", "id": "efpgbep", "score": 2, "subreddit": "BuyItForLife", "author_flair": null, "submission": "amui5r", "stickied": false, "body": "I have the same.  My push button igniter fell off after 6 years.  I threw it inside last Fall and figured I'd deal with it later come Spring.  Not too hard to light with long-reach lighter instead.", "is_submitter": false, "distinguished": null, "created_utc": 1549256141.0, "parent_id": "t1_efp15ak", "replies": [{"author": "JohnnyHighGround", "id": "efq5t1s", "score": 1, "subreddit": "BuyItForLife", "author_flair": null, "submission": "amui5r", "stickied": false, "body": "My igniter stopped working after about 7 or 8 years, but it was *incredibly* easy and cheap to replace. ", "is_submitter": false, "distinguished": null, "created_utc": 1549291617.0, "parent_id": "t1_efpgbep", "replies": []}]}]}, {"author": "ebro2066", "id": "efotc8t", "score": 13, "subreddit": "BuyItForLife", "author_flair": null, "submission": "amui5r", "stickied": false, "body": "Taste the meat, not the heat.", "is_submitter": false, "distinguished": null, "created_utc": 1549236068.0, "parent_id": "t3_amui5r", "replies": []}, {"author": "wildcardyeehaw", "id": "efp9vsc", "score": 3, "subreddit": "BuyItForLife", "author_flair": null, "submission": "amui5r", "stickied": false, "body": "controls on the side seems like a terrible design choice ", "is_submitter": false, "distinguished": null, "created_utc": 1549250254.0, "parent_id": "t3_amui5r", "replies": [{"author": "quarl0w", "id": "efpdbd3", "score": 1, "subreddit": "BuyItForLife", "author_flair": null, "submission": "amui5r", "stickied": false, "body": "It's because their burners go side to side instead of front to back. \n\nThey made other models that have the knobs next to the grille, and a shelf on the other side. \n\nI like it, it seems to create more even heat than the front to back versions I have had.", "is_submitter": false, "distinguished": null, "created_utc": 1549253252.0, "parent_id": "t1_efp9vsc", "replies": [{"author": "jaymths", "id": "efqtvq9", "score": 1, "subreddit": "BuyItForLife", "author_flair": null, "submission": "amui5r", "stickied": false, "body": "I believe it's like that so you can smoke on it. Turn on front burner, wood chips on top,  place meat towards back where the air vent is so smoke and heat travel over the meat evenly. ", "is_submitter": false, "distinguished": null, "created_utc": 1549309819.0, "parent_id": "t1_efpdbd3", "replies": [{"author": "quarl0w", "id": "efqwzzz", "score": 2, "subreddit": "BuyItForLife", "author_flair": null, "submission": "amui5r", "stickied": false, "body": "I've never smoked on mine, but I do use them all the time for direct vs indirect heat.\n\nThis is in the manual for the Grill. \n\n[https://i.imgur.com/GmzMxhB.jpg](https://i.imgur.com/GmzMxhB.jpg)", "is_submitter": false, "distinguished": null, "created_utc": 1549312013.0, "parent_id": "t1_efqtvq9", "replies": []}]}]}]}, {"author": "Stinky_Fartface", "id": "efpaqga", "score": 3, "subreddit": "BuyItForLife", "author_flair": null, "submission": "amui5r", "stickied": false, "body": "I have that exact same model, in black. I don't have a cover for it, although it stays under a partially covered section of my deck. It's in equally great shape and not a part has failed, except for the push button starter. ", "is_submitter": false, "distinguished": null, "created_utc": 1549250961.0, "parent_id": "t3_amui5r", "replies": []}, {"author": "quarl0w", "id": "efpe08v", "score": 3, "subreddit": "BuyItForLife", "author_flair": null, "submission": "amui5r", "stickied": false, "body": "I feel like I won the Weber lottery. \n\nWhen we bought our new house it had a Natural Gas line on the patio so I gave my old Walmart propane BBQ to my brother for letting us stay with them while we were between houses. \n\nI found a BBQ on online classifieds. The guy that sold it to me said he installs high end custom built-in outdoor kitchens. He said the people usually say to junk the old stuff. He sells the nicer ones. \n\nI have [this one](https://www.amazon.com/dp/B000659KBO/).  Weber Genesis Gold C Natural Gas. It's got the two side shelves and each old folds up to double shelf space. He also had a Weber cover for it. He sold it to me for $50. It was dirty. Not terrible, but general use. No rust anywhere. 4 years later it still looks fantastic, works great. Heats up quick and Cooks evenly.", "is_submitter": false, "distinguished": null, "created_utc": 1549253884.0, "parent_id": "t3_amui5r", "replies": [{"author": "iveo83", "id": "efqfqgw", "score": 1, "subreddit": "BuyItForLife", "author_flair": null, "submission": "amui5r", "stickied": false, "body": "thats the grill I have. I paid I think $350 new and it's one of the best investments I have ever made. Love that grill. I melted some of the knobs and it sits outside in the snow all year long but it's still in really great shape and makes great food :D\n\nedit: that's amazing you got it for $50 I would have kept in touch with that guy and buy more of his grills. That's a crazy price. Just give him out for presents lol", "is_submitter": false, "distinguished": null, "created_utc": 1549299525.0, "parent_id": "t1_efpe08v", "replies": []}]}, {"author": "MysteriousWetSpot", "id": "efpefgd", "score": 3, "subreddit": "BuyItForLife", "author_flair": null, "submission": "amui5r", "stickied": false, "body": "Love my weber grill.  Didnt like the stock grates.   Upgraded to these AND I LOVE THEM.  https://www.grillgrate.com", "is_submitter": false, "distinguished": null, "created_utc": 1549254277.0, "parent_id": "t3_amui5r", "replies": [{"author": "dadzilla", "id": "efpej79", "score": 1, "subreddit": "BuyItForLife", "author_flair": null, "submission": "amui5r", "stickied": false, "body": "Ohh, I've been thinking about going to those. What is great about them? Any drawbacks?", "is_submitter": true, "distinguished": null, "created_utc": 1549254375.0, "parent_id": "t1_efpefgd", "replies": [{"author": "MysteriousWetSpot", "id": "efpghrn", "score": 3, "subreddit": "BuyItForLife", "author_flair": null, "submission": "amui5r", "stickied": false, "body": "They get hot.  Sizzling hot.  They hold the heat and it doesnt travel between the bars on like traditional grill grates.  \n\nThe sear marks/lines are amazing so it makes you look like a pro lol.   And you can flip them over and have a flat surface to cook on (although there are small vent holes so you cant cook like pancakes and liquidy stuff). \n\n But the flat surface is great for veggies, shrimp, burgers & steak (get a sweet full surface sear on those, like cooking on a flat top griddle)  \n\nAll around it just gives you more options to cook differently and although expensive I love them on my grill and do not regret buying them.  \n\nDrawbacks I've noticed -  I purchased a entire surface \"kit\" for my weber spirit e-310.  They have a small amount of wiggle once all connected together so you can \"rack\" them on an angle but this isn't a big issue. \n\n Another draw back is when closing the lid the lid lip makes a small amount of contact with the top portion of the grates and since that happens grease and grilling funk travel down the lid lip and onto the front panel of the grill on the one corner.  Not noticable unless you're cooking fatty foods like a few burgers.  But I keep my grill pretty clean but it was just an observation.  ", "is_submitter": false, "distinguished": null, "created_utc": 1549256318.0, "parent_id": "t1_efpej79", "replies": [{"author": "dadzilla", "id": "efphx8r", "score": 1, "subreddit": "BuyItForLife", "author_flair": null, "submission": "amui5r", "stickied": false, "body": "I assume you don't get as much crud that needs to get cleaned out underneath also?", "is_submitter": true, "distinguished": null, "created_utc": 1549257843.0, "parent_id": "t1_efpghrn", "replies": [{"author": "MysteriousWetSpot", "id": "efpwu1d", "score": 1, "subreddit": "BuyItForLife", "author_flair": null, "submission": "amui5r", "stickied": false, "body": "Correct.  Majority of the stuff stays up top. ", "is_submitter": false, "distinguished": null, "created_utc": 1549281474.0, "parent_id": "t1_efphx8r", "replies": []}]}]}]}, {"author": "iveo83", "id": "efqgb1r", "score": 1, "subreddit": "BuyItForLife", "author_flair": null, "submission": "amui5r", "stickied": false, "body": "whats the difference between on top and replace options? I'm guessing replace would be the normal option? My Webber grate is finally starting to go and some are popping up. Would this be that much more then just replacing the grate with Weber?", "is_submitter": false, "distinguished": null, "created_utc": 1549299957.0, "parent_id": "t1_efpefgd", "replies": [{"author": "MysteriousWetSpot", "id": "efqryg8", "score": 2, "subreddit": "BuyItForLife", "author_flair": null, "submission": "amui5r", "stickied": false, "body": "Difference between on top and replace option?  -  On top would just be a smaller size that goes on top of existing grates.  The replace option would be taking the factory grates out and having a complete grill grate replacement that's cut to fit your grill.  \n\n\nI'd think the grill grates would be more expensive then weber replacements but dont  hold me to that.  I honestly dont know prices of weber's grates.  Check out YouTube videos on the grill grates.  That's how I learned about them.  ", "is_submitter": false, "distinguished": null, "created_utc": 1549308432.0, "parent_id": "t1_efqgb1r", "replies": []}]}]}, {"author": "balthisar", "id": "efoulfa", "score": 2, "subreddit": "BuyItForLife", "author_flair": null, "submission": "amui5r", "stickied": false, "body": "I've got a Summit Platinum that I bought in 2004. Not quite the 20 years /u/Studlier has going on his Genesis, but I have no doubt it will make it. I've not replaced anything yet. A couple of years ago, though, I swapped the left set of burners for the right set, as I use the left side a lot more often, and they were starting to show their ages.\n\nMy Performer (I swing both ways), though, is only eight years old, and I've had to replace the grates. You know what sucks? It was damned near impossible to find true, stainless grates, which are what I want for the Performer.\n", "is_submitter": false, "distinguished": null, "created_utc": 1549237093.0, "parent_id": "t3_amui5r", "replies": []}, {"author": "strategic_upvote", "id": "efox1rf", "score": 2, "subreddit": "BuyItForLife", "author_flair": null, "submission": "amui5r", "stickied": false, "body": "I have the same one (in all stainless, and natural gas). Has had heavy use for coming up on 9 years. All I\u2019ve had to replace so far is the ignition, and that was easy and inexpensive. \n\nCan\u2019t be beat!", "is_submitter": false, "distinguished": null, "created_utc": 1549239024.0, "parent_id": "t3_amui5r", "replies": []}, {"author": "jpedlow", "id": "efp11qy", "score": 2, "subreddit": "BuyItForLife", "author_flair": null, "submission": "amui5r", "stickied": false, "body": "Also applicable, Napoleon prestige series (which is popular with Canadians)", "is_submitter": false, "distinguished": null, "created_utc": 1549242129.0, "parent_id": "t3_amui5r", "replies": []}, {"author": "Hellmark", "id": "efp6sko", "score": 2, "subreddit": "BuyItForLife", "author_flair": null, "submission": "amui5r", "stickied": false, "body": "I have a Genesis as well, but the hoses on it have oddball size fittings that I can't get replacements for. I would have to replace a ton of parts to get it going again.", "is_submitter": false, "distinguished": null, "created_utc": 1549247288.0, "parent_id": "t3_amui5r", "replies": []}, {"author": "cbecons", "id": "efpa71i", "score": 2, "subreddit": "BuyItForLife", "author_flair": null, "submission": "amui5r", "stickied": false, "body": "I bought a Weber and moved overseas. Left it with my Mom who gave it to my sister. Moved back to the states and sister won\u2019t give grill up, so we bought an older one at an estate sale both are going to last forever. ", "is_submitter": false, "distinguished": null, "created_utc": 1549250507.0, "parent_id": "t3_amui5r", "replies": []}, {"author": "CaseLogic", "id": "efpzwa9", "score": 2, "subreddit": "BuyItForLife", "author_flair": null, "submission": "amui5r", "stickied": false, "body": "My genesis grill develop rust on them in the off season. Best way to treat that?", "is_submitter": false, "distinguished": null, "created_utc": 1549285546.0, "parent_id": "t3_amui5r", "replies": []}, {"author": "whydoyoulook", "id": "efqcrwk", "score": 2, "subreddit": "BuyItForLife", "author_flair": null, "submission": "amui5r", "stickied": false, "body": "Hank Hill would be proud.", "is_submitter": false, "distinguished": null, "created_utc": 1549297320.0, "parent_id": "t3_amui5r", "replies": []}, {"author": "pokinthecrazy", "id": "efqic26", "score": 2, "subreddit": "BuyItForLife", "author_flair": null, "submission": "amui5r", "stickied": false, "body": "Dang - that looks pretty.\n\n&#x200B;\n\nI have a cheaper Weber gas grill that is still going strong but now I want the fancy pants one there.\n\n&#x200B;\n\nFailing at BIFLing.", "is_submitter": false, "distinguished": null, "created_utc": 1549301442.0, "parent_id": "t3_amui5r", "replies": []}, {"author": "herp_de-derp", "id": "efrfp7y", "score": 2, "subreddit": "BuyItForLife", "author_flair": null, "submission": "amui5r", "stickied": false, "body": "I've had this exact same model for give or take 10 years. Bought it for LP, but when we moved in 2015, converted to NG. Made the mistake and forgot to turn off the burners for about 9 hours. Used that as an opportunity to purchase stainless steel flavorizer bars and grates. No issues at all. Easily the best grill I have ever owned. Mine is blue and I love the color. ", "is_submitter": false, "distinguished": null, "created_utc": 1549325791.0, "parent_id": "t3_amui5r", "replies": []}, {"author": "Dickramboner", "id": "efp5dr5", "score": 1, "subreddit": "BuyItForLife", "author_flair": null, "submission": "amui5r", "stickied": false, "body": "Natural gas?", "is_submitter": false, "distinguished": null, "created_utc": 1549245828.0, "parent_id": "t3_amui5r", "replies": [{"author": "dadzilla", "id": "efpaf2c", "score": 2, "subreddit": "BuyItForLife", "author_flair": null, "submission": "amui5r", "stickied": false, "body": "Propane, but plumbed into my house supply. ", "is_submitter": true, "distinguished": null, "created_utc": 1549250692.0, "parent_id": "t1_efp5dr5", "replies": []}]}, {"author": "goots", "id": "efpbkjn", "score": 1, "subreddit": "BuyItForLife", "author_flair": null, "submission": "amui5r", "stickied": false, "body": "Huh, the a lot of the chrome on the flanges where the handles go has all flaked off. Not the best finish, and I keep it covered all year.", "is_submitter": false, "distinguished": null, "created_utc": 1549251695.0, "parent_id": "t3_amui5r", "replies": []}, {"author": "HerdyQwerty", "id": "efpbx85", "score": 1, "subreddit": "BuyItForLife", "author_flair": null, "submission": "amui5r", "stickied": false, "body": "I have this grill and although I agree the build quality is good I have always been aggravated by the location of the nobs. Why position the controls to make 50% of the available table top unusable? The space between the controls and the grill surface is too small for everything. They also collect and retain water in this orientation.\n\nThey could have put them on the front and doubled the usable space.", "is_submitter": false, "distinguished": null, "created_utc": 1549252007.0, "parent_id": "t3_amui5r", "replies": [{"author": "Dandw12786", "id": "efpkojn", "score": 1, "subreddit": "BuyItForLife", "author_flair": null, "submission": "amui5r", "stickied": false, "body": "Most of them are on the front, they did this for a few years I think and it's because the burners run side to side instead of front to back. Really terrible design choice honestly, it makes it more difficult to have different heating zones for direct/indirect cooking. I wish I'd have waited a year to get mine as they changed back to a decent burner orientation for the next year's model. ", "is_submitter": false, "distinguished": null, "created_utc": 1549261090.0, "parent_id": "t1_efpbx85", "replies": []}]}, {"author": "mt379", "id": "efpc05h", "score": 1, "subreddit": "BuyItForLife", "author_flair": null, "submission": "amui5r", "stickied": false, "body": "Genesis was a bit out of budget for me but glad I snagged one of the last older models of the spirit e-310 with that still has the door. Should last me for many years to come. Great grill and big plus for replacement parts \ud83d\udc4d", "is_submitter": false, "distinguished": null, "created_utc": 1549252078.0, "parent_id": "t3_amui5r", "replies": []}, {"author": "UnderqualifiedITGuy", "id": "efpc8f8", "score": 1, "subreddit": "BuyItForLife", "author_flair": null, "submission": "amui5r", "stickied": false, "body": "What do you use to clean the outside of it?", "is_submitter": false, "distinguished": null, "created_utc": 1549252284.0, "parent_id": "t3_amui5r", "replies": [{"author": "dadzilla", "id": "efpd6it", "score": 2, "subreddit": "BuyItForLife", "author_flair": null, "submission": "amui5r", "stickied": false, "body": "Dawn dish soap, hot water, and a green scrubby pad. I decided early on that I didn't mind the stainless having some \"character\". The porcelain is literally hard as glass, so the scrubby doesn't hurt it at all. ", "is_submitter": true, "distinguished": null, "created_utc": 1549253129.0, "parent_id": "t1_efpc8f8", "replies": [{"author": "pjs32000", "id": "efpdw8w", "score": 2, "subreddit": "BuyItForLife", "author_flair": null, "submission": "amui5r", "stickied": false, "body": "Every couple of years I use some barkeeper's friend stainless cleaner on the exterior of mine. Works great. I have the same grill but the all stainless one I stead of blue.", "is_submitter": false, "distinguished": null, "created_utc": 1549253781.0, "parent_id": "t1_efpd6it", "replies": []}]}]}, {"author": "Dandw12786", "id": "efpkfjt", "score": 1, "subreddit": "BuyItForLife", "author_flair": null, "submission": "amui5r", "stickied": false, "body": "I've got the same model. Absolutely hate the side to side orientation of the burners. Obviously they realized it was a terrible idea as well as they stopped doing it right after these. But the thing cost a lot so I'm kind of stuck with it. ", "is_submitter": false, "distinguished": null, "created_utc": 1549260771.0, "parent_id": "t3_amui5r", "replies": []}, {"author": "DELETED", "id": "efpnklp", "score": 1, "subreddit": "BuyItForLife", "author_flair": null, "submission": "amui5r", "stickied": false, "body": "My last weber was a POS, but it was their lowest end model", "is_submitter": false, "distinguished": null, "created_utc": 1549265090.0, "parent_id": "t3_amui5r", "replies": []}, {"author": "Crzy_Grl", "id": "efpy6ul", "score": 1, "subreddit": "BuyItForLife", "author_flair": null, "submission": "amui5r", "stickied": false, "body": "I have the Stainless model like that. Mine needs a good cleaning. Grilled wings on it last night. Ignitor was destroyed by an ornery puppy, same with the cover (different puppy). I have one of those rechargeable lighters, it works great for grills. \n\nSorry to hear that the quality has gone down recently. I was lusting after one of the new ones the other day, but I think I will just keep this one going. I've only had to replace the flavorizer bars and the grate.", "is_submitter": false, "distinguished": null, "created_utc": 1549283381.0, "parent_id": "t3_amui5r", "replies": []}, {"author": "Coffeeshop36", "id": "efq4aao", "score": 1, "subreddit": "BuyItForLife", "author_flair": null, "submission": "amui5r", "stickied": false, "body": "We have a Genesis and had to replace everything inside over the years- flavor bars and grates and my button broke (ours is in front not on the top like the one above) but we work around that.  Ours is 19 years old it has stopped distributing heat evenly, beyond our capacity to repair.  19 years is a pretty long life and it has definitely paid for itself time and time again.\n\nThis summer we are replacing, with another Weber Genesis", "is_submitter": false, "distinguished": null, "created_utc": 1549290204.0, "parent_id": "t3_amui5r", "replies": []}, {"author": "htimsj", "id": "efq9461", "score": 1, "subreddit": "BuyItForLife", "author_flair": null, "submission": "amui5r", "stickied": false, "body": "I have the newer version of that, with the knobs up front. Very well made and I got it $100 off. The next year I learned why. They were clearing out the prior model. The new one is not as nice. ", "is_submitter": false, "distinguished": null, "created_utc": 1549294457.0, "parent_id": "t3_amui5r", "replies": []}, {"author": "DELETED", "id": "efq9xn2", "score": 1, "subreddit": "BuyItForLife", "author_flair": null, "submission": "amui5r", "stickied": false, "body": "I absolutely agonized over my grill for the last year.  I kept flow charts, excel spreadsheets and visited here and other BBQ grill forums.  I think this is the price leader for quality vs. price tag on the planet.  I almost got a 3 Embers, but the 10 year warranty and bigger brand name won me over to Weber.  I got the Weber Genesis II E-410 last for for $700 at Home Depot, such a good buy.", "is_submitter": false, "distinguished": null, "created_utc": 1549295112.0, "parent_id": "t3_amui5r", "replies": []}, {"author": "htxdc", "id": "efqgel7", "score": 1, "subreddit": "BuyItForLife", "author_flair": null, "submission": "amui5r", "stickied": false, "body": "Does the grill rust? If I buy this grill, it will be stored outside with the cover.", "is_submitter": false, "distinguished": null, "created_utc": 1549300033.0, "parent_id": "t3_amui5r", "replies": []}, {"author": "dadzilla", "id": "efql4yc", "score": 1, "subreddit": "BuyItForLife", "author_flair": null, "submission": "amui5r", "stickied": false, "body": "Mine hasn\u2019t. The chrome & stainless are very high quality. Hope that is true of the current models. ", "is_submitter": true, "distinguished": null, "created_utc": 1549303476.0, "parent_id": "t3_amui5r", "replies": []}, {"author": "hex1848", "id": "efqmups", "score": 1, "subreddit": "BuyItForLife", "author_flair": null, "submission": "amui5r", "stickied": false, "body": "Wish my spirit looked like that, the whole bottom area rusted out and the doors fell off (even though I kept it covered).  Burner still lights up on the first click, just doesn't look very aesthetically pleasing. ", "is_submitter": false, "distinguished": null, "created_utc": 1549304720.0, "parent_id": "t3_amui5r", "replies": []}, {"author": "drive2fast", "id": "efqnx6q", "score": 1, "subreddit": "BuyItForLife", "author_flair": null, "submission": "amui5r", "stickied": false, "body": "My weber 400Q works like new after 8 years. It is the \u2018honda accord\u2019 of bbq\u2019s. Not overpowered but completely adequate, exceptionally fuel efficient and reliable as stone.\n\nDon\u2019t underestimate how much better these smaller egg shaped bbq\u2019s work on stuff like chicken as compared with these big monster bbq\u2019s. They are the lifted 4x4\u2019s of the bbq world. Inefficient and they don\u2019t do smaller tasks well. \n\nMy solution is to whip out my travel sized q bbq when I need more grill capacity. (Pro tip- put a fill size reg/hose on it and scrap the disposable small bottle thing. They do not have enough flow rate for the burner. Use a 5-10lb tank for travel.", "is_submitter": false, "distinguished": null, "created_utc": 1549305485.0, "parent_id": "t3_amui5r", "replies": []}, {"author": "sobchakonshabbos", "id": "efqpnym", "score": 1, "subreddit": "BuyItForLife", "author_flair": null, "submission": "amui5r", "stickied": false, "body": "Love that blue", "is_submitter": false, "distinguished": null, "created_utc": 1549306731.0, "parent_id": "t3_amui5r", "replies": []}, {"author": "Da_Funk", "id": "efr4nv6", "score": 1, "subreddit": "BuyItForLife", "author_flair": null, "submission": "amui5r", "stickied": false, "body": "Their kettle grill is BIFL. Can't go wrong with their chimney starter either.", "is_submitter": false, "distinguished": null, "created_utc": 1549317274.0, "parent_id": "t3_amui5r", "replies": []}, {"author": "scottb84", "id": "efp9hku", "score": -4, "subreddit": "BuyItForLife", "author_flair": null, "submission": "amui5r", "stickied": false, "body": "When did propane BBQs grow to be the size of Buicks?", "is_submitter": false, "distinguished": null, "created_utc": 1549249928.0, "parent_id": "t3_amui5r", "replies": []}, {"author": "casemodz", "id": "efp2bkk", "score": -13, "subreddit": "BuyItForLife", "author_flair": null, "submission": "amui5r", "stickied": false, "body": "10 years ain't a lifetime kiddo.", "is_submitter": false, "distinguished": null, "created_utc": 1549243026.0, "parent_id": "t3_amui5r", "replies": [{"author": "Hellmark", "id": "efp6zml", "score": 7, "subreddit": "BuyItForLife", "author_flair": null, "submission": "amui5r", "stickied": false, "body": "For BBQs, that's a long ass time.", "is_submitter": false, "distinguished": null, "created_utc": 1549247473.0, "parent_id": "t1_efp2bkk", "replies": [{"author": "casemodz", "id": "efp84ed", "score": -5, "subreddit": "BuyItForLife", "author_flair": null, "submission": "amui5r", "stickied": false, "body": "It's literally stainless steel...how is that miraculous?", "is_submitter": false, "distinguished": null, "created_utc": 1549248598.0, "parent_id": "t1_efp6zml", "replies": [{"author": "Hellmark", "id": "efp8zlx", "score": 2, "subreddit": "BuyItForLife", "author_flair": null, "submission": "amui5r", "stickied": false, "body": "Most aren't 100% stainless, plus fire can still burnout stainless steel.", "is_submitter": false, "distinguished": null, "created_utc": 1549249541.0, "parent_id": "t1_efp84ed", "replies": []}]}]}, {"author": "dadzilla", "id": "efpa9q1", "score": -2, "subreddit": "BuyItForLife", "author_flair": null, "submission": "amui5r", "stickied": false, "body": "RemindMe! 1 day after I die \"did the grill make it?\"", "is_submitter": true, "distinguished": null, "created_utc": 1549250568.0, "parent_id": "t1_efp2bkk", "replies": [{"author": "RemindMeBot", "id": "efpaa7h", "score": 1, "subreddit": "BuyItForLife", "author_flair": null, "submission": "amui5r", "stickied": false, "body": "I will be messaging you on [**2019-02-05 03:22:57 UTC**](http://www.wolframalpha.com/input/?i=2019-02-05 03:22:57 UTC To Local Time) to remind you of [**this link.**](https://www.reddit.com/r/BuyItForLife/comments/amui5r/weber_genesis_gas_grill_looking_new_after_10_years/)\n\n[**CLICK THIS LINK**](http://np.reddit.com/message/compose/?to=RemindMeBot&subject=Reminder&message=[https://www.reddit.com/r/BuyItForLife/comments/amui5r/weber_genesis_gas_grill_looking_new_after_10_years/]%0A%0ARemindMe!  1 day after I die ) to send a PM to also be reminded and to reduce spam.\n\n^(Parent commenter can ) [^(delete this message to hide from others.)](http://np.reddit.com/message/compose/?to=RemindMeBot&subject=Delete Comment&message=Delete! efpaa7h)\n\n_____\n\n|[^(FAQs)](http://np.reddit.com/r/RemindMeBot/comments/24duzp/remindmebot_info/)|[^(Custom)](http://np.reddit.com/message/compose/?to=RemindMeBot&subject=Reminder&message=[LINK INSIDE SQUARE BRACKETS else default to FAQs]%0A%0ANOTE: Don't forget to add the time options after the command.%0A%0ARemindMe!)|[^(Your Reminders)](http://np.reddit.com/message/compose/?to=RemindMeBot&subject=List Of Reminders&message=MyReminders!)|[^(Feedback)](http://np.reddit.com/message/compose/?to=RemindMeBotWrangler&subject=Feedback)|[^(Code)](https://github.com/SIlver--/remindmebot-reddit)|[^(Browser Extensions)](https://np.reddit.com/r/RemindMeBot/comments/4kldad/remindmebot_extensions/)\n|-|-|-|-|-|-|", "is_submitter": false, "distinguished": null, "created_utc": 1549250580.0, "parent_id": "t1_efpa9q1", "replies": [{"author": "dadzilla", "id": "efpacjq", "score": 4, "subreddit": "BuyItForLife", "author_flair": null, "submission": "amui5r", "stickied": false, "body": "Oh shit. ", "is_submitter": true, "distinguished": null, "created_utc": 1549250634.0, "parent_id": "t1_efpaa7h", "replies": [{"author": "stripeydogg", "id": "efpwywt", "score": 1, "subreddit": "BuyItForLife", "author_flair": null, "submission": "amui5r", "stickied": false, "body": "RIP OP", "is_submitter": false, "distinguished": null, "created_utc": 1549281680.0, "parent_id": "t1_efpacjq", "replies": []}]}]}]}]}]}