{"title": "My experience with Darn Tough\u2019s warranty was very fast and easy. I\u2019ll never buy socks from another company.", "name": "t3_inwgtu", "url": "https://i.redd.it/r4jeosvl3ml51.jpg", "selftext": "", "score": 2402, "upvote_ratio": 0.97, "permalink": "/r/BuyItForLife/comments/inwgtu/my_experience_with_darn_toughs_warranty_was_very/", "id": "inwgtu", "author": "daflyguy739", "link_flair_text": "Men's Clothing", "num_comments": 218, "over_18": false, "spoiler": false, "pinned": false, "locked": false, "distinguished": null, "created_utc": 1599434901.0, "comments": [{"author": "skudak", "id": "g4ah473", "score": 120, "subreddit": "BuyItForLife", "author_flair": null, "submission": "inwgtu", "stickied": false, "body": "I live near their factory and every year they have a public sale. You can get pairs for <$4, but they don't come with the warranty since most of them are seconds or sold under the name Cabot Mills. I've got probably 30 pairs by now, some I've had over 5 years. Only one pair has ever actually worn out on me, even without the warranty, the quality is so good they'll outlast anything else.", "is_submitter": false, "distinguished": null, "created_utc": 1599443523.0, "parent_id": "t3_inwgtu", "replies": [{"author": "Throwaway021614", "id": "g4aq1j9", "score": 36, "subreddit": "BuyItForLife", "author_flair": null, "submission": "inwgtu", "stickied": false, "body": "Where do you find the Cabot Mills socks?", "is_submitter": false, "distinguished": null, "created_utc": 1599449174.0, "parent_id": "t1_g4ah473", "replies": [{"author": "HalftimeHeaters", "id": "g4ax6gb", "score": 88, "subreddit": "BuyItForLife", "author_flair": null, "submission": "inwgtu", "stickied": false, "body": "At the annual Darn Tough public sale", "is_submitter": false, "distinguished": null, "created_utc": 1599454427.0, "parent_id": "t1_g4aq1j9", "replies": [{"author": "GrilledBurritos", "id": "g4az87x", "score": 16, "subreddit": "BuyItForLife", "author_flair": null, "submission": "inwgtu", "stickied": false, "body": "when is that?", "is_submitter": false, "distinguished": null, "created_utc": 1599456020.0, "parent_id": "t1_g4ax6gb", "replies": [{"author": "falsesleep", "id": "g4b0xg2", "score": 48, "subreddit": "BuyItForLife", "author_flair": null, "submission": "inwgtu", "stickied": false, "body": "It's once per year.", "is_submitter": false, "distinguished": null, "created_utc": 1599457383.0, "parent_id": "t1_g4az87x", "replies": [{"author": "flexzone", "id": "g4b3hx9", "score": 27, "subreddit": "BuyItForLife", "author_flair": null, "submission": "inwgtu", "stickied": false, "body": "But how often?", "is_submitter": false, "distinguished": null, "created_utc": 1599459565.0, "parent_id": "t1_g4b0xg2", "replies": [{"author": "fungiinmygarden", "id": "g4ce5gd", "score": 8, "subreddit": "BuyItForLife", "author_flair": null, "submission": "inwgtu", "stickied": false, "body": "https://m.youtube.com/watch?v=hZ_6bLqIS0A", "is_submitter": false, "distinguished": null, "created_utc": 1599494296.0, "parent_id": "t1_g4b3hx9", "replies": []}]}, {"author": "GrilledBurritos", "id": "g4bqd15", "score": 3, "subreddit": "BuyItForLife", "author_flair": null, "submission": "inwgtu", "stickied": false, "body": "Is it a random time per year? Or is it during a certain time (ie black friday or january)", "is_submitter": false, "distinguished": null, "created_utc": 1599482935.0, "parent_id": "t1_g4b0xg2", "replies": [{"author": "skudak", "id": "g4eagb4", "score": 4, "subreddit": "BuyItForLife", "author_flair": null, "submission": "inwgtu", "stickied": false, "body": "Middle two weekends of November", "is_submitter": false, "distinguished": null, "created_utc": 1599526440.0, "parent_id": "t1_g4bqd15", "replies": [{"author": "GrilledBurritos", "id": "g4eusqb", "score": 4, "subreddit": "BuyItForLife", "author_flair": null, "submission": "inwgtu", "stickied": false, "body": "ah, thank you good sir", "is_submitter": false, "distinguished": null, "created_utc": 1599539507.0, "parent_id": "t1_g4eagb4", "replies": []}]}, {"author": "confused_boner", "id": "g4cp0l1", "score": 9, "subreddit": "BuyItForLife", "author_flair": null, "submission": "inwgtu", "stickied": false, "body": "It's the same time every year", "is_submitter": false, "distinguished": null, "created_utc": 1599498854.0, "parent_id": "t1_g4bqd15", "replies": [{"author": "GrilledBurritos", "id": "g4d01vm", "score": 3, "subreddit": "BuyItForLife", "author_flair": null, "submission": "inwgtu", "stickied": false, "body": "and what time is that?", "is_submitter": false, "distinguished": null, "created_utc": 1599503387.0, "parent_id": "t1_g4cp0l1", "replies": [{"author": "Time4Timmy", "id": "g4d0lvr", "score": 2, "subreddit": "BuyItForLife", "author_flair": null, "submission": "inwgtu", "stickied": false, "body": "The same time every year", "is_submitter": false, "distinguished": null, "created_utc": 1599503629.0, "parent_id": "t1_g4d01vm", "replies": []}]}]}]}]}, {"author": "skudak", "id": "g4e9fek", "score": 5, "subreddit": "BuyItForLife", "author_flair": null, "submission": "inwgtu", "stickied": false, "body": "Middle two weekends in November", "is_submitter": false, "distinguished": null, "created_utc": 1599525817.0, "parent_id": "t1_g4az87x", "replies": []}, {"author": "HalftimeHeaters", "id": "g4b11s4", "score": 11, "subreddit": "BuyItForLife", "author_flair": null, "submission": "inwgtu", "stickied": false, "body": "Annually", "is_submitter": false, "distinguished": null, "created_utc": 1599457484.0, "parent_id": "t1_g4az87x", "replies": [{"author": "GrilledBurritos", "id": "g4dozwq", "score": 4, "subreddit": "BuyItForLife", "author_flair": null, "submission": "inwgtu", "stickied": false, "body": "can i get just a real answer from one of you?", "is_submitter": false, "distinguished": null, "created_utc": 1599513978.0, "parent_id": "t1_g4b11s4", "replies": [{"author": "kaskntithies", "id": "g4duvu8", "score": 9, "subreddit": "BuyItForLife", "author_flair": null, "submission": "inwgtu", "stickied": false, "body": "This is what pisses me off with redditors, they really think jokes of this type are funny, it's just banal.", "is_submitter": false, "distinguished": null, "created_utc": 1599517404.0, "parent_id": "t1_g4dozwq", "replies": [{"author": "GrilledBurritos", "id": "g4euxqm", "score": 3, "subreddit": "BuyItForLife", "author_flair": null, "submission": "inwgtu", "stickied": false, "body": "yep so annoying to come to 5 notifications from 1 thread with no real answers and have to reply several more times to get one", "is_submitter": false, "distinguished": null, "created_utc": 1599539615.0, "parent_id": "t1_g4duvu8", "replies": []}]}, {"author": "HalftimeHeaters", "id": "g4dqflq", "score": 0, "subreddit": "BuyItForLife", "author_flair": null, "submission": "inwgtu", "stickied": false, "body": "[sorry ](https://youtu.be/EC_q2DWW1Rk)", "is_submitter": false, "distinguished": null, "created_utc": 1599514792.0, "parent_id": "t1_g4dozwq", "replies": []}]}]}]}]}, {"author": "skudak", "id": "g4eb331", "score": 5, "subreddit": "BuyItForLife", "author_flair": null, "submission": "inwgtu", "stickied": false, "body": "You can only buy them at the annual sale. It's the middle two weekends of November", "is_submitter": false, "distinguished": null, "created_utc": 1599526829.0, "parent_id": "t1_g4aq1j9", "replies": []}]}, {"author": "Toby_Kief", "id": "g4b0xlr", "score": 11, "subreddit": "BuyItForLife", "author_flair": null, "submission": "inwgtu", "stickied": false, "body": "I\u2019ve seen DT at Marshall\u2019s/Burlington Coat Factory before. \n\nThey say on the packaging that they are rejects from the production line, and they do not come with a warranty.\n\nThey are totally fine, just not \u201cperfect\u201d", "is_submitter": false, "distinguished": null, "created_utc": 1599457387.0, "parent_id": "t1_g4ah473", "replies": []}, {"author": "DELETED", "id": "g4am8j3", "score": 7, "subreddit": "BuyItForLife", "author_flair": null, "submission": "inwgtu", "stickied": false, "body": "What kind is your favorite?", "is_submitter": false, "distinguished": null, "created_utc": 1599446692.0, "parent_id": "t1_g4ah473", "replies": [{"author": "skudak", "id": "g4e9hvn", "score": 2, "subreddit": "BuyItForLife", "author_flair": null, "submission": "inwgtu", "stickied": false, "body": "The black and grey ones in OPs photo actually", "is_submitter": false, "distinguished": null, "created_utc": 1599525857.0, "parent_id": "t1_g4am8j3", "replies": []}]}, {"author": "francoboy7", "id": "g4crhmp", "score": 3, "subreddit": "BuyItForLife", "author_flair": null, "submission": "inwgtu", "stickied": false, "body": "Hey it's me your best friend! Got any extra pairs?", "is_submitter": false, "distinguished": null, "created_utc": 1599499804.0, "parent_id": "t1_g4ah473", "replies": []}, {"author": "cruzifyre", "id": "g4yquvu", "score": 1, "subreddit": "BuyItForLife", "author_flair": null, "submission": "inwgtu", "stickied": false, "body": "I\u2019ve only had one pair of these that I wear constantly at work. Poor things have given it heel for my feet. I bought them during my academy so they were used heavily for about 3 months, but used all together for about a year. They only have one hole is in the back of the sock, near the heal. To me that\u2019s definitely impressive. Now I\u2019m gonna commit to buying 2 pairs of different types every paycheck so that I don\u2019t have to use one pair from now on.", "is_submitter": false, "distinguished": null, "created_utc": 1599938448.0, "parent_id": "t1_g4ah473", "replies": []}, {"author": "DELETED", "id": "g4d4ldw", "score": -5, "subreddit": "BuyItForLife", "author_flair": null, "submission": "inwgtu", "stickied": false, "body": "[deleted]", "is_submitter": false, "distinguished": null, "created_utc": 1599505354.0, "parent_id": "t1_g4ah473", "replies": [{"author": "kaskntithies", "id": "g4dv7hd", "score": 3, "subreddit": "BuyItForLife", "author_flair": null, "submission": "inwgtu", "stickied": false, "body": "You're getting downvoted but you're right, I've never owned more than 10 pairs of socks at a time and they always last me for ages even when I wear two different pairs in the same day regularly. I think however, that OP is taking advantage of the low cost and buying more socks than he'll need for a long time, so that they'll last him decades.", "is_submitter": false, "distinguished": null, "created_utc": 1599517598.0, "parent_id": "t1_g4d4ldw", "replies": [{"author": "skudak", "id": "g4eac5e", "score": 1, "subreddit": "BuyItForLife", "author_flair": null, "submission": "inwgtu", "stickied": false, "body": "Yeah i don't plan to buy anymore, It's usually my go-to holiday gift for everyone, and when they're only a few bucks a pair it's hard not to take advantage and grab some for myself", "is_submitter": false, "distinguished": null, "created_utc": 1599526370.0, "parent_id": "t1_g4dv7hd", "replies": []}]}, {"author": "skudak", "id": "g4e9xf7", "score": 2, "subreddit": "BuyItForLife", "author_flair": null, "submission": "inwgtu", "stickied": false, "body": "I have different styles, they don't just make one kind. I have thicker Ankle ones for sneakers, lighter ones for running, extremely thick ones for snowboarding, a bunch of thin patterned ones for dress/work, and some of their regular ones like in OPs post for hiking/work boots of different weights.", "is_submitter": false, "distinguished": null, "created_utc": 1599526118.0, "parent_id": "t1_g4d4ldw", "replies": [{"author": "DELETED", "id": "g4ec7ml", "score": 0, "subreddit": "BuyItForLife", "author_flair": null, "submission": "inwgtu", "stickied": false, "body": "[deleted]", "is_submitter": false, "distinguished": null, "created_utc": 1599527513.0, "parent_id": "t1_g4e9xf7", "replies": [{"author": "Rebelgecko", "id": "g4f09kt", "score": 1, "subreddit": "BuyItForLife", "author_flair": null, "submission": "inwgtu", "stickied": false, "body": "You go snowboarding in liner socks? My big toe nail is still deformed from the time I thought it would be a good idea to break in a new pair of ski boots with a pair of dress socks", "is_submitter": false, "distinguished": null, "created_utc": 1599544028.0, "parent_id": "t1_g4ec7ml", "replies": [{"author": "DELETED", "id": "g4f5u60", "score": 1, "subreddit": "BuyItForLife", "author_flair": null, "submission": "inwgtu", "stickied": false, "body": "[deleted]", "is_submitter": false, "distinguished": null, "created_utc": 1599549315.0, "parent_id": "t1_g4f09kt", "replies": [{"author": "Rebelgecko", "id": "g4f75fr", "score": 1, "subreddit": "BuyItForLife", "author_flair": null, "submission": "inwgtu", "stickied": false, "body": "I go skiing in ski boots.\n\nObviously no one \"needs\" a specific kind of sock, but some people like having no-shows to wearing with certain shoes. I'd feel silly wearing calf-high socks with a pair of sneakers, and I think it would be less comfortable too.", "is_submitter": false, "distinguished": null, "created_utc": 1599550701.0, "parent_id": "t1_g4f5u60", "replies": []}]}]}]}]}]}]}, {"author": "daflyguy739", "id": "g4a3xyq", "score": 309, "subreddit": "BuyItForLife", "author_flair": null, "submission": "inwgtu", "stickied": false, "body": "Normally my socks last ~6 months if I\u2019m lucky. My darn tough socks lasted about 2.5 years wearing them ~2x per week. The sports socks wore out quicker (but, see below). I do a lot of field work in boots so I\u2019m rough on them, and the two sports socks are for jogging. \n\nAfter I mailed them in I was notified that the pairs of sports socks I sent were Chinese counterfeits (I had ordered them from amazon years ago), but they still honored the warranty for them. Great service! So while I had fakes before, now I have real ones. The fakes did wear out noticeable quicker, and running shoes shouldn\u2019t be hard on socks, so I\u2019m looking forward to having better quality running socks now. \n\nThe warranty process was very easy and I had new socks in less than a week despite the pandemic slowdown. The most durable and comfortable socks I\u2019ve ever worn- I\u2019ll never buy anything else.", "is_submitter": true, "distinguished": null, "created_utc": 1599435350.0, "parent_id": "t3_inwgtu", "replies": [{"author": "StormTrooperJoe", "id": "g4afl3u", "score": 65, "subreddit": "BuyItForLife", "author_flair": null, "submission": "inwgtu", "stickied": false, "body": "I\u2019ve been looking for a comfortable pair of boot socks. Do you have hairy legs? I have a problem of a lot of friction and rubbing around my ankles from regular cotton tube socks and would love to know if there is a difference\nEDIT: good lord you guys are helpful, thanks so much!", "is_submitter": false, "distinguished": null, "created_utc": 1599442588.0, "parent_id": "t1_g4a3xyq", "replies": [{"author": "DELETED", "id": "g4ahbbo", "score": 85, "subreddit": "BuyItForLife", "author_flair": null, "submission": "inwgtu", "stickied": false, "body": "[deleted]", "is_submitter": false, "distinguished": null, "created_utc": 1599443648.0, "parent_id": "t1_g4afl3u", "replies": [{"author": "turtleheadpokingout", "id": "g4av0ju", "score": 19, "subreddit": "BuyItForLife", "author_flair": null, "submission": "inwgtu", "stickied": false, "body": "I actually tested this and it's true.  My feet are rank after a day in regular socks.  I wore these for six days and they were just on the edge of getting the funk.   They run small.  I have a size 10.5-11 US foot and the large is just too small.", "is_submitter": false, "distinguished": null, "created_utc": 1599452770.0, "parent_id": "t1_g4ahbbo", "replies": [{"author": "Texas-to-Sac", "id": "g4aw08g", "score": 13, "subreddit": "BuyItForLife", "author_flair": null, "submission": "inwgtu", "stickied": false, "body": "I've also found that if they are dried hot they do get smaller and stretch as you wear them but if you hang dry they are a more consistent size. For the 100% wool pairs at least", "is_submitter": false, "distinguished": null, "created_utc": 1599453527.0, "parent_id": "t1_g4av0ju", "replies": [{"author": "turtleheadpokingout", "id": "g4axpoj", "score": 3, "subreddit": "BuyItForLife", "author_flair": null, "submission": "inwgtu", "stickied": false, "body": "I can hardly get them over my feet.  I really mean that.  It is a chore to get them on.  My 10.5 foot US can barely fit.  I'm exactly 5'9 180 lbs., so not out of the range of their Large by any stretch.  I think I got screwed.", "is_submitter": false, "distinguished": null, "created_utc": 1599454838.0, "parent_id": "t1_g4aw08g", "replies": [{"author": "ChaosPheonix11", "id": "g4cko9v", "score": 1, "subreddit": "BuyItForLife", "author_flair": null, "submission": "inwgtu", "stickied": false, "body": "Wierd. I just got 2 pairs for my size 11 friend's birthday, and they fit him perfect.", "is_submitter": false, "distinguished": null, "created_utc": 1599496941.0, "parent_id": "t1_g4axpoj", "replies": []}, {"author": "skudak", "id": "g4folgp", "score": 1, "subreddit": "BuyItForLife", "author_flair": null, "submission": "inwgtu", "stickied": false, "body": "Did you put them in the dryer? My dad did that and they shrunk so bad he couldn't wear them. They have to be hung to dry", "is_submitter": false, "distinguished": null, "created_utc": 1599568418.0, "parent_id": "t1_g4axpoj", "replies": [{"author": "turtleheadpokingout", "id": "g4fzfep", "score": 1, "subreddit": "BuyItForLife", "author_flair": null, "submission": "inwgtu", "stickied": false, "body": "yeah I put them in the dryer", "is_submitter": false, "distinguished": null, "created_utc": 1599575255.0, "parent_id": "t1_g4folgp", "replies": []}]}]}]}, {"author": "jmeador42", "id": "g4chgeg", "score": -1, "subreddit": "BuyItForLife", "author_flair": null, "submission": "inwgtu", "stickied": false, "body": "Same. I wear mine during CrossFit and can actually get a couple of sessions out of them before they need washing.", "is_submitter": false, "distinguished": null, "created_utc": 1599495583.0, "parent_id": "t1_g4av0ju", "replies": []}]}, {"author": "joeviper25", "id": "g4aqk8n", "score": 29, "subreddit": "BuyItForLife", "author_flair": null, "submission": "inwgtu", "stickied": false, "body": "Meh, I\u2019ve worn them for a full week in the field (military) before and while they will get gross, they don\u2019t get anywhere as bad as other socks do.", "is_submitter": false, "distinguished": null, "created_utc": 1599449538.0, "parent_id": "t1_g4ahbbo", "replies": [{"author": "DELETED", "id": "g4atj1m", "score": 6, "subreddit": "BuyItForLife", "author_flair": null, "submission": "inwgtu", "stickied": false, "body": "If they weren't so expensive, they'd be my only uniform socks.", "is_submitter": false, "distinguished": null, "created_utc": 1599451654.0, "parent_id": "t1_g4aqk8n", "replies": [{"author": "joeviper25", "id": "g4atmf0", "score": 15, "subreddit": "BuyItForLife", "author_flair": null, "submission": "inwgtu", "stickied": false, "body": "Dude they\u2019re guaranteed for life, I have pairs still in service after 4 years. No other socks have been able to last that long. You\u2019ll pay out more over time buying other socks.", "is_submitter": false, "distinguished": null, "created_utc": 1599451725.0, "parent_id": "t1_g4atj1m", "replies": [{"author": "DELETED", "id": "g4atuxf", "score": 5, "subreddit": "BuyItForLife", "author_flair": null, "submission": "inwgtu", "stickied": false, "body": "It's more that I already had the other socks (and also E-3 pay). I've only got two pair, and I'm slowly replacing the BX socks with darn toughs. I am a huge fan of only having a few types of socks, so I don't have to think about pairing them. I plan on having only darn tough socks for all of my sock needs.", "is_submitter": false, "distinguished": null, "created_utc": 1599451901.0, "parent_id": "t1_g4atmf0", "replies": [{"author": "Lur42", "id": "g4cp0vu", "score": 1, "subreddit": "BuyItForLife", "author_flair": null, "submission": "inwgtu", "stickied": false, "body": "Do they have all black boot socks?", "is_submitter": false, "distinguished": null, "created_utc": 1599498858.0, "parent_id": "t1_g4atuxf", "replies": [{"author": "DELETED", "id": "g4cpb5g", "score": 1, "subreddit": "BuyItForLife", "author_flair": null, "submission": "inwgtu", "stickied": false, "body": "I'm not 100% sure, but I would be surprised if they didn't. Check the tactical section on their website.", "is_submitter": false, "distinguished": null, "created_utc": 1599498980.0, "parent_id": "t1_g4cp0vu", "replies": []}]}]}]}]}]}, {"author": "jettagopshhh", "id": "g4aqg4w", "score": 42, "subreddit": "BuyItForLife", "author_flair": null, "submission": "inwgtu", "stickied": false, "body": "Ew. One day then to the wash. That just screams athlete foot lol.", "is_submitter": false, "distinguished": null, "created_utc": 1599449458.0, "parent_id": "t1_g4ahbbo", "replies": [{"author": "Toby_Kief", "id": "g4b0cat", "score": 20, "subreddit": "BuyItForLife", "author_flair": null, "submission": "inwgtu", "stickied": false, "body": "They can actually be worn multiple days in a row. \n\nA lot of ultralight thru hikers only bring two pairs, one for hiking, and one for camp. Or one wet, one dry.\n\nThey wick moisture from your feet.\n\nThey keep you cooler when it\u2019s hot, and keep you warm when it\u2019s cold.\n\nThey don\u2019t retain smell as easily as poly and cotton.\n\nThey also will keep you warm if they get wet.", "is_submitter": false, "distinguished": null, "created_utc": 1599456913.0, "parent_id": "t1_g4aqg4w", "replies": [{"author": "sharkinwolvesclothin", "id": "g4b498o", "score": 2, "subreddit": "BuyItForLife", "author_flair": null, "submission": "inwgtu", "stickied": false, "body": "They can, and you definitely shouldn't bring new socks for every day of a hike, even if it's not a thru hike but just some days. And athlete's foot has little to do with. Still, in town I like switching daily..", "is_submitter": false, "distinguished": null, "created_utc": 1599460238.0, "parent_id": "t1_g4b0cat", "replies": []}]}, {"author": "idontsmokeheroin", "id": "g4ayz83", "score": 13, "subreddit": "BuyItForLife", "author_flair": null, "submission": "inwgtu", "stickied": false, "body": "Merino wool you can get away with a few days. Cotton, you\u2019re fucked.", "is_submitter": false, "distinguished": null, "created_utc": 1599455823.0, "parent_id": "t1_g4aqg4w", "replies": []}, {"author": "Rebelgecko", "id": "g4f0fa6", "score": 1, "subreddit": "BuyItForLife", "author_flair": null, "submission": "inwgtu", "stickied": false, "body": "I've never had that happen with wool socks", "is_submitter": false, "distinguished": null, "created_utc": 1599544170.0, "parent_id": "t1_g4aqg4w", "replies": []}]}, {"author": "AnnoyedVelociraptor", "id": "g4b4f0w", "score": 2, "subreddit": "BuyItForLife", "author_flair": null, "submission": "inwgtu", "stickied": false, "body": "I find that if you let them air out they won\u2019t actually smell the next day.", "is_submitter": false, "distinguished": null, "created_utc": 1599460382.0, "parent_id": "t1_g4ahbbo", "replies": []}, {"author": "DELETED", "id": "g4cst35", "score": 2, "subreddit": "BuyItForLife", "author_flair": null, "submission": "inwgtu", "stickied": false, "body": "CEO was on VPR last year, asked reporter to smell his socks. He'd been wearing the same pair for three months and they really didn't smell too badly. I'll always love that story, perfect driveway moment.", "is_submitter": false, "distinguished": null, "created_utc": 1599500334.0, "parent_id": "t1_g4ahbbo", "replies": []}]}, {"author": "skudak", "id": "g4agnxe", "score": 9, "subreddit": "BuyItForLife", "author_flair": null, "submission": "inwgtu", "stickied": false, "body": "I have very hairy legs and never notice anything while wearing darn toughs with boots. I'd def recommend giving them a shot, it's all I wear", "is_submitter": false, "distinguished": null, "created_utc": 1599443242.0, "parent_id": "t1_g4afl3u", "replies": []}, {"author": "allaspiaggia", "id": "g4an2fj", "score": 19, "subreddit": "BuyItForLife", "author_flair": null, "submission": "inwgtu", "stickied": false, "body": "Omg so you can\u2019t even compare cotton tube socks to darn Toughs.  That\u2019s like comparing a kids Hot Wheels Jeep to a Ferrari.  \n\nI wore one pair of DTs for a 1,600 mile hike 5 years ago, still wear them every 2 weeks or so, and they\u2019re still going strong.  I always hang to dry (never machine dry your socks!) and keep my toenails reasonably short.  Also my job is to process warranty claims (among other things) for an outdoor gear company, and from a warranty standpoint, Darn Tough can\u2019t be beat.", "is_submitter": false, "distinguished": null, "created_utc": 1599447221.0, "parent_id": "t1_g4afl3u", "replies": [{"author": "AskADude", "id": "g4apdzc", "score": 12, "subreddit": "BuyItForLife", "author_flair": null, "submission": "inwgtu", "stickied": false, "body": "Why hang dry? I machine dry my darn toughs and they\u2019re doing fine.", "is_submitter": false, "distinguished": null, "created_utc": 1599448727.0, "parent_id": "t1_g4an2fj", "replies": [{"author": "turtleheadpokingout", "id": "g4av4p3", "score": 7, "subreddit": "BuyItForLife", "author_flair": null, "submission": "inwgtu", "stickied": false, "body": "You must have different DT's than me, cause mine pill up like crazy.", "is_submitter": false, "distinguished": null, "created_utc": 1599452855.0, "parent_id": "t1_g4apdzc", "replies": []}]}]}, {"author": "shantics", "id": "g4am3az", "score": 6, "subreddit": "BuyItForLife", "author_flair": null, "submission": "inwgtu", "stickied": false, "body": "Hairy legs here, I\u2019m cycling out all of my socks for darn toughs. Just spent the weekend hiking Mt. Greylock and these socks were unreal. Nothing I\u2019ve ever worn before compares.", "is_submitter": false, "distinguished": null, "created_utc": 1599446599.0, "parent_id": "t1_g4afl3u", "replies": []}, {"author": "MessingerofDeath", "id": "g4alo8z", "score": 4, "subreddit": "BuyItForLife", "author_flair": null, "submission": "inwgtu", "stickied": false, "body": "I\u2019ve had this problem and love Darn Tough socks. I wear them while pressure washing, and the wool still insulates my feet even when they are soaking wet. So far, no problems with chafing wet or dry.", "is_submitter": false, "distinguished": null, "created_utc": 1599446336.0, "parent_id": "t1_g4afl3u", "replies": []}, {"author": "daflyguy739", "id": "g4an16n", "score": 3, "subreddit": "BuyItForLife", "author_flair": null, "submission": "inwgtu", "stickied": false, "body": "I don\u2019t have hairy legs, but these are the most comfortable boot socks I\u2019ve ever worn by a huge margin. Try it out and you likely won\u2019t be disappointed.", "is_submitter": true, "distinguished": null, "created_utc": 1599447198.0, "parent_id": "t1_g4afl3u", "replies": []}, {"author": "Toby_Kief", "id": "g4azr5n", "score": 2, "subreddit": "BuyItForLife", "author_flair": null, "submission": "inwgtu", "stickied": false, "body": "I switched to DT 2 years ago and will never wear anything else.\n\nThey are one of the best investments I\u2019ve made in the past few years.", "is_submitter": false, "distinguished": null, "created_utc": 1599456437.0, "parent_id": "t1_g4afl3u", "replies": []}, {"author": "daniell61", "id": "g4cdyb8", "score": 2, "subreddit": "BuyItForLife", "author_flair": null, "submission": "inwgtu", "stickied": false, "body": "I'm a hairy ass Spaniard and I can vouch for darn tough.", "is_submitter": false, "distinguished": null, "created_utc": 1599494214.0, "parent_id": "t1_g4afl3u", "replies": []}, {"author": "jmeador42", "id": "g4cej78", "score": 2, "subreddit": "BuyItForLife", "author_flair": null, "submission": "inwgtu", "stickied": false, "body": " I have hairy legs and wear Danner boots for work, and cowboy boots almost exclusively outside of work. I have the full boot sock for the cowboy boots and the ones that come halfway up your calf for my Danner's. Never had a problem with friction. These socks fit pretty snug so you have to make sure and order the correct size. There is no extra fabric to stretch loose and cause any friction. I'm a Darn Tough customer for life!", "is_submitter": false, "distinguished": null, "created_utc": 1599494455.0, "parent_id": "t1_g4afl3u", "replies": []}, {"author": "AlfamaN10", "id": "g4aveby", "score": 3, "subreddit": "BuyItForLife", "author_flair": null, "submission": "inwgtu", "stickied": false, "body": "I'm Italian and Jewish. Super hairy legs. Darn tough socks are the best I've ever worn.", "is_submitter": false, "distinguished": null, "created_utc": 1599453059.0, "parent_id": "t1_g4afl3u", "replies": []}, {"author": "StormTrooperJoe", "id": "g8guxtl", "score": 1, "subreddit": "BuyItForLife", "author_flair": null, "submission": "inwgtu", "stickied": false, "body": "After a full month of wearing DT I can confirm they are very reliable. No rubbing, no pinching, no sweating. It\u2019s safe to say buying 4 pairs was a great choice. I love these socks", "is_submitter": false, "distinguished": null, "created_utc": 1602413376.0, "parent_id": "t1_g4afl3u", "replies": []}]}, {"author": "TheBlueprent", "id": "g4aq55g", "score": 33, "subreddit": "BuyItForLife", "author_flair": null, "submission": "inwgtu", "stickied": false, "body": "Just something I want to point out to everyone, that I really took from your post here. \n\nIf you want authentic goods, do not buy from Amazon. I\u2019m not saying everything is counterfeit, but I really don\u2019t trust buying name brand goods through amazon.  Too much of a chance of it being fake.", "is_submitter": false, "distinguished": null, "created_utc": 1599449243.0, "parent_id": "t1_g4a3xyq", "replies": [{"author": "runningformylife", "id": "g4d64pv", "score": 3, "subreddit": "BuyItForLife", "author_flair": null, "submission": "inwgtu", "stickied": false, "body": "It's getting really hard to find good products on amazon.", "is_submitter": false, "distinguished": null, "created_utc": 1599506022.0, "parent_id": "t1_g4aq55g", "replies": []}]}, {"author": "DELETED", "id": "g4aobyy", "score": 21, "subreddit": "BuyItForLife", "author_flair": null, "submission": "inwgtu", "stickied": false, "body": "[deleted]", "is_submitter": false, "distinguished": null, "created_utc": 1599448033.0, "parent_id": "t1_g4a3xyq", "replies": [{"author": "daflyguy739", "id": "g4aool3", "score": 22, "subreddit": "BuyItForLife", "author_flair": null, "submission": "inwgtu", "stickied": false, "body": "I\u2019m looking into that. Amazon needs to do a better job.", "is_submitter": true, "distinguished": null, "created_utc": 1599448257.0, "parent_id": "t1_g4aobyy", "replies": [{"author": "logonaut_", "id": "g4asbsj", "score": 17, "subreddit": "BuyItForLife", "author_flair": null, "submission": "inwgtu", "stickied": false, "body": "At one point, Darn Tough had a list of authorized Amazon sellers on its website. I remember checking it to make sure I\u2019d get the genuine article before I ordered mine from Amazon.\n\nEdit: Here\u2019s the link to that list https://darntough.com/pages/authorized-amazon-sellers", "is_submitter": false, "distinguished": null, "created_utc": 1599450786.0, "parent_id": "t1_g4aool3", "replies": [{"author": "Rebelgecko", "id": "g4f0jrj", "score": 2, "subreddit": "BuyItForLife", "author_flair": null, "submission": "inwgtu", "stickied": false, "body": "Amazon comingles inventory so if any of those are fulfilled by Amazon they can't really be trusted", "is_submitter": false, "distinguished": null, "created_utc": 1599544281.0, "parent_id": "t1_g4asbsj", "replies": []}]}, {"author": "4rtien", "id": "g4ce3b3", "score": 3, "subreddit": "BuyItForLife", "author_flair": null, "submission": "inwgtu", "stickied": false, "body": "Amazon doesn't give a shit. They've had a major counterfeiting issue for years now, but as long as people keep buying them, it's $$ in their pockets.", "is_submitter": false, "distinguished": null, "created_utc": 1599494270.0, "parent_id": "t1_g4aool3", "replies": []}]}]}, {"author": "IGOMHN", "id": "g4anx57", "score": 8, "subreddit": "BuyItForLife", "author_flair": null, "submission": "inwgtu", "stickied": false, "body": "Can you elaborate on the actual process? Do you pay for shipping?", "is_submitter": false, "distinguished": null, "created_utc": 1599447776.0, "parent_id": "t1_g4a3xyq", "replies": [{"author": "daflyguy739", "id": "g4aoe84", "score": 13, "subreddit": "BuyItForLife", "author_flair": null, "submission": "inwgtu", "stickied": false, "body": "I went online and filled out a warranty claim. Give your mailing details, description of type of socks, description of the wear/tear, etc., then mail it to them (you pay one-way shipping costs). They process your claim and then give you a credit to use on their website to buy new socks. In my case I sent in 4 pairs but I ended up with enough credits to buy 5 pairs, so I got an extra which was great. After putting in the order (shipping was free) I got the socks in a few days.\n\nSo plan to pay for shipping to Vermont yourself. It was not a big deal to me since I sent in multiple pairs at once.", "is_submitter": true, "distinguished": null, "created_utc": 1599448072.0, "parent_id": "t1_g4anx57", "replies": []}, {"author": "warren_piece", "id": "g4ar7pe", "score": 8, "subreddit": "BuyItForLife", "author_flair": null, "submission": "inwgtu", "stickied": false, "body": "there are a few stores in my town that sell darn tough socks and will deal with the warranty themselves. you just take the socks to them and grab a new pair. im guessing they have some sort of deal set up with darn tough and that other stores might do the same thing. no idea. but it might be worth checking out.", "is_submitter": false, "distinguished": null, "created_utc": 1599449996.0, "parent_id": "t1_g4anx57", "replies": [{"author": "boguswayout", "id": "g4aukt8", "score": 3, "subreddit": "BuyItForLife", "author_flair": null, "submission": "inwgtu", "stickied": false, "body": "Which stores?\n\nAnyone got a list of stores that will honor this?", "is_submitter": false, "distinguished": null, "created_utc": 1599452439.0, "parent_id": "t1_g4ar7pe", "replies": [{"author": "warren_piece", "id": "g4avkbw", "score": 4, "subreddit": "BuyItForLife", "author_flair": null, "submission": "inwgtu", "stickied": false, "body": "i would have listed the stores but they are semi-local stores. so...unless you live in podunk montana...\ni would start by just checking the stores near you that sell darn tough. maybe, even if your store doesnt currently offer this service, it could be because they dont know its an option for them.", "is_submitter": false, "distinguished": null, "created_utc": 1599453187.0, "parent_id": "t1_g4aukt8", "replies": []}, {"author": "Its_it", "id": "g4axivb", "score": 2, "subreddit": "BuyItForLife", "author_flair": null, "submission": "inwgtu", "stickied": false, "body": "[https://darntough.com/pages/find-a-store](https://darntough.com/pages/find-a-store)\n\nYou could try this. Find a store near you and contact them to see.", "is_submitter": false, "distinguished": null, "created_utc": 1599454694.0, "parent_id": "t1_g4aukt8", "replies": []}]}]}]}, {"author": "polarbear320", "id": "g4ahfcx", "score": 7, "subreddit": "BuyItForLife", "author_flair": null, "submission": "inwgtu", "stickied": false, "body": "Do they make your feet sweaty? Do they keep their same fee after washing etc. \n\nI\u2019ve spent some good money on \u201cquality\u201d socks and then after the first couple washes (following instructions) turn kinda stiff and make my feet super sweaty. Which also turns to cold feet in the winter.", "is_submitter": false, "distinguished": null, "created_utc": 1599443718.0, "parent_id": "t1_g4a3xyq", "replies": [{"author": "daflyguy739", "id": "g4amvzl", "score": 16, "subreddit": "BuyItForLife", "author_flair": null, "submission": "inwgtu", "stickied": false, "body": "> Do they make your feet sweaty?\n\nNo. Not even a bit. I wear these in the summer in Australia and Hawaii. High humidity and up to 115 degrees F. My feet get *far* less hot/sweaty with these compared to cotton socks.\n\nDon\u2019t be turned off because they\u2019re wool. They perform great in the heat in my experience.", "is_submitter": true, "distinguished": null, "created_utc": 1599447108.0, "parent_id": "t1_g4ahfcx", "replies": []}, {"author": "Bosun_Tom", "id": "g4amauo", "score": 7, "subreddit": "BuyItForLife", "author_flair": null, "submission": "inwgtu", "stickied": false, "body": "They wick amazingly well. During Covid-times while working at home, I've noticed that if my feet get warm and I kick off my shoes/slippers, I'll sometimes leave damp footprints on the hardwood, even though my feet are compeltely dry. So yes, they can make your feet sweaty, but not in a way that turns your feet cold.", "is_submitter": false, "distinguished": null, "created_utc": 1599446732.0, "parent_id": "t1_g4ahfcx", "replies": []}, {"author": "onomatopoetix", "id": "g4ant5m", "score": 3, "subreddit": "BuyItForLife", "author_flair": null, "submission": "inwgtu", "stickied": false, "body": "It actually depends on the shoes/boots. Leathers are breathable. The level of stink from wet leather footwear does not compare to say, wet converse shoes. Sock or no sock, converses (and other canvas shoes) always make my feet stink. That's why i transitioned to leathers.\n\nOf course, my pet peeve is people who wear canvas shoes sockless...", "is_submitter": false, "distinguished": null, "created_utc": 1599447707.0, "parent_id": "t1_g4ahfcx", "replies": []}]}, {"author": "bitetto603", "id": "g4cz0ac", "score": 3, "subreddit": "BuyItForLife", "author_flair": null, "submission": "inwgtu", "stickied": false, "body": "Amazon is the worst more like chinazone.", "is_submitter": false, "distinguished": null, "created_utc": 1599502936.0, "parent_id": "t1_g4a3xyq", "replies": []}, {"author": "Sketchy_Uncle", "id": "g4as950", "score": 2, "subreddit": "BuyItForLife", "author_flair": null, "submission": "inwgtu", "stickied": false, "body": "Makes me leery... I. Ordered my first pairs of darn tough from Amazon too (but we're being offered by darn tough's store through Amazon).", "is_submitter": false, "distinguished": null, "created_utc": 1599450733.0, "parent_id": "t1_g4a3xyq", "replies": [{"author": "fabhats", "id": "g4atfzd", "score": 1, "subreddit": "BuyItForLife", "author_flair": null, "submission": "inwgtu", "stickied": false, "body": "Ditto! However, I\u2019ve worn the socks plenty and they were still good socks...", "is_submitter": false, "distinguished": null, "created_utc": 1599451590.0, "parent_id": "t1_g4as950", "replies": []}]}, {"author": "Alt_dimension_visitr", "id": "g4cxcsw", "score": 1, "subreddit": "BuyItForLife", "author_flair": null, "submission": "inwgtu", "stickied": false, "body": "I had a similar story with jawbone. Bought a counterfeit but they still replaced it. The counterfeit worked well except it picked up background noise waay too much. The new jawbone works so well it's magic as far as I can tell.", "is_submitter": false, "distinguished": null, "created_utc": 1599502220.0, "parent_id": "t1_g4a3xyq", "replies": []}, {"author": "jeremyjava", "id": "g4b2nt6", "score": -4, "subreddit": "BuyItForLife", "author_flair": null, "submission": "inwgtu", "stickied": false, "body": "I was really dumb and didn't get my first worn out pair replaced... which was surprising and disappointing, especially since I recommended them to so many people.   \nThe first time I managed to actually wear out a pair-- actually only one had holes, I contacted them about sending a replacement pair and they said they wouldn't cover it bc I threw away the other sorta worn one but with  no holes. I was just going to send just the badly worn one back.      \nSure, I guess I could've been dishonest and tried to send the less worn one in later or given it to someone else to pull a fast one, but I didn't even think of that line of thinking at the time.   \nAnyhow, yeh, my fault, but after buying a dozen or so pairs and offering to send a photo of my sock drawer and getting no help or support from Darn Tough Socks I pretty much started trying other brands again.   \n  \nFrom fan boy to eh, used to be one.", "is_submitter": false, "distinguished": null, "created_utc": 1599458841.0, "parent_id": "t1_g4a3xyq", "replies": [{"author": "daflyguy739", "id": "g4b2vsx", "score": 5, "subreddit": "BuyItForLife", "author_flair": null, "submission": "inwgtu", "stickied": false, "body": "Think about it. Dishonest people could buy a pair, rough both socks up, then send each sock in separately to get two pairs. They have an honest warranty policy, but they aren\u2019t going to let themselves be taken advantage of.", "is_submitter": true, "distinguished": null, "created_utc": 1599459032.0, "parent_id": "t1_g4b2nt6", "replies": [{"author": "jeremyjava", "id": "g4czymv", "score": -4, "subreddit": "BuyItForLife", "author_flair": null, "submission": "inwgtu", "stickied": false, "body": "I understand that for sure, but I've owned enough businesses that it's clear to me--especially in this excellent customer service environment--the need to take care of all customers, especially repeat ones. They could've taken me up on the offer of looking at a photo of a sock drawer filled with their $20+ socks and said, eh, we'll make an exception this time.  \nEdits: so many.", "is_submitter": false, "distinguished": null, "created_utc": 1599503346.0, "parent_id": "t1_g4b2vsx", "replies": []}]}]}]}, {"author": "mtenuyl", "id": "g4aa0mn", "score": 40, "subreddit": "BuyItForLife", "author_flair": null, "submission": "inwgtu", "stickied": false, "body": "I bought a single pair of these socks just to try them out... i went back bought several more these are the best frigging socks ever!!! Highly recommend.", "is_submitter": false, "distinguished": null, "created_utc": 1599439177.0, "parent_id": "t3_inwgtu", "replies": []}, {"author": "VodoSioskBaas", "id": "g4araqi", "score": 14, "subreddit": "BuyItForLife", "author_flair": null, "submission": "inwgtu", "stickied": false, "body": "I had come across this brand while looking for socks to bring on deployment. I got overwhelmed with how many choices they had. What would you recommend for warm weather boots?", "is_submitter": false, "distinguished": null, "created_utc": 1599450055.0, "parent_id": "t3_inwgtu", "replies": [{"author": "daflyguy739", "id": "g4awzd1", "score": 13, "subreddit": "BuyItForLife", "author_flair": null, "submission": "inwgtu", "stickied": false, "body": "I would order the style you think you need for the job, and don\u2019t pay attention to how hot/cold the environment is. If you need full cushion socks for a deployment then get those.\n\nI work outside in Australia and Hawaii in the summer. It gets very hot, and very humid, but my feet feel \u201ccooler\u201d with these than any cotton socks I\u2019ve ever worn.", "is_submitter": true, "distinguished": null, "created_utc": 1599454273.0, "parent_id": "t1_g4araqi", "replies": []}, {"author": "cbrowninc", "id": "g4ih78e", "score": 2, "subreddit": "BuyItForLife", "author_flair": null, "submission": "inwgtu", "stickied": false, "body": "Check out their tactical line. You can get solid colors and in variety of cushions and lengths. It should simplify the choosing process.", "is_submitter": false, "distinguished": null, "created_utc": 1599622028.0, "parent_id": "t1_g4araqi", "replies": []}]}, {"author": "Pullupthendown", "id": "g4akjaq", "score": 12, "subreddit": "BuyItForLife", "author_flair": null, "submission": "inwgtu", "stickied": false, "body": "After switching to them 2 months ago, they are the only socks I will buy moving forward.", "is_submitter": false, "distinguished": null, "created_utc": 1599445627.0, "parent_id": "t3_inwgtu", "replies": []}, {"author": "TheeCamilo", "id": "g4ap02p", "score": 9, "subreddit": "BuyItForLife", "author_flair": null, "submission": "inwgtu", "stickied": false, "body": "I was able to get like ~10 pairs of DT socks for like $3 each at Dick's Sporting Goods. I don't think I'll ever need to buy socks again.", "is_submitter": false, "distinguished": null, "created_utc": 1599448468.0, "parent_id": "t3_inwgtu", "replies": []}, {"author": "JimmyMoffet", "id": "g4ar9bt", "score": 9, "subreddit": "BuyItForLife", "author_flair": null, "submission": "inwgtu", "stickied": false, "body": "Bought them, wanted to like them and found them uncomfortable AF.  I buy Smartwool and replace them when they wear out!", "is_submitter": false, "distinguished": null, "created_utc": 1599450027.0, "parent_id": "t3_inwgtu", "replies": [{"author": "RippingAallDay", "id": "g4d1pyi", "score": 2, "subreddit": "BuyItForLife", "author_flair": null, "submission": "inwgtu", "stickied": false, "body": "What about them made the socks uncomfortable?", "is_submitter": false, "distinguished": null, "created_utc": 1599504119.0, "parent_id": "t1_g4ar9bt", "replies": [{"author": "JimmyMoffet", "id": "g4efzw8", "score": 4, "subreddit": "BuyItForLife", "author_flair": null, "submission": "inwgtu", "stickied": false, "body": "I think they just felt thick and coarse.  Probably what makes them \"darn tough\".  Lots of people love them, but Smartwool feels better.  I also only play golf with forged clubs. . .so maybe I'm just sensitive!  LOL", "is_submitter": false, "distinguished": null, "created_utc": 1599529777.0, "parent_id": "t1_g4d1pyi", "replies": [{"author": "RippingAallDay", "id": "g4fmuzn", "score": 2, "subreddit": "BuyItForLife", "author_flair": null, "submission": "inwgtu", "stickied": false, "body": "It sounds like you got yourself a heavier weight of sock. They do make them in different weights - I have a few pairs that are super soft & comfortable.\n\nI wouldn't be so quick to write them off. They're well received on this sub for good reason :)", "is_submitter": false, "distinguished": null, "created_utc": 1599567101.0, "parent_id": "t1_g4efzw8", "replies": [{"author": "JimmyMoffet", "id": "g4g1jxf", "score": 1, "subreddit": "BuyItForLife", "author_flair": null, "submission": "inwgtu", "stickied": false, "body": "When I bought them I bought 6 pairs I think.  At least one pair of \"liners\" and a few different styles.  And the sub is buy it for life, not love it for life.  They probably last so long because they are so uncomfortable nobody wears them; therefor, they never wear out!  JK, JK, don't get triggered because I disparaged your beloved socks!  I\"m sticking with Smartwool after having tried just about every other wool sock out there.  I don't care that I have to replace them--who doesn't love the feel of brand new socks?", "is_submitter": false, "distinguished": null, "created_utc": 1599576427.0, "parent_id": "t1_g4fmuzn", "replies": [{"author": "RippingAallDay", "id": "g4g2sf6", "score": 2, "subreddit": "BuyItForLife", "author_flair": null, "submission": "inwgtu", "stickied": false, "body": "No offense taken! \ud83d\ude01", "is_submitter": false, "distinguished": null, "created_utc": 1599577093.0, "parent_id": "t1_g4g1jxf", "replies": []}]}]}]}, {"author": "that-fly", "id": "g4d203r", "score": 3, "subreddit": "BuyItForLife", "author_flair": null, "submission": "inwgtu", "stickied": false, "body": "Not OP but I found them to be way too tight", "is_submitter": false, "distinguished": null, "created_utc": 1599504244.0, "parent_id": "t1_g4d1pyi", "replies": []}]}, {"author": "bellizabeth", "id": "g4dhi79", "score": 2, "subreddit": "BuyItForLife", "author_flair": null, "submission": "inwgtu", "stickied": false, "body": "I found them oddly thick around the toes.", "is_submitter": false, "distinguished": null, "created_utc": 1599510837.0, "parent_id": "t1_g4ar9bt", "replies": []}]}, {"author": "DreadNaut001", "id": "g4abpqo", "score": 6, "subreddit": "BuyItForLife", "author_flair": null, "submission": "inwgtu", "stickied": false, "body": "I just got my first pair and plan to buy more ASAP, thanks to this sub.", "is_submitter": false, "distinguished": null, "created_utc": 1599440226.0, "parent_id": "t3_inwgtu", "replies": []}, {"author": "Donald_J_Putin", "id": "g4avaze", "score": 9, "subreddit": "BuyItForLife", "author_flair": null, "submission": "inwgtu", "stickied": false, "body": "I\u2019m just not ready for a $25 sock.", "is_submitter": false, "distinguished": null, "created_utc": 1599452989.0, "parent_id": "t3_inwgtu", "replies": [{"author": "Simple_City", "id": "g4b0b8o", "score": 8, "subreddit": "BuyItForLife", "author_flair": null, "submission": "inwgtu", "stickied": false, "body": "Yea I was looking at these and they're expensive! I'd probably save money in the long run, though with that lifetime warranty. Right now my Kirkland socks will work though haha.", "is_submitter": false, "distinguished": null, "created_utc": 1599456889.0, "parent_id": "t1_g4avaze", "replies": [{"author": "Donald_J_Putin", "id": "g4cddgv", "score": 4, "subreddit": "BuyItForLife", "author_flair": null, "submission": "inwgtu", "stickied": false, "body": "My Kirkland socks and similar last about three years. But also cost about a quarter the price or less. Not sure it\u2019s worth the twelve year investment for them to pay off. Though it is nice not having to replace socks.", "is_submitter": false, "distinguished": null, "created_utc": 1599493969.0, "parent_id": "t1_g4b0b8o", "replies": [{"author": "Quail-a-lot", "id": "g4cs9bj", "score": 1, "subreddit": "BuyItForLife", "author_flair": null, "submission": "inwgtu", "stickied": false, "body": "Wow, I didn't even get a year out of my Kirkland socks! You might not be the right market if you are able to make yours last that long. I'm on my feet more than most folks.", "is_submitter": false, "distinguished": null, "created_utc": 1599500121.0, "parent_id": "t1_g4cddgv", "replies": []}]}]}, {"author": "srlbambam", "id": "g4celbe", "score": 3, "subreddit": "BuyItForLife", "author_flair": null, "submission": "inwgtu", "stickied": false, "body": "DT socks will easily last 5 times as long as a $5 sock.", "is_submitter": false, "distinguished": null, "created_utc": 1599494483.0, "parent_id": "t1_g4avaze", "replies": [{"author": "Donald_J_Putin", "id": "g4ck4k8", "score": 3, "subreddit": "BuyItForLife", "author_flair": null, "submission": "inwgtu", "stickied": false, "body": "I\u2019m not sure it\u2019s worth waiting the 15 years it would take to get a return on that investment.", "is_submitter": false, "distinguished": null, "created_utc": 1599496688.0, "parent_id": "t1_g4celbe", "replies": []}]}, {"author": "gunmetal5", "id": "g4buino", "score": 2, "subreddit": "BuyItForLife", "author_flair": null, "submission": "inwgtu", "stickied": false, "body": "I can find them on sale for about $17 a pair. I have 2 pairs and have been putting them through the rotation more frequently.", "is_submitter": false, "distinguished": null, "created_utc": 1599485709.0, "parent_id": "t1_g4avaze", "replies": []}, {"author": "blueberrywheat", "id": "g4czelj", "score": 2, "subreddit": "BuyItForLife", "author_flair": null, "submission": "inwgtu", "stickied": false, "body": "REI has some of them for half price.", "is_submitter": false, "distinguished": null, "created_utc": 1599503100.0, "parent_id": "t1_g4avaze", "replies": [{"author": "notawildflower", "id": "g4jqqlx", "score": 1, "subreddit": "BuyItForLife", "author_flair": null, "submission": "inwgtu", "stickied": false, "body": "I've never seen em for half price, but I did just pick 2 pairs up for 25% off! I try to watch sales and get em when they're a discount.", "is_submitter": false, "distinguished": null, "created_utc": 1599661110.0, "parent_id": "t1_g4czelj", "replies": []}]}, {"author": "OpeningSort5683", "id": "g4b87lb", "score": 1, "subreddit": "BuyItForLife", "author_flair": null, "submission": "inwgtu", "stickied": false, "body": "Once you've tried on a pair of their cushion socks you'll never look back. Wool is an amazing thing plus the cushion makes it feel like you're walking on clouds. \nI have sensory issues with my feet and absolute hate wearing socks. I bought my first pair of Darn Tough 6+ years ago and it made wearing shoes/boots so much easier for me.", "is_submitter": false, "distinguished": null, "created_utc": 1599463967.0, "parent_id": "t1_g4avaze", "replies": []}, {"author": "daniell61", "id": "g4ce3q2", "score": 1, "subreddit": "BuyItForLife", "author_flair": null, "submission": "inwgtu", "stickied": false, "body": "They're 15 on Amazon and sometimes cheaper in stores!", "is_submitter": false, "distinguished": null, "created_utc": 1599494275.0, "parent_id": "t1_g4avaze", "replies": [{"author": "chiefnwahoo", "id": "g4cf6qb", "score": 3, "subreddit": "BuyItForLife", "author_flair": null, "submission": "inwgtu", "stickied": false, "body": "Be careful for counterfeits though.", "is_submitter": false, "distinguished": null, "created_utc": 1599494715.0, "parent_id": "t1_g4ce3q2", "replies": [{"author": "Donald_J_Putin", "id": "g4ck7e3", "score": 6, "subreddit": "BuyItForLife", "author_flair": null, "submission": "inwgtu", "stickied": false, "body": "I fucking hate amazon for not policing it better. Sometimes amazon feels like alibaba with faster shipping.", "is_submitter": false, "distinguished": null, "created_utc": 1599496724.0, "parent_id": "t1_g4cf6qb", "replies": []}]}]}, {"author": "NastyNate435", "id": "g4tx9eh", "score": 1, "subreddit": "BuyItForLife", "author_flair": null, "submission": "inwgtu", "stickied": false, "body": "I have some fitsoks and like them a lot! They\u2019re not quite the same quality as darn tough, but they have an equally good lifetime warranty and with the 40% discount codes they have all the time you can get 3 pairs of their wool socks for 20 USD. I\u2019m not a paid shill or anything, I just had a single sock develop a whole, and they sent me a full 3 pack to replace it plus an extra pair of their iso wool socks along with a nice note, which was phenomenal.", "is_submitter": false, "distinguished": null, "created_utc": 1599837375.0, "parent_id": "t1_g4avaze", "replies": []}]}, {"author": "Millie_65", "id": "g4b0fbv", "score": 5, "subreddit": "BuyItForLife", "author_flair": null, "submission": "inwgtu", "stickied": false, "body": "Does Amazon now have the real socks?", "is_submitter": false, "distinguished": null, "created_utc": 1599456980.0, "parent_id": "t3_inwgtu", "replies": []}, {"author": "vestigialcranium", "id": "g4anheb", "score": 6, "subreddit": "BuyItForLife", "author_flair": null, "submission": "inwgtu", "stickied": false, "body": "That's great, but check out Farm to Feet as well, they have the same warranty as Darn Tough and Smartwool, and their quality is about the same as Darn Tough but they do as one great things with their cushioning and other details that set them apart", "is_submitter": false, "distinguished": null, "created_utc": 1599447495.0, "parent_id": "t3_inwgtu", "replies": [{"author": "UberFlesh", "id": "g4deja6", "score": 3, "subreddit": "BuyItForLife", "author_flair": null, "submission": "inwgtu", "stickied": false, "body": "I have to second Farm to Feet. American made and merino wool as well. I think that they are very comparable to DT and usually a bit more affordable.", "is_submitter": false, "distinguished": null, "created_utc": 1599509559.0, "parent_id": "t1_g4anheb", "replies": []}]}, {"author": "onomatopoetix", "id": "g4ak8o4", "score": 3, "subreddit": "BuyItForLife", "author_flair": null, "submission": "inwgtu", "stickied": false, "body": "I definitely appreciate socks with thick toe and heel sections. Those are definitely high wear and tear areas. It seems like every sock remain mint above the ankles at the end of their life.", "is_submitter": false, "distinguished": null, "created_utc": 1599445444.0, "parent_id": "t3_inwgtu", "replies": [{"author": "fabhats", "id": "g4atix5", "score": 2, "subreddit": "BuyItForLife", "author_flair": null, "submission": "inwgtu", "stickied": false, "body": "But at the same time, they don\u2019t have painful bumpy toe seams!", "is_submitter": false, "distinguished": null, "created_utc": 1599451652.0, "parent_id": "t1_g4ak8o4", "replies": []}]}, {"author": "DELETED", "id": "g4anirr", "score": 3, "subreddit": "BuyItForLife", "author_flair": null, "submission": "inwgtu", "stickied": false, "body": "I've got a few pairs and had been wondering if the warranty was legit. Thanks for sharing", "is_submitter": false, "distinguished": null, "created_utc": 1599447519.0, "parent_id": "t3_inwgtu", "replies": []}, {"author": "mimi7878", "id": "g4aqs1p", "score": 3, "subreddit": "BuyItForLife", "author_flair": null, "submission": "inwgtu", "stickied": false, "body": "I sent in some last week for the warranty. Eagerly awaiting my replacements!!!", "is_submitter": false, "distinguished": null, "created_utc": 1599449691.0, "parent_id": "t3_inwgtu", "replies": []}, {"author": "Ratyang", "id": "g4avack", "score": 3, "subreddit": "BuyItForLife", "author_flair": null, "submission": "inwgtu", "stickied": false, "body": "I've been wearing the same Darn Tough Socks for the past two years of travel in Asia.  I tried many different brands before I began this trip and the Darn Tough's are the best.", "is_submitter": false, "distinguished": null, "created_utc": 1599452975.0, "parent_id": "t3_inwgtu", "replies": []}, {"author": "DrDespondency", "id": "g4d0ziq", "score": 3, "subreddit": "BuyItForLife", "author_flair": null, "submission": "inwgtu", "stickied": false, "body": "I\u2019m in the UK. Returned my beloved socks about two months ago, not heard anything back. \nPlease be aware that sock-less in trainers stinks.", "is_submitter": false, "distinguished": null, "created_utc": 1599503800.0, "parent_id": "t3_inwgtu", "replies": []}, {"author": "genericseagallantry", "id": "g4aq1ly", "score": 3, "subreddit": "BuyItForLife", "author_flair": null, "submission": "inwgtu", "stickied": false, "body": " I live in the town that Darn Tough socks are made in! There is a wicked good sale in November each year for townspeople. Awesome company and great product!", "is_submitter": false, "distinguished": null, "created_utc": 1599449176.0, "parent_id": "t3_inwgtu", "replies": [{"author": "daflyguy739", "id": "g4ax457", "score": 2, "subreddit": "BuyItForLife", "author_flair": null, "submission": "inwgtu", "stickied": false, "body": "Another commenter said that too. That\u2019s awesome, I\u2019m jealous!", "is_submitter": true, "distinguished": null, "created_utc": 1599454377.0, "parent_id": "t1_g4aq1ly", "replies": []}]}, {"author": "DELETED", "id": "g4abro9", "score": 9, "subreddit": "BuyItForLife", "author_flair": null, "submission": "inwgtu", "stickied": false, "body": "I haven't had to use their warranty yet, but I need to on one pair. Only brand of socks I'm buying in my life. I can't go back. 10/10 would recommend", "is_submitter": false, "distinguished": null, "created_utc": 1599440258.0, "parent_id": "t3_inwgtu", "replies": [{"author": "DELETED", "id": "g4au54v", "score": -2, "subreddit": "BuyItForLife", "author_flair": null, "submission": "inwgtu", "stickied": false, "body": "Post proof you own them or this is an ad and you\u2019re a shill", "is_submitter": false, "distinguished": null, "created_utc": 1599452117.0, "parent_id": "t1_g4abro9", "replies": [{"author": "Xehlyv", "id": "g4autil", "score": 5, "subreddit": "BuyItForLife", "author_flair": null, "submission": "inwgtu", "stickied": false, "body": "Username is suspicious", "is_submitter": false, "distinguished": null, "created_utc": 1599452621.0, "parent_id": "t1_g4au54v", "replies": [{"author": "DELETED", "id": "g4avas8", "score": 3, "subreddit": "BuyItForLife", "author_flair": null, "submission": "inwgtu", "stickied": false, "body": "Who are you calling suspicious \ud83d\udc40", "is_submitter": false, "distinguished": null, "created_utc": 1599452984.0, "parent_id": "t1_g4autil", "replies": [{"author": "Xehlyv", "id": "g4ave0u", "score": 2, "subreddit": "BuyItForLife", "author_flair": null, "submission": "inwgtu", "stickied": false, "body": "Not you, the RedditUser#### post. Just smells like a bot to me", "is_submitter": false, "distinguished": null, "created_utc": 1599453052.0, "parent_id": "t1_g4avas8", "replies": [{"author": "DELETED", "id": "g4avi5g", "score": 4, "subreddit": "BuyItForLife", "author_flair": null, "submission": "inwgtu", "stickied": false, "body": "Oooh haha. Yeah this definitely feels like a free ad", "is_submitter": false, "distinguished": null, "created_utc": 1599453141.0, "parent_id": "t1_g4ave0u", "replies": []}, {"author": "4rtien", "id": "g4cesfi", "score": 1, "subreddit": "BuyItForLife", "author_flair": null, "submission": "inwgtu", "stickied": false, "body": "Nah doesn't look like a bot. Just check their karma/post history. Probably an auto-generated username or lowkey sense of naming something.", "is_submitter": false, "distinguished": null, "created_utc": 1599494562.0, "parent_id": "t1_g4ave0u", "replies": [{"author": "Xehlyv", "id": "g4cf5dg", "score": 1, "subreddit": "BuyItForLife", "author_flair": null, "submission": "inwgtu", "stickied": false, "body": "That's just what a bot would want you to think.", "is_submitter": false, "distinguished": null, "created_utc": 1599494702.0, "parent_id": "t1_g4cesfi", "replies": []}]}]}]}]}]}]}, {"author": "Avocadosandtomatoes", "id": "g4a3qw4", "score": 5, "subreddit": "BuyItForLife", "author_flair": null, "submission": "inwgtu", "stickied": false, "body": "So are you supposed to send extra postage for them to mail you the socks back? \n\nBecause I sent in a pair, then they gave me a coupon code for $10 due to insufficient postage.", "is_submitter": false, "distinguished": null, "created_utc": 1599435224.0, "parent_id": "t3_inwgtu", "replies": [{"author": "daflyguy739", "id": "g4a4aty", "score": 10, "subreddit": "BuyItForLife", "author_flair": null, "submission": "inwgtu", "stickied": false, "body": "I paid shipping to get them to Vermont, and they paid shipping getting the new pair to me. You just go online to fill out a warranty claim and it has instructions. Since I sent in multiple pairs I was fine paying the one-way shipping. It was worth it. \n\nThey gave me a credit to use on their website. The credit was actually more than I paid for the socks. So I sent in 4 and had enough online credits to buy 5 pairs. I received the package 4 days after placing my order (and that\u2019s shipping from Vermont to Hawaii). It was great.", "is_submitter": true, "distinguished": null, "created_utc": 1599435579.0, "parent_id": "t1_g4a3qw4", "replies": [{"author": "corpsevomit", "id": "g4ajk4u", "score": 1, "subreddit": "BuyItForLife", "author_flair": null, "submission": "inwgtu", "stickied": false, "body": "What was the condition of your socks?  Ive got 2 pairs ready to go in, maybe another pair or two depending on their standards. (I wear mostly darn tough)", "is_submitter": false, "distinguished": null, "created_utc": 1599445039.0, "parent_id": "t1_g4a4aty", "replies": [{"author": "daflyguy739", "id": "g4amn9g", "score": 2, "subreddit": "BuyItForLife", "author_flair": null, "submission": "inwgtu", "stickied": false, "body": "They all had small holes at the pad of the foot.", "is_submitter": true, "distinguished": null, "created_utc": 1599446957.0, "parent_id": "t1_g4ajk4u", "replies": []}]}]}]}, {"author": "webnet95", "id": "g4arnc8", "score": 2, "subreddit": "BuyItForLife", "author_flair": null, "submission": "inwgtu", "stickied": false, "body": "Darn Tough socks are all that I wear at work and I\u2019ve never looked back. I have 12-13 pairs and I am super happy with them.", "is_submitter": false, "distinguished": null, "created_utc": 1599450304.0, "parent_id": "t3_inwgtu", "replies": [{"author": "Freakyfreekk", "id": "g4b5ncx", "score": 1, "subreddit": "BuyItForLife", "author_flair": null, "submission": "inwgtu", "stickied": false, "body": "Do you wash them separately because they're from wool? That's the only thing that keeps me from switching to wool socks", "is_submitter": false, "distinguished": null, "created_utc": 1599461512.0, "parent_id": "t1_g4arnc8", "replies": [{"author": "Quail-a-lot", "id": "g4cde7i", "score": 1, "subreddit": "BuyItForLife", "author_flair": null, "submission": "inwgtu", "stickied": false, "body": "Nope, I wash them with my other light clothing. The heavy-duty workpants and thick hoodies go in a separate load.", "is_submitter": false, "distinguished": null, "created_utc": 1599493979.0, "parent_id": "t1_g4b5ncx", "replies": [{"author": "Freakyfreekk", "id": "g4ce7au", "score": 1, "subreddit": "BuyItForLife", "author_flair": null, "submission": "inwgtu", "stickied": false, "body": "So no wool program, that sounds great. At what temperature?", "is_submitter": false, "distinguished": null, "created_utc": 1599494319.0, "parent_id": "t1_g4cde7i", "replies": [{"author": "Quail-a-lot", "id": "g4csj7i", "score": 3, "subreddit": "BuyItForLife", "author_flair": null, "submission": "inwgtu", "stickied": false, "body": "Just on normal cold setting, but they seem fine if I forget and let them go through the warm too. One thing that might make a difference is that we don't own a dryer. Mine have been through dryers, but that's not usual for me. We have a dry rack up all year round.", "is_submitter": false, "distinguished": null, "created_utc": 1599500230.0, "parent_id": "t1_g4ce7au", "replies": []}]}]}]}]}, {"author": "icer22x", "id": "g4b06rc", "score": 2, "subreddit": "BuyItForLife", "author_flair": null, "submission": "inwgtu", "stickied": false, "body": "Second this. I just returned a warranty pair after having them for over 2 years. I have no idea how a hole got in the bottom... Chock it up to the dryer. Anyway, the return process was amazing. The refund you the money so you can get whatever you want on their site. Pair was sent in an amazing box with a sticker and a hand signed receipt. I will NEVER buy any other sock unless their quality starts to drop.", "is_submitter": false, "distinguished": null, "created_utc": 1599456787.0, "parent_id": "t3_inwgtu", "replies": []}, {"author": "Jjohnst55", "id": "g4b1jh0", "score": 2, "subreddit": "BuyItForLife", "author_flair": null, "submission": "inwgtu", "stickied": false, "body": "I had a pair that lasted 5 years, no joke.  I wore them 1 or 2 times a week. They got a hole so i sent them back, literally got a new pair in a week. Since then I have bought 6 more pairs. Darn Tough is all I wear.", "is_submitter": false, "distinguished": null, "created_utc": 1599457892.0, "parent_id": "t3_inwgtu", "replies": []}, {"author": "ImOwningThisUsername", "id": "g4b2rer", "score": 2, "subreddit": "BuyItForLife", "author_flair": null, "submission": "inwgtu", "stickied": false, "body": "How do you avoid lint on the socks? Mine had lint since the first washing", "is_submitter": false, "distinguished": null, "created_utc": 1599458926.0, "parent_id": "t3_inwgtu", "replies": [{"author": "haikusbot", "id": "g4b2rwy", "score": 2, "subreddit": "BuyItForLife", "author_flair": null, "submission": "inwgtu", "stickied": false, "body": "*How do you avoid*\n\n*Lint on the socks? Mine had lint*\n\n*Since the first washing*\n\n\\- ImOwningThisUsername\n\n---\n\n^(I detect haikus. And sometimes, successfully.) ^[Learn&#32;more&#32;about&#32;me.](https://www.reddit.com/r/haikusbot/)\n\n^(Opt out of replies: \"haikusbot opt out\" | Delete my comment: \"haikusbot delete\")", "is_submitter": false, "distinguished": null, "created_utc": 1599458938.0, "parent_id": "t1_g4b2rer", "replies": []}]}, {"author": "SupperPup", "id": "g4b3jxz", "score": 2, "subreddit": "BuyItForLife", "author_flair": null, "submission": "inwgtu", "stickied": false, "body": "Bro literally no other socks fit me. These have been and will continue to be my last hope.", "is_submitter": false, "distinguished": null, "created_utc": 1599459613.0, "parent_id": "t3_inwgtu", "replies": []}, {"author": "sidewinder16", "id": "g4cwr36", "score": 2, "subreddit": "BuyItForLife", "author_flair": null, "submission": "inwgtu", "stickied": false, "body": "These are the absolute best socks for boots a person could wear", "is_submitter": false, "distinguished": null, "created_utc": 1599501964.0, "parent_id": "t3_inwgtu", "replies": []}, {"author": "Therion596", "id": "g4d88uk", "score": 2, "subreddit": "BuyItForLife", "author_flair": null, "submission": "inwgtu", "stickied": false, "body": "I just submitted mine for six pairs of socks ranging from 2 to 3 years old.  Shipping to them from Los Angeles County cost me $7.25. Credited me $130, more than I paid for them all since I bought them on sale from LLBean and REI!\n\nMy turnaround time from mailing to getting my credit email was about 7 days.  Still waiting for them to ship to me , so I can't speak to the return shipping yet, but I'm sure it'll be fine!", "is_submitter": false, "distinguished": null, "created_utc": 1599506934.0, "parent_id": "t3_inwgtu", "replies": [{"author": "daflyguy739", "id": "g4d903g", "score": 1, "subreddit": "BuyItForLife", "author_flair": null, "submission": "inwgtu", "stickied": false, "body": "Same with me. I was credited more than I paid for them 3 years ago. Love it.", "is_submitter": true, "distinguished": null, "created_utc": 1599507259.0, "parent_id": "t1_g4d88uk", "replies": []}]}, {"author": "DELETED", "id": "g4ajqoz", "score": 2, "subreddit": "BuyItForLife", "author_flair": null, "submission": "inwgtu", "stickied": false, "body": "Love the warranty but find them less-breathable than smart wool. Any one with similar observations?", "is_submitter": false, "distinguished": null, "created_utc": 1599445147.0, "parent_id": "t3_inwgtu", "replies": [{"author": "quantum-mechanic", "id": "g4ak2nd", "score": 9, "subreddit": "BuyItForLife", "author_flair": null, "submission": "inwgtu", "stickied": false, "body": "Yeah, smart wool is very breathable after holes wear in the soles within like a month", "is_submitter": false, "distinguished": null, "created_utc": 1599445344.0, "parent_id": "t1_g4ajqoz", "replies": []}, {"author": "st-ove", "id": "g4am6r8", "score": 3, "subreddit": "BuyItForLife", "author_flair": null, "submission": "inwgtu", "stickied": false, "body": "I agree but I also find that smartwool socks warm my feet much better", "is_submitter": false, "distinguished": null, "created_utc": 1599446661.0, "parent_id": "t1_g4ajqoz", "replies": []}, {"author": "DELETED", "id": "g4as1ow", "score": 2, "subreddit": "BuyItForLife", "author_flair": null, "submission": "inwgtu", "stickied": false, "body": "I've found my thicker smartwool socks to run just a bit hotter than my DTs of comparable thickness. Never really had an issue with either when wearing heavier boots with no ventilation in summer, which is a lot more than I can say for normal cotton/synthetic socks. The thinner socks don't seem to have any difference at all between the two companies. Darn Tough has me sold on the quality and warranty though. First pair of socks I got from I definitely wasn't gentle with(a lot of walking outside on rough ground with just socks on) and I still have them 4 years later and they're just now showing some wear. \n\nAs far as I know, smartwool doesn't offer the same warranty as Darn Tough, but I have yet to wear through any of their socks so I've not been super concerned. Smartwool does seem to have slightly better durability when it comes to their thinnest socks though.", "is_submitter": false, "distinguished": null, "created_utc": 1599450585.0, "parent_id": "t1_g4ajqoz", "replies": []}, {"author": "daflyguy739", "id": "g4amknn", "score": 1, "subreddit": "BuyItForLife", "author_flair": null, "submission": "inwgtu", "stickied": false, "body": "I\u2019ve never tried smart wool, but the darn tough are very breathable imo. I wear these in the summer in the Australian desert and in Hawaii (temps up to 115 degrees). They get less hot than cotton socks.", "is_submitter": true, "distinguished": null, "created_utc": 1599446910.0, "parent_id": "t1_g4ajqoz", "replies": []}]}, {"author": "DELETED", "id": "g4aim3e", "score": 3, "subreddit": "BuyItForLife", "author_flair": null, "submission": "inwgtu", "stickied": false, "body": "[deleted]", "is_submitter": false, "distinguished": null, "created_utc": 1599444464.0, "parent_id": "t3_inwgtu", "replies": [{"author": "daflyguy739", "id": "g4amrrf", "score": 1, "subreddit": "BuyItForLife", "author_flair": null, "submission": "inwgtu", "stickied": false, "body": "To each their own. I had a pair of ice breakers once and they weren\u2019t nearly as durable on my feet. Never bought any again.", "is_submitter": true, "distinguished": null, "created_utc": 1599447035.0, "parent_id": "t1_g4aim3e", "replies": []}]}, {"author": "v1xiii", "id": "g4axhs7", "score": 2, "subreddit": "BuyItForLife", "author_flair": null, "submission": "inwgtu", "stickied": false, "body": "Look like great socks, don't think I can justify $17 for a single pair of no-show socks though...", "is_submitter": false, "distinguished": null, "created_utc": 1599454671.0, "parent_id": "t3_inwgtu", "replies": []}, {"author": "Maureen_jacobs", "id": "g4ajncb", "score": 1, "subreddit": "BuyItForLife", "author_flair": null, "submission": "inwgtu", "stickied": false, "body": "I attest", "is_submitter": false, "distinguished": null, "created_utc": 1599445092.0, "parent_id": "t3_inwgtu", "replies": []}, {"author": "gregarious119", "id": "g4aklc1", "score": 1, "subreddit": "BuyItForLife", "author_flair": null, "submission": "inwgtu", "stickied": false, "body": "Warranty question here: I have two separate pairs that aren\u2019t worn \u201cthrough\u201d but the wool has worn away in2 spots and it is down to the elastic/inner layer. The worn spots are probably around 3/4\u201d round.\n\nIs this enough to send in for warranty or do I need to wait for them to be worn all the way through?", "is_submitter": false, "distinguished": null, "created_utc": 1599445662.0, "parent_id": "t3_inwgtu", "replies": [{"author": "daflyguy739", "id": "g4ame6o", "score": 3, "subreddit": "BuyItForLife", "author_flair": null, "submission": "inwgtu", "stickied": false, "body": "I\u2019m not sure. Just email them and ask.", "is_submitter": true, "distinguished": null, "created_utc": 1599446794.0, "parent_id": "t1_g4aklc1", "replies": []}]}, {"author": "Wolverlog", "id": "g4al9fy", "score": 1, "subreddit": "BuyItForLife", "author_flair": null, "submission": "inwgtu", "stickied": false, "body": "Love mine, I had to order some of the thinner ones. I\u2019ve had them for about a year and they show little signs of wear.", "is_submitter": false, "distinguished": null, "created_utc": 1599446080.0, "parent_id": "t3_inwgtu", "replies": []}, {"author": "Dogrug", "id": "g4alynm", "score": 1, "subreddit": "BuyItForLife", "author_flair": null, "submission": "inwgtu", "stickied": false, "body": "I just bought some of these for my son who is HARD on socks.  Hoping these will hold out longer than the others have!", "is_submitter": false, "distinguished": null, "created_utc": 1599446520.0, "parent_id": "t3_inwgtu", "replies": []}, {"author": "Zers503", "id": "g4anrij", "score": 1, "subreddit": "BuyItForLife", "author_flair": null, "submission": "inwgtu", "stickied": false, "body": "Anyone getting any other hiking sock is just wasting money", "is_submitter": false, "distinguished": null, "created_utc": 1599447678.0, "parent_id": "t3_inwgtu", "replies": []}, {"author": "thread9000", "id": "g4arizn", "score": 1, "subreddit": "BuyItForLife", "author_flair": null, "submission": "inwgtu", "stickied": false, "body": "Love these.", "is_submitter": false, "distinguished": null, "created_utc": 1599450218.0, "parent_id": "t3_inwgtu", "replies": []}, {"author": "mesohungry", "id": "g4as1oq", "score": 1, "subreddit": "BuyItForLife", "author_flair": null, "submission": "inwgtu", "stickied": false, "body": "That\u2019s awesome. +1 for Darn Tough. I\u2019ve had a similar experience with Feetures, if you\u2019re into running/fitness socks for PF.", "is_submitter": false, "distinguished": null, "created_utc": 1599450584.0, "parent_id": "t3_inwgtu", "replies": []}, {"author": "ranger662", "id": "g4as2yw", "score": 1, "subreddit": "BuyItForLife", "author_flair": null, "submission": "inwgtu", "stickied": false, "body": "Darn Tough are the best. I\u2019ve got 5 pair that I\u2019ve bought over the last 4-5 years. No problems with any of them. They\u2019ve become my go to running socks after other popular brands have worn out.", "is_submitter": false, "distinguished": null, "created_utc": 1599450610.0, "parent_id": "t3_inwgtu", "replies": []}, {"author": "twobithiker", "id": "g4asrtj", "score": 1, "subreddit": "BuyItForLife", "author_flair": null, "submission": "inwgtu", "stickied": false, "body": "I\u2019ll drink to this!  Darn tough lifer here too!", "is_submitter": false, "distinguished": null, "created_utc": 1599451102.0, "parent_id": "t3_inwgtu", "replies": [{"author": "daflyguy739", "id": "g4awp4j", "score": 1, "subreddit": "BuyItForLife", "author_flair": null, "submission": "inwgtu", "stickied": false, "body": "I\u2019m drinking too- cheers!", "is_submitter": true, "distinguished": null, "created_utc": 1599454057.0, "parent_id": "t1_g4asrtj", "replies": []}]}, {"author": "jaypizzl", "id": "g4aszzf", "score": 1, "subreddit": "BuyItForLife", "author_flair": null, "submission": "inwgtu", "stickied": false, "body": "Same here - worth every penny. They send replacements.", "is_submitter": false, "distinguished": null, "created_utc": 1599451266.0, "parent_id": "t3_inwgtu", "replies": []}, {"author": "KillerDeman", "id": "g4az0vg", "score": 1, "subreddit": "BuyItForLife", "author_flair": null, "submission": "inwgtu", "stickied": false, "body": "Amazing socks ,", "is_submitter": false, "distinguished": null, "created_utc": 1599455859.0, "parent_id": "t3_inwgtu", "replies": []}, {"author": "luap1420", "id": "g4cdasz", "score": 1, "subreddit": "BuyItForLife", "author_flair": null, "submission": "inwgtu", "stickied": false, "body": "I love these socks. I have about six pairs (some shorties for summer and working out, and taller for boots/ winter) and have been incorporating them into my rotation.  Well worth the money. Gobros has them on sale every now and again. Well worth it.", "is_submitter": false, "distinguished": null, "created_utc": 1599493942.0, "parent_id": "t3_inwgtu", "replies": []}, {"author": "czeckmate2", "id": "g4cdwkf", "score": 1, "subreddit": "BuyItForLife", "author_flair": null, "submission": "inwgtu", "stickied": false, "body": "Does anybody feel like these run small? I have two pairs that I love for hiking but they aren\u2019t comfy by themselves. They always seem a little too tight even though I bought the ones for my shoe size(M12).", "is_submitter": false, "distinguished": null, "created_utc": 1599494193.0, "parent_id": "t3_inwgtu", "replies": []}, {"author": "fungiinmygarden", "id": "g4cek9s", "score": 1, "subreddit": "BuyItForLife", "author_flair": null, "submission": "inwgtu", "stickied": false, "body": "I\u2019ve had some for a few years and the first ones I got are starting to thin out, a few have small holes. They\u2019re definitely the most comfortable, longest lasting socks I\u2019ve owned. Most socks I have blew out way faster. Thing is, I feel bad sending them back. They lasted way longer than any socks could be expected to under the conditions. Sending them back to get free pairs seems like taking advantage of them being cool about making sure people get a good product.", "is_submitter": false, "distinguished": null, "created_utc": 1599494468.0, "parent_id": "t3_inwgtu", "replies": []}, {"author": "dmmagic", "id": "g4ceo6a", "score": 1, "subreddit": "BuyItForLife", "author_flair": null, "submission": "inwgtu", "stickied": false, "body": "Mine seem to wear out pretty fast (wearing them but no shoes on hardwood floors).\n\nNever had an issue with the warranty. I wait and send back 2-3 pair at once, then buy +1 pair each time.\n\nWhich means more socks in the rotation leading to them all lasting longer :-)", "is_submitter": false, "distinguished": null, "created_utc": 1599494517.0, "parent_id": "t3_inwgtu", "replies": []}, {"author": "Piiiv", "id": "g4ck385", "score": 1, "subreddit": "BuyItForLife", "author_flair": null, "submission": "inwgtu", "stickied": false, "body": "Do they have an official retailer in Europe?", "is_submitter": false, "distinguished": null, "created_utc": 1599496671.0, "parent_id": "t3_inwgtu", "replies": []}, {"author": "Thisismyfinalstand", "id": "g4cm16f", "score": 1, "subreddit": "BuyItForLife", "author_flair": null, "submission": "inwgtu", "stickied": false, "body": "How are their regular socks? I have a few pair of the Merino wool ones and they're great when it's cold out, but I'd love to wear DarnTough year round.", "is_submitter": false, "distinguished": null, "created_utc": 1599497580.0, "parent_id": "t3_inwgtu", "replies": [{"author": "wickedsmaaaht", "id": "g4cxiid", "score": 2, "subreddit": "BuyItForLife", "author_flair": null, "submission": "inwgtu", "stickied": false, "body": "I have plenty of their \"regular\" socks to wear year-round. No other sock brand needed. :)", "is_submitter": false, "distinguished": null, "created_utc": 1599502290.0, "parent_id": "t1_g4cm16f", "replies": []}]}, {"author": "old_snake", "id": "g4cnp30", "score": 1, "subreddit": "BuyItForLife", "author_flair": null, "submission": "inwgtu", "stickied": false, "body": "Are these wool?", "is_submitter": false, "distinguished": null, "created_utc": 1599498296.0, "parent_id": "t3_inwgtu", "replies": []}, {"author": "-full-control-", "id": "g4cxp8w", "score": 1, "subreddit": "BuyItForLife", "author_flair": null, "submission": "inwgtu", "stickied": false, "body": "I just recently bought my first few pair, I was curious how the process works. Will they just replace them whenever they get worn out or do they have to have holes?", "is_submitter": false, "distinguished": null, "created_utc": 1599502371.0, "parent_id": "t3_inwgtu", "replies": [{"author": "daflyguy739", "id": "g4d1pza", "score": 1, "subreddit": "BuyItForLife", "author_flair": null, "submission": "inwgtu", "stickied": false, "body": "I\u2019m not sure, but you could email them. Mine all had holes", "is_submitter": true, "distinguished": null, "created_utc": 1599504119.0, "parent_id": "t1_g4cxp8w", "replies": []}]}, {"author": "Sapphorific", "id": "g4cz5j8", "score": 1, "subreddit": "BuyItForLife", "author_flair": null, "submission": "inwgtu", "stickied": false, "body": "Every time I see these posts I wish this applied to the UK!", "is_submitter": false, "distinguished": null, "created_utc": 1599502996.0, "parent_id": "t3_inwgtu", "replies": []}, {"author": "p0pt4rtz", "id": "g4d4wzd", "score": 1, "subreddit": "BuyItForLife", "author_flair": null, "submission": "inwgtu", "stickied": false, "body": "Are these socks good for running? would like to buy to try", "is_submitter": false, "distinguished": null, "created_utc": 1599505495.0, "parent_id": "t3_inwgtu", "replies": [{"author": "daflyguy739", "id": "g4dbq2x", "score": 2, "subreddit": "BuyItForLife", "author_flair": null, "submission": "inwgtu", "stickied": false, "body": "There are a lot of really good running socks on the market, so I can\u2019t say that they\u2019re leaps away the best. With their boot socks that\u2019s definitely the case. You cannot find better boot socks than darn tough. \n\nBut I like their running socks a lot. They fit my feet better than other brands I\u2019ve tried. Balega is the other brand I like. But I like darn tough slightly more than Balega for running socks.", "is_submitter": true, "distinguished": null, "created_utc": 1599508426.0, "parent_id": "t1_g4d4wzd", "replies": [{"author": "p0pt4rtz", "id": "g4e9v6i", "score": 1, "subreddit": "BuyItForLife", "author_flair": null, "submission": "inwgtu", "stickied": false, "body": "thanks!", "is_submitter": false, "distinguished": null, "created_utc": 1599526080.0, "parent_id": "t1_g4dbq2x", "replies": []}]}]}, {"author": "SPANH0BG0BLIN1", "id": "g4dk6hv", "score": 1, "subreddit": "BuyItForLife", "author_flair": null, "submission": "inwgtu", "stickied": false, "body": "I haven't been as impressed with the quality as I thought I would be. I had one pair wear through in 2 years, and the replacement is wearing again in under a year. I've had to warranty 3 pairs all together. I won't be paying 30 bucks for socks if they just wear out and i have to deal with warranty every year.", "is_submitter": false, "distinguished": null, "created_utc": 1599511919.0, "parent_id": "t3_inwgtu", "replies": []}, {"author": "HaPowerdown", "id": "g4dppyo", "score": 1, "subreddit": "BuyItForLife", "author_flair": null, "submission": "inwgtu", "stickied": false, "body": "Been rotating eight double cushion pair for 5 years. Industrial job, indoor- outdoor  New England wet/ humid/ dry. Down one pair due to misplacement, no issues yet. Wear these pritnear exclusively in and out of work. Hiker style sneaks, and sometimes boots.\n\nCaveat: almost always air- dry them. Expensive as all heck but... Feet never feel soggy, or get stank. The few seams are placed well so you cannot feel them, and the free pairs of sneakers and boots that \" felt wrong\" to wear before are fairly comfortable now. Steep investment and learning curve in optimal laundering but Never bitch about my feet or footwear anymore. \n\nYMMV, never tried other brands recommend as a value alternative. Cotton socks are garbage, try wool blends make your feet happy. An hour and a half in cotton-socks and I urgently feel the need for my darn tough.", "is_submitter": false, "distinguished": null, "created_utc": 1599514384.0, "parent_id": "t3_inwgtu", "replies": []}, {"author": "Shr00m7", "id": "g4du5tv", "score": 1, "subreddit": "BuyItForLife", "author_flair": null, "submission": "inwgtu", "stickied": false, "body": "I got into long distance backpacking, and Darn Tough are very pervasive in that community. While I agree that Darn Tough makes a Damn fine sock, they are not BIFL in terms of quality- they will wear out, and you\u2019re paying for the warranty/exchange up front, they\u2019re not cheap socks. That being said, my sock drawer has a mix of Darn Tough, Smart Wool (same price, same-ish warranty), and injinji.", "is_submitter": false, "distinguished": null, "created_utc": 1599516975.0, "parent_id": "t3_inwgtu", "replies": []}, {"author": "Dash83", "id": "g4fcl8n", "score": 1, "subreddit": "BuyItForLife", "author_flair": null, "submission": "inwgtu", "stickied": false, "body": "Thank you, this is exactly why I came to this sub, for recommendations like this. Next time I get sock, it will be from these guys :D", "is_submitter": false, "distinguished": null, "created_utc": 1599556877.0, "parent_id": "t3_inwgtu", "replies": []}, {"author": "CelticGaelic", "id": "g4l00bw", "score": 1, "subreddit": "BuyItForLife", "author_flair": null, "submission": "inwgtu", "stickied": false, "body": "I ordered a pair just from seeing thw brand recommended so many times here. I do have one question though: do they retain that awesome, cushiony feeling longer than other socks or do they just not wear and tear as fast?", "is_submitter": false, "distinguished": null, "created_utc": 1599683621.0, "parent_id": "t3_inwgtu", "replies": []}, {"author": "Abraxxoss", "id": "g54jgr2", "score": 1, "subreddit": "BuyItForLife", "author_flair": null, "submission": "inwgtu", "stickied": false, "body": "Sucks to lose them, though :/ Got a mismatched pair now because I misplaced two.", "is_submitter": false, "distinguished": null, "created_utc": 1600013346.0, "parent_id": "t3_inwgtu", "replies": []}, {"author": "patoestavillo", "id": "g7xthb1", "score": 1, "subreddit": "BuyItForLife", "author_flair": null, "submission": "inwgtu", "stickied": false, "body": "Do you know if the micro crew length will work with boots like iron rangers or wolverine 1000s?", "is_submitter": false, "distinguished": null, "created_utc": 1602019298.0, "parent_id": "t3_inwgtu", "replies": [{"author": "daflyguy739", "id": "g7yatdf", "score": 1, "subreddit": "BuyItForLife", "author_flair": null, "submission": "inwgtu", "stickied": false, "body": "I wear them with iron rangers and it\u2019s comfortable as long as the shoes are broken in", "is_submitter": true, "distinguished": null, "created_utc": 1602028914.0, "parent_id": "t1_g7xthb1", "replies": []}]}, {"author": "BostonTERRORier", "id": "g4avh0y", "score": 1, "subreddit": "BuyItForLife", "author_flair": null, "submission": "inwgtu", "stickied": false, "body": "cool ad darn tough", "is_submitter": false, "distinguished": null, "created_utc": 1599453116.0, "parent_id": "t3_inwgtu", "replies": []}, {"author": "ScubaSteve_", "id": "g4asutn", "score": 1, "subreddit": "BuyItForLife", "author_flair": null, "submission": "inwgtu", "stickied": false, "body": "Few months back I bought a few pairs. Think they were the elements. They\u2019re low cut though. I walk a ton for my job, so we\u2019ll see how they hold up. I have my doubts lol do know reddit loves them though", "is_submitter": false, "distinguished": null, "created_utc": 1599451161.0, "parent_id": "t3_inwgtu", "replies": []}, {"author": "DELETED", "id": "g4b4ihn", "score": 1, "subreddit": "BuyItForLife", "author_flair": null, "submission": "inwgtu", "stickied": false, "body": "they\u2019re just socks man. i\u2019m sure they\u2019re quality, but i have 30 pairs of target socks that\u2019s lasted me years", "is_submitter": false, "distinguished": null, "created_utc": 1599460472.0, "parent_id": "t3_inwgtu", "replies": []}, {"author": "MyNameIsCumin", "id": "g4azmpz", "score": 0, "subreddit": "BuyItForLife", "author_flair": null, "submission": "inwgtu", "stickied": false, "body": "Like I get wanting a nice pair of boots or a cast iron pan that'll last forever, but *socks* guys? I'd go so far as to say you're getting more utility out of your basic cheapo socks since you can just buy way more and then you have fresh, dry spares ready to swap in whenever", "is_submitter": false, "distinguished": null, "created_utc": 1599456339.0, "parent_id": "t3_inwgtu", "replies": [{"author": "Role_Playing_Grump", "id": "g4ekrio", "score": 2, "subreddit": "BuyItForLife", "author_flair": null, "submission": "inwgtu", "stickied": false, "body": "Yeah. Like, I\u2019m all about quality, that\u2019s why I\u2019m here obviously but I can wear the hell out of shitty fruit of the loom or Hanes socks and have them last a couple years or more. For the price of seven pairs of DT I could buy like 4 or 5 bundles of Hanes and that many bundles could last me years.", "is_submitter": false, "distinguished": null, "created_utc": 1599532678.0, "parent_id": "t1_g4azmpz", "replies": []}]}, {"author": "DELETED", "id": "g4au2k6", "score": -3, "subreddit": "BuyItForLife", "author_flair": null, "submission": "inwgtu", "stickied": false, "body": "$21 a pair!? You\u2019re paying for those \u201cfree\u201d replacements upfront.\n\nr/hailcorporate", "is_submitter": false, "distinguished": null, "created_utc": 1599452063.0, "parent_id": "t3_inwgtu", "replies": [{"author": "daflyguy739", "id": "g4awmna", "score": 2, "subreddit": "BuyItForLife", "author_flair": null, "submission": "inwgtu", "stickied": false, "body": "Some people prefer to pay extra for highly durable products. Many people consider these good value since they have a lifetime warranty. Buy once and forget about it.", "is_submitter": true, "distinguished": null, "created_utc": 1599454007.0, "parent_id": "t1_g4au2k6", "replies": [{"author": "Jjohnst55", "id": "g4b1u5t", "score": 1, "subreddit": "BuyItForLife", "author_flair": null, "submission": "inwgtu", "stickied": false, "body": "This is true... unless you lose a sock.", "is_submitter": false, "distinguished": null, "created_utc": 1599458138.0, "parent_id": "t1_g4awmna", "replies": []}]}]}, {"author": "Timely_Dirt", "id": "g4avbly", "score": -3, "subreddit": "BuyItForLife", "author_flair": null, "submission": "inwgtu", "stickied": false, "body": "r/HailCorporate", "is_submitter": false, "distinguished": null, "created_utc": 1599453002.0, "parent_id": "t3_inwgtu", "replies": [{"author": "daflyguy739", "id": "g4awfp5", "score": 4, "subreddit": "BuyItForLife", "author_flair": null, "submission": "inwgtu", "stickied": false, "body": "Hardly... they\u2019re a small company", "is_submitter": true, "distinguished": null, "created_utc": 1599453860.0, "parent_id": "t1_g4avbly", "replies": [{"author": "Timely_Dirt", "id": "g4awjtq", "score": -4, "subreddit": "BuyItForLife", "author_flair": null, "submission": "inwgtu", "stickied": false, "body": "sure buddy", "is_submitter": false, "distinguished": null, "created_utc": 1599453947.0, "parent_id": "t1_g4awfp5", "replies": [{"author": "daflyguy739", "id": "g4ax7ja", "score": 3, "subreddit": "BuyItForLife", "author_flair": null, "submission": "inwgtu", "stickied": false, "body": "What exactly are you recommending. They\u2019re the only small company in the sock industry. Do you knit your own??? Lol", "is_submitter": true, "distinguished": null, "created_utc": 1599454450.0, "parent_id": "t1_g4awjtq", "replies": []}]}]}]}, {"author": "GibbsMalinowski", "id": "g4aiujr", "score": -3, "subreddit": "BuyItForLife", "author_flair": null, "submission": "inwgtu", "stickied": false, "body": "Yes I warrantied several pair last year. I save them up, my only frustration is They are hard to wear out unlike all other wool socks I\u2019ve had.", "is_submitter": false, "distinguished": null, "created_utc": 1599444611.0, "parent_id": "t3_inwgtu", "replies": [{"author": "AKAManaging", "id": "g4aqnky", "score": 3, "subreddit": "BuyItForLife", "author_flair": null, "submission": "inwgtu", "stickied": false, "body": "...It's a frustration to you that the socks are well made and don't wear out?\n\nThe fuck?", "is_submitter": false, "distinguished": null, "created_utc": 1599449603.0, "parent_id": "t1_g4aiujr", "replies": [{"author": "GibbsMalinowski", "id": "g4c4jcu", "score": 0, "subreddit": "BuyItForLife", "author_flair": null, "submission": "inwgtu", "stickied": false, "body": "Yes I had a hole in one way earlier than the others. If I shipped pairs individually the 5 dollars of shipping adds up. So I waited till I had 5 pair to send at once so shipping didn\u2019t eat 20% of each warranty.", "is_submitter": false, "distinguished": null, "created_utc": 1599490221.0, "parent_id": "t1_g4aqnky", "replies": [{"author": "AKAManaging", "id": "g4c992j", "score": -1, "subreddit": "BuyItForLife", "author_flair": null, "submission": "inwgtu", "stickied": false, "body": "God that's petty.", "is_submitter": false, "distinguished": null, "created_utc": 1599492273.0, "parent_id": "t1_g4c4jcu", "replies": [{"author": "Quail-a-lot", "id": "g4cdofe", "score": 0, "subreddit": "BuyItForLife", "author_flair": null, "submission": "inwgtu", "stickied": false, "body": "Shipping costs more if you aren't in the US, sometimes by a crazy amount for us Canucks", "is_submitter": false, "distinguished": null, "created_utc": 1599494101.0, "parent_id": "t1_g4c992j", "replies": [{"author": "AKAManaging", "id": "g4cpahp", "score": 0, "subreddit": "BuyItForLife", "author_flair": null, "submission": "inwgtu", "stickied": false, "body": "Yeah but to actively abuse a warranty system like this, and having a legitimate complaint of \"They don't break fast enough\" is just one of the dumbest things I've ever heard. It's people like this that are the reason LLBean and REI don't have a good return policy anymore.", "is_submitter": false, "distinguished": null, "created_utc": 1599498972.0, "parent_id": "t1_g4cdofe", "replies": [{"author": "Quail-a-lot", "id": "g4csz4m", "score": 0, "subreddit": "BuyItForLife", "author_flair": null, "submission": "inwgtu", "stickied": false, "body": "I took it as a non-serious tongue-in-cheek kinda complaint. But I was answering you in regards to the cost of mailing. I usually save things up too. I wouldn't consider that warranty abuse, they were still under warranty after all and I didn't try to make them wear out faster, just set the holey thing aside in a box with a calendar reminder so I wouldn't forget (This wasn't Darn Tough, remarkably I have not worn any of my DT's out yet) since I could see the thin spot where the next pair was likely to go.", "is_submitter": false, "distinguished": null, "created_utc": 1599500396.0, "parent_id": "t1_g4cpahp", "replies": [{"author": "AKAManaging", "id": "g4d21gz", "score": 1, "subreddit": "BuyItForLife", "author_flair": null, "submission": "inwgtu", "stickied": false, "body": "I'm inferring a bit from the way that he talks about his socks, but considering that he has to wait a long while in order to warranty a bunch of them, he seems the type of person to warranty the socks no matter how long they last him. Would you warranty a pair of socks after 5 years of service simply because \"Hey, it's THEIR warranty. Why wouldn't they want to give me free socks?\"", "is_submitter": false, "distinguished": null, "created_utc": 1599504260.0, "parent_id": "t1_g4csz4m", "replies": []}, {"author": "GibbsMalinowski", "id": "g4d3m9r", "score": 1, "subreddit": "BuyItForLife", "author_flair": null, "submission": "inwgtu", "stickied": false, "body": "Yes it was tongue in cheek.", "is_submitter": false, "distinguished": null, "created_utc": 1599504936.0, "parent_id": "t1_g4csz4m", "replies": []}, {"author": "GibbsMalinowski", "id": "g4d52ww", "score": 1, "subreddit": "BuyItForLife", "author_flair": null, "submission": "inwgtu", "stickied": false, "body": "I didn\u2019t see it as abuse either. I pay more for DT because they last longer and the company stands behind their product. I also like that you get to fill out the questionnaire when submitting socks so they know how long they last.", "is_submitter": false, "distinguished": null, "created_utc": 1599505567.0, "parent_id": "t1_g4csz4m", "replies": []}]}]}]}]}]}]}]}, {"author": "0xdeadf001", "id": "g4aujmq", "score": 0, "subreddit": "BuyItForLife", "author_flair": null, "submission": "inwgtu", "stickied": false, "body": "Darn Tough = excellent.\n\nSmartwool = excellent.", "is_submitter": false, "distinguished": null, "created_utc": 1599452414.0, "parent_id": "t3_inwgtu", "replies": []}, {"author": "lagerea", "id": "g4f173u", "score": 0, "subreddit": "BuyItForLife", "author_flair": null, "submission": "inwgtu", "stickied": false, "body": "I find Darn tough to be too abrasive for multi-day hikes.", "is_submitter": false, "distinguished": null, "created_utc": 1599544861.0, "parent_id": "t3_inwgtu", "replies": []}]}