{"title": "My Grandfather\u2019s. My Dad\u2019s. And now mine. Still going strong.", "name": "t3_e3p9kc", "url": "https://i.redd.it/61u4qvskiq141.jpg", "selftext": "", "score": 4459, "upvote_ratio": 0.98, "permalink": "/r/BuyItForLife/comments/e3p9kc/my_grandfathers_my_dads_and_now_mine_still_going/", "id": "e3p9kc", "author": "DELETED", "link_flair_text": null, "num_comments": 125, "over_18": false, "spoiler": false, "pinned": false, "locked": false, "distinguished": null, "created_utc": 1575080875.0, "comments": [{"author": "573banking702", "id": "f94h580", "score": 198, "subreddit": "BuyItForLife", "author_flair": null, "submission": "e3p9kc", "stickied": false, "body": "Right tire looks a little low there son.", "is_submitter": false, "distinguished": null, "created_utc": 1575088128.0, "parent_id": "t3_e3p9kc", "replies": [{"author": "DELETED", "id": "f94hhvv", "score": 119, "subreddit": "BuyItForLife", "author_flair": null, "submission": "e3p9kc", "stickied": false, "body": "It is indeed. Ha, surprised it took this long for someone to point it out! Just happy I got her running again today but long list of need to\u2019s to keep me busy", "is_submitter": false, "distinguished": null, "created_utc": 1575088452.0, "parent_id": "t1_f94h580", "replies": [{"author": "TerritoryTracks", "id": "f94if6a", "score": 57, "subreddit": "BuyItForLife", "author_flair": null, "submission": "e3p9kc", "stickied": false, "body": "Front and rear both look low. Use pretty much the exact same massey where I work. It's been amazing. It burns oil, the steering is like playing tug of war, and it has a seriously heavy clutch. But it starts first turn every time, hot or cold, it never fails. We have a front end loader on ours and use it for feeding cattle atm, but most of the time it has a gentle semi retired life. It's only been given a workout the last couple of years because we have a ridiculous drought and so every front end loader on the place has been pressed into service.", "is_submitter": false, "distinguished": null, "created_utc": 1575089319.0, "parent_id": "t1_f94hhvv", "replies": [{"author": "DELETED", "id": "f95950w", "score": 28, "subreddit": "BuyItForLife", "author_flair": null, "submission": "e3p9kc", "stickied": false, "body": "Steering will give you a work out for sure. And if you\u2019re used to a newer tractor, the bounce factor is something else. We had a company fit bit competition where I work a few years ago, and I wore it for a day of work on the farm and registered something like 46,000 steps. Obviously had to out myself on that one", "is_submitter": false, "distinguished": null, "created_utc": 1575122326.0, "parent_id": "t1_f94if6a", "replies": [{"author": "MaydayMaydayMoo", "id": "f95vva9", "score": 1, "subreddit": "BuyItForLife", "author_flair": null, "submission": "e3p9kc", "stickied": false, "body": "Ha! My Gator does the same thing.", "is_submitter": false, "distinguished": null, "created_utc": 1575136048.0, "parent_id": "t1_f95950w", "replies": []}]}, {"author": "squeezeonein", "id": "f94xynd", "score": 7, "subreddit": "BuyItForLife", "author_flair": null, "submission": "e3p9kc", "stickied": false, "body": "I converted mine to hydrostatic steering.", "is_submitter": false, "distinguished": null, "created_utc": 1575109600.0, "parent_id": "t1_f94if6a", "replies": [{"author": "intruderdude", "id": "f9lntaq", "score": 1, "subreddit": "BuyItForLife", "author_flair": null, "submission": "e3p9kc", "stickied": false, "body": "Any chance you have some documentation on that? Buddy of mine works in agriculture engineering and would probably enjoy seeing thay", "is_submitter": false, "distinguished": null, "created_utc": 1575427579.0, "parent_id": "t1_f94xynd", "replies": [{"author": "squeezeonein", "id": "f9mcb4k", "score": 1, "subreddit": "BuyItForLife", "author_flair": null, "submission": "e3p9kc", "stickied": false, "body": "I had seen 3 similar conversions so that gave me the enthusiasm to try. one merely re-used the original steering ram, another used a double ended symmetrical ram common to ford 7610 mk2 4wd carraro axles. another used a generic ram bracketed to the axle and welded a hole in the middle of the crossbar. I don't have an image host account but i can explain what parts I used. mine was an extensive conversion due to the condition the front axle was in. the tractor was an mf50b, the industrial loader version of the mf165. the stub axle clamps had loosened and lost tracking causing the wheel bearings to rotate in their housings and damage the hubs and wheel rims.\n\n I made the decision to replace the front axle with a steering axle from a clayson 1540, because there was a combine breaker in business nearby. I chose that axle for several reasons, the bearings were durable, and the axle wider than the original, it was cheaper to buy an axle than recondition my own, the stub axle arms were welded to the stub axle and would not loosen, and the welded arms were joined at the base  of the stub axle, which would clear the front axle support and front bullbar. the axle did not support the ackerman steering principle, but that wasn't a high priority.\n\nas the axle was quite wide I needed to shorten it to the original width, so i did so by cutting it in two places, 1/4 of the length from the end, and welded it back. this was to avoid weakening the axle in the middle. i cut off the original kingpin sleeve which was about 2 inches above the axle box. then i went to an engineering firm and had them make a sleeve to accept the mf kingpin. i didn't bother with a bushing but i could have. then i burned a hole through the axle with my stick welder and welded in the sleeve. I made a mistake here and there wasn't much clearance between the hydraulic ram and the bullbar so later on I rotated the axle 180 degrees so that the ram was behind the axle. to provide clearance between the crossbar and bullbar, i cut the crossbar and welded in a 3 inch solid square shaft that was from a horse cart. so the crossbar came out from the stub axle, down 5 inches, over 4 feet or so, then back up 5 inches and on to the other stub axle. originally I had used the clayson crossbar, but it bent in the middle due to being out of line.\n\nthe mf50 had issues with the kingpin rotating, sliding backward and breaking the crankshaft pulley bolts so to solve the issue, i welded a vertical angle iron with a spacer to the end of the kingpin. to install and remove the kingpin, i unbolted the bullbar.\n\nit turned out there wasn't enough oil capacity in the pump to supply the ram so i cut the reservoir across and welded in a section of pipe from a roller of a belt baler. i replaced the internal screw with a length of threaded bar and welded a cupped wheel nut from a mitsubishi galant to the end nut to prevent oil leaks along the threads.\n\nI would have used the original orbital unit if I could have got it but they were all seized so I brought one that I was assured would match to it and the clayson steering column and wheel to make it easy to adapt. i then cut the steering column and shortened it. there was a mild steel bracket with the orbital unit that made it easier to weld angle iron to. the steering box was removed and angle iron was bolted to the steering box mounting points and welded together, and to the orbital unit bracket, once everything was eyeballed.\n\nsince there was no clearance for the hydraulic pipes running from the orbital unit i had to raise the diesel tank and replace its rubber mountings with 2 inch thick wooden blocks. later on I cut the bonnet across at the cab to make servicing easier due to the difficulty this modification caused in removing the hood.\n\nall in all it was a worthwhile mod and has given me good service, apart from a few replacements along the way which comes with using second hand parts. I had to replace the orbital unit blow off valve once, as well as do the seals in the steering pump. the mod using a double ended ram would be much less invasive as the unmodified pump reservoir would be capable of supplying it. some mods use a very short steering column and mount the orbital unit behind the dashboard.", "is_submitter": false, "distinguished": null, "created_utc": 1575451457.0, "parent_id": "t1_f9lntaq", "replies": []}]}]}]}, {"author": "LameDonaldDuck", "id": "f94jo6t", "score": 10, "subreddit": "BuyItForLife", "author_flair": null, "submission": "e3p9kc", "stickied": false, "body": "Was literally the first thing I noticed! I probably need a tractor, but nobody in the family has one to pass down. Consider yourself lucky!", "is_submitter": false, "distinguished": null, "created_utc": 1575090553.0, "parent_id": "t1_f94hhvv", "replies": [{"author": "DELETED", "id": "f958na9", "score": 5, "subreddit": "BuyItForLife", "author_flair": null, "submission": "e3p9kc", "stickied": false, "body": "I can promise you I do!", "is_submitter": false, "distinguished": null, "created_utc": 1575121976.0, "parent_id": "t1_f94jo6t", "replies": []}]}]}]}, {"author": "CounterStreet", "id": "f94da4d", "score": 182, "subreddit": "BuyItForLife", "author_flair": null, "submission": "e3p9kc", "stickied": false, "body": "I'd be willing to bet that machine has another couple generations in it too.", "is_submitter": false, "distinguished": null, "created_utc": 1575084647.0, "parent_id": "t3_e3p9kc", "replies": [{"author": "DELETED", "id": "f94dvh3", "score": 111, "subreddit": "BuyItForLife", "author_flair": null, "submission": "e3p9kc", "stickied": false, "body": "That\u2019s the plan! Now I just need to have a son or hope my daughter is into tractors...", "is_submitter": false, "distinguished": null, "created_utc": 1575085165.0, "parent_id": "t1_f94da4d", "replies": [{"author": "mauibeerguy", "id": "f94esow", "score": 165, "subreddit": "BuyItForLife", "author_flair": null, "submission": "e3p9kc", "stickied": false, "body": "Your daughter, her future husband, a niece or nephew, a lifelong neighbor. Point is, you can keep the tractor \"in the family\" of people who are important to you!", "is_submitter": false, "distinguished": null, "created_utc": 1575085979.0, "parent_id": "t1_f94dvh3", "replies": [{"author": "DELETED", "id": "f94exd0", "score": 70, "subreddit": "BuyItForLife", "author_flair": null, "submission": "e3p9kc", "stickied": false, "body": "Love it!", "is_submitter": false, "distinguished": null, "created_utc": 1575086096.0, "parent_id": "t1_f94esow", "replies": []}]}, {"author": "DELETED", "id": "f950a0f", "score": 27, "subreddit": "BuyItForLife", "author_flair": null, "submission": "e3p9kc", "stickied": false, "body": "[deleted]", "is_submitter": false, "distinguished": null, "created_utc": 1575113443.0, "parent_id": "t1_f94dvh3", "replies": [{"author": "counttotoo", "id": "f952vgy", "score": 13, "subreddit": "BuyItForLife", "author_flair": null, "submission": "e3p9kc", "stickied": false, "body": "You know how to tractor.", "is_submitter": false, "distinguished": null, "created_utc": 1575117151.0, "parent_id": "t1_f950a0f", "replies": [{"author": "DELETED", "id": "f95aynr", "score": 15, "subreddit": "BuyItForLife", "author_flair": null, "submission": "e3p9kc", "stickied": false, "body": "[deleted]", "is_submitter": false, "distinguished": null, "created_utc": 1575123672.0, "parent_id": "t1_f952vgy", "replies": [{"author": "Yonderen", "id": "f96cz7z", "score": 6, "subreddit": "BuyItForLife", "author_flair": null, "submission": "e3p9kc", "stickied": false, "body": "They were different times..", "is_submitter": false, "distinguished": null, "created_utc": 1575143306.0, "parent_id": "t1_f95aynr", "replies": []}]}]}, {"author": "marsrover001", "id": "f9660hm", "score": 2, "subreddit": "BuyItForLife", "author_flair": null, "submission": "e3p9kc", "stickied": false, "body": "Open source tractor. Nice.", "is_submitter": false, "distinguished": null, "created_utc": 1575140252.0, "parent_id": "t1_f950a0f", "replies": []}, {"author": "Dicktures", "id": "f969o7t", "score": 1, "subreddit": "BuyItForLife", "author_flair": null, "submission": "e3p9kc", "stickied": false, "body": "Still use a farmall M, a jd 4320 almost daily on our farm. Always need \u201cponies\u201d", "is_submitter": false, "distinguished": null, "created_utc": 1575141744.0, "parent_id": "t1_f950a0f", "replies": []}]}, {"author": "teachergirl1981", "id": "f951zmv", "score": 4, "subreddit": "BuyItForLife", "author_flair": null, "submission": "e3p9kc", "stickied": false, "body": "I'm happy for you. No DRM and right to repeat issues.", "is_submitter": false, "distinguished": null, "created_utc": 1575116144.0, "parent_id": "t1_f94dvh3", "replies": []}]}, {"author": "askoxxx", "id": "f94k3xt", "score": 26, "subreddit": "BuyItForLife", "author_flair": null, "submission": "e3p9kc", "stickied": false, "body": "These never die when properly maintained. \ud83d\udc4d", "is_submitter": false, "distinguished": null, "created_utc": 1575090995.0, "parent_id": "t1_f94da4d", "replies": [{"author": "piratius", "id": "f95e1qm", "score": 9, "subreddit": "BuyItForLife", "author_flair": null, "submission": "e3p9kc", "stickied": false, "body": "My grandfather's Ferguson went to my uncle after my grandma sold the last of the land that needed it. It had lived a pretty sheltered life compared to most tractors, but then went under 20' of water in hurricane Katrina. My uncle snuck back into the neighborhood before they were allowed back in, drained and flushed all the fluids, replaced the starter motor, and cleaned the carb. He got it running and used the plow blade to clear the street and the neighbors driveways. It's still running strong!", "is_submitter": false, "distinguished": null, "created_utc": 1575125780.0, "parent_id": "t1_f94k3xt", "replies": []}]}, {"author": "bojangelz", "id": "f94tlgp", "score": 8, "subreddit": "BuyItForLife", "author_flair": null, "submission": "e3p9kc", "stickied": false, "body": "That\u2019s when people cared about what they were making, right?", "is_submitter": false, "distinguished": null, "created_utc": 1575102766.0, "parent_id": "t1_f94da4d", "replies": []}, {"author": "DELETED", "id": "f94f19p", "score": 6, "subreddit": "BuyItForLife", "author_flair": null, "submission": "e3p9kc", "stickied": false, "body": "Nice, I think we're seeing eye to eye.", "is_submitter": false, "distinguished": null, "created_utc": 1575086195.0, "parent_id": "t1_f94da4d", "replies": []}]}, {"author": "Karmas_burning", "id": "f94ddte", "score": 19, "subreddit": "BuyItForLife", "author_flair": null, "submission": "e3p9kc", "stickied": false, "body": "My grandpa loved Masseys. He had one just like this, a slightly bigger one, and a huge one with a closed cab.  When I was around 5 he taught me how to steer then when I was 10 or so he taught me how to shift the gears and work the levers.", "is_submitter": false, "distinguished": null, "created_utc": 1575084737.0, "parent_id": "t3_e3p9kc", "replies": [{"author": "fna4", "id": "f967cka", "score": 4, "subreddit": "BuyItForLife", "author_flair": null, "submission": "e3p9kc", "stickied": false, "body": "Reminds me of my dad, before he moved to the United States, he was a farmer. Growing up, I never stopped hearing stories of his beloved Massey Ferguson tractor.", "is_submitter": false, "distinguished": null, "created_utc": 1575140798.0, "parent_id": "t1_f94ddte", "replies": [{"author": "Karmas_burning", "id": "f96bo1e", "score": 3, "subreddit": "BuyItForLife", "author_flair": null, "submission": "e3p9kc", "stickied": false, "body": "They really are great tractors.  My grandpa absolutely swore by them.  The ones he had were pretty easy to work on as well.", "is_submitter": false, "distinguished": null, "created_utc": 1575142711.0, "parent_id": "t1_f967cka", "replies": [{"author": "fna4", "id": "f9fjbvl", "score": 2, "subreddit": "BuyItForLife", "author_flair": null, "submission": "e3p9kc", "stickied": false, "body": "He used to brag about being able to take it apart and fix any issues himself, glad to know his boasting was justified!", "is_submitter": false, "distinguished": null, "created_utc": 1575274405.0, "parent_id": "t1_f96bo1e", "replies": []}]}]}]}, {"author": "Tibbles88", "id": "f94ehoo", "score": 36, "subreddit": "BuyItForLife", "author_flair": null, "submission": "e3p9kc", "stickied": false, "body": "Grandpa had an older Massey (84 model, definetly not this old) and it was a tough old girl for how much he used it.  Those were certainly some badass tractors.  It had upgraded hydraulics but it's what I used to learn to drive.  Bought it knew and ran in almost daily in the evenings until 2012 when he traded it in on a New Holland that was bigger and a front end loader.  I love the New Holland, but I missed that old Massey.  Wish he never traded it.  For the size, it was so much easier to manuever than that New Holland, especially for what he probably got out of the Massey in a trade.\n\nThing was pristine too.  Grandpa came from the Depression, so EVERYTHING was taken care of.  Waxed the thing twice a year, other than scratches and odds and ends, it was just a little faded.  Had an orange 70s Allis Chalmers lawn mower he literally ran the wheels off almost, and is in still damn good shape.", "is_submitter": false, "distinguished": null, "created_utc": 1575085703.0, "parent_id": "t3_e3p9kc", "replies": [{"author": "DELETED", "id": "f94ewfy", "score": 19, "subreddit": "BuyItForLife", "author_flair": null, "submission": "e3p9kc", "stickied": false, "body": "What a great memory. Not gonna lie, my grandpa would probably slap all of us for not keeping it pristine as he would\u2019ve liked. Product of the depression too. It got somewhat neglected over the years as my dad and his cousin got newer machines, but I\u2019m committed to bringing her back to full glory.", "is_submitter": false, "distinguished": null, "created_utc": 1575086074.0, "parent_id": "t1_f94ehoo", "replies": []}]}, {"author": "JohnnyWastegate", "id": "f949499", "score": 58, "subreddit": "BuyItForLife", "author_flair": null, "submission": "e3p9kc", "stickied": false, "body": "Back when a starter could devastate a building if you dropped it from a plane.", "is_submitter": false, "distinguished": null, "created_utc": 1575081042.0, "parent_id": "t3_e3p9kc", "replies": [{"author": "DELETED", "id": "f94a0c8", "score": 14, "subreddit": "BuyItForLife", "author_flair": null, "submission": "e3p9kc", "stickied": false, "body": "Haha, correct", "is_submitter": false, "distinguished": null, "created_utc": 1575081800.0, "parent_id": "t1_f949499", "replies": []}, {"author": "DELETED", "id": "f94cyei", "score": 18, "subreddit": "BuyItForLife", "author_flair": null, "submission": "e3p9kc", "stickied": false, "body": "[deleted]", "is_submitter": false, "distinguished": null, "created_utc": 1575084361.0, "parent_id": "t1_f949499", "replies": [{"author": "username_win", "id": "f94f6dw", "score": 41, "subreddit": "BuyItForLife", "author_flair": null, "submission": "e3p9kc", "stickied": false, "body": "starter big", "is_submitter": false, "distinguished": null, "created_utc": 1575086324.0, "parent_id": "t1_f94cyei", "replies": [{"author": "seabring", "id": "f94vty9", "score": 4, "subreddit": "BuyItForLife", "author_flair": null, "submission": "e3p9kc", "stickied": false, "body": "yis gud", "is_submitter": false, "distinguished": null, "created_utc": 1575106177.0, "parent_id": "t1_f94f6dw", "replies": []}]}, {"author": "JohnnyWastegate", "id": "f94h7mu", "score": 21, "subreddit": "BuyItForLife", "author_flair": null, "submission": "e3p9kc", "stickied": false, "body": "Under the Y in Massey there\u2019s a giant black thing with a red wire on it, that\u2019s the starter motor, comparatively most of them are not much bigger than your phone now.", "is_submitter": false, "distinguished": null, "created_utc": 1575088189.0, "parent_id": "t1_f94cyei", "replies": [{"author": "grtwatkins", "id": "f94qoxt", "score": 10, "subreddit": "BuyItForLife", "author_flair": null, "submission": "e3p9kc", "stickied": false, "body": "Starters now are closer to the size of a tall can of Bush's beans. Not quite phone sized", "is_submitter": false, "distinguished": null, "created_utc": 1575098715.0, "parent_id": "t1_f94h7mu", "replies": [{"author": "JohnnyWastegate", "id": "f94rg2w", "score": 7, "subreddit": "BuyItForLife", "author_flair": null, "submission": "e3p9kc", "stickied": false, "body": "You\u2019re right but this isn\u2019t a normal unit of measure lol, I just meant length.", "is_submitter": false, "distinguished": null, "created_utc": 1575099719.0, "parent_id": "t1_f94qoxt", "replies": [{"author": "grtwatkins", "id": "f94rxuk", "score": 7, "subreddit": "BuyItForLife", "author_flair": null, "submission": "e3p9kc", "stickied": false, "body": "Should have gone with the good ol' bean-can standard", "is_submitter": false, "distinguished": null, "created_utc": 1575100398.0, "parent_id": "t1_f94rg2w", "replies": []}]}, {"author": "sogrundy", "id": "f964esm", "score": 1, "subreddit": "BuyItForLife", "author_flair": null, "submission": "e3p9kc", "stickied": false, "body": "My father had a two cylinder diesel JD with a four cylinder gas engine for a starter motor", "is_submitter": false, "distinguished": null, "created_utc": 1575139666.0, "parent_id": "t1_f94qoxt", "replies": []}]}]}, {"author": "NumbersRLife", "id": "f94fer0", "score": 2, "subreddit": "BuyItForLife", "author_flair": null, "submission": "e3p9kc", "stickied": false, "body": "Now wondering if poor war torn countries that ran out of bombs dropped extra starters instead \ud83e\udd14", "is_submitter": false, "distinguished": null, "created_utc": 1575086532.0, "parent_id": "t1_f94cyei", "replies": [{"author": "DELETED", "id": "f950mu0", "score": 3, "subreddit": "BuyItForLife", "author_flair": null, "submission": "e3p9kc", "stickied": false, "body": "[deleted]", "is_submitter": false, "distinguished": null, "created_utc": 1575114024.0, "parent_id": "t1_f94fer0", "replies": [{"author": "NumbersRLife", "id": "f95vlar", "score": 1, "subreddit": "BuyItForLife", "author_flair": null, "submission": "e3p9kc", "stickied": false, "body": "Ohh wow very interesting! Thanks.", "is_submitter": false, "distinguished": null, "created_utc": 1575136008.0, "parent_id": "t1_f950mu0", "replies": []}]}]}]}, {"author": "Fromanderson", "id": "f9bfmsd", "score": 2, "subreddit": "BuyItForLife", "author_flair": null, "submission": "e3p9kc", "stickied": false, "body": "Ha! That's the truth.  I've got a 60's Ford medium duty truck. The starter on that thing is easily half again the size of any other starter I've ever seen up close and that includes some diesel heavy equipment.   \n\n\nThe thing amazes me how well it manages to crank that beast over with a regular car battery.  I've had small block engines with similar compression that didn't crank as well. When I first bought the truck and saw the battery setup I planned to convert to a much bigger battery or maybe even a dual battery setup.   \nJust to get it home I picked up a cheap wal-mart Neverstart.  More than a year later it still cranks right up. \n\nWeight wasn't much of a concern on tractors or big trucks back then and it shows on things like the starter.", "is_submitter": false, "distinguished": null, "created_utc": 1575212314.0, "parent_id": "t1_f949499", "replies": []}]}, {"author": "automatics1im", "id": "f94dsp9", "score": 12, "subreddit": "BuyItForLife", "author_flair": null, "submission": "e3p9kc", "stickied": false, "body": "My grandfather had this exact model. \nYou didn\u2019t have to use hacker tools to fix it. Keep up basic maintenance and it just worked.", "is_submitter": false, "distinguished": null, "created_utc": 1575085097.0, "parent_id": "t3_e3p9kc", "replies": []}, {"author": "Dingus_Malort", "id": "f94db4k", "score": 16, "subreddit": "BuyItForLife", "author_flair": null, "submission": "e3p9kc", "stickied": false, "body": "Wow, that's giving me a flashback.  I grew up with a massey ferguson very similar to this one.  That thing was shot, crashed into, became a home to bees and mice, then shot again.  To the best of my knowledge, it's still running today.", "is_submitter": false, "distinguished": null, "created_utc": 1575084672.0, "parent_id": "t3_e3p9kc", "replies": [{"author": "tonyarkles", "id": "f94i9gx", "score": 11, "subreddit": "BuyItForLife", "author_flair": null, "submission": "e3p9kc", "stickied": false, "body": "Yup. That was our \u201cbeater\u201d tractor. It\u2019s the one that got used for pretty much everything but \u201cfarming\u201d. Got a truck stuck in the mud? Grab the Massey. Knocking over a building? Ram it with the Massey. I hope the new owners of the farm kept it.", "is_submitter": false, "distinguished": null, "created_utc": 1575089169.0, "parent_id": "t1_f94db4k", "replies": []}]}, {"author": "PilotKnob", "id": "f94fxi9", "score": 7, "subreddit": "BuyItForLife", "author_flair": null, "submission": "e3p9kc", "stickied": false, "body": "Hell yeah. I\u2019m inheriting the Farmall H and M my grandpa bought brand new 70 years ago.\n\nOld iron is the best iron.", "is_submitter": false, "distinguished": null, "created_utc": 1575087005.0, "parent_id": "t3_e3p9kc", "replies": [{"author": "battraman", "id": "f94jejj", "score": 2, "subreddit": "BuyItForLife", "author_flair": null, "submission": "e3p9kc", "stickied": false, "body": "Great built tractors. My family had Farmalls as well.", "is_submitter": false, "distinguished": null, "created_utc": 1575090290.0, "parent_id": "t1_f94fxi9", "replies": []}, {"author": "Dicktures", "id": "f969wbz", "score": 1, "subreddit": "BuyItForLife", "author_flair": null, "submission": "e3p9kc", "stickied": false, "body": "Keep them. We have my 96 year old grandfathers first tractor he ever bought. A John Deere B. Now restored, I think he drove it for the last time a few years ago. A priceless photo of someone that grew up plowing with horses. Our equipment is much larger but we have some older 60s-70s units that serve their purpose well", "is_submitter": false, "distinguished": null, "created_utc": 1575141896.0, "parent_id": "t1_f94fxi9", "replies": []}]}, {"author": "exafighter", "id": "f94v8ya", "score": 5, "subreddit": "BuyItForLife", "author_flair": null, "submission": "e3p9kc", "stickied": false, "body": "Damn. \n\nYou made me remember of the Ford 8N my grandpa used to have. The last time I was there with him, I helped him to fix it and replace some filters. He let me drive it around to test whether everything was sealed tight and it still worked as it had been sitting for a long time. \n\nIt\u2019s the last thing I ever did with my grandpa before he passed away last year. \n\nI miss you grandpa. \u2764\ufe0f", "is_submitter": false, "distinguished": null, "created_utc": 1575105263.0, "parent_id": "t3_e3p9kc", "replies": []}, {"author": "Spanjeweg_8", "id": "f94dwz5", "score": 2, "subreddit": "BuyItForLife", "author_flair": null, "submission": "e3p9kc", "stickied": false, "body": "Tractors last forever.", "is_submitter": false, "distinguished": null, "created_utc": 1575085200.0, "parent_id": "t3_e3p9kc", "replies": [{"author": "Pleased_to_meet_u", "id": "f94glqk", "score": 22, "subreddit": "BuyItForLife", "author_flair": null, "submission": "e3p9kc", "stickied": false, "body": "Old tractors last forever. \n\n(I\u2019m looking at you, John Deere.)", "is_submitter": false, "distinguished": null, "created_utc": 1575087623.0, "parent_id": "t1_f94dwz5", "replies": [{"author": "battraman", "id": "f94jdg8", "score": 9, "subreddit": "BuyItForLife", "author_flair": null, "submission": "e3p9kc", "stickied": false, "body": "Darn right! My family have Farmalls that have been in service since around WW2. Parts can be had at the local Case IH dealer. \n\nNew John Deere's require people to load up hacked Ukrainian firmware on their tractors.", "is_submitter": false, "distinguished": null, "created_utc": 1575090260.0, "parent_id": "t1_f94glqk", "replies": [{"author": "nrith", "id": "f94kdur", "score": 1, "subreddit": "BuyItForLife", "author_flair": null, "submission": "e3p9kc", "stickied": false, "body": "> Parts can be had at the local Case IH dealer.\n\nIs that true? I'm not a farmer.", "is_submitter": false, "distinguished": null, "created_utc": 1575091276.0, "parent_id": "t1_f94jdg8", "replies": [{"author": "rattlesnake501", "id": "f95b0t6", "score": 4, "subreddit": "BuyItForLife", "author_flair": null, "submission": "e3p9kc", "stickied": false, "body": "Farmers are an inventive bunch. It may be that the actual parts are available, or that newer parts that can be modified and made to work are available- both are possibilities, neither would surprise me.\n\nGiven how many of these old machines are still in service, I wouldn't be surprised if the more commonly replaced parts were still being made.", "is_submitter": false, "distinguished": null, "created_utc": 1575123717.0, "parent_id": "t1_f94kdur", "replies": [{"author": "battraman", "id": "f98qmcd", "score": 2, "subreddit": "BuyItForLife", "author_flair": null, "submission": "e3p9kc", "stickied": false, "body": "Indeed they are. Some of the most practically intelligent people I've met were farmers.", "is_submitter": false, "distinguished": null, "created_utc": 1575181621.0, "parent_id": "t1_f95b0t6", "replies": []}]}, {"author": "vim_for_life", "id": "f95abqa", "score": 3, "subreddit": "BuyItForLife", "author_flair": null, "submission": "e3p9kc", "stickied": false, "body": "Either that or fabricated easily.  The H and M models that my dad had growing up were quite basic, but got the job done. He has a 60's Allis now that's just as bullet proof.", "is_submitter": false, "distinguished": null, "created_utc": 1575123185.0, "parent_id": "t1_f94kdur", "replies": []}, {"author": "zap_p25", "id": "f95nxnf", "score": 3, "subreddit": "BuyItForLife", "author_flair": null, "submission": "e3p9kc", "stickied": false, "body": "Yes. Farmall was originally a model name for a tractor built by International Harvester. It was later split out into the McCormick-Farmall brand as a budget friendly tractor line (similar to GMC versus Chevrolet).", "is_submitter": false, "distinguished": null, "created_utc": 1575131880.0, "parent_id": "t1_f94kdur", "replies": []}]}]}]}]}, {"author": "markandveronika", "id": "f94f5mm", "score": 4, "subreddit": "BuyItForLife", "author_flair": null, "submission": "e3p9kc", "stickied": false, "body": "I don\u2019t know the first thing about tractors, but that thing is cool.", "is_submitter": false, "distinguished": null, "created_utc": 1575086305.0, "parent_id": "t3_e3p9kc", "replies": []}, {"author": "lennylenry", "id": "f955du1", "score": 4, "subreddit": "BuyItForLife", "author_flair": null, "submission": "e3p9kc", "stickied": false, "body": "Buy it for three lifes", "is_submitter": false, "distinguished": null, "created_utc": 1575119389.0, "parent_id": "t3_e3p9kc", "replies": []}, {"author": "whine_and_cheese", "id": "f94te0y", "score": 7, "subreddit": "BuyItForLife", "author_flair": null, "submission": "e3p9kc", "stickied": false, "body": "Put a roll bar on that bad boy. People have these old tractors everywhere here and every year a few people die in rollovers.", "is_submitter": false, "distinguished": null, "created_utc": 1575102471.0, "parent_id": "t3_e3p9kc", "replies": [{"author": "DELETED", "id": "f957ai1", "score": 7, "subreddit": "BuyItForLife", "author_flair": null, "submission": "e3p9kc", "stickied": false, "body": "Man, I know. Only tractor I\u2019ve ever driven without one and makes me so nervous. On the flip side, she doesn\u2019t go too fast haha. But would definitely like one", "is_submitter": false, "distinguished": null, "created_utc": 1575120964.0, "parent_id": "t1_f94te0y", "replies": [{"author": "g00dis0n", "id": "f95jb0r", "score": 3, "subreddit": "BuyItForLife", "author_flair": null, "submission": "e3p9kc", "stickied": false, "body": "Was that an intentional pun? \ud83e\udd14", "is_submitter": false, "distinguished": null, "created_utc": 1575128977.0, "parent_id": "t1_f957ai1", "replies": [{"author": "DELETED", "id": "f95jlsy", "score": 3, "subreddit": "BuyItForLife", "author_flair": null, "submission": "e3p9kc", "stickied": false, "body": "Lmao was not at all! Don\u2019t know how I missed that", "is_submitter": false, "distinguished": null, "created_utc": 1575129167.0, "parent_id": "t1_f95jb0r", "replies": []}]}, {"author": "Dicktures", "id": "f96a0bu", "score": 2, "subreddit": "BuyItForLife", "author_flair": null, "submission": "e3p9kc", "stickied": false, "body": "Depends where you live. It\u2019s flatter than a table where I live and a roll bar is nothing I\u2019d ever considered. There are people that farm on 45 degree angles in places and I would assume they are a little more conscious of roll bars", "is_submitter": false, "distinguished": null, "created_utc": 1575141968.0, "parent_id": "t1_f957ai1", "replies": [{"author": "whine_and_cheese", "id": "f98pw27", "score": 1, "subreddit": "BuyItForLife", "author_flair": null, "submission": "e3p9kc", "stickied": false, "body": "Ditches are everywhere. That is what kills most people around here. Side rolling into a ditch.", "is_submitter": false, "distinguished": null, "created_utc": 1575181357.0, "parent_id": "t1_f96a0bu", "replies": []}]}, {"author": "whine_and_cheese", "id": "f98pzqq", "score": 2, "subreddit": "BuyItForLife", "author_flair": null, "submission": "e3p9kc", "stickied": false, "body": "Do it. They are cheap and easy to install. Check out tractornet for examples.", "is_submitter": false, "distinguished": null, "created_utc": 1575181395.0, "parent_id": "t1_f957ai1", "replies": []}]}]}, {"author": "CalRipkenForCommish", "id": "f94e3mx", "score": 3, "subreddit": "BuyItForLife", "author_flair": null, "submission": "e3p9kc", "stickied": false, "body": "One of the baddest MFers ever produced.", "is_submitter": false, "distinguished": null, "created_utc": 1575085362.0, "parent_id": "t3_e3p9kc", "replies": [{"author": "DELETED", "id": "f94e7vf", "score": 4, "subreddit": "BuyItForLife", "author_flair": null, "submission": "e3p9kc", "stickied": false, "body": "Will still be kicking ass with the cockroaches and Keith Richards when we are all long gone", "is_submitter": false, "distinguished": null, "created_utc": 1575085464.0, "parent_id": "t1_f94e3mx", "replies": []}]}, {"author": "abnormalsyndrome", "id": "f94sc9w", "score": 3, "subreddit": "BuyItForLife", "author_flair": null, "submission": "e3p9kc", "stickied": false, "body": "How does one start an old Diesel engine in the cold that refuses to start ? Starter engine is brand new. Battery is new too.", "is_submitter": false, "distinguished": null, "created_utc": 1575100950.0, "parent_id": "t3_e3p9kc", "replies": [{"author": "rattlesnake501", "id": "f95b6rs", "score": 3, "subreddit": "BuyItForLife", "author_flair": null, "submission": "e3p9kc", "stickied": false, "body": "A block warmer may be helpful, as may a fuel stabilizer so it doesn't gel as much. If you really wanna go nuts and rig something up, glow plugs. If it has glow plugs, use em- thats what they're there for.", "is_submitter": false, "distinguished": null, "created_utc": 1575123836.0, "parent_id": "t1_f94sc9w", "replies": [{"author": "abnormalsyndrome", "id": "f95bt7w", "score": 2, "subreddit": "BuyItForLife", "author_flair": null, "submission": "e3p9kc", "stickied": false, "body": "Thanks for this. \n\nSpoke to a friend who says it could be the \u201cbougies de pr\u00e9chauffage\u201d. Translated would be the heating spark plugs which may be glow plugs. Sounds about right. This is a 97 VW T4 TD. Not sure there is a glow plug switch. Not likely. \n\nFuel stabilizer is going in ASAP. Old diesel is bound to have humidity in the conduits.", "is_submitter": false, "distinguished": null, "created_utc": 1575124278.0, "parent_id": "t1_f95b6rs", "replies": [{"author": "rattlesnake501", "id": "f95c9i7", "score": 3, "subreddit": "BuyItForLife", "author_flair": null, "submission": "e3p9kc", "stickied": false, "body": "If the engine didn't have glow plugs as an option from the factory and the heads aren't set up for it, it would be a MASSIVE pain to install them. It does sound like your friend was referring to glow plugs. Diesels dont have spark plugs normally, of course- the glow plugs are there to heat the cylinders and the fuel in them so it can be combusted.\n\nHonestly, fuel stabilizer and fresh diesel are step 1, and I would use a block heater if you can afford one. It's exactly what it sounds like- it heats the block so the fuel is warm enough to flow, the oil is fluid, and everything turns over like it should. Once it's started and warm, the engine takes care of warming itself.", "is_submitter": false, "distinguished": null, "created_utc": 1575124589.0, "parent_id": "t1_f95bt7w", "replies": [{"author": "abnormalsyndrome", "id": "f95d8pe", "score": 2, "subreddit": "BuyItForLife", "author_flair": null, "submission": "e3p9kc", "stickied": false, "body": "It\u2019s a consumer car with a consumer engine. European made. My bet is the glow plugs are part of the package. They\u2019ll need a change. That and stabilizer should suffice. I\u2019m not dealing with extreme weather. Just an older 5 cylinder that could use a little love. \n\nBlock heater is pretty much unheard of in these parts.", "is_submitter": false, "distinguished": null, "created_utc": 1575125247.0, "parent_id": "t1_f95c9i7", "replies": []}]}]}]}]}, {"author": "Danny_Mc_71", "id": "f94tkgh", "score": 3, "subreddit": "BuyItForLife", "author_flair": null, "submission": "e3p9kc", "stickied": false, "body": "If it ain't red leave it in the shed.", "is_submitter": false, "distinguished": null, "created_utc": 1575102728.0, "parent_id": "t3_e3p9kc", "replies": []}, {"author": "paneerlegend", "id": "f95qeul", "score": 3, "subreddit": "BuyItForLife", "author_flair": null, "submission": "e3p9kc", "stickied": false, "body": "My family were farmers back in Punjab, I\u2019d be inheriting a Massey as well if we had stayed \ud83d\ude15", "is_submitter": false, "distinguished": null, "created_utc": 1575133270.0, "parent_id": "t3_e3p9kc", "replies": []}, {"author": "backlash619", "id": "f96u3i9", "score": 3, "subreddit": "BuyItForLife", "author_flair": null, "submission": "e3p9kc", "stickied": false, "body": "I\u2019m using a Massey 165 right now. My Gf dad passed away 6 years ago so maintenance and usage is in my hands still going strong. Don\u2019t forget about a hidden air filter behind the number. I didn\u2019t realize this did for 5 years\ud83d\ude2c ran great after that.", "is_submitter": false, "distinguished": null, "created_utc": 1575152078.0, "parent_id": "t3_e3p9kc", "replies": []}, {"author": "Joseluis015x", "id": "f94dq2r", "score": 3, "subreddit": "BuyItForLife", "author_flair": null, "submission": "e3p9kc", "stickied": false, "body": "Not a Lamborghini? Psshh...", "is_submitter": false, "distinguished": null, "created_utc": 1575085033.0, "parent_id": "t3_e3p9kc", "replies": [{"author": "Lockwood85", "id": "f94enuz", "score": 3, "subreddit": "BuyItForLife", "author_flair": null, "submission": "e3p9kc", "stickied": false, "body": "poor boy amirite", "is_submitter": false, "distinguished": null, "created_utc": 1575085858.0, "parent_id": "t1_f94dq2r", "replies": []}]}, {"author": "DELETED", "id": "f94gjhq", "score": 2, "subreddit": "BuyItForLife", "author_flair": null, "submission": "e3p9kc", "stickied": false, "body": "The older tractors were like that", "is_submitter": false, "distinguished": null, "created_utc": 1575087564.0, "parent_id": "t3_e3p9kc", "replies": []}, {"author": "e3kb0m63r", "id": "f94gkri", "score": 2, "subreddit": "BuyItForLife", "author_flair": null, "submission": "e3p9kc", "stickied": false, "body": "That\u2019s a badass M-F", "is_submitter": false, "distinguished": null, "created_utc": 1575087599.0, "parent_id": "t3_e3p9kc", "replies": []}, {"author": "rolandofeld19", "id": "f94he6d", "score": 2, "subreddit": "BuyItForLife", "author_flair": null, "submission": "e3p9kc", "stickied": false, "body": "Hey we have the same tractor and it has the same lineage in my family. Nice!", "is_submitter": false, "distinguished": null, "created_utc": 1575088357.0, "parent_id": "t3_e3p9kc", "replies": []}, {"author": "Praughna", "id": "f94hwdo", "score": 2, "subreddit": "BuyItForLife", "author_flair": null, "submission": "e3p9kc", "stickied": false, "body": "Your tires need air", "is_submitter": false, "distinguished": null, "created_utc": 1575088827.0, "parent_id": "t3_e3p9kc", "replies": []}, {"author": "finaluniqueusername", "id": "f94whqf", "score": 2, "subreddit": "BuyItForLife", "author_flair": null, "submission": "e3p9kc", "stickied": false, "body": "My grandpa's got a 65 massey industrial with the front loader and all the other goodies, i just bought a 53 Ferguson 30 off an old timer for $300 and if it isnt the sweetest running little machine. They really are buy it for life, my 30 was sitting in a field for years and all it needed was fresh gas and a wheel and tire, the old school calcium ballast rotted the wheel. Less that $500 for a good running tractor that will last the rest of my life, dont mind if i do!", "is_submitter": false, "distinguished": null, "created_utc": 1575107223.0, "parent_id": "t3_e3p9kc", "replies": []}, {"author": "SonOfTK421", "id": "f95rmqp", "score": 2, "subreddit": "BuyItForLife", "author_flair": null, "submission": "e3p9kc", "stickied": false, "body": "I've always wondered just how many miles might be on these things.", "is_submitter": false, "distinguished": null, "created_utc": 1575133983.0, "parent_id": "t3_e3p9kc", "replies": []}, {"author": "YoseppiTheGrey", "id": "f94vn1p", "score": 2, "subreddit": "BuyItForLife", "author_flair": null, "submission": "e3p9kc", "stickied": false, "body": "Don't buy a new one. John deere won't let you own it.", "is_submitter": false, "distinguished": null, "created_utc": 1575105877.0, "parent_id": "t3_e3p9kc", "replies": []}, {"author": "Zidane62", "id": "f94vsfv", "score": 2, "subreddit": "BuyItForLife", "author_flair": null, "submission": "e3p9kc", "stickied": false, "body": "At least it doesn't need a software update!", "is_submitter": false, "distinguished": null, "created_utc": 1575106111.0, "parent_id": "t3_e3p9kc", "replies": []}, {"author": "venicerocco", "id": "f94naq7", "score": 1, "subreddit": "BuyItForLife", "author_flair": null, "submission": "e3p9kc", "stickied": false, "body": "Classic tractor", "is_submitter": false, "distinguished": null, "created_utc": 1575094444.0, "parent_id": "t3_e3p9kc", "replies": []}, {"author": "zappawizard", "id": "f94olju", "score": 1, "subreddit": "BuyItForLife", "author_flair": null, "submission": "e3p9kc", "stickied": false, "body": "My dad has tractors built in the forties that he's using on his farm, they're so easy to work on", "is_submitter": false, "distinguished": null, "created_utc": 1575095992.0, "parent_id": "t3_e3p9kc", "replies": []}, {"author": "Bayonoodle", "id": "f94qbgu", "score": 1, "subreddit": "BuyItForLife", "author_flair": null, "submission": "e3p9kc", "stickied": false, "body": "What a beautiful piece of machinery", "is_submitter": false, "distinguished": null, "created_utc": 1575098219.0, "parent_id": "t3_e3p9kc", "replies": []}, {"author": "dmukai", "id": "f94taou", "score": 1, "subreddit": "BuyItForLife", "author_flair": null, "submission": "e3p9kc", "stickied": false, "body": "we had a 1960 150 and a 1975(?) 165 on the farm. used daily for grinding corn and feeding the cows. cold as the dickens and quite an ordeal to start in MI winters, but i learned a lot of mechanical sympathy that served me well on aircraft later.", "is_submitter": false, "distinguished": null, "created_utc": 1575102335.0, "parent_id": "t3_e3p9kc", "replies": []}, {"author": "LonelyMolecule", "id": "f94ttm2", "score": 1, "subreddit": "BuyItForLife", "author_flair": null, "submission": "e3p9kc", "stickied": false, "body": "That one Cars scene with Mater and Lightning making the cows go upright then the big grain machine scares them away.\n\n- ker chow", "is_submitter": false, "distinguished": null, "created_utc": 1575103093.0, "parent_id": "t3_e3p9kc", "replies": []}, {"author": "sgmoore92", "id": "f94vcc5", "score": 1, "subreddit": "BuyItForLife", "author_flair": null, "submission": "e3p9kc", "stickied": false, "body": "A massy will drive forever...", "is_submitter": false, "distinguished": null, "created_utc": 1575105413.0, "parent_id": "t3_e3p9kc", "replies": []}, {"author": "DELETED", "id": "f94ydp9", "score": 1, "subreddit": "BuyItForLife", "author_flair": null, "submission": "e3p9kc", "stickied": false, "body": "One of the first tractors I drove was one of these. I was about 10 years old at the time.", "is_submitter": false, "distinguished": null, "created_utc": 1575110292.0, "parent_id": "t3_e3p9kc", "replies": []}, {"author": "Meh-Levolent", "id": "f950vbq", "score": 1, "subreddit": "BuyItForLife", "author_flair": null, "submission": "e3p9kc", "stickied": false, "body": "That tyre needs a little air. Other than that, you're looking pretty good.", "is_submitter": false, "distinguished": null, "created_utc": 1575114405.0, "parent_id": "t3_e3p9kc", "replies": []}, {"author": "Boltonator", "id": "f953nfw", "score": 1, "subreddit": "BuyItForLife", "author_flair": null, "submission": "e3p9kc", "stickied": false, "body": "Woohoo. My dad has one. Though now he has a 4wd tractor and keeps his as a working spare.", "is_submitter": false, "distinguished": null, "created_utc": 1575117855.0, "parent_id": "t3_e3p9kc", "replies": []}, {"author": "jamejeny", "id": "f953p2n", "score": 1, "subreddit": "BuyItForLife", "author_flair": null, "submission": "e3p9kc", "stickied": false, "body": "That Massey looks like a hard worker!  My family tractor is an old Hoyt Clagwell.", "is_submitter": false, "distinguished": null, "created_utc": 1575117894.0, "parent_id": "t3_e3p9kc", "replies": []}, {"author": "dan1101", "id": "f95ifq2", "score": 1, "subreddit": "BuyItForLife", "author_flair": null, "submission": "e3p9kc", "stickied": false, "body": "That's purty nice, but not as nice as the Hoyt-Clagwell I just happen to have for sale.", "is_submitter": false, "distinguished": null, "created_utc": 1575128429.0, "parent_id": "t3_e3p9kc", "replies": []}, {"author": "clay_bertrand", "id": "f95jv74", "score": 1, "subreddit": "BuyItForLife", "author_flair": null, "submission": "e3p9kc", "stickied": false, "body": "The ol' MF", "is_submitter": false, "distinguished": null, "created_utc": 1575129333.0, "parent_id": "t3_e3p9kc", "replies": []}, {"author": "RIPingFOX", "id": "f95kc1x", "score": 1, "subreddit": "BuyItForLife", "author_flair": null, "submission": "e3p9kc", "stickied": false, "body": "The 35 Massey Ferguson tractor was integral in the start and growth of Spanish Lookout.\n\nThe community of Spanish Lookout was settled in 1958, by a group of Russian/Canadian Mennonites that moved to Belize looking for a better future.\n\nSoon after they arrived they imported a few Massey Ferguson tractors. While most of those tractors have found new owners over the years, a few of the original tractors still remain as working tractors.\n\nA couple of those tractors were driven in the 60th anniversary parade. \n\nThey even had song written about these tractors.", "is_submitter": false, "distinguished": null, "created_utc": 1575129634.0, "parent_id": "t3_e3p9kc", "replies": []}, {"author": "triclops6", "id": "f95o1r1", "score": 1, "subreddit": "BuyItForLife", "author_flair": null, "submission": "e3p9kc", "stickied": false, "body": "Buy it for lives", "is_submitter": false, "distinguished": null, "created_utc": 1575131943.0, "parent_id": "t3_e3p9kc", "replies": []}, {"author": "kcox1980", "id": "f95qsg9", "score": 1, "subreddit": "BuyItForLife", "author_flair": null, "submission": "e3p9kc", "stickied": false, "body": "We had a Massey just like that growing up. I don't know what ever happened to it but I learned to drive it when I was like 6. I still remember where all the controls were and how they felt.\n\nThanks for the nostalgia trip dude, enjoy your tractor!", "is_submitter": false, "distinguished": null, "created_utc": 1575133498.0, "parent_id": "t3_e3p9kc", "replies": []}, {"author": "pArtie_4", "id": "f95qso5", "score": 1, "subreddit": "BuyItForLife", "author_flair": null, "submission": "e3p9kc", "stickied": false, "body": "I think I saw you pulling that guy on 35 in southern Ohio today. That or someone with the exact same tractor, which really shows it is BIFL.", "is_submitter": false, "distinguished": null, "created_utc": 1575133501.0, "parent_id": "t3_e3p9kc", "replies": [{"author": "DELETED", "id": "f95rpk3", "score": 1, "subreddit": "BuyItForLife", "author_flair": null, "submission": "e3p9kc", "stickied": false, "body": "I was riding this one in middle GA so wasn\u2019t me!", "is_submitter": false, "distinguished": null, "created_utc": 1575134028.0, "parent_id": "t1_f95qso5", "replies": []}]}, {"author": "Rosebudbynicky", "id": "f95r2vf", "score": 1, "subreddit": "BuyItForLife", "author_flair": null, "submission": "e3p9kc", "stickied": false, "body": "Tire low\nAnd I hope one day to have my dads", "is_submitter": false, "distinguished": null, "created_utc": 1575133665.0, "parent_id": "t3_e3p9kc", "replies": []}, {"author": "Iowa_Hawkeye", "id": "f95rf0r", "score": 1, "subreddit": "BuyItForLife", "author_flair": null, "submission": "e3p9kc", "stickied": false, "body": "3rd favorite make behind farmall and Oliver.", "is_submitter": false, "distinguished": null, "created_utc": 1575133857.0, "parent_id": "t3_e3p9kc", "replies": []}, {"author": "Aloha-Potato", "id": "f96nrk1", "score": 1, "subreddit": "BuyItForLife", "author_flair": null, "submission": "e3p9kc", "stickied": false, "body": "Should get some polish and buff up the red", "is_submitter": false, "distinguished": null, "created_utc": 1575148550.0, "parent_id": "t3_e3p9kc", "replies": []}, {"author": "EXPhysician93", "id": "f96usqq", "score": 1, "subreddit": "BuyItForLife", "author_flair": null, "submission": "e3p9kc", "stickied": false, "body": "The epic Massey! Back In my home country, MF was the to go equipment in sandy fields or loose sand dunes. Legendary Tractor", "is_submitter": false, "distinguished": null, "created_utc": 1575152550.0, "parent_id": "t3_e3p9kc", "replies": []}, {"author": "daileyjd", "id": "f96wl1g", "score": 1, "subreddit": "BuyItForLife", "author_flair": null, "submission": "e3p9kc", "stickied": false, "body": "M'fn MF!", "is_submitter": false, "distinguished": null, "created_utc": 1575153747.0, "parent_id": "t3_e3p9kc", "replies": []}, {"author": "1025scrap", "id": "f96ztas", "score": 1, "subreddit": "BuyItForLife", "author_flair": null, "submission": "e3p9kc", "stickied": false, "body": "Nice tractor, and nice handle!  Great band.", "is_submitter": false, "distinguished": null, "created_utc": 1575155924.0, "parent_id": "t3_e3p9kc", "replies": [{"author": "DELETED", "id": "f97ezqo", "score": 1, "subreddit": "BuyItForLife", "author_flair": null, "submission": "e3p9kc", "stickied": false, "body": "First person on Reddit (that commented) to make the connection! My all time favorite. BTW, if you\u2019re the reading type, the book \u201cThis Wheel\u2019s On Fire\u201d is fantastic", "is_submitter": false, "distinguished": null, "created_utc": 1575164683.0, "parent_id": "t1_f96ztas", "replies": [{"author": "1025scrap", "id": "f97x6p2", "score": 2, "subreddit": "BuyItForLife", "author_flair": null, "submission": "e3p9kc", "stickied": false, "body": "Yep.  Read it.  Was awesome!  If you have any other books in a similar spirit, I\u2019d love the recommendation:). Did you read My Cross to Bear, Gregg Allman\u2019s book?  That was also fantastic.", "is_submitter": false, "distinguished": null, "created_utc": 1575171385.0, "parent_id": "t1_f97ezqo", "replies": [{"author": "DELETED", "id": "f985n35", "score": 1, "subreddit": "BuyItForLife", "author_flair": null, "submission": "e3p9kc", "stickied": false, "body": "Awesome. I did. Also loved Please Be With Me, the book by Duane\u2019s daughter. She tells a really compete story and seems to have gotten people to open up to her like only Duane\u2019s daughter could", "is_submitter": false, "distinguished": null, "created_utc": 1575174219.0, "parent_id": "t1_f97x6p2", "replies": [{"author": "1025scrap", "id": "f98663d", "score": 2, "subreddit": "BuyItForLife", "author_flair": null, "submission": "e3p9kc", "stickied": false, "body": "Oh nice!  I\u2019ll check that one out, thx", "is_submitter": false, "distinguished": null, "created_utc": 1575174400.0, "parent_id": "t1_f985n35", "replies": []}]}]}]}]}, {"author": "DELETED", "id": "f9byqce", "score": 1, "subreddit": "BuyItForLife", "author_flair": null, "submission": "e3p9kc", "stickied": false, "body": "r/buyitforlives", "is_submitter": false, "distinguished": null, "created_utc": 1575217596.0, "parent_id": "t3_e3p9kc", "replies": []}, {"author": "roughlyaverage", "id": "fnvdnnb", "score": 1, "subreddit": "BuyItForLife", "author_flair": null, "submission": "e3p9kc", "stickied": false, "body": "the middle class will get decimated before that thing does", "is_submitter": false, "distinguished": null, "created_utc": 1587289369.0, "parent_id": "t3_e3p9kc", "replies": []}, {"author": "DELETED", "id": "f94fzq0", "score": 1, "subreddit": "BuyItForLife", "author_flair": null, "submission": "e3p9kc", "stickied": false, "body": "P-put a 2jz into it", "is_submitter": false, "distinguished": null, "created_utc": 1575087059.0, "parent_id": "t3_e3p9kc", "replies": [{"author": "valen961", "id": "fbzhci7", "score": 2, "subreddit": "BuyItForLife", "author_flair": null, "submission": "e3p9kc", "stickied": false, "body": "u/chesterluno \n\nHow about a twin turbo Volvo swap?\nhttps://youtu.be/9yHl24QynOM", "is_submitter": false, "distinguished": null, "created_utc": 1577246715.0, "parent_id": "t1_f94fzq0", "replies": []}, {"author": "chesterluno", "id": "f94u8t9", "score": 1, "subreddit": "BuyItForLife", "author_flair": null, "submission": "e3p9kc", "stickied": false, "body": "Ls swap it", "is_submitter": false, "distinguished": null, "created_utc": 1575103707.0, "parent_id": "t1_f94fzq0", "replies": [{"author": "DELETED", "id": "f95hhtt", "score": 1, "subreddit": "BuyItForLife", "author_flair": null, "submission": "e3p9kc", "stickied": false, "body": "Twin turbos?", "is_submitter": false, "distinguished": null, "created_utc": 1575127840.0, "parent_id": "t1_f94u8t9", "replies": []}]}]}, {"author": "hollosteve68", "id": "f94mijc", "score": 1, "subreddit": "BuyItForLife", "author_flair": null, "submission": "e3p9kc", "stickied": false, "body": "As a 4th gen farmer, you got my respect.", "is_submitter": false, "distinguished": null, "created_utc": 1575093546.0, "parent_id": "t3_e3p9kc", "replies": []}, {"author": "Empirismus", "id": "f94t1kl", "score": 0, "subreddit": "BuyItForLife", "author_flair": null, "submission": "e3p9kc", "stickied": false, "body": "Is this FORD?", "is_submitter": false, "distinguished": null, "created_utc": 1575101965.0, "parent_id": "t3_e3p9kc", "replies": [{"author": "rattlesnake501", "id": "f95bqyk", "score": 1, "subreddit": "BuyItForLife", "author_flair": null, "submission": "e3p9kc", "stickied": false, "body": "Massey Ferguson", "is_submitter": false, "distinguished": null, "created_utc": 1575124230.0, "parent_id": "t1_f94t1kl", "replies": []}]}, {"author": "DELETED", "id": "f94k7hk", "score": -2, "subreddit": "BuyItForLife", "author_flair": null, "submission": "e3p9kc", "stickied": false, "body": "[deleted]", "is_submitter": false, "distinguished": null, "created_utc": 1575091095.0, "parent_id": "t3_e3p9kc", "replies": [{"author": "grtwatkins", "id": "f94qmu0", "score": 4, "subreddit": "BuyItForLife", "author_flair": null, "submission": "e3p9kc", "stickied": false, "body": "That would be disgraceful", "is_submitter": false, "distinguished": null, "created_utc": 1575098640.0, "parent_id": "t1_f94k7hk", "replies": []}]}, {"author": "Jiggajonson", "id": "f968gal", "score": -1, "subreddit": "BuyItForLife", "author_flair": null, "submission": "e3p9kc", "stickied": false, "body": "Hey I'll ask again. \n\nAnyone know where i can find a sub full of things i can buy now that will last all my life? \n\nI don't care about shit i can't get myself. Nice tractor, good for you. But i don't care about alllllll this stuff that is old and useless to me. \n\nIm sure this will get downvotes, to those people, FUCK you for ruining this sub. \n\nAnyone who knows an actual useful sub please let me know.", "is_submitter": false, "distinguished": null, "created_utc": 1575141237.0, "parent_id": "t3_e3p9kc", "replies": []}, {"author": "theicarusambition", "id": "f94kdso", "score": -6, "subreddit": "BuyItForLife", "author_flair": null, "submission": "e3p9kc", "stickied": false, "body": "Okay Dwight. We get it, you're a beet farmer.", "is_submitter": false, "distinguished": null, "created_utc": 1575091274.0, "parent_id": "t3_e3p9kc", "replies": []}]}