{"title": "1995 Toyota Corolla. These things just can\u2019t die. It still runs.", "name": "t3_mx35pp", "url": "https://i.imgur.com/YSffj2Y.jpg", "selftext": "", "score": 2280, "upvote_ratio": 0.97, "permalink": "/r/BuyItForLife/comments/mx35pp/1995_toyota_corolla_these_things_just_cant_die_it/", "id": "mx35pp", "author": "DELETED", "link_flair_text": "Discussion", "num_comments": 191, "over_18": false, "spoiler": false, "pinned": false, "locked": false, "distinguished": null, "created_utc": 1619206281.0, "comments": [{"author": "DrInkPip", "id": "gvlreq3", "score": 308, "subreddit": "BuyItForLife", "author_flair": null, "submission": "mx35pp", "stickied": false, "body": "And less than half a tank of fuel used. Amazing...", "is_submitter": false, "distinguished": null, "created_utc": 1619207609.0, "parent_id": "t3_mx35pp", "replies": [{"author": "DELETED", "id": "gvlrqrj", "score": 93, "subreddit": "BuyItForLife", "author_flair": null, "submission": "mx35pp", "stickied": false, "body": "Not even a Prius can touch that", "is_submitter": false, "distinguished": null, "created_utc": 1619207765.0, "parent_id": "t1_gvlreq3", "replies": [{"author": "DELETED", "id": "gvmanbv", "score": -47, "subreddit": "BuyItForLife", "author_flair": null, "submission": "mx35pp", "stickied": false, "body": "[deleted]", "is_submitter": false, "distinguished": null, "created_utc": 1619216689.0, "parent_id": "t1_gvlrqrj", "replies": [{"author": "outdoorsaddix", "id": "gvmer04", "score": 56, "subreddit": "BuyItForLife", "author_flair": null, "submission": "mx35pp", "stickied": false, "body": "Have you ever driven a 1995 corolla? I drove one when I did driving school, it had to be the most soulless sedan I have ever driven. Slow, light and vague steering..... \n\nNot what I would call \u201cfun\u201d", "is_submitter": false, "distinguished": null, "created_utc": 1619218784.0, "parent_id": "t1_gvmanbv", "replies": [{"author": "MacTechG4", "id": "gvmfdjq", "score": 9, "subreddit": "BuyItForLife", "author_flair": null, "submission": "mx35pp", "stickied": false, "body": "I learned to drive a manual transmission in a Corolla FX (hatchback) yes it was underpowered, but it was fun, handled well, and as philosopher James May says \u201cit\u2019s more fun to drive a slow car fast than a fast car slow...\u201d\n\nhttps://photos.app.goo.gl/qfrf8yNANSFLkrpJ9\n\nhttps://photos.app.goo.gl/y54o4r9LiSixb2wL8", "is_submitter": false, "distinguished": null, "created_utc": 1619219108.0, "parent_id": "t1_gvmer04", "replies": [{"author": "outdoorsaddix", "id": "gvmhgwm", "score": 22, "subreddit": "BuyItForLife", "author_flair": null, "submission": "mx35pp", "stickied": false, "body": "That\u2019s a 1980s model with a manual transmission. Either an E80 or E90, a totally different generation.\n\nThe E100 (the generation that 1995 was in) is a totally different animal.", "is_submitter": false, "distinguished": null, "created_utc": 1619220197.0, "parent_id": "t1_gvmfdjq", "replies": []}]}]}, {"author": "DELETED", "id": "gvmbc64", "score": 17, "subreddit": "BuyItForLife", "author_flair": null, "submission": "mx35pp", "stickied": false, "body": "I take offense to this. I drive one.", "is_submitter": false, "distinguished": null, "created_utc": 1619217031.0, "parent_id": "t1_gvmanbv", "replies": [{"author": "DELETED", "id": "gvooay9", "score": 3, "subreddit": "BuyItForLife", "author_flair": null, "submission": "mx35pp", "stickied": false, "body": "I bought this sticker for mine and it was the best 5 bucks I\u2019ve ever spent. Slap-Art Cool Prius Said Nobody Ever Vinyl Decal Sticker https://www.amazon.com/dp/B01ATPDNHW/ref=cm_sw_r_cp_api_glt_fabc_K9QGDBNZBPGDTAQBQTAP?_encoding=UTF8&psc=1", "is_submitter": false, "distinguished": null, "created_utc": 1619267294.0, "parent_id": "t1_gvmbc64", "replies": [{"author": "DELETED", "id": "gvostgb", "score": 2, "subreddit": "BuyItForLife", "author_flair": null, "submission": "mx35pp", "stickied": false, "body": "I have that one too!", "is_submitter": false, "distinguished": null, "created_utc": 1619268672.0, "parent_id": "t1_gvooay9", "replies": []}, {"author": "EricPeluche", "id": "gvp0f7r", "score": 1, "subreddit": "BuyItForLife", "author_flair": null, "submission": "mx35pp", "stickied": false, "body": "Idk. I've seen some battle car Priuses that I'd actually rock out.", "is_submitter": false, "distinguished": null, "created_utc": 1619270761.0, "parent_id": "t1_gvooay9", "replies": []}]}, {"author": "MacTechG4", "id": "gvmc1dv", "score": 4, "subreddit": "BuyItForLife", "author_flair": null, "submission": "mx35pp", "stickied": false, "body": "Meh, not a fan of the Prius, but if you\u2019re happy with it, cool :)\n\nThat\u2019s why there are so many different options in the vehicle world after all, a seat for every driver :)\n\nMy \u201812 Golf TDI (the Prius\u2019s natural enemy ;) ) has been BIFL so far, 400K-700k is not unusual for a TDI engine (the 1.9 ALH even more, some million milers out there)", "is_submitter": false, "distinguished": null, "created_utc": 1619217392.0, "parent_id": "t1_gvmbc64", "replies": [{"author": "icefisher225", "id": "gvnkfgo", "score": 3, "subreddit": "BuyItForLife", "author_flair": null, "submission": "mx35pp", "stickied": false, "body": "I sold a Prius for a Golf Alltrack 1.8TSI. And I absolutely love it. 84k (mi) on the clock and going strong. I just wish it was a TDI because they last *forever*.", "is_submitter": false, "distinguished": null, "created_utc": 1619244085.0, "parent_id": "t1_gvmc1dv", "replies": [{"author": "MacTechG4", "id": "gvp25m6", "score": 3, "subreddit": "BuyItForLife", "author_flair": null, "submission": "mx35pp", "stickied": false, "body": "Even better when they have a \u201cdelete\u201d and ECU remap, as the emissions hardware sadly is NOT BIFL... ;) but the core engine IS...\n\nThe 2.0 TDI may only make 140 HP, but makes a usable 236 TQ at 1750 RPM, and the older 2.0 in the  Mk6 (2010-2014) does not have the AdBlue system, so less mechanically complex and less failure points, it also has the superior independent rear suspension, unlike the downgraded twist beam rear suspension of the Mk7+ TDI (2015+) they had to downgrade the rear suspension to make room for the AdBlue hardware...\n\nThe other thing that makes BIFL cars difficult in New England is winter road salt...", "is_submitter": false, "distinguished": null, "created_utc": 1619271203.0, "parent_id": "t1_gvnkfgo", "replies": []}]}]}]}, {"author": "HotgunColdheart", "id": "gvp0if8", "score": 0, "subreddit": "BuyItForLife", "author_flair": null, "submission": "mx35pp", "stickied": false, "body": "It's fun in the sense of driving a slow car fast, but was a teenager with a 87 Corolla, ebrake slides and reverse donuts were about the only fun you could have in it!\n\nI had 7 high schoolers in it one day for a food run before football, 5 were offensive lineman. Suspension was completely flattened.", "is_submitter": false, "distinguished": null, "created_utc": 1619270785.0, "parent_id": "t1_gvmanbv", "replies": []}]}]}]}, {"author": "OldManInAHotHatch", "id": "gvlptqo", "score": 91, "subreddit": "BuyItForLife", "author_flair": null, "submission": "mx35pp", "stickied": false, "body": "That\u2019s averaging almost 40K a year for its entire life.  Wow!  Was it used as a courier vehicle or something?", "is_submitter": false, "distinguished": null, "created_utc": 1619206888.0, "parent_id": "t3_mx35pp", "replies": [{"author": "citizen_of_europa", "id": "gvm0b4y", "score": 103, "subreddit": "BuyItForLife", "author_flair": null, "submission": "mx35pp", "stickied": false, "body": "Twenty years ago I averaged 100,000 kms/year (60k miles).  It was 2.5 hours of commuting every work day (240kms per day) + weekend trips and vacation.  It's a lifestyle choice I made for my family.  I wouldn't do it again.\n\nThe one thing I learned from the exercise though, is that modern engines are amazing when they are maintained per spec, but the rest of the vehicle is more likely to disintegrate around you.\n\nPer the comment you are replying to, I would be \\*mightily\\* impressed if the car spent its entire life in Minnesota, Ontario, Quebec, Manitoba, etc.", "is_submitter": false, "distinguished": null, "created_utc": 1619211678.0, "parent_id": "t1_gvlptqo", "replies": [{"author": "Hms34", "id": "gvo1qd3", "score": 19, "subreddit": "BuyItForLife", "author_flair": null, "submission": "mx35pp", "stickied": false, "body": "Spot on. I have a 2007 Honda Fit that I used as a courier vehicle. It has 352k miles, and was reliable into the low 300's, maybe a little longer.\n\nSure, a babied older Toyota or Volvo will go further, but take it from me- quit while you're ahead. The engine will usually last, but start changing other parts, and more will wear out.", "is_submitter": false, "distinguished": null, "created_utc": 1619259447.0, "parent_id": "t1_gvm0b4y", "replies": []}, {"author": "rhetorical_rapine", "id": "gvoi9oi", "score": 8, "subreddit": "BuyItForLife", "author_flair": null, "submission": "mx35pp", "stickied": false, "body": "yeah... In Quebec here with a 2008 Corolla and last week the exhaust rust complex broke apart right at the flange before the muffler and is currently holding with some metal wire that I MacGyver'd together) while I find a new vehicule. Last fall, my mechanic friend inspected it and said it basically cannot be raised on forks anymore because the frame is too far gone so he was giving it a year left. The motor and whatnot are still in great condition though, so I expect I can sell it for parts for good money.", "is_submitter": false, "distinguished": null, "created_utc": 1619265487.0, "parent_id": "t1_gvm0b4y", "replies": []}]}, {"author": "Cyanidesuicideml", "id": "gvmuaud", "score": 15, "subreddit": "BuyItForLife", "author_flair": null, "submission": "mx35pp", "stickied": false, "body": "I'm a courier my 8 month old Toyota camry hybrid just hit 35k miles.", "is_submitter": false, "distinguished": null, "created_utc": 1619227141.0, "parent_id": "t1_gvlptqo", "replies": [{"author": "analogpursuits", "id": "gvnlgkl", "score": 7, "subreddit": "BuyItForLife", "author_flair": null, "submission": "mx35pp", "stickied": false, "body": "Jeezuz. My '99 4Runner has 235k miles.", "is_submitter": false, "distinguished": null, "created_utc": 1619244962.0, "parent_id": "t1_gvmuaud", "replies": []}]}, {"author": "stephenBB81", "id": "gvmvopu", "score": 9, "subreddit": "BuyItForLife", "author_flair": null, "submission": "mx35pp", "stickied": false, "body": "I average 65k/km  which is 40k miles every year,  As a sales person.  Before email/cellphones dominated business to business sales in the mid 2000's  I was doing double that.   I have 122,000 miles on my 2017 Ford Explorer.  If Gas prices in 2011 didn't force me to give up my 1995 F250, I would have passed 1 million miles on that sucker,  since I was putting almost 70k miles a year on it back then.", "is_submitter": false, "distinguished": null, "created_utc": 1619227899.0, "parent_id": "t1_gvlptqo", "replies": [{"author": "bodegaconnoisseur", "id": "gvp7276", "score": 2, "subreddit": "BuyItForLife", "author_flair": null, "submission": "mx35pp", "stickied": false, "body": "You said gas prices, was the f250 a gas motor? If so which one?", "is_submitter": false, "distinguished": null, "created_utc": 1619272571.0, "parent_id": "t1_gvmvopu", "replies": [{"author": "stephenBB81", "id": "gvpj70q", "score": 1, "subreddit": "BuyItForLife", "author_flair": null, "submission": "mx35pp", "stickied": false, "body": "5.8L", "is_submitter": false, "distinguished": null, "created_utc": 1619275680.0, "parent_id": "t1_gvp7276", "replies": []}]}, {"author": "zap_p25", "id": "gvovsm6", "score": 0, "subreddit": "BuyItForLife", "author_flair": null, "submission": "mx35pp", "stickied": false, "body": "We bought my wife (in outside sales) a 2020 Highlander with 6 miles on it on July 6, 2020. It\u2019s at 40,000 miles right now.", "is_submitter": false, "distinguished": null, "created_utc": 1619269503.0, "parent_id": "t1_gvmvopu", "replies": []}]}, {"author": "orthopod", "id": "gvpratl", "score": 2, "subreddit": "BuyItForLife", "author_flair": null, "submission": "mx35pp", "stickied": false, "body": "107 miles/day x7 days a week x 25 years.\n\nThat's a lot of time in that seat.", "is_submitter": false, "distinguished": null, "created_utc": 1619277865.0, "parent_id": "t1_gvlptqo", "replies": []}]}, {"author": "SuperSecretSpare", "id": "gvlpf7w", "score": 467, "subreddit": "BuyItForLife", "author_flair": null, "submission": "mx35pp", "stickied": false, "body": "Reach out to Toyota and see if they will offer you anything to film it roll over. Some companies have given drivers new cars for rolling over a million miles.", "is_submitter": false, "distinguished": null, "created_utc": 1619206701.0, "parent_id": "t3_mx35pp", "replies": [{"author": "NYPorkDept", "id": "gvlrmaj", "score": 509, "subreddit": "BuyItForLife", "author_flair": null, "submission": "mx35pp", "stickied": false, "body": "Unlike other manufacturers, apparently Toyota/Lexus are relatively unimpressed by these. One automotive journalist with a million mile LS400 hit them up and their response was basically \"So what? They're supposed to do that\"", "is_submitter": false, "distinguished": null, "created_utc": 1619207706.0, "parent_id": "t1_gvlpf7w", "replies": [{"author": "hells_cowbells", "id": "gvmfzcz", "score": 71, "subreddit": "BuyItForLife", "author_flair": null, "submission": "mx35pp", "stickied": false, "body": "One guy had a Tundra that hit 1 million miles, and they [gave him a new one](https://www.motor1.com/news/62683/toyota-trades-new-tundra-for-one-with-million-miles/).", "is_submitter": false, "distinguished": null, "created_utc": 1619219419.0, "parent_id": "t1_gvlrmaj", "replies": [{"author": "SuperD18", "id": "gvn9fmo", "score": 50, "subreddit": "BuyItForLife", "author_flair": null, "submission": "mx35pp", "stickied": false, "body": "One guy, a courier by trade, turned in a Honda Accord with a million miles on it to the plant in Marysville, OH. Honda gave him a new one and put his on display at the plant. I'm thinking the model year was 1996 or 97.", "is_submitter": false, "distinguished": null, "created_utc": 1619236115.0, "parent_id": "t1_gvmfzcz", "replies": [{"author": "alexcrouse", "id": "gvnno1r", "score": 37, "subreddit": "BuyItForLife", "author_flair": null, "submission": "mx35pp", "stickied": false, "body": "Million Mile Joe had a 1990 accord he put like 62k a year on. Honda have him a brand new accord. He gave it to his daughter and still drives his '90.", "is_submitter": false, "distinguished": null, "created_utc": 1619246929.0, "parent_id": "t1_gvn9fmo", "replies": [{"author": "VertigoLabs", "id": "gvovx5r", "score": 8, "subreddit": "BuyItForLife", "author_flair": null, "submission": "mx35pp", "stickied": false, "body": "I have a '90 Accord outside in my driveway and it only has 261k miles on it. I cannot fathom the amount of time spent driving to get to a million miles, even over 31 years.", "is_submitter": false, "distinguished": null, "created_utc": 1619269538.0, "parent_id": "t1_gvnno1r", "replies": [{"author": "BossMaverick", "id": "gvqn67v", "score": 1, "subreddit": "BuyItForLife", "author_flair": null, "submission": "mx35pp", "stickied": false, "body": "Most are professional drivers. IIRC, the Tacoma was used as a flagging vehicle for oversized trucks. Miles go quick if you drive at highway speed for 30+ hours a week. It\u2019s very common for semi-trucks to reach a million miles.", "is_submitter": false, "distinguished": null, "created_utc": 1619291796.0, "parent_id": "t1_gvovx5r", "replies": []}]}]}]}]}, {"author": "skrimpsandkeebsonly", "id": "gvlsgzp", "score": 133, "subreddit": "BuyItForLife", "author_flair": null, "submission": "mx35pp", "stickied": false, "body": "Like giving a Michelin  1 star restaurant 5 stars on Yelp", "is_submitter": false, "distinguished": null, "created_utc": 1619208100.0, "parent_id": "t1_gvlrmaj", "replies": [{"author": "MuscadetAndOysters", "id": "gvltytl", "score": 45, "subreddit": "BuyItForLife", "author_flair": null, "submission": "mx35pp", "stickied": false, "body": "Yes and no, yelp reviews are basically worthless for most in the f&b business. A sushi burrito place could still serve complete garbage quality food but still get 4,5 stars because it\u2019s trendy and has good interior design. \n\nOn the other side a exceptionally expensive restaurant with 3 stars on Yelp because the price are too high but stellar food will get a star.\n\nI get what you\u2019re saying but the reference is not the best, no offense :)", "is_submitter": false, "distinguished": null, "created_utc": 1619208777.0, "parent_id": "t1_gvlsgzp", "replies": [{"author": "RayzTheRoof", "id": "gvm30kj", "score": 23, "subreddit": "BuyItForLife", "author_flair": null, "submission": "mx35pp", "stickied": false, "body": "Honestly it's anecdotal, but in my experience all 3 or 3.5 star restaurants have had food quality that I would rate 3.5 or lower. 4-5 star places have all been great, and the only thing I care about is food quality. It's the most reliable review aggregation in my experience.", "is_submitter": false, "distinguished": null, "created_utc": 1619212957.0, "parent_id": "t1_gvltytl", "replies": [{"author": "itouchabutt", "id": "gvm62d5", "score": 6, "subreddit": "BuyItForLife", "author_flair": null, "submission": "mx35pp", "stickied": false, "body": "I'll take an expert opinion over a crowdsourced one any day.  One expert is worth an infinite number of average idiots.", "is_submitter": false, "distinguished": null, "created_utc": 1619214436.0, "parent_id": "t1_gvm30kj", "replies": [{"author": "RayzTheRoof", "id": "gvmfndv", "score": 26, "subreddit": "BuyItForLife", "author_flair": null, "submission": "mx35pp", "stickied": false, "body": "Expert food critics are not everywhere. Most of the places I frequent aren't fancy and unlikely to have any critical reviews from professionals.", "is_submitter": false, "distinguished": null, "created_utc": 1619219247.0, "parent_id": "t1_gvm62d5", "replies": [{"author": "itouchabutt", "id": "gwkb92l", "score": 1, "subreddit": "BuyItForLife", "author_flair": null, "submission": "mx35pp", "stickied": false, "body": "Expert food critics don't just review michelin starred restaurants.\n\nYour local food critic should feel personally and professionally obligated to review even the smallest sandwich joint.", "is_submitter": false, "distinguished": null, "created_utc": 1619890514.0, "parent_id": "t1_gvmfndv", "replies": []}]}, {"author": "HerrSIME", "id": "gvm902o", "score": 13, "subreddit": "BuyItForLife", "author_flair": null, "submission": "mx35pp", "stickied": false, "body": "Always remember, we're all average idiots, other average idiots might like similar things.", "is_submitter": false, "distinguished": null, "created_utc": 1619215882.0, "parent_id": "t1_gvm62d5", "replies": [{"author": "DELETED", "id": "gwkbd2d", "score": 1, "subreddit": "BuyItForLife", "author_flair": null, "submission": "mx35pp", "stickied": false, "body": "[deleted]", "is_submitter": false, "distinguished": null, "created_utc": 1619890560.0, "parent_id": "t1_gvm902o", "replies": [{"author": "HerrSIME", "id": "gwkjbbh", "score": 1, "subreddit": "BuyItForLife", "author_flair": null, "submission": "mx35pp", "stickied": false, "body": "not on reddit", "is_submitter": false, "distinguished": null, "created_utc": 1619893909.0, "parent_id": "t1_gwkbd2d", "replies": [{"author": "itouchabutt", "id": "gwy5byu", "score": 0, "subreddit": "BuyItForLife", "author_flair": null, "submission": "mx35pp", "stickied": false, "body": "Especially on reddit.  The demographic is highly biased towards the young, which explains a lot.\n\nIf we could see the people we were arguing with a lot of the arguments would be abandoned early because people would realize they are arguing human nature or world politics with at best a 20 year old.", "is_submitter": false, "distinguished": null, "created_utc": 1620162203.0, "parent_id": "t1_gwkjbbh", "replies": []}]}]}]}, {"author": "DELETED", "id": "gvml422", "score": 3, "subreddit": "BuyItForLife", "author_flair": null, "submission": "mx35pp", "stickied": false, "body": "Nah, cause experts care about things like presentation, atmosphere, cleanliness... I just want delicious, reasonably priced food.", "is_submitter": false, "distinguished": null, "created_utc": 1619222145.0, "parent_id": "t1_gvm62d5", "replies": [{"author": "MuscadetAndOysters", "id": "gvmnsjy", "score": -1, "subreddit": "BuyItForLife", "author_flair": null, "submission": "mx35pp", "stickied": false, "body": "I fully agree but the Michelin Guide do care about these things as well. Which was my point in the original comment. To each their own :)", "is_submitter": false, "distinguished": null, "created_utc": 1619223599.0, "parent_id": "t1_gvml422", "replies": []}]}, {"author": "DutchBookOptions", "id": "gvnen5r", "score": 2, "subreddit": "BuyItForLife", "author_flair": null, "submission": "mx35pp", "stickied": false, "body": "Not really: https://www.npr.org/sections/money/2015/08/07/429720443/17-205-people-guessed-the-weight-of-a-cow-heres-how-they-did", "is_submitter": false, "distinguished": null, "created_utc": 1619239589.0, "parent_id": "t1_gvm62d5", "replies": [{"author": "DELETED", "id": "gwkb38z", "score": 1, "subreddit": "BuyItForLife", "author_flair": null, "submission": "mx35pp", "stickied": false, "body": "[deleted]", "is_submitter": false, "distinguished": null, "created_utc": 1619890447.0, "parent_id": "t1_gvnen5r", "replies": [{"author": "DutchBookOptions", "id": "gwke0q2", "score": 1, "subreddit": "BuyItForLife", "author_flair": null, "submission": "mx35pp", "stickied": false, "body": "That was just one example, and it was really one of the first examples that showcased the power of crowds: https://en.wikipedia.org/wiki/Wisdom_of_the_crowd\n\nYou think food is complex? Try to solve the traveling salesman problem. Then read about how crowdsourcing tackles the problem.", "is_submitter": false, "distinguished": null, "created_utc": 1619891664.0, "parent_id": "t1_gwkb38z", "replies": [{"author": "DELETED", "id": "gwy56xc", "score": 1, "subreddit": "BuyItForLife", "author_flair": null, "submission": "mx35pp", "stickied": false, "body": "[deleted]", "is_submitter": false, "distinguished": null, "created_utc": 1620162144.0, "parent_id": "t1_gwke0q2", "replies": []}]}]}]}, {"author": "fna4", "id": "gvnlvn3", "score": 1, "subreddit": "BuyItForLife", "author_flair": null, "submission": "mx35pp", "stickied": false, "body": "Food is really too subjective for an expert opinion to be foolproof.", "is_submitter": false, "distinguished": null, "created_utc": 1619245328.0, "parent_id": "t1_gvm62d5", "replies": [{"author": "itouchabutt", "id": "gwkb1td", "score": 1, "subreddit": "BuyItForLife", "author_flair": null, "submission": "mx35pp", "stickied": false, "body": "Fools are too common for a crowd sourced opinion to be foolproof.", "is_submitter": false, "distinguished": null, "created_utc": 1619890431.0, "parent_id": "t1_gvnlvn3", "replies": []}]}]}]}, {"author": "Kalarix", "id": "gvn5pny", "score": 6, "subreddit": "BuyItForLife", "author_flair": null, "submission": "mx35pp", "stickied": false, "body": "The fucking Olive Garden by me has 5 stars on Yelp, they\u2019re worthless.", "is_submitter": false, "distinguished": null, "created_utc": 1619233785.0, "parent_id": "t1_gvltytl", "replies": [{"author": "kinnikinnick321", "id": "gvnxegd", "score": 5, "subreddit": "BuyItForLife", "author_flair": null, "submission": "mx35pp", "stickied": false, "body": "its a representation of your neighbors, not the platform.", "is_submitter": false, "distinguished": null, "created_utc": 1619256408.0, "parent_id": "t1_gvn5pny", "replies": []}, {"author": "DELETED", "id": "gvnfvlr", "score": 5, "subreddit": "BuyItForLife", "author_flair": null, "submission": "mx35pp", "stickied": false, "body": "[deleted]", "is_submitter": false, "distinguished": null, "created_utc": 1619240491.0, "parent_id": "t1_gvn5pny", "replies": [{"author": "analogpursuits", "id": "gvnl8gu", "score": 3, "subreddit": "BuyItForLife", "author_flair": null, "submission": "mx35pp", "stickied": false, "body": "in hell", "is_submitter": false, "distinguished": null, "created_utc": 1619244769.0, "parent_id": "t1_gvnfvlr", "replies": []}]}]}]}]}, {"author": "RunnyPlease", "id": "gvmn9rs", "score": 34, "subreddit": "BuyItForLife", "author_flair": null, "submission": "mx35pp", "stickied": false, "body": "For you having a car roll over to a million miles was the most important day of your driving life... for Toyota it was Tuesday.", "is_submitter": false, "distinguished": null, "created_utc": 1619223317.0, "parent_id": "t1_gvlrmaj", "replies": []}, {"author": "dankestweed", "id": "gvn32cs", "score": 9, "subreddit": "BuyItForLife", "author_flair": null, "submission": "mx35pp", "stickied": false, "body": "They also gave the guy with the million mile Tundra a new truck so maybe it\u2019s who you talk to?", "is_submitter": false, "distinguished": null, "created_utc": 1619232174.0, "parent_id": "t1_gvlrmaj", "replies": []}, {"author": "MOIST_MAN", "id": "gvngu7k", "score": 2, "subreddit": "BuyItForLife", "author_flair": null, "submission": "mx35pp", "stickied": false, "body": "A dealership might appreciate it though.", "is_submitter": false, "distinguished": null, "created_utc": 1619241211.0, "parent_id": "t1_gvlrmaj", "replies": []}, {"author": "aduong277", "id": "gvptxis", "score": 1, "subreddit": "BuyItForLife", "author_flair": null, "submission": "mx35pp", "stickied": false, "body": "Are you talking about Matt Farah's Million Mile Lexus?", "is_submitter": false, "distinguished": null, "created_utc": 1619278683.0, "parent_id": "t1_gvlrmaj", "replies": []}, {"author": "bunny_rabbit16", "id": "gvm7xyh", "score": -7, "subreddit": "BuyItForLife", "author_flair": null, "submission": "mx35pp", "stickied": false, "body": "They\u2019re not though", "is_submitter": false, "distinguished": null, "created_utc": 1619215354.0, "parent_id": "t1_gvlrmaj", "replies": [{"author": "s00perguy", "id": "gvo5vtz", "score": 1, "subreddit": "BuyItForLife", "author_flair": null, "submission": "mx35pp", "stickied": false, "body": "Pretty sure cars are supposed to be easily maintained and last longer than 5-10 years. Just because they haven't the past couple decades doesn't mean we should expect less.", "is_submitter": false, "distinguished": null, "created_utc": 1619261070.0, "parent_id": "t1_gvm7xyh", "replies": [{"author": "bunny_rabbit16", "id": "gvqpka4", "score": 1, "subreddit": "BuyItForLife", "author_flair": null, "submission": "mx35pp", "stickied": false, "body": "I agree, but 10 years isn't a million miles. Even 20 years isn't a million for 95% of drivers. \n\nMy point is that this:\n\n>and their response was basically \"So what? They're supposed to do that\"\n\ndidn't happen.\n\nLike why is it that every Toyota with 300,000+ miles is dirt cheap? I mean DIRT cheap. If they are designed to go past a million one would expect them to retain their value more, right? (they don't and it's rare as fuck that they do, which is why OPs post is upvoted so much, because it's a rare uncommon thing)", "is_submitter": false, "distinguished": null, "created_utc": 1619293021.0, "parent_id": "t1_gvo5vtz", "replies": []}]}]}]}, {"author": "ChonkPolice", "id": "gvlpyho", "score": 12, "subreddit": "BuyItForLife", "author_flair": null, "submission": "mx35pp", "stickied": false, "body": "Seems odd, since it would be easily faked by just rolling your meter a few 100k miles ahead.", "is_submitter": false, "distinguished": null, "created_utc": 1619206948.0, "parent_id": "t1_gvlpf7w", "replies": [{"author": "IObscenityInThyMilk", "id": "gvlr9s5", "score": 38, "subreddit": "BuyItForLife", "author_flair": null, "submission": "mx35pp", "stickied": false, "body": "Yeah but many states have a record of your mileage when you get a car inspected, renew registration, etc. so if you live in one of those states, you can prove the mileage went up over a time period that makes sense.", "is_submitter": false, "distinguished": null, "created_utc": 1619207546.0, "parent_id": "t1_gvlpyho", "replies": [{"author": "derezo", "id": "gvne9no", "score": 2, "subreddit": "BuyItForLife", "author_flair": null, "submission": "mx35pp", "stickied": false, "body": "Don't they just ask you though? I've never had anyone actually look at my car. I fill it in on the forms and rough it from memory.\nI would think if you skipped a couple hundred thousand miles it would be easily noticeable, though.", "is_submitter": false, "distinguished": null, "created_utc": 1619239320.0, "parent_id": "t1_gvlr9s5", "replies": [{"author": "Role_Playing_Grump", "id": "gvnp6h9", "score": 3, "subreddit": "BuyItForLife", "author_flair": null, "submission": "mx35pp", "stickied": false, "body": "I guess it really depends on how much work you do yourself on the vehicle but the average person brings their car in for some kind of service during their car\u2019s lifetime and usually that place will log the miles. Hell, I just had my car towed this week and the driver was required to log the current mileage, which he did indeed note when he got inside it to drive it onto the truck.", "is_submitter": false, "distinguished": null, "created_utc": 1619248314.0, "parent_id": "t1_gvne9no", "replies": []}, {"author": "rowebenj", "id": "gvocmy3", "score": 3, "subreddit": "BuyItForLife", "author_flair": null, "submission": "mx35pp", "stickied": false, "body": "Illinois records it themselves every two years.", "is_submitter": false, "distinguished": null, "created_utc": 1619263597.0, "parent_id": "t1_gvne9no", "replies": []}, {"author": "IObscenityInThyMilk", "id": "gvod6fe", "score": 2, "subreddit": "BuyItForLife", "author_flair": null, "submission": "mx35pp", "stickied": false, "body": "In my state, you get your car inspected once per year, and they check your odometer and the reading goes into the state system.", "is_submitter": false, "distinguished": null, "created_utc": 1619263777.0, "parent_id": "t1_gvne9no", "replies": []}]}, {"author": "thatotheramanda", "id": "gvp2lfl", "score": 1, "subreddit": "BuyItForLife", "author_flair": null, "submission": "mx35pp", "stickied": false, "body": "He made 119 service trips to the dealer over 9 years. They note it as well.", "is_submitter": false, "distinguished": null, "created_utc": 1619271321.0, "parent_id": "t1_gvlr9s5", "replies": []}]}]}]}, {"author": "Ma1", "id": "gvlrxoc", "score": 137, "subreddit": "BuyItForLife", "author_flair": null, "submission": "mx35pp", "stickied": false, "body": "**/salty Canadian Winter roads enters the chat**", "is_submitter": false, "distinguished": null, "created_utc": 1619207859.0, "parent_id": "t3_mx35pp", "replies": [{"author": "yuckscott", "id": "gvmbwjf", "score": 51, "subreddit": "BuyItForLife", "author_flair": null, "submission": "mx35pp", "stickied": false, "body": "i just got the frame on my 99 4runner professionally welded so here's to hoping for another 22 years lol", "is_submitter": false, "distinguished": null, "created_utc": 1619217325.0, "parent_id": "t1_gvlrxoc", "replies": [{"author": "Doom-Trooper", "id": "gvmxocf", "score": 11, "subreddit": "BuyItForLife", "author_flair": null, "submission": "mx35pp", "stickied": false, "body": "How come? Was it showing signs of cracking or what did they do?", "is_submitter": false, "distinguished": null, "created_utc": 1619229009.0, "parent_id": "t1_gvmbwjf", "replies": [{"author": "rowebenj", "id": "gvod0yr", "score": 6, "subreddit": "BuyItForLife", "author_flair": null, "submission": "mx35pp", "stickied": false, "body": "They basically angle down to the center and water gets inside of them, because they didn\u2019t put proper drainage holes in them. So water sits at the low point, which is the middle of the frame, and can literally crack in half. It\u2019s a problem with a ton of old Toyota trucks.", "is_submitter": false, "distinguished": null, "created_utc": 1619263727.0, "parent_id": "t1_gvmxocf", "replies": []}, {"author": "yuckscott", "id": "gvowqm9", "score": 4, "subreddit": "BuyItForLife", "author_flair": null, "submission": "mx35pp", "stickied": false, "body": "just gets soft on the underside of the frame rails. as someone else said, water gets inside the frame rails and sits there for years, slowly eating away at it. \n\nso I had a guy sandblast the frame to remove the rust and weak metal , which revealed some nice big holes. then he cut out all the thin spots, formed up some U-channel to match the frame rails and welded it in. passed safety the next day, which was a huge relief.\n\nI think most projects I do on the truck will center around replacing rusty components or trying to prevent future rust. other than that, it's in really good shape for 200k miles.", "is_submitter": false, "distinguished": null, "created_utc": 1619269763.0, "parent_id": "t1_gvmxocf", "replies": []}, {"author": "dankestweed", "id": "gvn308i", "score": 4, "subreddit": "BuyItForLife", "author_flair": null, "submission": "mx35pp", "stickied": false, "body": "They rust in half", "is_submitter": false, "distinguished": null, "created_utc": 1619232138.0, "parent_id": "t1_gvmxocf", "replies": []}]}]}, {"author": "_grey_wall", "id": "gvluyy7", "score": 15, "subreddit": "BuyItForLife", "author_flair": null, "submission": "mx35pp", "stickied": false, "body": "Alberta disagrees", "is_submitter": false, "distinguished": null, "created_utc": 1619209238.0, "parent_id": "t1_gvlrxoc", "replies": [{"author": "Atomic_Trains", "id": "gvmb9v4", "score": 13, "subreddit": "BuyItForLife", "author_flair": null, "submission": "mx35pp", "stickied": false, "body": "What", "is_submitter": false, "distinguished": null, "created_utc": 1619216999.0, "parent_id": "t1_gvluyy7", "replies": [{"author": "MyUncleIsBen", "id": "gvmvpbr", "score": 15, "subreddit": "BuyItForLife", "author_flair": null, "submission": "mx35pp", "stickied": false, "body": "Too cold for salt in AB, they use gravel", "is_submitter": false, "distinguished": null, "created_utc": 1619227908.0, "parent_id": "t1_gvmb9v4", "replies": [{"author": "berandomnes", "id": "gvnaxdj", "score": 1, "subreddit": "BuyItForLife", "author_flair": null, "submission": "mx35pp", "stickied": false, "body": "Calgary and probably the southern half of Alberta definetly salt their roads but yeah farther north gravel with 5% salt is the go to.", "is_submitter": false, "distinguished": null, "created_utc": 1619237077.0, "parent_id": "t1_gvmvpbr", "replies": [{"author": "Zillaho", "id": "gvnjruw", "score": 2, "subreddit": "BuyItForLife", "author_flair": null, "submission": "mx35pp", "stickied": false, "body": "Here in the hat they use regular ol gravel", "is_submitter": false, "distinguished": null, "created_utc": 1619243535.0, "parent_id": "t1_gvnaxdj", "replies": []}]}]}, {"author": "ElectricFred", "id": "gvmic9m", "score": 19, "subreddit": "BuyItForLife", "author_flair": null, "submission": "mx35pp", "stickied": false, "body": "The rest of Canada is wondering what the fuck Alberta was talking about  \n\n\nSo, business as usual", "is_submitter": false, "distinguished": null, "created_utc": 1619220660.0, "parent_id": "t1_gvmb9v4", "replies": []}]}]}, {"author": "DELETED", "id": "gvn3si9", "score": 2, "subreddit": "BuyItForLife", "author_flair": null, "submission": "mx35pp", "stickied": false, "body": "Your tires wont need lug nuts", "is_submitter": false, "distinguished": null, "created_utc": 1619232610.0, "parent_id": "t1_gvlrxoc", "replies": []}, {"author": "itsagrapefruit", "id": "gvqbo1m", "score": 2, "subreddit": "BuyItForLife", "author_flair": null, "submission": "mx35pp", "stickied": false, "body": "Just move to Saskatchewan, where it's too cold to use salt.", "is_submitter": false, "distinguished": null, "created_utc": 1619286139.0, "parent_id": "t1_gvlrxoc", "replies": []}, {"author": "stephenBB81", "id": "gvmuucn", "score": 6, "subreddit": "BuyItForLife", "author_flair": null, "submission": "mx35pp", "stickied": false, "body": "/Salty ONTARIO Winter Roads,  only us in Ontario have super salty roads,  rest of the country is pretty normal salt.", "is_submitter": false, "distinguished": null, "created_utc": 1619227433.0, "parent_id": "t1_gvlrxoc", "replies": [{"author": "bandito143", "id": "gvn9bid", "score": 8, "subreddit": "BuyItForLife", "author_flair": null, "submission": "mx35pp", "stickied": false, "body": "Les rues quebeqoises sont tr\u00e9s sal\u00e9es, comme une bonne poutine.", "is_submitter": false, "distinguished": null, "created_utc": 1619236042.0, "parent_id": "t1_gvmuucn", "replies": []}]}]}, {"author": "MonstahButtonz", "id": "gvlvcf3", "score": 46, "subreddit": "BuyItForLife", "author_flair": null, "submission": "mx35pp", "stickied": false, "body": "What happens when you break 999,999? Does the odometer stay there, or does it roll back over to 000,000?", "is_submitter": false, "distinguished": null, "created_utc": 1619209403.0, "parent_id": "t3_mx35pp", "replies": [{"author": "whosmellslikewetfeet", "id": "gvlwjof", "score": 69, "subreddit": "BuyItForLife", "author_flair": null, "submission": "mx35pp", "stickied": false, "body": "It goes back to zero, hence the term \"roll over.\"", "is_submitter": false, "distinguished": null, "created_utc": 1619209955.0, "parent_id": "t1_gvlvcf3", "replies": [{"author": "MonstahButtonz", "id": "gvlwwin", "score": 22, "subreddit": "BuyItForLife", "author_flair": null, "submission": "mx35pp", "stickied": false, "body": "Never heard the term before. How interesting. Do digital odometers go into the 7 digits?", "is_submitter": false, "distinguished": null, "created_utc": 1619210119.0, "parent_id": "t1_gvlwjof", "replies": [{"author": "whosmellslikewetfeet", "id": "gvlxd7s", "score": 32, "subreddit": "BuyItForLife", "author_flair": null, "submission": "mx35pp", "stickied": false, "body": "That I'm not sure about.  I would imagine not, because a car reaching 1,000,000 miles is still pretty rare.  A semi truck on the other hand...", "is_submitter": false, "distinguished": null, "created_utc": 1619210328.0, "parent_id": "t1_gvlwwin", "replies": []}, {"author": "DELETED", "id": "gvm21us", "score": 19, "subreddit": "BuyItForLife", "author_flair": null, "submission": "mx35pp", "stickied": false, "body": "Most dont. Toyotas I believe stop at 999,999.", "is_submitter": false, "distinguished": null, "created_utc": 1619212499.0, "parent_id": "t1_gvlwwin", "replies": [{"author": "MonstahButtonz", "id": "gvmnfsg", "score": 7, "subreddit": "BuyItForLife", "author_flair": null, "submission": "mx35pp", "stickied": false, "body": "So they don't roll over like the other person here said?", "is_submitter": false, "distinguished": null, "created_utc": 1619223409.0, "parent_id": "t1_gvm21us", "replies": [{"author": "DELETED", "id": "gvmq1b2", "score": 6, "subreddit": "BuyItForLife", "author_flair": null, "submission": "mx35pp", "stickied": false, "body": "Not to my knowledge. The Toyota digital odometers that I have heard of stop at 999,999. The analog will probably roll over however.", "is_submitter": false, "distinguished": null, "created_utc": 1619224811.0, "parent_id": "t1_gvmnfsg", "replies": []}, {"author": "CJLOLZ", "id": "gvyqgpe", "score": 2, "subreddit": "BuyItForLife", "author_flair": null, "submission": "mx35pp", "stickied": false, "body": "The digital ones do not display over 999,999 however the diagnostic utilities probably show accurate mileage. Analog(?) odometers will roll over after they reach their max. \n\nBack in the 80s my grandma had a BMW whose odometer only went to 100,000 miles, she went over that and got a trade in value for a 1,000 mile car.", "is_submitter": false, "distinguished": null, "created_utc": 1619464742.0, "parent_id": "t1_gvmnfsg", "replies": []}]}]}, {"author": "Snazzy21", "id": "gwofck8", "score": 1, "subreddit": "BuyItForLife", "author_flair": null, "submission": "mx35pp", "stickied": false, "body": "More common when cars only had 5 digits", "is_submitter": false, "distinguished": null, "created_utc": 1619972485.0, "parent_id": "t1_gvlwwin", "replies": []}]}, {"author": "DELETED", "id": "gvmgg41", "score": 14, "subreddit": "BuyItForLife", "author_flair": null, "submission": "mx35pp", "stickied": false, "body": "[deleted]", "is_submitter": false, "distinguished": null, "created_utc": 1619219664.0, "parent_id": "t1_gvlwjof", "replies": [{"author": "MeanwhileInSovietRus", "id": "gvq8ffg", "score": 4, "subreddit": "BuyItForLife", "author_flair": null, "submission": "mx35pp", "stickied": false, "body": "As you can see, it has 0 miles.", "is_submitter": false, "distinguished": null, "created_utc": 1619284538.0, "parent_id": "t1_gvmgg41", "replies": []}]}, {"author": "AlienDelarge", "id": "gvml1k8", "score": 8, "subreddit": "BuyItForLife", "author_flair": null, "submission": "mx35pp", "stickied": false, "body": "And then it regenerates into a brand new car, or so my mind chooses to believe.", "is_submitter": false, "distinguished": null, "created_utc": 1619222107.0, "parent_id": "t1_gvlwjof", "replies": []}]}, {"author": "smashdivisions", "id": "gvm5u30", "score": 30, "subreddit": "BuyItForLife", "author_flair": null, "submission": "mx35pp", "stickied": false, "body": "I have a 1968 Ford F-100, odometer only has 5 digits. I have no idea if it has 18k miles, 118k, 218k, 318k, 1.518M.... all I know is it\u2019s old as dirt and it still chugs along", "is_submitter": false, "distinguished": null, "created_utc": 1619214324.0, "parent_id": "t1_gvlvcf3", "replies": [{"author": "MonstahButtonz", "id": "gvmmvxi", "score": 5, "subreddit": "BuyItForLife", "author_flair": null, "submission": "mx35pp", "stickied": false, "body": "Damn that's wild! That's a good truck. My FIL has a 69 Ranger. I should go peep out his odometer. He dropped an Olds 442 into it though with low miles.", "is_submitter": false, "distinguished": null, "created_utc": 1619223108.0, "parent_id": "t1_gvm5u30", "replies": [{"author": "DELETED", "id": "gvmmwwg", "score": 10, "subreddit": "BuyItForLife", "author_flair": null, "submission": "mx35pp", "stickied": false, "body": "[removed]", "is_submitter": false, "distinguished": null, "created_utc": 1619223122.0, "parent_id": "t1_gvmmvxi", "replies": [{"author": "Fart_Professional85", "id": "gvnd41m", "score": 2, "subreddit": "BuyItForLife", "author_flair": null, "submission": "mx35pp", "stickied": false, "body": "Wtf lmao", "is_submitter": false, "distinguished": null, "created_utc": 1619238514.0, "parent_id": "t1_gvmmwwg", "replies": []}, {"author": "MonstahButtonz", "id": "gvmne5o", "score": 1, "subreddit": "BuyItForLife", "author_flair": null, "submission": "mx35pp", "stickied": false, "body": "Good bot.", "is_submitter": false, "distinguished": null, "created_utc": 1619223384.0, "parent_id": "t1_gvmmwwg", "replies": []}, {"author": "Tom245332", "id": "gvop920", "score": 1, "subreddit": "BuyItForLife", "author_flair": null, "submission": "mx35pp", "stickied": false, "body": "Best bot I\u2019ve seen on Reddit.", "is_submitter": false, "distinguished": null, "created_utc": 1619267568.0, "parent_id": "t1_gvmmwwg", "replies": []}]}]}, {"author": "zap_p25", "id": "gvowmdj", "score": 1, "subreddit": "BuyItForLife", "author_flair": null, "submission": "mx35pp", "stickied": false, "body": "5 digit odometers was pretty common on domestics up until the late 1980\u2019s. At the time, if you hit 100,000 miles your engine would need an overhaul anyway (the mechanicals weren\u2019t built to last but were built to be serviced and rebuilt).", "is_submitter": false, "distinguished": null, "created_utc": 1619269731.0, "parent_id": "t1_gvm5u30", "replies": []}]}, {"author": "DELETED", "id": "gvnew5z", "score": 1, "subreddit": "BuyItForLife", "author_flair": null, "submission": "mx35pp", "stickied": false, "body": "[deleted]", "is_submitter": false, "distinguished": null, "created_utc": 1619239775.0, "parent_id": "t1_gvlvcf3", "replies": [{"author": "converter-bot", "id": "gvnewqo", "score": 1, "subreddit": "BuyItForLife", "author_flair": null, "submission": "mx35pp", "stickied": false, "body": "25 miles is 40.23 km", "is_submitter": false, "distinguished": null, "created_utc": 1619239787.0, "parent_id": "t1_gvnew5z", "replies": []}]}, {"author": "Raps4Reddit", "id": "gvnwwtf", "score": 1, "subreddit": "BuyItForLife", "author_flair": null, "submission": "mx35pp", "stickied": false, "body": "Then you then sell it and say it only has 25 miles on it.", "is_submitter": false, "distinguished": null, "created_utc": 1619255917.0, "parent_id": "t1_gvlvcf3", "replies": [{"author": "converter-bot", "id": "gvnwx8b", "score": 0, "subreddit": "BuyItForLife", "author_flair": null, "submission": "mx35pp", "stickied": false, "body": "25 miles is 40.23 km", "is_submitter": false, "distinguished": null, "created_utc": 1619255929.0, "parent_id": "t1_gvnwwtf", "replies": []}]}]}, {"author": "donkey_pee_pee", "id": "gvlypa6", "score": 81, "subreddit": "BuyItForLife", "author_flair": null, "submission": "mx35pp", "stickied": false, "body": "Illegal pro life tip: drive it 100k more miles then sell it as barely driven", "is_submitter": false, "distinguished": null, "created_utc": 1619210947.0, "parent_id": "t3_mx35pp", "replies": [{"author": "iBuyBackpacks", "id": "gvmk1e5", "score": 10, "subreddit": "BuyItForLife", "author_flair": null, "submission": "mx35pp", "stickied": false, "body": "The real LPT\u2019s are always in the comments", "is_submitter": false, "distinguished": null, "created_utc": 1619221570.0, "parent_id": "t1_gvlypa6", "replies": []}]}, {"author": "bgei952", "id": "gvlu2pw", "score": 9, "subreddit": "BuyItForLife", "author_flair": null, "submission": "mx35pp", "stickied": false, "body": "Give me some of that mojo- 1996 camry still going strong. 275.", "is_submitter": false, "distinguished": null, "created_utc": 1619208828.0, "parent_id": "t3_mx35pp", "replies": [{"author": "solomaniac", "id": "gvmcsor", "score": 1, "subreddit": "BuyItForLife", "author_flair": null, "submission": "mx35pp", "stickied": false, "body": "98 here, only 160k miles. Did full timing and valve cover at 150k and about to do complete suspension overall with OEM in a few weeks", "is_submitter": false, "distinguished": null, "created_utc": 1619217783.0, "parent_id": "t1_gvlu2pw", "replies": [{"author": "murphyslawwhore", "id": "gvn2tg4", "score": 2, "subreddit": "BuyItForLife", "author_flair": null, "submission": "mx35pp", "stickied": false, "body": "Suspension should not be worn out at 160K miles. I've maintained a 2001 Camry since new with almost 300K miles without replacing one suspension component.", "is_submitter": false, "distinguished": null, "created_utc": 1619232023.0, "parent_id": "t1_gvmcsor", "replies": [{"author": "solomaniac", "id": "gvn30ga", "score": 3, "subreddit": "BuyItForLife", "author_flair": null, "submission": "mx35pp", "stickied": false, "body": "I would normally agree with you but I got the car at 110k miles and the original owners actually went up from 14 stock tires to 15s so the suspension prematurely wore from it and all the bushing and such are shot so it\u2019s easier to just knock it all out at once. I have all kinds of creaks and groans and sagging struts and not from rust", "is_submitter": false, "distinguished": null, "created_utc": 1619232142.0, "parent_id": "t1_gvn2tg4", "replies": []}, {"author": "HereOnRedditAgain", "id": "gvqedr7", "score": 1, "subreddit": "BuyItForLife", "author_flair": null, "submission": "mx35pp", "stickied": false, "body": "Depends on the roads you drive on. It feels like a war zone around these parts (major city in California), you have to dodge some of the giant potholes. You can feel your soul leaving your body when you hit one. They fixed some of the roads during the pandemic and those parts are amazing to drive on now.", "is_submitter": false, "distinguished": null, "created_utc": 1619287447.0, "parent_id": "t1_gvn2tg4", "replies": [{"author": "murphyslawwhore", "id": "gvqfcl6", "score": 1, "subreddit": "BuyItForLife", "author_flair": null, "submission": "mx35pp", "stickied": false, "body": "I lived in the SF bay area for 35 years. I'm well aware of California and its garbage roads.", "is_submitter": false, "distinguished": null, "created_utc": 1619287914.0, "parent_id": "t1_gvqedr7", "replies": []}]}]}]}]}, {"author": "thecakefashionista", "id": "gvlpj6b", "score": 26, "subreddit": "BuyItForLife", "author_flair": null, "submission": "mx35pp", "stickied": false, "body": "Dang and I thought I was cool for being at 243K on my 2007 Rav", "is_submitter": false, "distinguished": null, "created_utc": 1619206753.0, "parent_id": "t3_mx35pp", "replies": [{"author": "kalpol", "id": "gvlvini", "score": 18, "subreddit": "BuyItForLife", "author_flair": null, "submission": "mx35pp", "stickied": false, "body": "pish posh, try that on a 90s Chrysler product", "is_submitter": false, "distinguished": null, "created_utc": 1619209483.0, "parent_id": "t1_gvlpj6b", "replies": [{"author": "dat_fella", "id": "gvm4ghs", "score": 19, "subreddit": "BuyItForLife", "author_flair": null, "submission": "mx35pp", "stickied": false, "body": "Or on any Chrysler product tbh", "is_submitter": false, "distinguished": null, "created_utc": 1619213654.0, "parent_id": "t1_gvlvini", "replies": [{"author": "MacTechG4", "id": "gvmaqy7", "score": 10, "subreddit": "BuyItForLife", "author_flair": null, "submission": "mx35pp", "stickied": false, "body": "<Scotty Kilmer> Endless Money Pit! ;)", "is_submitter": false, "distinguished": null, "created_utc": 1619216738.0, "parent_id": "t1_gvm4ghs", "replies": []}, {"author": "bolt_in_blue", "id": "gw31a75", "score": 2, "subreddit": "BuyItForLife", "author_flair": null, "submission": "mx35pp", "stickied": false, "body": "My grandfather drove his 1969 Plymouth Fury III until 1990, and it had over 350,000 miles when he gave it to my uncle, who sold it at 400,000. My understanding is the engine was rebuilt around 250k, but the transmission was all original and it was still running when my uncle moved away from where it was sold.", "is_submitter": false, "distinguished": null, "created_utc": 1619550250.0, "parent_id": "t1_gvm4ghs", "replies": []}]}, {"author": "cruncheweezy", "id": "gvn6weo", "score": 7, "subreddit": "BuyItForLife", "author_flair": null, "submission": "mx35pp", "stickied": false, "body": "My 00 Chrysler neon made 242k\n\nRIP NEMO YOU WERE THE BEST $500 AUCTION BEATER A GUY COULD ASK FOR", "is_submitter": false, "distinguished": null, "created_utc": 1619234523.0, "parent_id": "t1_gvlvini", "replies": []}]}]}, {"author": "Coniglio_Bianco", "id": "gvm06di", "score": 7, "subreddit": "BuyItForLife", "author_flair": null, "submission": "mx35pp", "stickied": false, "body": "Been driving a 91 toyota corolla for 10 years now. Figured id drive it until it dies on me but it just keeps going.", "is_submitter": false, "distinguished": null, "created_utc": 1619211616.0, "parent_id": "t3_mx35pp", "replies": [{"author": "gargravarr2112", "id": "gvnubc8", "score": 5, "subreddit": "BuyItForLife", "author_flair": null, "submission": "mx35pp", "stickied": false, "body": "It'll probably outlive you.", "is_submitter": false, "distinguished": null, "created_utc": 1619253271.0, "parent_id": "t1_gvm06di", "replies": []}, {"author": "DELETED", "id": "gvqiyxt", "score": 1, "subreddit": "BuyItForLife", "author_flair": null, "submission": "mx35pp", "stickied": false, "body": "My 93 Corolla was still running fine when it was old enough to rent itself.", "is_submitter": false, "distinguished": null, "created_utc": 1619289684.0, "parent_id": "t1_gvm06di", "replies": []}]}, {"author": "DrC8H10N4O2", "id": "gvlvx82", "score": 44, "subreddit": "BuyItForLife", "author_flair": null, "submission": "mx35pp", "stickied": false, "body": "90 model Camrys and accords just don\u2019t die easily. The funniest thing on this thread was someone saying they called Toyota about it for publicity and Toyota respond with a fucking meh because they designed them to do that.", "is_submitter": false, "distinguished": null, "created_utc": 1619209668.0, "parent_id": "t3_mx35pp", "replies": []}, {"author": "DELETED", "id": "gvm5nb2", "score": 16, "subreddit": "BuyItForLife", "author_flair": null, "submission": "mx35pp", "stickied": false, "body": "Our Toyota sales person said they take it apart and X-ray the car if you make a million miles. I think he said something about giving you another one. But he was a real slime ball", "is_submitter": false, "distinguished": null, "created_utc": 1619214232.0, "parent_id": "t3_mx35pp", "replies": [{"author": "DELETED", "id": "gvm7vex", "score": 5, "subreddit": "BuyItForLife", "author_flair": null, "submission": "mx35pp", "stickied": false, "body": "Possible. I don\u2019t work for Toyota, so I\u2019m not sure", "is_submitter": false, "distinguished": null, "created_utc": 1619215320.0, "parent_id": "t1_gvm5nb2", "replies": [{"author": "_babycheeses", "id": "gvmq9wu", "score": 8, "subreddit": "BuyItForLife", "author_flair": null, "submission": "mx35pp", "stickied": false, "body": "I don\u2019t work for Toyota either and I also don\u2019t know.", "is_submitter": false, "distinguished": null, "created_utc": 1619224940.0, "parent_id": "t1_gvm7vex", "replies": [{"author": "alldayalldayallday76", "id": "gvnbhut", "score": 6, "subreddit": "BuyItForLife", "author_flair": null, "submission": "mx35pp", "stickied": false, "body": "That's no excuse.", "is_submitter": false, "distinguished": null, "created_utc": 1619237444.0, "parent_id": "t1_gvmq9wu", "replies": []}]}]}]}, {"author": "toolmuffin777", "id": "gvm2h6g", "score": 7, "subreddit": "BuyItForLife", "author_flair": null, "submission": "mx35pp", "stickied": false, "body": "Im at 260k on my 97 Lexus es300. And its not even close to dying.", "is_submitter": false, "distinguished": null, "created_utc": 1619212701.0, "parent_id": "t3_mx35pp", "replies": [{"author": "geddyme", "id": "gvm348v", "score": 7, "subreddit": "BuyItForLife", "author_flair": null, "submission": "mx35pp", "stickied": false, "body": "273K on my 97 Lexus ES300!  I love it and will drive it forever.  My mechanic says they just don't make them like that anymore - these late 90s Lexus engines are practically indestructible.", "is_submitter": false, "distinguished": null, "created_utc": 1619213004.0, "parent_id": "t1_gvm2h6g", "replies": [{"author": "jetsamrover", "id": "gvpxys0", "score": 2, "subreddit": "BuyItForLife", "author_flair": null, "submission": "mx35pp", "stickied": false, "body": "My es300 died around 300 from electrical problems.", "is_submitter": false, "distinguished": null, "created_utc": 1619280070.0, "parent_id": "t1_gvm348v", "replies": [{"author": "Ghostforce56", "id": "gvzujb1", "score": 1, "subreddit": "BuyItForLife", "author_flair": null, "submission": "mx35pp", "stickied": false, "body": "It died because you gave up on it.", "is_submitter": false, "distinguished": null, "created_utc": 1619483321.0, "parent_id": "t1_gvpxys0", "replies": []}]}]}]}, {"author": "Sethrymir", "id": "gvlt2jt", "score": 8, "subreddit": "BuyItForLife", "author_flair": null, "submission": "mx35pp", "stickied": false, "body": "My 2005 is at 455k, best car I\u2019ve ever owned.", "is_submitter": false, "distinguished": null, "created_utc": 1619208373.0, "parent_id": "t3_mx35pp", "replies": [{"author": "Hilldawg4president", "id": "gvmmf2c", "score": 2, "subreddit": "BuyItForLife", "author_flair": null, "submission": "mx35pp", "stickied": false, "body": "My 2010 Corolla is just about to hit 200k, and hasn't had a single repair ever. Oil changes, tires rotated/replaced... that's pretty much it. No headlights, no belt, nothing fixed or replaced that entire time.\n\nThough I will say, the driver door armrest thing, that cracked literally the second month, right where my elbow rests. Repositioned in my seat once by placing my weight on that elbow, and the other on the center console, and the left elbow rest broke.", "is_submitter": false, "distinguished": null, "created_utc": 1619222852.0, "parent_id": "t1_gvlt2jt", "replies": [{"author": "JohnSherlockHolmes", "id": "gvn2lrm", "score": 7, "subreddit": "BuyItForLife", "author_flair": null, "submission": "mx35pp", "stickied": false, "body": "For the love of god, change out the timing belt and water pump. Those belts are not rated for that kind of life expectancy and when they break it's a catastrophic motor failure. It's also highly recommended to change your serpentine belt/auxiliary belts because those breaking can leave you without vital controls at speed.", "is_submitter": false, "distinguished": null, "created_utc": 1619231896.0, "parent_id": "t1_gvmmf2c", "replies": [{"author": "HereOnRedditAgain", "id": "gvqekzh", "score": 1, "subreddit": "BuyItForLife", "author_flair": null, "submission": "mx35pp", "stickied": false, "body": "That thing has a timing chain. I agree with the rest though", "is_submitter": false, "distinguished": null, "created_utc": 1619287547.0, "parent_id": "t1_gvn2lrm", "replies": []}]}, {"author": "aerodeck", "id": "gvn5tzt", "score": 1, "subreddit": "BuyItForLife", "author_flair": null, "submission": "mx35pp", "stickied": false, "body": "Surely you\u2019ve done brakes, pads at the very least\u2014 but also rotors I\u2019d guess in that time. Surely.", "is_submitter": false, "distinguished": null, "created_utc": 1619233861.0, "parent_id": "t1_gvmmf2c", "replies": [{"author": "Hilldawg4president", "id": "gvn6y95", "score": 1, "subreddit": "BuyItForLife", "author_flair": null, "submission": "mx35pp", "stickied": false, "body": "Yes on brakes, rotors once. I would consider that basic maintenance.", "is_submitter": false, "distinguished": null, "created_utc": 1619234555.0, "parent_id": "t1_gvn5tzt", "replies": [{"author": "aerodeck", "id": "gvn7bef", "score": 1, "subreddit": "BuyItForLife", "author_flair": null, "submission": "mx35pp", "stickied": false, "body": "> I would consider that basic maintenance.\n\nLike oil changes and rotating tires?  \n\n...which you mentioned in your \u201cpretty much it\u201d list", "is_submitter": false, "distinguished": null, "created_utc": 1619234786.0, "parent_id": "t1_gvn6y95", "replies": []}, {"author": "Surround_Just", "id": "gvnlk23", "score": 1, "subreddit": "BuyItForLife", "author_flair": null, "submission": "mx35pp", "stickied": false, "body": "You should change the belt. That tiny cost will save you from that catastrophic  engine failure", "is_submitter": false, "distinguished": null, "created_utc": 1619245048.0, "parent_id": "t1_gvn6y95", "replies": []}]}, {"author": "cruncheweezy", "id": "gvn70eh", "score": 1, "subreddit": "BuyItForLife", "author_flair": null, "submission": "mx35pp", "stickied": false, "body": "I think those count as routine maintenance and not repairs", "is_submitter": false, "distinguished": null, "created_utc": 1619234592.0, "parent_id": "t1_gvn5tzt", "replies": []}]}, {"author": "SweetBearCub", "id": "gvnnkka", "score": 1, "subreddit": "BuyItForLife", "author_flair": null, "submission": "mx35pp", "stickied": false, "body": "> My 2010 Corolla is just about to hit 200k, and hasn't had a single repair ever. Oil changes, tires rotated/replaced... that's pretty much it. No headlights, no belt, nothing fixed or replaced that entire time.\n\nYou do realize that you're saying that you don't perform regular maintenance on it if you leave out chunks of really important stuff, right? That's a bad thing.\n\nThese types of vehicles need replacement timing belts/water pumps, serpentine belts, spark plugs/wires, coolant flushes, transmission fluid flushes (regardless of auto or manual, trans fluid is not lifetime) and possibly more, all listed in the owner's manual.\n\nFor example, a person calls into Car Talk (when it was live on the air), tells the hosts that his automatic transmission car is hesitating to shift into gear, the fluid is black, etc. And then they act SURPRISED when the hosts ask if the fluid and filter were ever replaced. \"No, all I've changed is the engine oil, isn't that enough?\" \"Uh, no\" \"I'm a poor student, I can't afford a new transmission!\" \"That's too bad, maintain your stuff\"", "is_submitter": false, "distinguished": null, "created_utc": 1619246841.0, "parent_id": "t1_gvmmf2c", "replies": [{"author": "Hilldawg4president", "id": "gvolww2", "score": 1, "subreddit": "BuyItForLife", "author_flair": null, "submission": "mx35pp", "stickied": false, "body": "I should have said then that I periodically take it for an overall checkup, and thus far no shop has recommended I change any of those out yet", "is_submitter": false, "distinguished": null, "created_utc": 1619266559.0, "parent_id": "t1_gvnnkka", "replies": []}]}]}]}, {"author": "fruitninja8", "id": "gvlznm4", "score": 3, "subreddit": "BuyItForLife", "author_flair": null, "submission": "mx35pp", "stickied": false, "body": "Would love to see the video of it turning from 999999 to 0. Hah!", "is_submitter": false, "distinguished": null, "created_utc": 1619211377.0, "parent_id": "t3_mx35pp", "replies": []}, {"author": "DELETED", "id": "gvm6ibq", "score": 3, "subreddit": "BuyItForLife", "author_flair": null, "submission": "mx35pp", "stickied": false, "body": "No mention of those old Toyota trucks used by gardeners? Those are bullet proof", "is_submitter": false, "distinguished": null, "created_utc": 1619214652.0, "parent_id": "t3_mx35pp", "replies": [{"author": "MacTechG4", "id": "gvmazsv", "score": 2, "subreddit": "BuyItForLife", "author_flair": null, "submission": "mx35pp", "stickied": false, "body": "https://youtu.be/kFnVZXQD5_k", "is_submitter": false, "distinguished": null, "created_utc": 1619216857.0, "parent_id": "t1_gvm6ibq", "replies": [{"author": "_babycheeses", "id": "gvmqw04", "score": 1, "subreddit": "BuyItForLife", "author_flair": null, "submission": "mx35pp", "stickied": false, "body": "Classic", "is_submitter": false, "distinguished": null, "created_utc": 1619225274.0, "parent_id": "t1_gvmazsv", "replies": []}]}]}, {"author": "HypercubicTeapot", "id": "gvmp222", "score": 3, "subreddit": "BuyItForLife", "author_flair": null, "submission": "mx35pp", "stickied": false, "body": "I wish 20 year old me had gotten a Corolla instead of a Yaris \ud83d\ude2c", "is_submitter": false, "distinguished": null, "created_utc": 1619224282.0, "parent_id": "t3_mx35pp", "replies": [{"author": "Skrendendalin", "id": "gzg5ifw", "score": 1, "subreddit": "BuyItForLife", "author_flair": null, "submission": "mx35pp", "stickied": false, "body": "The Yaris is supposed to be incredibly reliable. Is yours not?", "is_submitter": false, "distinguished": null, "created_utc": 1621983535.0, "parent_id": "t1_gvmp222", "replies": [{"author": "HypercubicTeapot", "id": "gzgbxr4", "score": 1, "subreddit": "BuyItForLife", "author_flair": null, "submission": "mx35pp", "stickied": false, "body": "For the most part, yeah, and admittedly part of my issue has been user error because I am somehow *still* terrible at driving stick after 15 years and have done some damage to both 2nd and 3rd gear, but it really would have been nice to have a car that could also take more than 1 passenger *and* a full grocery load. (The hatchback is... not great for carpooling.)\n\nOverall it's survived me beating the crap out of it, though, so that's saying something.", "is_submitter": false, "distinguished": null, "created_utc": 1621986784.0, "parent_id": "t1_gzg5ifw", "replies": [{"author": "Skrendendalin", "id": "gzgkvt0", "score": 1, "subreddit": "BuyItForLife", "author_flair": null, "submission": "mx35pp", "stickied": false, "body": "As someone who is looking to buy a Yaris thank you for your response!", "is_submitter": false, "distinguished": null, "created_utc": 1621991276.0, "parent_id": "t1_gzgbxr4", "replies": []}]}]}]}, {"author": "buddythePM", "id": "gvlwcb9", "score": 5, "subreddit": "BuyItForLife", "author_flair": null, "submission": "mx35pp", "stickied": false, "body": "Your clock spring may be needing a replacement with the airbag indicator light on.", "is_submitter": false, "distinguished": null, "created_utc": 1619209860.0, "parent_id": "t3_mx35pp", "replies": []}, {"author": "Coffekid", "id": "gvmart4", "score": 2, "subreddit": "BuyItForLife", "author_flair": null, "submission": "mx35pp", "stickied": false, "body": "DX?", "is_submitter": false, "distinguished": null, "created_utc": 1619216749.0, "parent_id": "t3_mx35pp", "replies": []}, {"author": "Royal_Home_1666", "id": "gvmdytk", "score": 2, "subreddit": "BuyItForLife", "author_flair": null, "submission": "mx35pp", "stickied": false, "body": "Show me the carfax!", "is_submitter": false, "distinguished": null, "created_utc": 1619218380.0, "parent_id": "t3_mx35pp", "replies": [{"author": "DELETED", "id": "gvmg6mb", "score": 3, "subreddit": "BuyItForLife", "author_flair": null, "submission": "mx35pp", "stickied": false, "body": "Sorry we don\u2019t serve CARFAX here. Will autocheck work?", "is_submitter": false, "distinguished": null, "created_utc": 1619219525.0, "parent_id": "t1_gvmdytk", "replies": []}]}, {"author": "Jonlife", "id": "gvmzzxr", "score": 2, "subreddit": "BuyItForLife", "author_flair": null, "submission": "mx35pp", "stickied": false, "body": "What's with people taking photos of solid tanks and posting on here, lol. \n\nToyota definitely gets my respect for what they do. Here's to another 100k miles", "is_submitter": false, "distinguished": null, "created_utc": 1619230351.0, "parent_id": "t3_mx35pp", "replies": []}, {"author": "Mammoth-Man1", "id": "gvn2f84", "score": 2, "subreddit": "BuyItForLife", "author_flair": null, "submission": "mx35pp", "stickied": false, "body": "What has maintenance been like? Are there things you check/replace every 100K? Any expensive repair jobs?", "is_submitter": false, "distinguished": null, "created_utc": 1619231790.0, "parent_id": "t3_mx35pp", "replies": [{"author": "mathfordata", "id": "gvplqmc", "score": 1, "subreddit": "BuyItForLife", "author_flair": null, "submission": "mx35pp", "stickied": false, "body": "This is what I wanna know", "is_submitter": false, "distinguished": null, "created_utc": 1619276312.0, "parent_id": "t1_gvn2f84", "replies": []}]}, {"author": "mgillespie175", "id": "gvlpruy", "score": 2, "subreddit": "BuyItForLife", "author_flair": null, "submission": "mx35pp", "stickied": false, "body": "OEM?", "is_submitter": false, "distinguished": null, "created_utc": 1619206864.0, "parent_id": "t3_mx35pp", "replies": [{"author": "darekd003", "id": "gvm5k3s", "score": 4, "subreddit": "BuyItForLife", "author_flair": null, "submission": "mx35pp", "stickied": false, "body": "Nah, probably full of NOS ;)", "is_submitter": false, "distinguished": null, "created_utc": 1619214187.0, "parent_id": "t1_gvlpruy", "replies": []}, {"author": "PBreezy6", "id": "gvn23t2", "score": 2, "subreddit": "BuyItForLife", "author_flair": null, "submission": "mx35pp", "stickied": false, "body": "Original equipment manufacturer. Factory parts.", "is_submitter": false, "distinguished": null, "created_utc": 1619231600.0, "parent_id": "t1_gvlpruy", "replies": [{"author": "mgillespie175", "id": "gvnbgik", "score": 1, "subreddit": "BuyItForLife", "author_flair": null, "submission": "mx35pp", "stickied": false, "body": "i know silly i'm asking if those 950k are oem haha", "is_submitter": false, "distinguished": null, "created_utc": 1619237421.0, "parent_id": "t1_gvn23t2", "replies": []}]}]}, {"author": "santinosaid", "id": "gvlvtgt", "score": 2, "subreddit": "BuyItForLife", "author_flair": null, "submission": "mx35pp", "stickied": false, "body": "Makes me feel better about totaling my accent a few weeks ago and then buying a 16\u2019 corolla this past weekend \ud83d\ude0e", "is_submitter": false, "distinguished": null, "created_utc": 1619209621.0, "parent_id": "t3_mx35pp", "replies": []}, {"author": "king_frederick_iv", "id": "gvmro65", "score": 1, "subreddit": "BuyItForLife", "author_flair": null, "submission": "mx35pp", "stickied": false, "body": "i\u2019ll buy it for bout tree fiddy", "is_submitter": false, "distinguished": null, "created_utc": 1619225702.0, "parent_id": "t3_mx35pp", "replies": []}, {"author": "A_WildStory_Appeared", "id": "gvo9gvq", "score": 1, "subreddit": "BuyItForLife", "author_flair": null, "submission": "mx35pp", "stickied": false, "body": "The 'You're about to get hit by a glowing beach ball' light is on.", "is_submitter": false, "distinguished": null, "created_utc": 1619262502.0, "parent_id": "t3_mx35pp", "replies": []}, {"author": "DELETED", "id": "gvlzlfj", "score": 1, "subreddit": "BuyItForLife", "author_flair": null, "submission": "mx35pp", "stickied": false, "body": "That\u2019s like 40,000 miles a year? I wonder what he pays in insurance", "is_submitter": false, "distinguished": null, "created_utc": 1619211350.0, "parent_id": "t3_mx35pp", "replies": [{"author": "DELETED", "id": "gvm2ih6", "score": 3, "subreddit": "BuyItForLife", "author_flair": null, "submission": "mx35pp", "stickied": false, "body": "LPT: you don\u2019t need to pay for insurance if you drop your policy", "is_submitter": false, "distinguished": null, "created_utc": 1619212719.0, "parent_id": "t1_gvlzlfj", "replies": [{"author": "DELETED", "id": "gvm381m", "score": 2, "subreddit": "BuyItForLife", "author_flair": null, "submission": "mx35pp", "stickied": false, "body": "What if you hit someone?", "is_submitter": false, "distinguished": null, "created_utc": 1619213055.0, "parent_id": "t1_gvm2ih6", "replies": [{"author": "DELETED", "id": "gvm4ksi", "score": 6, "subreddit": "BuyItForLife", "author_flair": null, "submission": "mx35pp", "stickied": false, "body": "Don\u2019t hit anyone, duh!\n\n\nJust kidding don\u2019t actually drive without insurance. Really bad idea.", "is_submitter": false, "distinguished": null, "created_utc": 1619213711.0, "parent_id": "t1_gvm381m", "replies": []}, {"author": "breakshooter12", "id": "gvm4xe2", "score": 3, "subreddit": "BuyItForLife", "author_flair": null, "submission": "mx35pp", "stickied": false, "body": "don't", "is_submitter": false, "distinguished": null, "created_utc": 1619213878.0, "parent_id": "t1_gvm381m", "replies": []}]}]}, {"author": "zap_p25", "id": "gvoy8l6", "score": 1, "subreddit": "BuyItForLife", "author_flair": null, "submission": "mx35pp", "stickied": false, "body": "Between my wife and I\u2026we drive 80,000-90,000 miles a year on three different vehicles. Two vehicles have \u201cfull\u201d coverage (which is a requirement in the lien contract) and the third just has liability. In a normal year, she does about 50,000 miles on her car, I put about 30,000 miles on my car and 10,000 miles on my pickup. I also do about 3,000-5,000 miles on a Jeep but that\u2019s rolled in on a different policy. Insurance is roughly $2500 a year.", "is_submitter": false, "distinguished": null, "created_utc": 1619270174.0, "parent_id": "t1_gvlzlfj", "replies": [{"author": "DELETED", "id": "gvpkia0", "score": 1, "subreddit": "BuyItForLife", "author_flair": null, "submission": "mx35pp", "stickied": false, "body": "Which state? That\u2019s pretty cheap. I have two vehicles covered, full coverage 30/60/100 plus uninsured motorist, in CA, we pay 187 a month. And that\u2019s cheap for us. I drive less than a mile to work", "is_submitter": false, "distinguished": null, "created_utc": 1619276005.0, "parent_id": "t1_gvoy8l6", "replies": [{"author": "zap_p25", "id": "gvpl891", "score": 1, "subreddit": "BuyItForLife", "author_flair": null, "submission": "mx35pp", "stickied": false, "body": "Texas", "is_submitter": false, "distinguished": null, "created_utc": 1619276183.0, "parent_id": "t1_gvpkia0", "replies": []}]}]}]}, {"author": "Puzzled-Rabbit", "id": "gvm9i8p", "score": 1, "subreddit": "BuyItForLife", "author_flair": null, "submission": "mx35pp", "stickied": false, "body": "If maintained", "is_submitter": false, "distinguished": null, "created_utc": 1619216137.0, "parent_id": "t3_mx35pp", "replies": []}, {"author": "Khanhdesu", "id": "gvmbwfs", "score": 1, "subreddit": "BuyItForLife", "author_flair": null, "submission": "mx35pp", "stickied": false, "body": "Just bought a Carolla, this is the goal", "is_submitter": false, "distinguished": null, "created_utc": 1619217324.0, "parent_id": "t3_mx35pp", "replies": [{"author": "aerodeck", "id": "gvn60gs", "score": 3, "subreddit": "BuyItForLife", "author_flair": null, "submission": "mx35pp", "stickied": false, "body": "Bad news, you bought the wrong car. Corolla is what you shoulda got.", "is_submitter": false, "distinguished": null, "created_utc": 1619233972.0, "parent_id": "t1_gvmbwfs", "replies": []}]}, {"author": "RobertgBC", "id": "gvmi82s", "score": 1, "subreddit": "BuyItForLife", "author_flair": null, "submission": "mx35pp", "stickied": false, "body": "950,000 miles?!!", "is_submitter": false, "distinguished": null, "created_utc": 1619220596.0, "parent_id": "t3_mx35pp", "replies": []}, {"author": "Particular_Signal_50", "id": "gvmj1zx", "score": 1, "subreddit": "BuyItForLife", "author_flair": null, "submission": "mx35pp", "stickied": false, "body": "Yuhyuhyuhyuhyuhyuhyuhyuh!", "is_submitter": false, "distinguished": null, "created_utc": 1619221043.0, "parent_id": "t3_mx35pp", "replies": []}, {"author": "AlienDelarge", "id": "gvmlaa8", "score": 1, "subreddit": "BuyItForLife", "author_flair": null, "submission": "mx35pp", "stickied": false, "body": "I'm not even to 300k on my 95, but its been a great car.", "is_submitter": false, "distinguished": null, "created_utc": 1619222239.0, "parent_id": "t3_mx35pp", "replies": []}, {"author": "Jmh302", "id": "gvmnuoa", "score": 1, "subreddit": "BuyItForLife", "author_flair": null, "submission": "mx35pp", "stickied": false, "body": "I had a 95 Corolla about 5 years ago as my first car lol  it has well over 200000 miles. Then I rear ended someone..AND IT STILL RAN. It was so busted up that is was not worth the fix but I drove it through the trail in the woods because it still worked.", "is_submitter": false, "distinguished": null, "created_utc": 1619223630.0, "parent_id": "t3_mx35pp", "replies": []}, {"author": "TheHamsBurlgar", "id": "gvmw1iw", "score": 1, "subreddit": "BuyItForLife", "author_flair": null, "submission": "mx35pp", "stickied": false, "body": "My wife and I just bought one of these. 57,000 miles on it. We plan on having it for at least 20 years.", "is_submitter": false, "distinguished": null, "created_utc": 1619228096.0, "parent_id": "t3_mx35pp", "replies": []}, {"author": "plutothegreat", "id": "gvn1xwx", "score": 1, "subreddit": "BuyItForLife", "author_flair": null, "submission": "mx35pp", "stickied": false, "body": "I accidentally killed an 89 Toyota (maybe a Corolla? Idr it was years ago) by taking it on the highway. When the weather was cold, I had to do a sequence of pumping the gas, brakes and turning the accessories on to get it it start. The thing had no blind spots tho, and even tho this was over ten years ago easily, I\u2019m still hyper aware of how much I can\u2019t see out of my 2010 Corolla \ud83d\ude11", "is_submitter": false, "distinguished": null, "created_utc": 1619231500.0, "parent_id": "t3_mx35pp", "replies": []}, {"author": "SpaceCadetDaisy", "id": "gvno7gy", "score": 1, "subreddit": "BuyItForLife", "author_flair": null, "submission": "mx35pp", "stickied": false, "body": "Eyyooo! 98 corolla owner here - congrats! Truly bifl", "is_submitter": false, "distinguished": null, "created_utc": 1619247418.0, "parent_id": "t3_mx35pp", "replies": []}, {"author": "Swiss_El_Rosso", "id": "gvnx446", "score": 1, "subreddit": "BuyItForLife", "author_flair": null, "submission": "mx35pp", "stickied": false, "body": "Sir, i wish you a lot more miles with this car. My Toyota (Picnic) Ipsum from 1998 is on 295 000 km, i hope to get him a long reach more", "is_submitter": false, "distinguished": null, "created_utc": 1619256117.0, "parent_id": "t3_mx35pp", "replies": []}, {"author": "muddyriverhermit", "id": "gvo0fx6", "score": 1, "subreddit": "BuyItForLife", "author_flair": null, "submission": "mx35pp", "stickied": false, "body": "A vehicle is just another tool in the toolbox!", "is_submitter": false, "distinguished": null, "created_utc": 1619258828.0, "parent_id": "t3_mx35pp", "replies": []}, {"author": "xrubicon13", "id": "gvo21km", "score": 1, "subreddit": "BuyItForLife", "author_flair": null, "submission": "mx35pp", "stickied": false, "body": "It's usually the rust that gets to it", "is_submitter": false, "distinguished": null, "created_utc": 1619259568.0, "parent_id": "t3_mx35pp", "replies": []}, {"author": "suomymona", "id": "gvo72er", "score": 1, "subreddit": "BuyItForLife", "author_flair": null, "submission": "mx35pp", "stickied": false, "body": "I'm at 195k on my 2001 4runner!!! woot", "is_submitter": false, "distinguished": null, "created_utc": 1619261503.0, "parent_id": "t3_mx35pp", "replies": []}, {"author": "Bigz11", "id": "gvpmm7k", "score": 1, "subreddit": "BuyItForLife", "author_flair": null, "submission": "mx35pp", "stickied": false, "body": "That\u2019s crazy! I currently drive a 99 Corolla tat was my grandmas! Te crazy part about it is that it has less than 40k miles on it. I\u2019ll most likely break that by the end of summer but we\u2019ll see!", "is_submitter": false, "distinguished": null, "created_utc": 1619276534.0, "parent_id": "t3_mx35pp", "replies": []}, {"author": "Dewahll", "id": "gvpzq8t", "score": 1, "subreddit": "BuyItForLife", "author_flair": null, "submission": "mx35pp", "stickied": false, "body": "280,000 on my \u201804. It\u2019s a champ. I hope to see those big numbers on it one day!", "is_submitter": false, "distinguished": null, "created_utc": 1619280632.0, "parent_id": "t3_mx35pp", "replies": []}, {"author": "transaisa", "id": "gvqk52f", "score": 1, "subreddit": "BuyItForLife", "author_flair": null, "submission": "mx35pp", "stickied": false, "body": "WOW! Japanese made!", "is_submitter": false, "distinguished": null, "created_utc": 1619290264.0, "parent_id": "t3_mx35pp", "replies": []}, {"author": "amandalaguera", "id": "gvu561h", "score": 1, "subreddit": "BuyItForLife", "author_flair": null, "submission": "mx35pp", "stickied": false, "body": "The major mechanical components can\u2019t possibly still be original though, right?", "is_submitter": false, "distinguished": null, "created_utc": 1619371374.0, "parent_id": "t3_mx35pp", "replies": []}, {"author": "DELETED", "id": "gvvxeo5", "score": 1, "subreddit": "BuyItForLife", "author_flair": null, "submission": "mx35pp", "stickied": false, "body": "This is why I just bought a gx470. 222k on the clock and runs perfect. Plan to run it to atleaat 350.", "is_submitter": false, "distinguished": null, "created_utc": 1619403975.0, "parent_id": "t3_mx35pp", "replies": []}, {"author": "jazzy_handz", "id": "gvyi42j", "score": 1, "subreddit": "BuyItForLife", "author_flair": null, "submission": "mx35pp", "stickied": false, "body": "I test drove a \u201895 Geo Prism (pretty much the same car) as my first car, but couldn\u2019t afford it. Settled for a Ford Tempo and spent 2x on repairs.", "is_submitter": false, "distinguished": null, "created_utc": 1619461242.0, "parent_id": "t3_mx35pp", "replies": []}, {"author": "iloveadblocker", "id": "gwcoj4y", "score": 1, "subreddit": "BuyItForLife", "author_flair": null, "submission": "mx35pp", "stickied": false, "body": "I love old toyotas", "is_submitter": false, "distinguished": null, "created_utc": 1619733749.0, "parent_id": "t3_mx35pp", "replies": []}, {"author": "JustAnotherGoddess", "id": "gwwfeg3", "score": 1, "subreddit": "BuyItForLife", "author_flair": null, "submission": "mx35pp", "stickied": false, "body": "Dad has one from 83. Been in the family since. Go to Puerto Rico and you\u2019ll see them everywhere from all kinds of old. 95 is a baby compared to what you find out there.", "is_submitter": false, "distinguished": null, "created_utc": 1620132435.0, "parent_id": "t3_mx35pp", "replies": []}, {"author": "hazzac47", "id": "gymbt1y", "score": 1, "subreddit": "BuyItForLife", "author_flair": null, "submission": "mx35pp", "stickied": false, "body": "Damn that makes my 390k Ford Focus seem like low mileage", "is_submitter": false, "distinguished": null, "created_utc": 1621373169.0, "parent_id": "t3_mx35pp", "replies": []}]}