{"title": "BIFL travelling backpack for a 5'0.", "name": "t3_tya2fj", "url": "https://www.reddit.com/r/BuyItForLife/comments/tya2fj/bifl_travelling_backpack_for_a_50/", "selftext": "I need a not-so large backpack that will hold a 13-15 inch gaming laptop, charger, 65%keyboard and about 2-3 days of clothes.  Does anyone have any suggestions?", "score": 5, "upvote_ratio": 0.73, "permalink": "/r/BuyItForLife/comments/tya2fj/bifl_travelling_backpack_for_a_50/", "id": "tya2fj", "author": "DELETED", "link_flair_text": "[Request]", "num_comments": 15, "over_18": false, "spoiler": false, "pinned": false, "locked": false, "distinguished": null, "created_utc": 1649327380.0, "comments": [{"author": "my_username_mistaken", "id": "i3qx547", "score": 8, "subreddit": "BuyItForLife", "author_flair": null, "submission": "tya2fj", "stickied": false, "body": "I like osprey bags for this purpose. They are great bags, but this is the \"for life\" part here:\n https://www.osprey.com/us/en/customer-support/return-authorization\n\nBasically, they'll fix it for free for ever.", "is_submitter": false, "distinguished": null, "created_utc": 1649329198.0, "parent_id": "t3_tya2fj", "replies": [{"author": "Easy_Independent_313", "id": "i3qzis1", "score": 2, "subreddit": "BuyItForLife", "author_flair": null, "submission": "tya2fj", "stickied": false, "body": "I was going to suggest this brand as well. They have a lot of small sizes available.", "is_submitter": false, "distinguished": null, "created_utc": 1649330727.0, "parent_id": "t1_i3qx547", "replies": []}, {"author": "RamblinWrecked17", "id": "i3rd3kw", "score": 2, "subreddit": "BuyItForLife", "author_flair": null, "submission": "tya2fj", "stickied": false, "body": "I\u2019ll second this. I have one of the Arcane everyday backpacks and it\u2019s held up exceptionally well over the last few years as a work/school/airplane bag.  I\u2019ll be honest and say I didn\u2019t know about the warranty but it just affirms my choice further. Great stuff all around.", "is_submitter": false, "distinguished": null, "created_utc": 1649337801.0, "parent_id": "t1_i3qx547", "replies": []}]}, {"author": "otfitt", "id": "i3qx6zt", "score": 3, "subreddit": "BuyItForLife", "author_flair": null, "submission": "tya2fj", "stickied": false, "body": "I\u2019m a 5\u2019 female I liked my north face Jester backpack for school and I\u2019ve used it for a weekend trip. Not sure if it fits a keyboard since I\u2019m unsure about the size of it. Get yourself some compressive packing cubes for clothes. They are amazing for space saving and organization.", "is_submitter": false, "distinguished": null, "created_utc": 1649329231.0, "parent_id": "t3_tya2fj", "replies": []}, {"author": "nsfishman", "id": "i3qwiwr", "score": 2, "subreddit": "BuyItForLife", "author_flair": null, "submission": "tya2fj", "stickied": false, "body": "I have had great success with the older version of this waterproof backpack from Decathlon:\n\nhttps://www.decathlon.ca/en/kayak-waterproof-bags/149215-20440-20l-watertight-backpack-black.html?gclid=Cj0KCQjwl7qSBhD-ARIsACvV1X3S8Op17uKExNsVBR6z_44U2D6OdU5i4zFXw8hDohlcATjRxArHOfAaAuY5EALw_wcB#/demodelsize-254/demodelcolor-8387664", "is_submitter": false, "distinguished": null, "created_utc": 1649328790.0, "parent_id": "t3_tya2fj", "replies": [{"author": "Knuk", "id": "i3rau0u", "score": 1, "subreddit": "BuyItForLife", "author_flair": null, "submission": "tya2fj", "stickied": false, "body": "I went to a decathlon for the first time recently and I couldn't recognize any of the brands sold there, do they generally sell good stuff?", "is_submitter": false, "distinguished": null, "created_utc": 1649336772.0, "parent_id": "t1_i3qwiwr", "replies": [{"author": "kitier_katba", "id": "i3t0hbd", "score": 2, "subreddit": "BuyItForLife", "author_flair": null, "submission": "tya2fj", "stickied": false, "body": "They're mostly their own store brands. The cheap stuff is real cheap, and nice if you want to try out a sport. The higher-end brands are usually a good deal when compared to similar name-brand items.", "is_submitter": false, "distinguished": null, "created_utc": 1649361603.0, "parent_id": "t1_i3rau0u", "replies": []}]}]}, {"author": "nmvtjb", "id": "i3qwr44", "score": 2, "subreddit": "BuyItForLife", "author_flair": null, "submission": "tya2fj", "stickied": false, "body": "Patagonia Black Hole\u00ae Pack 32L\n\n\nHad mine for 2 years now, this thing is a work horse. I work outside and bring this thing with me everywhere. Fits my 16\u2019 mac and has a compartment for my ipad. This bag is loaded with pockets and daisy chains to attach a carabiner too. What sold me the most was the weather resistant quality of the bag. It has saved all my gadgets and valuable docs in the rain. Good luck, highly recommend the black hole bag!\n\n[Patagonia Black Hole 32L Pack](https://www.patagonia.com/product/black-hole-pack-32-liters/49301.html)\n\n\n25L Pack might be better suited for you. Just saw you didn\u2019t want to big of a bag.", "is_submitter": false, "distinguished": null, "created_utc": 1649328942.0, "parent_id": "t3_tya2fj", "replies": [{"author": "Supersquigi", "id": "i4ah2t8", "score": 1, "subreddit": "BuyItForLife", "author_flair": null, "submission": "tya2fj", "stickied": false, "body": "I've had a Patagonia bag for 6 years almost daily use and it is still in great condition, I wish I didn't get the laptop pouch in mine as it just makes it a little heavier.", "is_submitter": false, "distinguished": null, "created_utc": 1649683228.0, "parent_id": "t1_i3qwr44", "replies": []}]}, {"author": "vanslem6", "id": "i3s0xll", "score": 2, "subreddit": "BuyItForLife", "author_flair": null, "submission": "tya2fj", "stickied": false, "body": "I have an Osprey Farpoint 40 - which I bought because it's the largest bag they make that fits all carry-on requirements.  I think I got it in 2018 and it's been great.", "is_submitter": false, "distinguished": null, "created_utc": 1649348001.0, "parent_id": "t3_tya2fj", "replies": []}, {"author": "bram876", "id": "i3tlekj", "score": 2, "subreddit": "BuyItForLife", "author_flair": null, "submission": "tya2fj", "stickied": false, "body": "Deuter Giga - have had one for 8 years and traveled with it to more than 9 different countries, used it as a dirty clothes and shoes bag too. Very little damage and their back support plus straps makes it very comfortable to lug heavy items.", "is_submitter": false, "distinguished": null, "created_utc": 1649370039.0, "parent_id": "t3_tya2fj", "replies": [{"author": "maniexx", "id": "i3vpmqn", "score": 3, "subreddit": "BuyItForLife", "author_flair": null, "submission": "tya2fj", "stickied": false, "body": "I have a different deuter backpack, and it served me well for over ten years now. Only thing that broke is the hip strap plastic clip (could probably replace it quite easily). Highly recommended.", "is_submitter": false, "distinguished": null, "created_utc": 1649411753.0, "parent_id": "t1_i3tlekj", "replies": []}, {"author": "Sir_Donkey_Punch", "id": "i3wnqdm", "score": 1, "subreddit": "BuyItForLife", "author_flair": null, "submission": "tya2fj", "stickied": false, "body": "Deuter bags are my go too. So well made. The back support system on their bags is wonderful. I hear they\u2019re pretty good with warranty and repairs as well.", "is_submitter": false, "distinguished": null, "created_utc": 1649429232.0, "parent_id": "t1_i3tlekj", "replies": [{"author": "bram876", "id": "i3ynvdw", "score": 2, "subreddit": "BuyItForLife", "author_flair": null, "submission": "tya2fj", "stickied": false, "body": "Oh yeah, I had my Deuter Transit rip during a trip to Zurich. I took it to the store in Munich where I purchased it and the store manager replaced it with a brand new one and added a rain cover as a bonus.", "is_submitter": false, "distinguished": null, "created_utc": 1649457460.0, "parent_id": "t1_i3wnqdm", "replies": []}]}]}, {"author": "AtomicBlastCandy", "id": "i3szn1i", "score": 1, "subreddit": "BuyItForLife", "author_flair": null, "submission": "tya2fj", "stickied": false, "body": "Eversky has lasted 8 years without a scratch until I drove into it. Even then only the plastic strap broke.", "is_submitter": false, "distinguished": null, "created_utc": 1649361288.0, "parent_id": "t3_tya2fj", "replies": []}]}