{"title": "25 years old this month. EastPak backpack.", "name": "t3_720l7g", "url": "https://imgur.com/B41byha", "selftext": "", "score": 4312, "upvote_ratio": 0.93, "permalink": "/r/BuyItForLife/comments/720l7g/25_years_old_this_month_eastpak_backpack/", "id": "720l7g", "author": "DELETED", "link_flair_text": null, "num_comments": 93, "over_18": false, "spoiler": false, "pinned": false, "locked": false, "distinguished": null, "created_utc": 1506197270.0, "comments": [{"author": "DELETED", "id": "dnexxno", "score": 605, "subreddit": "BuyItForLife", "author_flair": null, "submission": "720l7g", "stickied": false, "body": "I bet it still has weed crumbs", "is_submitter": false, "distinguished": null, "created_utc": 1506204057.0, "parent_id": "t3_720l7g", "replies": [{"author": "idontevenarse", "id": "dnfb16m", "score": 81, "subreddit": "BuyItForLife", "author_flair": null, "submission": "720l7g", "stickied": false, "body": "Guilty", "is_submitter": false, "distinguished": null, "created_utc": 1506222559.0, "parent_id": "t1_dnexxno", "replies": []}]}, {"author": "DELETED", "id": "dnewmkk", "score": 169, "subreddit": "BuyItForLife", "author_flair": null, "submission": "720l7g", "stickied": false, "body": " I love how you remember its anniversary.", "is_submitter": false, "distinguished": null, "created_utc": 1506202323.0, "parent_id": "t3_720l7g", "replies": [{"author": "victoryvines", "id": "dnexsoz", "score": 84, "subreddit": "BuyItForLife", "author_flair": null, "submission": "720l7g", "stickied": false, "body": "First month of school in a particular grade? Maybe first day of kindergarten?", "is_submitter": false, "distinguished": null, "created_utc": 1506203876.0, "parent_id": "t1_dnewmkk", "replies": [{"author": "DELETED", "id": "dnez55g", "score": 167, "subreddit": "BuyItForLife", "author_flair": null, "submission": "720l7g", "stickied": false, "body": "Good guess. I originally used it as a school book bag...freshman year of college, though. ", "is_submitter": false, "distinguished": null, "created_utc": 1506205686.0, "parent_id": "t1_dnexsoz", "replies": [{"author": "Fuguzilla", "id": "dnfcckf", "score": 37, "subreddit": "BuyItForLife", "author_flair": null, "submission": "720l7g", "stickied": false, "body": "Damn... and I just finished up college this year. I'm going to have to take a picture of my bag in 25 years ", "is_submitter": false, "distinguished": null, "created_utc": 1506224534.0, "parent_id": "t1_dnez55g", "replies": [{"author": "blairbear29", "id": "dnfcja4", "score": 35, "subreddit": "BuyItForLife", "author_flair": null, "submission": "720l7g", "stickied": false, "body": "RemindMe! 25 Years", "is_submitter": false, "distinguished": null, "created_utc": 1506224838.0, "parent_id": "t1_dnfcckf", "replies": [{"author": "RemindMeBot", "id": "dnfcjiq", "score": 31, "subreddit": "BuyItForLife", "author_flair": null, "submission": "720l7g", "stickied": false, "body": "I will be messaging you on [**2042-09-24 03:47:23 UTC**](http://www.wolframalpha.com/input/?i=2042-09-24 03:47:23 UTC To Local Time) to remind you of [**this link.**](https://www.reddit.com/r/BuyItForLife/comments/720l7g/25_years_old_this_month_eastpak_backpack/dnfcja4)\n\n[**9 OTHERS CLICKED THIS LINK**](http://np.reddit.com/message/compose/?to=RemindMeBot&subject=Reminder&message=[https://www.reddit.com/r/BuyItForLife/comments/720l7g/25_years_old_this_month_eastpak_backpack/dnfcja4]%0A%0ARemindMe!  25 Years) to send a PM to also be reminded and to reduce spam.\n\n^(Parent commenter can ) [^(delete this message to hide from others.)](http://np.reddit.com/message/compose/?to=RemindMeBot&subject=Delete Comment&message=Delete! dnfcjiq)\n\n_____\n\n|[^(FAQs)](http://np.reddit.com/r/RemindMeBot/comments/24duzp/remindmebot_info/)|[^(Custom)](http://np.reddit.com/message/compose/?to=RemindMeBot&subject=Reminder&message=[LINK INSIDE SQUARE BRACKETS else default to FAQs]%0A%0ANOTE: Don't forget to add the time options after the command.%0A%0ARemindMe!)|[^(Your Reminders)](http://np.reddit.com/message/compose/?to=RemindMeBot&subject=List Of Reminders&message=MyReminders!)|[^(Feedback)](http://np.reddit.com/message/compose/?to=RemindMeBotWrangler&subject=Feedback)|[^(Code)](https://github.com/SIlver--/remindmebot-reddit)|[^(Browser Extensions)](https://np.reddit.com/r/RemindMeBot/comments/4kldad/remindmebot_extensions/)\n|-|-|-|-|-|-|", "is_submitter": false, "distinguished": null, "created_utc": 1506224848.0, "parent_id": "t1_dnfcja4", "replies": [{"author": "LochhNessie", "id": "dnfsh9k", "score": 18, "subreddit": "BuyItForLife", "author_flair": null, "submission": "720l7g", "stickied": false, "body": "I'm more surprised that 2042 is only 25 years away and not what feels like 50", "is_submitter": false, "distinguished": null, "created_utc": 1506262174.0, "parent_id": "t1_dnfcjiq", "replies": []}]}, {"author": "DELETED", "id": "dnfdidy", "score": 17, "subreddit": "BuyItForLife", "author_flair": null, "submission": "720l7g", "stickied": false, "body": "Hope reddit is still around, then. And you too", "is_submitter": false, "distinguished": null, "created_utc": 1506226483.0, "parent_id": "t1_dnfcja4", "replies": [{"author": "blairbear29", "id": "dnfdvrw", "score": 15, "subreddit": "BuyItForLife", "author_flair": null, "submission": "720l7g", "stickied": false, "body": "In 25 years Il be in my mid 40's, that is if I make it that far. ", "is_submitter": false, "distinguished": null, "created_utc": 1506227138.0, "parent_id": "t1_dnfdidy", "replies": [{"author": "DELETED", "id": "dnfg1es", "score": 15, "subreddit": "BuyItForLife", "author_flair": null, "submission": "720l7g", "stickied": false, "body": "[deleted]", "is_submitter": false, "distinguished": null, "created_utc": 1506231176.0, "parent_id": "t1_dnfdvrw", "replies": [{"author": "DELETED", "id": "dnfiutx", "score": 13, "subreddit": "BuyItForLife", "author_flair": null, "submission": "720l7g", "stickied": false, "body": "There are dozens of us!", "is_submitter": false, "distinguished": null, "created_utc": 1506237792.0, "parent_id": "t1_dnfg1es", "replies": []}, {"author": "benwaaaaaaaah", "id": "dnfzt8o", "score": 4, "subreddit": "BuyItForLife", "author_flair": null, "submission": "720l7g", "stickied": false, "body": "If you make it that far :o", "is_submitter": false, "distinguished": null, "created_utc": 1506271430.0, "parent_id": "t1_dnfg1es", "replies": []}]}]}]}]}]}, {"author": "irishjihad", "id": "dnfq7z3", "score": 3, "subreddit": "BuyItForLife", "author_flair": null, "submission": "720l7g", "stickied": false, "body": "I had a purple Eastpak freshman year of college, 26 years ago.  Slightly different model though.", "is_submitter": false, "distinguished": null, "created_utc": 1506258155.0, "parent_id": "t1_dnez55g", "replies": []}, {"author": "DELETED", "id": "dnf5bsb", "score": -15, "subreddit": "BuyItForLife", "author_flair": null, "submission": "720l7g", "stickied": false, "body": "[deleted]", "is_submitter": false, "distinguished": null, "created_utc": 1506214354.0, "parent_id": "t1_dnez55g", "replies": [{"author": "ameliabedelia7", "id": "dnf818r", "score": 4, "subreddit": "BuyItForLife", "author_flair": null, "submission": "720l7g", "stickied": false, "body": "Dude wtf", "is_submitter": false, "distinguished": null, "created_utc": 1506218226.0, "parent_id": "t1_dnf5bsb", "replies": [{"author": "dudeguy1234", "id": "dnfc1t6", "score": 12, "subreddit": "BuyItForLife", "author_flair": null, "submission": "720l7g", "stickied": false, "body": "I'm super curious what the post said", "is_submitter": false, "distinguished": null, "created_utc": 1506224053.0, "parent_id": "t1_dnf818r", "replies": [{"author": "DELETED", "id": "dnfc8e3", "score": 8, "subreddit": "BuyItForLife", "author_flair": null, "submission": "720l7g", "stickied": false, "body": "Same ", "is_submitter": false, "distinguished": null, "created_utc": 1506224343.0, "parent_id": "t1_dnfc1t6", "replies": [{"author": "nomo-momo", "id": "dnfgyej", "score": 4, "subreddit": "BuyItForLife", "author_flair": null, "submission": "720l7g", "stickied": false, "body": "Same:(", "is_submitter": false, "distinguished": null, "created_utc": 1506233113.0, "parent_id": "t1_dnfc8e3", "replies": []}]}, {"author": "DELETED", "id": "dnfo3kt", "score": 8, "subreddit": "BuyItForLife", "author_flair": null, "submission": "720l7g", "stickied": false, "body": "He called me an old fag. ", "is_submitter": false, "distinguished": null, "created_utc": 1506253396.0, "parent_id": "t1_dnfc1t6", "replies": [{"author": "dudeguy1234", "id": "dngw5in", "score": 1, "subreddit": "BuyItForLife", "author_flair": null, "submission": "720l7g", "stickied": false, "body": "Some people have nothing better to do, I guess. I just feel bad for em", "is_submitter": false, "distinguished": null, "created_utc": 1506308058.0, "parent_id": "t1_dnfo3kt", "replies": []}]}]}]}]}]}]}]}, {"author": "GnedTheGnome", "id": "dnf28mo", "score": 57, "subreddit": "BuyItForLife", "author_flair": null, "submission": "720l7g", "stickied": false, "body": "Iirc, back then they came with a lifetime guarantee. If it split at a seam, or the zipper gave out, they'd send you a new one.", "is_submitter": false, "distinguished": null, "created_utc": 1506209909.0, "parent_id": "t3_720l7g", "replies": [{"author": "Legion_1392", "id": "dnfebk9", "score": 28, "subreddit": "BuyItForLife", "author_flair": null, "submission": "720l7g", "stickied": false, "body": "That's exactly right! However, if you're my mom and send it to address it said to on the warranty ~10 years after she bought it for my older sister so it can be repaired for me to use in school you will get it back a couple weeks later from Timberland Boots because they own that factory now along with a letter stating they had to ask a lot of questions to figure out why someone mailed them a book bag. ", "is_submitter": false, "distinguished": null, "created_utc": 1506227910.0, "parent_id": "t1_dnf28mo", "replies": [{"author": "majoroutage", "id": "dnfg6zj", "score": 21, "subreddit": "BuyItForLife", "author_flair": null, "submission": "720l7g", "stickied": false, "body": "[Timberland, Eastpak, and JanSport are all owned by the same parent company](https://en.wikipedia.org/wiki/VF_Corporation).", "is_submitter": false, "distinguished": null, "created_utc": 1506231498.0, "parent_id": "t1_dnfebk9", "replies": [{"author": "djangogol", "id": "dnfnthl", "score": 6, "subreddit": "BuyItForLife", "author_flair": null, "submission": "720l7g", "stickied": false, "body": "this information totally blew my mind.", "is_submitter": false, "distinguished": null, "created_utc": 1506252655.0, "parent_id": "t1_dnfg6zj", "replies": []}, {"author": "irishjihad", "id": "dnfqe73", "score": 2, "subreddit": "BuyItForLife", "author_flair": null, "submission": "720l7g", "stickied": false, "body": "OP's bag predates the buyout of Eastpak by 8 years.", "is_submitter": false, "distinguished": null, "created_utc": 1506258489.0, "parent_id": "t1_dnfg6zj", "replies": [{"author": "majoroutage", "id": "dnfuu6t", "score": 2, "subreddit": "BuyItForLife", "author_flair": null, "submission": "720l7g", "stickied": false, "body": "But it helps explain why the address is now occupied by Timberland.", "is_submitter": false, "distinguished": null, "created_utc": 1506265460.0, "parent_id": "t1_dnfqe73", "replies": [{"author": "irishjihad", "id": "dnfws0y", "score": 2, "subreddit": "BuyItForLife", "author_flair": null, "submission": "720l7g", "stickied": false, "body": "Absolutely.", "is_submitter": false, "distinguished": null, "created_utc": 1506267888.0, "parent_id": "t1_dnfuu6t", "replies": []}]}]}]}]}, {"author": "jxl180", "id": "dnfcm2x", "score": 18, "subreddit": "BuyItForLife", "author_flair": null, "submission": "720l7g", "stickied": false, "body": "Same with JanSport. My mom bought me my first in kindergarten or first grade. Coasted on the same guarantee through 12th grade.  ", "is_submitter": false, "distinguished": null, "created_utc": 1506224969.0, "parent_id": "t1_dnf28mo", "replies": []}, {"author": "TheChaoticity", "id": "dnfntst", "score": 4, "subreddit": "BuyItForLife", "author_flair": null, "submission": "720l7g", "stickied": false, "body": "They still do, the one I bought two years ago has a thirty year warranty", "is_submitter": false, "distinguished": null, "created_utc": 1506252676.0, "parent_id": "t1_dnf28mo", "replies": [{"author": "Moozilbee", "id": "dnfokuc", "score": 3, "subreddit": "BuyItForLife", "author_flair": null, "submission": "720l7g", "stickied": false, "body": "Yeah same. Thirty year guarantee is pretty incredible for a \u00a335 bag.", "is_submitter": false, "distinguished": null, "created_utc": 1506254623.0, "parent_id": "t1_dnfntst", "replies": []}]}, {"author": "super_dork", "id": "dnfqjiu", "score": 2, "subreddit": "BuyItForLife", "author_flair": null, "submission": "720l7g", "stickied": false, "body": "Mailed mine in last year and they repaired the front pouch area that was coming loose. I was happy that the repaired it and didn\u2019t replace it. ", "is_submitter": false, "distinguished": null, "created_utc": 1506258765.0, "parent_id": "t1_dnf28mo", "replies": []}]}, {"author": "omgzrob", "id": "dnf4oxl", "score": 23, "subreddit": "BuyItForLife", "author_flair": null, "submission": "720l7g", "stickied": false, "body": "My eastpak is going on 10 years for me now. Daily use!", "is_submitter": false, "distinguished": null, "created_utc": 1506213434.0, "parent_id": "t3_720l7g", "replies": [{"author": "DELETED", "id": "dnf7sb5", "score": 20, "subreddit": "BuyItForLife", "author_flair": null, "submission": "720l7g", "stickied": false, "body": "[deleted]", "is_submitter": false, "distinguished": null, "created_utc": 1506217873.0, "parent_id": "t1_dnf4oxl", "replies": [{"author": "KingWrong", "id": "dnf82je", "score": 8, "subreddit": "BuyItForLife", "author_flair": null, "submission": "720l7g", "stickied": false, "body": "just a quick question? what country are you from that you use pounds of weight and euros currency? honestly curious", "is_submitter": false, "distinguished": null, "created_utc": 1506218274.0, "parent_id": "t1_dnf7sb5", "replies": [{"author": "DELETED", "id": "dnfap20", "score": 17, "subreddit": "BuyItForLife", "author_flair": null, "submission": "720l7g", "stickied": false, "body": "[deleted]", "is_submitter": false, "distinguished": null, "created_utc": 1506222056.0, "parent_id": "t1_dnf82je", "replies": [{"author": "KingWrong", "id": "dnfbiix", "score": 4, "subreddit": "BuyItForLife", "author_flair": null, "submission": "720l7g", "stickied": false, "body": "cheers for the answer dude ;)", "is_submitter": false, "distinguished": null, "created_utc": 1506223239.0, "parent_id": "t1_dnfap20", "replies": []}]}, {"author": "DELETED", "id": "dnf8czs", "score": 3, "subreddit": "BuyItForLife", "author_flair": null, "submission": "720l7g", "stickied": false, "body": "Probably bought it while on vacation", "is_submitter": false, "distinguished": null, "created_utc": 1506218683.0, "parent_id": "t1_dnf82je", "replies": []}]}]}, {"author": "djangogol", "id": "dnfnv1w", "score": 2, "subreddit": "BuyItForLife", "author_flair": null, "submission": "720l7g", "stickied": false, "body": "I only lost the Eastpak I had since High School because I had a house fire. I LOVED that bag. Simple, grey, sturdy. ", "is_submitter": false, "distinguished": null, "created_utc": 1506252766.0, "parent_id": "t1_dnf4oxl", "replies": []}]}, {"author": "stellaandopie", "id": "dnexubc", "score": 26, "subreddit": "BuyItForLife", "author_flair": null, "submission": "720l7g", "stickied": false, "body": "Holy shit I totally had that bag in elementary school and forgot about it until I saw this picture. Rush of nostalgia for sure. ", "is_submitter": false, "distinguished": null, "created_utc": 1506203935.0, "parent_id": "t3_720l7g", "replies": [{"author": "tiajuanat", "id": "dnfev2g", "score": 3, "subreddit": "BuyItForLife", "author_flair": null, "submission": "720l7g", "stickied": false, "body": "Same here. I remember it giving out sometime in second grade though. Not even sure why though, its not like I was carrying much.", "is_submitter": false, "distinguished": null, "created_utc": 1506228877.0, "parent_id": "t1_dnexubc", "replies": [{"author": "stellaandopie", "id": "dnfqqg6", "score": 3, "subreddit": "BuyItForLife", "author_flair": null, "submission": "720l7g", "stickied": false, "body": "Mine was probably filled with books from the scholastic book fair! ", "is_submitter": false, "distinguished": null, "created_utc": 1506259120.0, "parent_id": "t1_dnfev2g", "replies": [{"author": "tiajuanat", "id": "dnfugff", "score": 4, "subreddit": "BuyItForLife", "author_flair": null, "submission": "720l7g", "stickied": false, "body": "Ah yes, I do remember reading a lot back then.\n\nToo bad that High School English and then college killed all desire for recreational reading.", "is_submitter": false, "distinguished": null, "created_utc": 1506264954.0, "parent_id": "t1_dnfqqg6", "replies": []}]}]}]}, {"author": "dyer346", "id": "dnfel7j", "score": 10, "subreddit": "BuyItForLife", "author_flair": null, "submission": "720l7g", "stickied": false, "body": "It is in fact the leader of the pack.", "is_submitter": false, "distinguished": null, "created_utc": 1506228386.0, "parent_id": "t3_720l7g", "replies": []}, {"author": "DELETED", "id": "dnf1kik", "score": 9, "subreddit": "BuyItForLife", "author_flair": null, "submission": "720l7g", "stickied": false, "body": "[deleted]", "is_submitter": false, "distinguished": null, "created_utc": 1506208988.0, "parent_id": "t3_720l7g", "replies": [{"author": "DELETED", "id": "dnf2chw", "score": 12, "subreddit": "BuyItForLife", "author_flair": null, "submission": "720l7g", "stickied": false, "body": "It's funny you should mention that. One of the only reasons I've kept using this pack for so long (other than it won't die) is that it unzips all the way to lay flat, which is so great for packing and organizing. The only other packs I've found that have that feature are the Rucks, but oy vey, the price tag! ", "is_submitter": false, "distinguished": null, "created_utc": 1506210063.0, "parent_id": "t1_dnf1kik", "replies": []}]}, {"author": "LurkForever", "id": "dnf83ao", "score": 16, "subreddit": "BuyItForLife", "author_flair": null, "submission": "720l7g", "stickied": false, "body": "legit 90s-retro-feel here. wait 2 more years and it's \"in\" again.", "is_submitter": false, "distinguished": null, "created_utc": 1506218305.0, "parent_id": "t3_720l7g", "replies": [{"author": "DELETED", "id": "dnfl3wc", "score": 11, "subreddit": "BuyItForLife", "author_flair": null, "submission": "720l7g", "stickied": false, "body": "Already in again. Was just in Paris - there is a whole eastpak section in Printemps l'homme right next to the gucci section. \n\nEdit to add:\n\nArticle on their use in high fashion from end of July: https://i-d.vice.com/en_us/article/j5mmmp/why-does-fashion-love-eastpak-backpacks-so-much-we-asked-raf-simons", "is_submitter": false, "distinguished": null, "created_utc": 1506244334.0, "parent_id": "t1_dnf83ao", "replies": [{"author": "DELETED", "id": "dnfmn5l", "score": 10, "subreddit": "BuyItForLife", "author_flair": null, "submission": "720l7g", "stickied": false, "body": "Eastpaks have always been popular in France. They were so 20 years ago, 10 years ago and are still popular today. Source : am France", "is_submitter": false, "distinguished": null, "created_utc": 1506249168.0, "parent_id": "t1_dnfl3wc", "replies": []}]}]}, {"author": "Ghenges", "id": "dnf6eki", "score": 6, "subreddit": "BuyItForLife", "author_flair": null, "submission": "720l7g", "stickied": false, "body": "Co-signing EastPak.  I bought one in 9th grade and used it al the way through college.  ", "is_submitter": false, "distinguished": null, "created_utc": 1506215887.0, "parent_id": "t3_720l7g", "replies": []}, {"author": "DonCaliente", "id": "dnfi4p4", "score": 6, "subreddit": "BuyItForLife", "author_flair": null, "submission": "720l7g", "stickied": false, "body": "To be fair: they don't make 'em like they used to anymore. I got one for Christmas in 2013 and had wrecked it after two years of daily use. By then, the zipper of the main compartment got teared off its seam. ", "is_submitter": false, "distinguished": null, "created_utc": 1506235900.0, "parent_id": "t3_720l7g", "replies": [{"author": "DELETED", "id": "dnfmrgf", "score": 6, "subreddit": "BuyItForLife", "author_flair": null, "submission": "720l7g", "stickied": false, "body": "The failure rate on zippers on bags seems astronomical these days. If the zipper doesn't go, it's always the seam next to the zipper, unfixable because of frayed plastic fibers. ", "is_submitter": false, "distinguished": null, "created_utc": 1506249533.0, "parent_id": "t1_dnfi4p4", "replies": []}]}, {"author": "DELETED", "id": "dneyyou", "score": 7, "subreddit": "BuyItForLife", "author_flair": null, "submission": "720l7g", "stickied": false, "body": "Damn, and I thought I was doing well with my 10 y/o Jansport", "is_submitter": false, "distinguished": null, "created_utc": 1506205450.0, "parent_id": "t3_720l7g", "replies": []}, {"author": "DELETED", "id": "dnevdu6", "score": 8, "subreddit": "BuyItForLife", "author_flair": null, "submission": "720l7g", "stickied": false, "body": "My Dad had one of those for a bit, but it tore on him. Now he has a Swiss Army backpack.", "is_submitter": false, "distinguished": null, "created_utc": 1506200698.0, "parent_id": "t3_720l7g", "replies": []}, {"author": "heebath", "id": "dnf9jsh", "score": 5, "subreddit": "BuyItForLife", "author_flair": null, "submission": "720l7g", "stickied": false, "body": "Still use mine from the 90s with it's leather bottom. Held sooo much without ever popping a single stitch.", "is_submitter": false, "distinguished": null, "created_utc": 1506220383.0, "parent_id": "t3_720l7g", "replies": [{"author": "starsinoblivion", "id": "dnfpvgr", "score": 2, "subreddit": "BuyItForLife", "author_flair": null, "submission": "720l7g", "stickied": false, "body": "I had one of those! And with the leather pulls on the zippers like this one. It got stained when a marker cap came off and leaked through the whole bottom :(", "is_submitter": false, "distinguished": null, "created_utc": 1506257466.0, "parent_id": "t1_dnf9jsh", "replies": []}]}, {"author": "tinman20", "id": "dnf9t2k", "score": 3, "subreddit": "BuyItForLife", "author_flair": null, "submission": "720l7g", "stickied": false, "body": "I bought one in 1998 and it still looks like the day I bought it. Great bags", "is_submitter": false, "distinguished": null, "created_utc": 1506220754.0, "parent_id": "t3_720l7g", "replies": []}, {"author": "h4ns3n", "id": "dnfioks", "score": 4, "subreddit": "BuyItForLife", "author_flair": null, "submission": "720l7g", "stickied": false, "body": "Can relate to this! Got mine when i started first grade when i was 6ish y/o. Still rocking it at university at 24 y/o", "is_submitter": false, "distinguished": null, "created_utc": 1506237319.0, "parent_id": "t3_720l7g", "replies": []}, {"author": "vocalfreesia", "id": "dnfkacv", "score": 4, "subreddit": "BuyItForLife", "author_flair": null, "submission": "720l7g", "stickied": false, "body": "I always wonder if the brands are as good bought today compared to their same product decades ago. I suspect not ", "is_submitter": false, "distinguished": null, "created_utc": 1506241828.0, "parent_id": "t3_720l7g", "replies": [{"author": "irishjihad", "id": "dnfs4kg", "score": 2, "subreddit": "BuyItForLife", "author_flair": null, "submission": "720l7g", "stickied": false, "body": "They are not. They got bought in 2000, and have declined a bit, though less than you might expect. Cheaper zippers though.", "is_submitter": false, "distinguished": null, "created_utc": 1506261621.0, "parent_id": "t1_dnfkacv", "replies": []}]}, {"author": "yogononium", "id": "dnezcks", "score": 3, "subreddit": "BuyItForLife", "author_flair": null, "submission": "720l7g", "stickied": false, "body": "Looks like a nice, classic design!", "is_submitter": false, "distinguished": null, "created_utc": 1506205964.0, "parent_id": "t3_720l7g", "replies": []}, {"author": "tribal209", "id": "dnfhlzz", "score": 4, "subreddit": "BuyItForLife", "author_flair": null, "submission": "720l7g", "stickied": false, "body": "I recently had a 10 year old back pack tossed out cuz my wife said it was \"gross\" ", "is_submitter": false, "distinguished": null, "created_utc": 1506234638.0, "parent_id": "t3_720l7g", "replies": []}, {"author": "ReddRallo", "id": "dnfbjox", "score": 2, "subreddit": "BuyItForLife", "author_flair": null, "submission": "720l7g", "stickied": false, "body": "Damn! I have one that is coming up on 15 years. Purple Eastpaks seem to never die. ", "is_submitter": false, "distinguished": null, "created_utc": 1506223288.0, "parent_id": "t3_720l7g", "replies": []}, {"author": "Askolei", "id": "dnfhrxj", "score": 2, "subreddit": "BuyItForLife", "author_flair": null, "submission": "720l7g", "stickied": false, "body": "I still have mine too. It was a purple one. It says it's not machine washable but do you know if it's actually possible? ", "is_submitter": false, "distinguished": null, "created_utc": 1506235039.0, "parent_id": "t3_720l7g", "replies": [{"author": "DELETED", "id": "dnfxw7a", "score": 1, "subreddit": "BuyItForLife", "author_flair": null, "submission": "720l7g", "stickied": false, "body": "I really have no idea...well, I suppose it's possible, but I wouldn't risk it.", "is_submitter": false, "distinguished": null, "created_utc": 1506269192.0, "parent_id": "t1_dnfhrxj", "replies": []}]}, {"author": "old_wired", "id": "dnfk4f6", "score": 2, "subreddit": "BuyItForLife", "author_flair": null, "submission": "720l7g", "stickied": false, "body": "Fun fact: you can transport 24 bottles of beer (0,33l) in one. That\u2019s a whole crate (without the frame itself of course).", "is_submitter": false, "distinguished": null, "created_utc": 1506241339.0, "parent_id": "t3_720l7g", "replies": []}, {"author": "felio_", "id": "dnft3ws", "score": 2, "subreddit": "BuyItForLife", "author_flair": null, "submission": "720l7g", "stickied": false, "body": "I just bought a dakine backpack just because someone here recommended it, I hope it lasts as much as yours Op! :D", "is_submitter": false, "distinguished": null, "created_utc": 1506263117.0, "parent_id": "t3_720l7g", "replies": []}, {"author": "casualtortoise", "id": "dq7vdpm", "score": 2, "subreddit": "BuyItForLife", "author_flair": null, "submission": "720l7g", "stickied": false, "body": "Do you remember what model the bag is?", "is_submitter": false, "distinguished": null, "created_utc": 1511402782.0, "parent_id": "t3_720l7g", "replies": []}, {"author": "NostradamusJones", "id": "dnff5ur", "score": 2, "subreddit": "BuyItForLife", "author_flair": null, "submission": "720l7g", "stickied": false, "body": "Jansport had the same deal.", "is_submitter": false, "distinguished": null, "created_utc": 1506229441.0, "parent_id": "t3_720l7g", "replies": []}, {"author": "OnlyStandard", "id": "dneycde", "score": 0, "subreddit": "BuyItForLife", "author_flair": null, "submission": "720l7g", "stickied": false, "body": "Not sure if I would call it Buy It For Life. I had EastPak backpacks last about one or two school years before a zipper broke or a rip developed.\n\nEdit: Grammar", "is_submitter": false, "distinguished": null, "created_utc": 1506204609.0, "parent_id": "t3_720l7g", "replies": [{"author": "DELETED", "id": "dnezhsi", "score": 19, "subreddit": "BuyItForLife", "author_flair": null, "submission": "720l7g", "stickied": false, "body": "Not sure what your requirements are for BIFL (I've certainly seen people post things younger than 25 y/o), but this pack has been a real workhorse for me: it carried college text books for 7 years, was my go-to carry-on for 5 years, a boat bag for a few more and I just used it to carry a 25lb block a half mile into the woods. ", "is_submitter": false, "distinguished": null, "created_utc": 1506206159.0, "parent_id": "t1_dneycde", "replies": [{"author": "OnlyStandard", "id": "dnf3qjp", "score": -6, "subreddit": "BuyItForLife", "author_flair": null, "submission": "720l7g", "stickied": false, "body": "Well, just something that has a reputation for/is proven to last a long time. I didn't think EastPak had that reputation. ", "is_submitter": false, "distinguished": null, "created_utc": 1506212058.0, "parent_id": "t1_dnezhsi", "replies": []}]}, {"author": "KrabbHD", "id": "dnfwza5", "score": 3, "subreddit": "BuyItForLife", "author_flair": null, "submission": "720l7g", "stickied": false, "body": "30 years warranty though? They don't give that out on products that are known to break easily.", "is_submitter": false, "distinguished": null, "created_utc": 1506268127.0, "parent_id": "t1_dneycde", "replies": []}, {"author": "HenkPoley", "id": "dnflzud", "score": 2, "subreddit": "BuyItForLife", "author_flair": null, "submission": "720l7g", "stickied": false, "body": "When did you buy your bag? ", "is_submitter": false, "distinguished": null, "created_utc": 1506247129.0, "parent_id": "t1_dneycde", "replies": [{"author": "OnlyStandard", "id": "dnfrsmu", "score": 3, "subreddit": "BuyItForLife", "author_flair": null, "submission": "720l7g", "stickied": false, "body": "All throughout the 90's. I had EastPaks and Jansports all throughout elementary and middle school.", "is_submitter": false, "distinguished": null, "created_utc": 1506260943.0, "parent_id": "t1_dnflzud", "replies": []}]}, {"author": "DELETED", "id": "dnezawe", "score": 0, "subreddit": "BuyItForLife", "author_flair": null, "submission": "720l7g", "stickied": false, "body": "My first thought was \"Did the OP actually use it? EastPak's are terrible.\"", "is_submitter": false, "distinguished": null, "created_utc": 1506205901.0, "parent_id": "t1_dneycde", "replies": [{"author": "DELETED", "id": "dnezpxc", "score": 3, "subreddit": "BuyItForLife", "author_flair": null, "submission": "720l7g", "stickied": false, "body": "Please see my reply below yours. ", "is_submitter": false, "distinguished": null, "created_utc": 1506206457.0, "parent_id": "t1_dnezawe", "replies": []}]}]}, {"author": "eisbaerBorealis", "id": "dnfftf8", "score": 1, "subreddit": "BuyItForLife", "author_flair": null, "submission": "720l7g", "stickied": false, "body": "Hmm. My backpack's about 9 years old and I'm about due for a new one. Will have to look into EastPak.", "is_submitter": false, "distinguished": null, "created_utc": 1506230731.0, "parent_id": "t3_720l7g", "replies": []}, {"author": "DELETED", "id": "dnfhsew", "score": 1, "subreddit": "BuyItForLife", "author_flair": null, "submission": "720l7g", "stickied": false, "body": "Where was it made?", "is_submitter": false, "distinguished": null, "created_utc": 1506235072.0, "parent_id": "t3_720l7g", "replies": [{"author": "DELETED", "id": "dnfrzuq", "score": 3, "subreddit": "BuyItForLife", "author_flair": null, "submission": "720l7g", "stickied": false, "body": "USA", "is_submitter": false, "distinguished": null, "created_utc": 1506261395.0, "parent_id": "t1_dnfhsew", "replies": []}, {"author": "irishjihad", "id": "dnfs72i", "score": 1, "subreddit": "BuyItForLife", "author_flair": null, "submission": "720l7g", "stickied": false, "body": "My 1990 one was made in the Boston area. They got bought in 2000, so probably overseas.", "is_submitter": false, "distinguished": null, "created_utc": 1506261732.0, "parent_id": "t1_dnfhsew", "replies": []}]}, {"author": "Gargenville", "id": "dnfkieo", "score": 1, "subreddit": "BuyItForLife", "author_flair": null, "submission": "720l7g", "stickied": false, "body": "Man I went through four or five of the things in high school", "is_submitter": false, "distinguished": null, "created_utc": 1506242498.0, "parent_id": "t3_720l7g", "replies": [{"author": "samurai69", "id": "dnfu39u", "score": 2, "subreddit": "BuyItForLife", "author_flair": null, "submission": "720l7g", "stickied": false, "body": "When was it?  If it's recent, it might be interesting to compare the build quality.", "is_submitter": false, "distinguished": null, "created_utc": 1506264475.0, "parent_id": "t1_dnfkieo", "replies": []}]}, {"author": "JackDostoevsky", "id": "dnfknl8", "score": 1, "subreddit": "BuyItForLife", "author_flair": null, "submission": "720l7g", "stickied": false, "body": "Happy birthday! How old's your backpack?", "is_submitter": false, "distinguished": null, "created_utc": 1506242936.0, "parent_id": "t3_720l7g", "replies": []}, {"author": "nighthawk_md", "id": "dnfp0o1", "score": 1, "subreddit": "BuyItForLife", "author_flair": null, "submission": "720l7g", "stickied": false, "body": "I'd have have to get a new EastPak every school year after around seventh grade because the padding in the shoulder straps would wear out because I was abusing it with textbooks. The bag itself, the zippers, etc. were fine, and so I guess I could have saved one of those over the years to say that I too have an indestructible backpack.", "is_submitter": false, "distinguished": null, "created_utc": 1506255654.0, "parent_id": "t3_720l7g", "replies": [{"author": "hdpq", "id": "dnfsoon", "score": 1, "subreddit": "BuyItForLife", "author_flair": null, "submission": "720l7g", "stickied": false, "body": "Kids these days just carry around 1 iPad with all their books on it. They don't understand the pain of carrying around 3-4 books. ", "is_submitter": false, "distinguished": null, "created_utc": 1506262489.0, "parent_id": "t1_dnfp0o1", "replies": []}]}, {"author": "BraveRubberDuck", "id": "dnfp73y", "score": 1, "subreddit": "BuyItForLife", "author_flair": null, "submission": "720l7g", "stickied": false, "body": "Got a similar model from MonteCampo, 18 years old this month (bought it for school), still running without any visible wear or holes ", "is_submitter": false, "distinguished": null, "created_utc": 1506256049.0, "parent_id": "t3_720l7g", "replies": []}, {"author": "natty1212", "id": "dnfq2dv", "score": 1, "subreddit": "BuyItForLife", "author_flair": null, "submission": "720l7g", "stickied": false, "body": "Did you win that on double dare?", "is_submitter": false, "distinguished": null, "created_utc": 1506257846.0, "parent_id": "t3_720l7g", "replies": []}, {"author": "unsurebutwilling", "id": "dnfrpg6", "score": 1, "subreddit": "BuyItForLife", "author_flair": null, "submission": "720l7g", "stickied": false, "body": "Colorway is \ud83d\udd25", "is_submitter": false, "distinguished": null, "created_utc": 1506260786.0, "parent_id": "t3_720l7g", "replies": []}, {"author": "elsimer", "id": "dnfty58", "score": 1, "subreddit": "BuyItForLife", "author_flair": null, "submission": "720l7g", "stickied": false, "body": "Why do you know the exact month?", "is_submitter": false, "distinguished": null, "created_utc": 1506264280.0, "parent_id": "t3_720l7g", "replies": [{"author": "DELETED", "id": "dnfxkz4", "score": 3, "subreddit": "BuyItForLife", "author_flair": null, "submission": "720l7g", "stickied": false, "body": "Because that's when school starts and I originally bought it to use as a book bag. Although, I suppose it could have been late August, if you want to nitpick about it.", "is_submitter": false, "distinguished": null, "created_utc": 1506268824.0, "parent_id": "t1_dnfty58", "replies": []}]}, {"author": "shinewagon", "id": "dninvd1", "score": 1, "subreddit": "BuyItForLife", "author_flair": null, "submission": "720l7g", "stickied": false, "body": "Nice throwback! r/nostalgia", "is_submitter": false, "distinguished": null, "created_utc": 1506398393.0, "parent_id": "t3_720l7g", "replies": []}, {"author": "EaterofCarpetz", "id": "dp7ecgy", "score": 1, "subreddit": "BuyItForLife", "author_flair": null, "submission": "720l7g", "stickied": false, "body": "Firewatch", "is_submitter": false, "distinguished": null, "created_utc": 1509566573.0, "parent_id": "t3_720l7g", "replies": []}, {"author": "DELETED", "id": "dnf71nn", "score": -12, "subreddit": "BuyItForLife", "author_flair": null, "submission": "720l7g", "stickied": false, "body": "[deleted]", "is_submitter": false, "distinguished": null, "created_utc": 1506216821.0, "parent_id": "t3_720l7g", "replies": [{"author": "alucarddrol", "id": "dnf97fu", "score": 17, "subreddit": "BuyItForLife", "author_flair": null, "submission": "720l7g", "stickied": false, "body": "This is literally a sub about buying stuff. LOL", "is_submitter": false, "distinguished": null, "created_utc": 1506219894.0, "parent_id": "t1_dnf71nn", "replies": []}]}, {"author": "Shwifty_Plumbus", "id": "dneulil", "score": -26, "subreddit": "BuyItForLife", "author_flair": null, "submission": "720l7g", "stickied": false, "body": "Not sure if want that ugly thing for life though.", "is_submitter": false, "distinguished": null, "created_utc": 1506199670.0, "parent_id": "t3_720l7g", "replies": [{"author": "understandunderstand", "id": "dneuthj", "score": 14, "subreddit": "BuyItForLife", "author_flair": null, "submission": "720l7g", "stickied": false, "body": "It would have been really radical in 1992.", "is_submitter": false, "distinguished": null, "created_utc": 1506199954.0, "parent_id": "t1_dneulil", "replies": []}, {"author": "worldbit", "id": "dnex6i4", "score": 12, "subreddit": "BuyItForLife", "author_flair": null, "submission": "720l7g", "stickied": false, "body": "I think it looks cool", "is_submitter": false, "distinguished": null, "created_utc": 1506203050.0, "parent_id": "t1_dneulil", "replies": []}]}]}