{"title": "Interplanetary BIFL", "name": "t3_7ta7bn", "url": "https://i.redd.it/oticaff5ifc01.png", "selftext": "", "score": 3287, "upvote_ratio": 0.96, "permalink": "/r/BuyItForLife/comments/7ta7bn/interplanetary_bifl/", "id": "7ta7bn", "author": "DELETED", "link_flair_text": null, "num_comments": 97, "over_18": false, "spoiler": false, "pinned": false, "locked": false, "distinguished": null, "created_utc": 1517025978.0, "comments": [{"author": "Fragninja", "id": "dtbm3si", "score": 442, "subreddit": "BuyItForLife", "author_flair": null, "submission": "7ta7bn", "stickied": false, "body": "...Rover projects are always proposed as very short lifetimes to congress, because operating costs for rover missions are very large. They propose a very short mission that can be justified, then when it keeps working, congress can't refuse funding, because they've already put the damn thing on the planet, they may as well keep rolling it around and doing some \n\nNASA scientists intended it to last forever, they just can't tell congress that or they'll never get funded.", "is_submitter": false, "distinguished": null, "created_utc": 1517066565.0, "parent_id": "t3_7ta7bn", "replies": [{"author": "hiimsubclavian", "id": "dtbmvjg", "score": 71, "subreddit": "BuyItForLife", "author_flair": null, "submission": "7ta7bn", "stickied": false, "body": "But if it's already on the planet, the operating cost should go down drastically. I mean aside from having a few people pilot it and maybe a software update now and then, are there other operating costs to run the rover?", "is_submitter": false, "distinguished": null, "created_utc": 1517067594.0, "parent_id": "t1_dtbm3si", "replies": [{"author": "Fragninja", "id": "dtbp0kg", "score": 92, "subreddit": "BuyItForLife", "author_flair": null, "submission": "7ta7bn", "stickied": false, "body": "Operating costs are different than initial investement. \n\nIt costs a very large amount of momey to pit a rover on Mars, and then a slightly less large amount to pay the support team.\n\nThey have a fairly extensive team on earth that commands the rover, and none of them are on low paying salaries. They actually have a full scale replica on earth in a simulated environment. They build/scuplt the replica's \"sandbox\", do trial runs to figure out the best path, then code it and send it to Mars. They also have a team of scientists to run the on-board labs and do experiments. Plus, whenever there's an issue the general NASA engineering team likely gets called in for help.\n\nBut the support costs over 90 days are less than the same costs stretched over 14 years. Roughly one 56th, in fact.", "is_submitter": false, "distinguished": null, "created_utc": 1517070305.0, "parent_id": "t1_dtbmvjg", "replies": [{"author": "hiimsubclavian", "id": "dtbxav4", "score": 22, "subreddit": "BuyItForLife", "author_flair": null, "submission": "7ta7bn", "stickied": false, "body": "Well yeah, if you factor in stuff like salaries everything's expensive. But it's a bit of a sunk cost fallacy: those scientists and engineers employed by NASA are getting paid, regardless of which project they work on. And as scientists and engineers, of course they choose projects that are the most productive and promising. \n\nIf the rover had failed after 90 days, they'd have went on to other, lesser projects. So the question isn't how much their salaries are, but would you rather these salaried scientists work on something promising or something perhaps a bit less promising.", "is_submitter": false, "distinguished": null, "created_utc": 1517080146.0, "parent_id": "t1_dtbp0kg", "replies": [{"author": "thejerg", "id": "dtbycpw", "score": 20, "subreddit": "BuyItForLife", "author_flair": null, "submission": "7ta7bn", "stickied": false, "body": "For something like this most of the employees were put on staff specifically for this project, in which case you're flat wrong", "is_submitter": false, "distinguished": null, "created_utc": 1517081373.0, "parent_id": "t1_dtbxav4", "replies": [{"author": "hiimsubclavian", "id": "dtbzhwl", "score": 12, "subreddit": "BuyItForLife", "author_flair": null, "submission": "7ta7bn", "stickied": false, "body": "Really? So these scientists and engineers, most of them with PhDs and years of postdoctoral research under their belts, were initially hired on a contract for 90 days, and would get laid off whenever the rover stops running? \n\nSomehow I doubt that. You got any proof? \n\nEDIT: all of [these guys](https://mars.nasa.gov/people/), laid off when the rover stops. Yeah.", "is_submitter": false, "distinguished": null, "created_utc": 1517082739.0, "parent_id": "t1_dtbycpw", "replies": [{"author": "BingoRingo2", "id": "dtbzza0", "score": 12, "subreddit": "BuyItForLife", "author_flair": null, "submission": "7ta7bn", "stickied": false, "body": "Project management lasts several years, from the initiation to being done with the initial objectives on Mars. When the project ends, either they find another job (it is probably fairly easy if you succeeded to put something on Mars) or apply on another project. If they decide to extend the life of the rover it could be an entirely new project with a mix of existing and new staff.", "is_submitter": false, "distinguished": null, "created_utc": 1517083280.0, "parent_id": "t1_dtbzhwl", "replies": [{"author": "hiimsubclavian", "id": "dtc0lqh", "score": 4, "subreddit": "BuyItForLife", "author_flair": null, "submission": "7ta7bn", "stickied": false, "body": "If you bothered to read my link, you'd know the people participating on this project are already government employees, either at NASA or at collaborating institutes or universities. \n\nThey don't need to \"get another job\", they already have a job. They just move to a different project. Again, sunk cost fallacy.\n\nEDIT: just realized you're not /u/thejerg. edited language. ", "is_submitter": false, "distinguished": null, "created_utc": 1517084001.0, "parent_id": "t1_dtbzza0", "replies": [{"author": "BingoRingo2", "id": "dtc1crh", "score": 5, "subreddit": "BuyItForLife", "author_flair": null, "submission": "7ta7bn", "stickied": false, "body": "I'm sure NASA has staff that will stay there their whole career, but for some missions they probably need specialists from different fields, as you mention they probably hire them from universities (kind of a \"loan\") or other organizations linked to the government, education/research or the public service.\n\nThese people would not be interested in staying in the project at the end, they may come back from time to time as consultants, but not full time.\n\nAnyways, I'm too dumb to land one of those jobs...", "is_submitter": false, "distinguished": null, "created_utc": 1517084871.0, "parent_id": "t1_dtc0lqh", "replies": []}]}]}, {"author": "thejerg", "id": "dtbzodg", "score": 3, "subreddit": "BuyItForLife", "author_flair": null, "submission": "7ta7bn", "stickied": false, "body": "Do you know how government contracts or large business contracts even work? Because your question speaks to an embarrassing level of ignorance", "is_submitter": false, "distinguished": null, "created_utc": 1517082935.0, "parent_id": "t1_dtbzhwl", "replies": [{"author": "hiimsubclavian", "id": "dtc08dt", "score": 6, "subreddit": "BuyItForLife", "author_flair": null, "submission": "7ta7bn", "stickied": false, "body": "You really think those scientists are government contractors? \n\nOkay, I pulled up some of their biographies:\n\n>Dr. R. Aileen Yingst is a Senior Scientist at the Planetary Science Institute, a research institution headquartered in Tucson, AZ; she works offsite in Brunswick, Maine. She is a Participating Scientist on the Mars Exploration Rover Mission and Deputy Principal Investigator for the Mars Handlens Imager instrument on the Mars Science Laboratory rover Curiosity.\n\n> In December 1996, Dawn joined the Faculty at the University of California, Davis, and she is still a professor there. \n\n> I starting working at JPL as a student at an age of 24 and have worked at JPL ever since. I have worked on several projects such as DS1, MLS, X2000, MSAP and MSL either as test, integration or design engineer.\n\nlol, you're talking out of your ass, boy.", "is_submitter": false, "distinguished": null, "created_utc": 1517083575.0, "parent_id": "t1_dtbzodg", "replies": [{"author": "DELETED", "id": "dtc1kjx", "score": -13, "subreddit": "BuyItForLife", "author_flair": null, "submission": "7ta7bn", "stickied": false, "body": "[deleted]", "is_submitter": false, "distinguished": null, "created_utc": 1517085116.0, "parent_id": "t1_dtc08dt", "replies": [{"author": "DELETED", "id": "dtc4wqd", "score": 5, "subreddit": "BuyItForLife", "author_flair": null, "submission": "7ta7bn", "stickied": false, "body": "[deleted]", "is_submitter": false, "distinguished": null, "created_utc": 1517088950.0, "parent_id": "t1_dtc1kjx", "replies": []}, {"author": "TreeBeef", "id": "dtc84vi", "score": 4, "subreddit": "BuyItForLife", "author_flair": null, "submission": "7ta7bn", "stickied": false, "body": "How does one hurt themself when arguing on the internet? ", "is_submitter": false, "distinguished": null, "created_utc": 1517092786.0, "parent_id": "t1_dtc1kjx", "replies": []}, {"author": "hiimsubclavian", "id": "dtcgzxd", "score": 1, "subreddit": "BuyItForLife", "author_flair": null, "submission": "7ta7bn", "stickied": false, "body": "So far in this discussion you have not come back with a shred of evidence to back up any of your claims. My shitty attitude will change when you do. ", "is_submitter": false, "distinguished": null, "created_utc": 1517103872.0, "parent_id": "t1_dtc1kjx", "replies": []}]}]}]}]}]}, {"author": "cbelt3", "id": "dtc33uk", "score": 2, "subreddit": "BuyItForLife", "author_flair": null, "submission": "7ta7bn", "stickied": false, "body": "Actually NASA does not directly employ a lot of people. Most work for one subcontractor or another. And when a project is cancelled... poof go the jobs.", "is_submitter": false, "distinguished": null, "created_utc": 1517086839.0, "parent_id": "t1_dtbxav4", "replies": []}]}]}]}, {"author": "spudmonkey", "id": "dtbypl2", "score": 21, "subreddit": "BuyItForLife", "author_flair": null, "submission": "7ta7bn", "stickied": false, "body": "Sorry, this is just a load of crap.\n\nInitial project cost was ~$800 million for development, launch and delivery to Mars. \n\nCurrent costs is ~$14 million per year.\n\nAccording to my math, we can run the program for about 60 years before the operating cost is equivalent to the initial cost.\n\nAnnual cost estimate in [this](http://www.planetary.org/blogs/casey-dreier/2015/0315-is-opportunity-a-mission-whose-time-has-passed.html) document. \n\nedit: [FY2017 NASA Budget Request](https://www.nasa.gov/sites/default/files/atoms/files/fy_2017_budget_estimates.pdf) pg. 173 show that $13.7 million was request for that budget cycle.", "is_submitter": false, "distinguished": null, "created_utc": 1517081799.0, "parent_id": "t1_dtbm3si", "replies": [{"author": "Spanks_Hippos", "id": "dtbzshr", "score": 15, "subreddit": "BuyItForLife", "author_flair": null, "submission": "7ta7bn", "stickied": false, "body": "$800 mil is still easier to pass than $900 mil - $1 bil", "is_submitter": false, "distinguished": null, "created_utc": 1517083064.0, "parent_id": "t1_dtbypl2", "replies": [{"author": "spudmonkey", "id": "dtc0v8e", "score": 9, "subreddit": "BuyItForLife", "author_flair": null, "submission": "7ta7bn", "stickied": false, "body": "I'll not argue that. but the idea that ongoing funding is large compared to initial funding is just silly.\n\nThe reason missions often exceed their projected lifespan is because the projected lifespan is generally a worst case number. \n\nThat is, get together the engineering team, imaging every conceivable way to kill the machine which is, in principle survivable,  and estimate how long it can live is some or all of those events come to pass.\n\nIf you don't get a convergence of all those events then the machine lasts longer than expected.\n\n", "is_submitter": false, "distinguished": null, "created_utc": 1517084308.0, "parent_id": "t1_dtbzshr", "replies": [{"author": "Spanks_Hippos", "id": "dtdc2x1", "score": 2, "subreddit": "BuyItForLife", "author_flair": null, "submission": "7ta7bn", "stickied": false, "body": "I can get behind that. However, Engineering has to be more and more political about decisions these days (for good reason). Wouldn't be surprised if both reasons are part of the true story. ", "is_submitter": false, "distinguished": null, "created_utc": 1517159103.0, "parent_id": "t1_dtc0v8e", "replies": []}]}]}, {"author": "JustSomeBadAdvice", "id": "dtcjzpq", "score": 3, "subreddit": "BuyItForLife", "author_flair": null, "submission": "7ta7bn", "stickied": false, "body": "/r/theydidthemath \n\nThanks :D", "is_submitter": false, "distinguished": null, "created_utc": 1517107648.0, "parent_id": "t1_dtbypl2", "replies": []}]}, {"author": "joelhaasnoot", "id": "dtc227x", "score": 6, "subreddit": "BuyItForLife", "author_flair": null, "submission": "7ta7bn", "stickied": false, "body": "Also note that NASA and the ESA blew up most of the other hopefuls and missions of the same era (something about a bad parachute and feet vs meters?). This was our only hope", "is_submitter": false, "distinguished": null, "created_utc": 1517085657.0, "parent_id": "t1_dtbm3si", "replies": []}]}, {"author": "upvoatsforall", "id": "dtbhj73", "score": 67, "subreddit": "BuyItForLife", "author_flair": null, "submission": "7ta7bn", "stickied": false, "body": "Who took this picture?", "is_submitter": false, "distinguished": null, "created_utc": 1517058988.0, "parent_id": "t3_7ta7bn", "replies": [{"author": "eleitl", "id": "dtbix5a", "score": 38, "subreddit": "BuyItForLife", "author_flair": null, "submission": "7ta7bn", "stickied": false, "body": "Thought it was a selfie mosaic first, but it's likely a composite picture, so not real.", "is_submitter": false, "distinguished": null, "created_utc": 1517061684.0, "parent_id": "t1_dtbhj73", "replies": [{"author": "nate998877", "id": "dtbnmns", "score": 19, "subreddit": "BuyItForLife", "author_flair": null, "submission": "7ta7bn", "stickied": false, "body": "oi oi oi, just because it's composite doesn't mean it's not real.", "is_submitter": false, "distinguished": null, "created_utc": 1517068578.0, "parent_id": "t1_dtbix5a", "replies": []}]}, {"author": "jtioannou", "id": "dtbmk1x", "score": 19, "subreddit": "BuyItForLife", "author_flair": null, "submission": "7ta7bn", "stickied": false, "body": "The guys at NASA in their hoax theater.  (I'm just kidding, I believe in space travel)", "is_submitter": false, "distinguished": null, "created_utc": 1517067165.0, "parent_id": "t1_dtbhj73", "replies": [{"author": "FiatSemperLux", "id": "dtbrvfp", "score": 9, "subreddit": "BuyItForLife", "author_flair": null, "submission": "7ta7bn", "stickied": false, "body": "to someone a hundred years ago, the latter part of the sentence probably would have been the punchline . funny how things work. hold on, let me try to anticipate 100 years from *now*:\nThe guys at the Trans-Galactic Colonization Administration in their hoax theater, (just kidding, I believe Trans-Galactic Colonization)", "is_submitter": false, "distinguished": null, "created_utc": 1517073740.0, "parent_id": "t1_dtbmk1x", "replies": []}]}, {"author": "nyc4life", "id": "dtbk7b0", "score": 6, "subreddit": "BuyItForLife", "author_flair": null, "submission": "7ta7bn", "stickied": false, "body": "CGI", "is_submitter": false, "distinguished": null, "created_utc": 1517063809.0, "parent_id": "t1_dtbhj73", "replies": []}, {"author": "grelphy", "id": "dtc4e7o", "score": 4, "subreddit": "BuyItForLife", "author_flair": null, "submission": "7ta7bn", "stickied": false, "body": "It's most likely a photo taken on Earth of testing in a mock environment.", "is_submitter": false, "distinguished": null, "created_utc": 1517088342.0, "parent_id": "t1_dtbhj73", "replies": []}, {"author": "Maisondemason2225", "id": "dtc5i2x", "score": 3, "subreddit": "BuyItForLife", "author_flair": null, "submission": "7ta7bn", "stickied": false, "body": "Good question!", "is_submitter": false, "distinguished": null, "created_utc": 1517089639.0, "parent_id": "t1_dtbhj73", "replies": []}, {"author": "khthon", "id": "dtbkjur", "score": 5, "subreddit": "BuyItForLife", "author_flair": null, "submission": "7ta7bn", "stickied": false, "body": "Alf", "is_submitter": false, "distinguished": null, "created_utc": 1517064348.0, "parent_id": "t1_dtbhj73", "replies": []}]}, {"author": "Mazon_Del", "id": "dtbbfjn", "score": 118, "subreddit": "BuyItForLife", "author_flair": null, "submission": "7ta7bn", "stickied": false, "body": "I just realized....Opportunity is half my age. Holy crap.", "is_submitter": false, "distinguished": null, "created_utc": 1517043378.0, "parent_id": "t3_7ta7bn", "replies": [{"author": "Lebensfreude", "id": "dtbcmpv", "score": 75, "subreddit": "BuyItForLife", "author_flair": null, "submission": "7ta7bn", "stickied": false, "body": "It will get worse over time <3", "is_submitter": false, "distinguished": null, "created_utc": 1517046438.0, "parent_id": "t1_dtbbfjn", "replies": [{"author": "atlhart", "id": "dtbix4e", "score": 72, "subreddit": "BuyItForLife", "author_flair": null, "submission": "7ta7bn", "stickied": false, "body": "Yeah, but when /u/Mazon_Del is 60, Opportunity will be 46 and the relationship won't seem as weird. ", "is_submitter": false, "distinguished": null, "created_utc": 1517061682.0, "parent_id": "t1_dtbcmpv", "replies": [{"author": "Lebensfreude", "id": "dtbwcxi", "score": 6, "subreddit": "BuyItForLife", "author_flair": null, "submission": "7ta7bn", "stickied": false, "body": "Relevant [xkcd](https://www.xkcd.com/314/).", "is_submitter": false, "distinguished": null, "created_utc": 1517079022.0, "parent_id": "t1_dtbix4e", "replies": []}, {"author": "johpick", "id": "dtbkrln", "score": 24, "subreddit": "BuyItForLife", "author_flair": null, "submission": "7ta7bn", "stickied": false, "body": "    Expected half-life = 90 days\n    Age = 14*365.25 days = 5113.5 days\n    \n    5113.5d / 90d = 56.8167\n    Opportunity survived 56 half-lives.\n    \n    2^-56.8167 = 0.0000000000000000078791448 = 7.88e-18\nOn launch day, the chance for opportunity to live until today was 0.000000000000000788%.\n    \n    Desirable life span = 46 years\n    Time ahead = 32 years = 11688d\n    Half-lives ahead = 129.866666667\n    \n    2^-129.866666667 = 0.00000000000000000000000000000000000000080581973 = 8.06e-40\nThe current chance of Opportunity to live until it's old enough to have a socially acceptable relationship with /u/Mazon_Del is 0.0000000000000000000000000000000000000806%.\n\n[Never give up hope](https://rationalwiki.org/wiki/Improbable_things_happen).", "is_submitter": false, "distinguished": null, "created_utc": 1517064666.0, "parent_id": "t1_dtbix4e", "replies": [{"author": "ZeCommander", "id": "dtbnnv2", "score": 7, "subreddit": "BuyItForLife", "author_flair": null, "submission": "7ta7bn", "stickied": false, "body": "r/theydidthemaths", "is_submitter": false, "distinguished": null, "created_utc": 1517068620.0, "parent_id": "t1_dtbkrln", "replies": []}, {"author": "Mazon_Del", "id": "dtc8ryh", "score": 3, "subreddit": "BuyItForLife", "author_flair": null, "submission": "7ta7bn", "stickied": false, "body": "I highly appreciate this post.\n\nThe chances for my Mars robot love exist!", "is_submitter": false, "distinguished": null, "created_utc": 1517093565.0, "parent_id": "t1_dtbkrln", "replies": []}]}]}]}]}, {"author": "Imonfire1", "id": "dtbmmlf", "score": 41, "subreddit": "BuyItForLife", "author_flair": null, "submission": "7ta7bn", "stickied": false, "body": "Even if it was written for Spirit, here's a relevant XKCD: https://xkcd.com/695/", "is_submitter": false, "distinguished": null, "created_utc": 1517067258.0, "parent_id": "t3_7ta7bn", "replies": [{"author": "MRiddickW", "id": "dtbngcc", "score": 37, "subreddit": "BuyItForLife", "author_flair": null, "submission": "7ta7bn", "stickied": false, "body": "Also this one for Opportunity: https://xkcd.com/1504/", "is_submitter": false, "distinguished": null, "created_utc": 1517068356.0, "parent_id": "t1_dtbmmlf", "replies": []}, {"author": "NUANCE_OF_IQLUSION", "id": "dtbmuip", "score": 9, "subreddit": "BuyItForLife", "author_flair": null, "submission": "7ta7bn", "stickied": false, "body": "Aw :'(", "is_submitter": false, "distinguished": null, "created_utc": 1517067555.0, "parent_id": "t1_dtbmmlf", "replies": []}]}, {"author": "AlusPryde", "id": "dtbm0az", "score": 18, "subreddit": "BuyItForLife", "author_flair": null, "submission": "7ta7bn", "stickied": false, "body": "I want to believe it broke down years ago, but friendly martians figured out how to fix it, and have been mantaining it ever since.", "is_submitter": false, "distinguished": null, "created_utc": 1517066432.0, "parent_id": "t3_7ta7bn", "replies": []}, {"author": "DontLaughItAintFunny", "id": "dtbhtpn", "score": 37, "subreddit": "BuyItForLife", "author_flair": null, "submission": "7ta7bn", "stickied": false, "body": "Lifetime warranty included free with your purchase price of a cool $400 million", "is_submitter": false, "distinguished": null, "created_utc": 1517059585.0, "parent_id": "t3_7ta7bn", "replies": [{"author": "DELETED", "id": "dtbjwk9", "score": 22, "subreddit": "BuyItForLife", "author_flair": null, "submission": "7ta7bn", "stickied": false, "body": "Think about the ROI though. Initially the cost per day was $4,444,444.44 but now after 14 years it's cost is $78,280.89 per day!", "is_submitter": false, "distinguished": null, "created_utc": 1517063337.0, "parent_id": "t1_dtbhtpn", "replies": [{"author": "FourDM", "id": "dtbkgp2", "score": -12, "subreddit": "BuyItForLife", "author_flair": null, "submission": "7ta7bn", "stickied": false, "body": "The ROI is still near 0.  They've made about $0 on their investment.\n\nEdit: \n\nDo you people not understand how ROI works?  NASA isn't making money by sending rovers places.  It's like a charity.  Money goes in and you don't get money back out.  While \"for science\" may be a good enough reason to spend the money anyway that doesn't give it a positive ROI.  ROI is a completely inappropriate way to compare the effectiveness of things sent into space for scientific reasons.", "is_submitter": false, "distinguished": null, "created_utc": 1517064213.0, "parent_id": "t1_dtbjwk9", "replies": [{"author": "fathercreatch", "id": "dtbkkvm", "score": 42, "subreddit": "BuyItForLife", "author_flair": null, "submission": "7ta7bn", "stickied": false, "body": "You can't put a price on knowledge and exploration. ", "is_submitter": false, "distinguished": null, "created_utc": 1517064391.0, "parent_id": "t1_dtbkgp2", "replies": [{"author": "Bmc169", "id": "dtbmp1r", "score": 9, "subreddit": "BuyItForLife", "author_flair": null, "submission": "7ta7bn", "stickied": false, "body": "I'll pay you two dollars for a tablespoon of knowledge and exploration.", "is_submitter": false, "distinguished": null, "created_utc": 1517067350.0, "parent_id": "t1_dtbkkvm", "replies": []}, {"author": "Eeyore_", "id": "dtbs0ve", "score": 7, "subreddit": "BuyItForLife", "author_flair": null, "submission": "7ta7bn", "stickied": false, "body": "You like this? It\u2019s pretty cool, driving my Martian Rover in the Columbia Hills. But you know what I value more than this Martian Rover? Knowledge. That\u2019s why I\u2019ve just had this exabyte storage cluster installed in my Huntsville, Alabama research facility. ", "is_submitter": false, "distinguished": null, "created_utc": 1517073918.0, "parent_id": "t1_dtbkkvm", "replies": []}, {"author": "TaruNukes", "id": "dtbpdu8", "score": 4, "subreddit": "BuyItForLife", "author_flair": null, "submission": "7ta7bn", "stickied": false, "body": "Found Captain Kirk ", "is_submitter": false, "distinguished": null, "created_utc": 1517070754.0, "parent_id": "t1_dtbkkvm", "replies": []}, {"author": "anothdae", "id": "dtbnpti", "score": 2, "subreddit": "BuyItForLife", "author_flair": null, "submission": "7ta7bn", "stickied": false, "body": "Sure you can. ", "is_submitter": false, "distinguished": null, "created_utc": 1517068688.0, "parent_id": "t1_dtbkkvm", "replies": []}, {"author": "FourDM", "id": "dtbn4tm", "score": 2, "subreddit": "BuyItForLife", "author_flair": null, "submission": "7ta7bn", "stickied": false, "body": "So are you agreeing that ROI is a pretty poor way of assessing the effectiveness of a space program?", "is_submitter": false, "distinguished": null, "created_utc": 1517067940.0, "parent_id": "t1_dtbkkvm", "replies": []}]}, {"author": "ICantSeeIt", "id": "dtbo47u", "score": 12, "subreddit": "BuyItForLife", "author_flair": null, "submission": "7ta7bn", "stickied": false, "body": "Check out the NASA Technology Transfer Program.  Anything NASA comes up with is open and free to use for businesses.  There's a lot of different estimates out there, but some upper estimates from just Googling show $14 return on $1 invested.", "is_submitter": false, "distinguished": null, "created_utc": 1517069191.0, "parent_id": "t1_dtbkgp2", "replies": []}]}]}]}, {"author": "DELETED", "id": "dtbtwmd", "score": 7, "subreddit": "BuyItForLife", "author_flair": null, "submission": "7ta7bn", "stickied": false, "body": "The reason it was expected to die eventually was dust buildup on the solar panels, which would eventually render it useless.  Gloriously, Mars actually delivers a little breeze every once in a while; enough to keep the panels relatively clear and the Rover operational.", "is_submitter": false, "distinguished": null, "created_utc": 1517076134.0, "parent_id": "t3_7ta7bn", "replies": []}, {"author": "i_donno", "id": "dtbdqpv", "score": 19, "subreddit": "BuyItForLife", "author_flair": null, "submission": "7ta7bn", "stickied": false, "body": "Wheels are a bit damaged but its an awesome machine.\nAnd it can still take a photo of its wheels and send it back.\n\nhttp://www.planetary.org/blogs/emily-lakdawalla/2014/08190630-curiosity-wheel-damage.html", "is_submitter": false, "distinguished": null, "created_utc": 1517049497.0, "parent_id": "t3_7ta7bn", "replies": [{"author": "DELETED", "id": "dtbfvgd", "score": 24, "subreddit": "BuyItForLife", "author_flair": null, "submission": "7ta7bn", "stickied": false, "body": "[deleted]", "is_submitter": false, "distinguished": null, "created_utc": 1517055118.0, "parent_id": "t1_dtbdqpv", "replies": [{"author": "squidzilla420", "id": "dtbifre", "score": 12, "subreddit": "BuyItForLife", "author_flair": null, "submission": "7ta7bn", "stickied": false, "body": "Low energy rovers. SAD!", "is_submitter": false, "distinguished": null, "created_utc": 1517060783.0, "parent_id": "t1_dtbfvgd", "replies": [{"author": "Eeyore_", "id": "dtbs25n", "score": 12, "subreddit": "BuyItForLife", "author_flair": null, "submission": "7ta7bn", "stickied": false, "body": "I like rovers that don\u2019t break down in extremely hostile, inhospitable, alien environments.", "is_submitter": false, "distinguished": null, "created_utc": 1517073962.0, "parent_id": "t1_dtbifre", "replies": []}]}]}, {"author": "hazar815", "id": "dtbfu7r", "score": 9, "subreddit": "BuyItForLife", "author_flair": null, "submission": "7ta7bn", "stickied": false, "body": "This is Opportunity not Curiosity....", "is_submitter": false, "distinguished": null, "created_utc": 1517055034.0, "parent_id": "t1_dtbdqpv", "replies": [{"author": "TaruNukes", "id": "dtbpfsw", "score": 2, "subreddit": "BuyItForLife", "author_flair": null, "submission": "7ta7bn", "stickied": false, "body": "He just got roverpwned", "is_submitter": false, "distinguished": null, "created_utc": 1517070819.0, "parent_id": "t1_dtbfu7r", "replies": []}]}]}, {"author": "RuprectGern", "id": "dtbpetn", "score": 7, "subreddit": "BuyItForLife", "author_flair": null, "submission": "7ta7bn", "stickied": false, "body": "Notorious BIFL", "is_submitter": false, "distinguished": null, "created_utc": 1517070785.0, "parent_id": "t3_7ta7bn", "replies": [{"author": "isummonyouhere", "id": "dtbse2l", "score": 3, "subreddit": "BuyItForLife", "author_flair": null, "submission": "7ta7bn", "stickied": false, "body": "Sicka than yo average", "is_submitter": false, "distinguished": null, "created_utc": 1517074358.0, "parent_id": "t1_dtbpetn", "replies": []}, {"author": "knuckles-and-claws", "id": "dtbyonp", "score": 4, "subreddit": "BuyItForLife", "author_flair": null, "submission": "7ta7bn", "stickied": false, "body": "S car go, opportunity go 150 (months).  Swiftly.", "is_submitter": false, "distinguished": null, "created_utc": 1517081769.0, "parent_id": "t1_dtbpetn", "replies": [{"author": "LoganH321", "id": "dtc5i3q", "score": 3, "subreddit": "BuyItForLife", "author_flair": null, "submission": "7ta7bn", "stickied": false, "body": "Underrated thread ", "is_submitter": false, "distinguished": null, "created_utc": 1517089640.0, "parent_id": "t1_dtbyonp", "replies": [{"author": "RuprectGern", "id": "dtd84ge", "score": 1, "subreddit": "BuyItForLife", "author_flair": null, "submission": "7ta7bn", "stickied": false, "body": "Great buyer. Would sell again!", "is_submitter": false, "distinguished": null, "created_utc": 1517154145.0, "parent_id": "t1_dtc5i3q", "replies": []}]}]}]}, {"author": "Stratty88", "id": "dtblu4j", "score": 4, "subreddit": "BuyItForLife", "author_flair": null, "submission": "7ta7bn", "stickied": false, "body": "Earth years or Martian?", "is_submitter": false, "distinguished": null, "created_utc": 1517066200.0, "parent_id": "t3_7ta7bn", "replies": []}, {"author": "wikes82", "id": "dtbus90", "score": 3, "subreddit": "BuyItForLife", "author_flair": null, "submission": "7ta7bn", "stickied": false, "body": "plot twist, it was broken on 90th day, but there's this alien there that keep fixing it", "is_submitter": false, "distinguished": null, "created_utc": 1517077179.0, "parent_id": "t3_7ta7bn", "replies": []}, {"author": "DELETED", "id": "dtbxm5e", "score": 3, "subreddit": "BuyItForLife", "author_flair": null, "submission": "7ta7bn", "stickied": false, "body": "Is this the rover that saved Matt Damon?", "is_submitter": false, "distinguished": null, "created_utc": 1517080510.0, "parent_id": "t3_7ta7bn", "replies": [{"author": "BingoRingo2", "id": "dtc08w2", "score": 5, "subreddit": "BuyItForLife", "author_flair": null, "submission": "7ta7bn", "stickied": false, "body": "No, that was Pathfinder.", "is_submitter": false, "distinguished": null, "created_utc": 1517083591.0, "parent_id": "t1_dtbxm5e", "replies": [{"author": "DELETED", "id": "dtcbu8q", "score": 3, "subreddit": "BuyItForLife", "author_flair": null, "submission": "7ta7bn", "stickied": false, "body": "Thanks!", "is_submitter": false, "distinguished": null, "created_utc": 1517097392.0, "parent_id": "t1_dtc08w2", "replies": []}]}]}, {"author": "DELETED", "id": "dtbcta3", "score": 20, "subreddit": "BuyItForLife", "author_flair": null, "submission": "7ta7bn", "stickied": false, "body": "Is it still roving or is it just sitting there like a bitch?", "is_submitter": false, "distinguished": null, "created_utc": 1517046924.0, "parent_id": "t3_7ta7bn", "replies": [{"author": "DELETED", "id": "dtbdbyc", "score": 17, "subreddit": "BuyItForLife", "author_flair": null, "submission": "7ta7bn", "stickied": false, "body": "[deleted]", "is_submitter": false, "distinguished": null, "created_utc": 1517048357.0, "parent_id": "t1_dtbcta3", "replies": [{"author": "l1thiumion", "id": "dtbk7a7", "score": 2, "subreddit": "BuyItForLife", "author_flair": null, "submission": "7ta7bn", "stickied": false, "body": "Wasn\u2019t there a sad documentary on Spirit?  I can\u2019t find it again.", "is_submitter": false, "distinguished": null, "created_utc": 1517063808.0, "parent_id": "t1_dtbdbyc", "replies": [{"author": "yankeewhiskyzulu", "id": "dtblkcp", "score": 33, "subreddit": "BuyItForLife", "author_flair": null, "submission": "7ta7bn", "stickied": false, "body": "I believe it was called Wall-E", "is_submitter": false, "distinguished": null, "created_utc": 1517065827.0, "parent_id": "t1_dtbk7a7", "replies": []}]}]}, {"author": "DELETED", "id": "dtbe5ak", "score": 6, "subreddit": "BuyItForLife", "author_flair": null, "submission": "7ta7bn", "stickied": false, "body": "I think it'll just rove around until enough dust covers his solar panels and eventually suffocate him. ", "is_submitter": false, "distinguished": null, "created_utc": 1517050605.0, "parent_id": "t1_dtbcta3", "replies": [{"author": "excesshats", "id": "dtbjrae", "score": 7, "subreddit": "BuyItForLife", "author_flair": null, "submission": "7ta7bn", "stickied": false, "body": "That has happened before, and out of pure chance a dust devil or high winds has completely cleared the solar panels off. I had the chance to listen to one of the team members of the project give a talk about the whole thing. It\u2019s fascinating what that river has done. ", "is_submitter": false, "distinguished": null, "created_utc": 1517063099.0, "parent_id": "t1_dtbe5ak", "replies": []}, {"author": "reddit455", "id": "dtbn5h5", "score": 6, "subreddit": "BuyItForLife", "author_flair": null, "submission": "7ta7bn", "stickied": false, "body": "\n\n\nhttps://www.space.com/25577-mars-rover-opportunity-solar-panels-clean.html\n\nAlthough dust storms can quickly choke the whole planet, strong winds and helpful dust devils have countered the impact of sun-blocking layers of dust settling on the solar-powered robots. Most recently, **Opportunity has seen a surge in energy after a \"cleaning event\" in March, resulting in a power boost of 70 percent when compared with power levels at the start of this year.**", "is_submitter": false, "distinguished": null, "created_utc": 1517067964.0, "parent_id": "t1_dtbe5ak", "replies": []}, {"author": "nalc", "id": "dtcang1", "score": 3, "subreddit": "BuyItForLife", "author_flair": null, "submission": "7ta7bn", "stickied": false, "body": "If only we had the technology to wipe things. But no, you'd need a rubber strip attached to the end of some sort of arm, and a little motor to have it wipe back and forth. I just don't see how you could build a wiper for less than a billion dollars, it's just not feasible.", "is_submitter": false, "distinguished": null, "created_utc": 1517095898.0, "parent_id": "t1_dtbe5ak", "replies": []}]}]}, {"author": "blatantlyunoriginal", "id": "dtc1do9", "score": 3, "subreddit": "BuyItForLife", "author_flair": null, "submission": "7ta7bn", "stickied": false, "body": "I read somewhere that NASA has to qualify components by testing them to X (can't remember what number this is exactly) times their expected lifespan. So to qualify a 10 years mission would take 10X years. It's easier to fully qualify a mission as being capable of lasting 90X days than speculating as to how long it would last.", "is_submitter": false, "distinguished": null, "created_utc": 1517084900.0, "parent_id": "t3_7ta7bn", "replies": []}, {"author": "brontide", "id": "dtc9pot", "score": 3, "subreddit": "BuyItForLife", "author_flair": null, "submission": "7ta7bn", "stickied": false, "body": "It's amazing what good parts, quality engineering and a solid maintenance plan will do for the lifespan of a product.", "is_submitter": false, "distinguished": null, "created_utc": 1517094709.0, "parent_id": "t3_7ta7bn", "replies": [{"author": "nalc", "id": "dtcgki7", "score": 1, "subreddit": "BuyItForLife", "author_flair": null, "submission": "7ta7bn", "stickied": false, "body": "Maintenance?", "is_submitter": false, "distinguished": null, "created_utc": 1517103314.0, "parent_id": "t1_dtc9pot", "replies": []}]}, {"author": "purple_engineer", "id": "dtcbjoe", "score": 3, "subreddit": "BuyItForLife", "author_flair": null, "submission": "7ta7bn", "stickied": false, "body": "NASA should make cars", "is_submitter": false, "distinguished": null, "created_utc": 1517097019.0, "parent_id": "t3_7ta7bn", "replies": []}, {"author": "Cochinojoe", "id": "dtbtcs4", "score": 5, "subreddit": "BuyItForLife", "author_flair": null, "submission": "7ta7bn", "stickied": false, "body": "\u201cSpace may be the final frontier but it\u2019s made in a Hollywood basement.\u201d", "is_submitter": false, "distinguished": null, "created_utc": 1517075491.0, "parent_id": "t3_7ta7bn", "replies": []}, {"author": "UnionThug7", "id": "dtbsbda", "score": 2, "subreddit": "BuyItForLife", "author_flair": null, "submission": "7ta7bn", "stickied": false, "body": "Who or what keeps cleaning the dust off?", "is_submitter": false, "distinguished": null, "created_utc": 1517074268.0, "parent_id": "t3_7ta7bn", "replies": []}, {"author": "CapitainDevNull", "id": "dtbthlq", "score": 2, "subreddit": "BuyItForLife", "author_flair": null, "submission": "7ta7bn", "stickied": false, "body": "Thanks to all martians for a great maintenance job. ", "is_submitter": false, "distinguished": null, "created_utc": 1517075647.0, "parent_id": "t3_7ta7bn", "replies": []}, {"author": "loki-things", "id": "dtbvz5g", "score": 2, "subreddit": "BuyItForLife", "author_flair": null, "submission": "7ta7bn", "stickied": false, "body": "Eh clearly over-engineered.", "is_submitter": false, "distinguished": null, "created_utc": 1517078569.0, "parent_id": "t3_7ta7bn", "replies": []}, {"author": "CharlesGarfield", "id": "dtbw8f7", "score": 2, "subreddit": "BuyItForLife", "author_flair": null, "submission": "7ta7bn", "stickied": false, "body": "Planned obsolescence fail.", "is_submitter": false, "distinguished": null, "created_utc": 1517078874.0, "parent_id": "t3_7ta7bn", "replies": []}, {"author": "4_your_lowe", "id": "dtc2hdp", "score": 2, "subreddit": "BuyItForLife", "author_flair": null, "submission": "7ta7bn", "stickied": false, "body": "The reason it was broken on 90th day, the operating price is equivalent to the initial price.", "is_submitter": false, "distinguished": null, "created_utc": 1517086123.0, "parent_id": "t3_7ta7bn", "replies": []}, {"author": "llcooljessie", "id": "dtc3s7p", "score": 2, "subreddit": "BuyItForLife", "author_flair": null, "submission": "7ta7bn", "stickied": false, "body": "I buy all my rovers from NASA. ", "is_submitter": false, "distinguished": null, "created_utc": 1517087631.0, "parent_id": "t3_7ta7bn", "replies": []}, {"author": "DELETED", "id": "dtc7ope", "score": 2, "subreddit": "BuyItForLife", "author_flair": null, "submission": "7ta7bn", "stickied": false, "body": "that's a quality rover", "is_submitter": false, "distinguished": null, "created_utc": 1517092240.0, "parent_id": "t3_7ta7bn", "replies": []}, {"author": "SnapesGrayUnderpants", "id": "dtbp0br", "score": 4, "subreddit": "BuyItForLife", "author_flair": null, "submission": "7ta7bn", "stickied": false, "body": "Off topic a bit but once upon a time, products made in America had a reputation for lasting a long time. I've got a 50 year old electric waffle iron that still works very well and since it isn't digital, it would be easy to fix if it breaks. ", "is_submitter": false, "distinguished": null, "created_utc": 1517070298.0, "parent_id": "t3_7ta7bn", "replies": []}, {"author": "l3wis992", "id": "dtcgrzd", "score": 1, "subreddit": "BuyItForLife", "author_flair": null, "submission": "7ta7bn", "stickied": false, "body": "They give it a short lifetime where they expect it to work perfectly, but they build it to last as long as possible so they can keep using it for research. ", "is_submitter": false, "distinguished": null, "created_utc": 1517103587.0, "parent_id": "t3_7ta7bn", "replies": []}, {"author": "JOHNNYJSTONEZ", "id": "dtcif67", "score": 1, "subreddit": "BuyItForLife", "author_flair": null, "submission": "7ta7bn", "stickied": false, "body": "Thank you Martian winds!", "is_submitter": false, "distinguished": null, "created_utc": 1517105699.0, "parent_id": "t3_7ta7bn", "replies": []}, {"author": "Moremayhem", "id": "dtbm8pi", "score": 2, "subreddit": "BuyItForLife", "author_flair": null, "submission": "7ta7bn", "stickied": false, "body": "Another quality Made in USA product.", "is_submitter": false, "distinguished": null, "created_utc": 1517066742.0, "parent_id": "t3_7ta7bn", "replies": []}, {"author": "Brutally-Honest-", "id": "dtd0mme", "score": 0, "subreddit": "BuyItForLife", "author_flair": null, "submission": "7ta7bn", "stickied": false, "body": "Anyone remember when this subreddit wasn't shit? ", "is_submitter": false, "distinguished": null, "created_utc": 1517139940.0, "parent_id": "t3_7ta7bn", "replies": []}, {"author": "Zootropic", "id": "dtbor9u", "score": -36, "subreddit": "BuyItForLife", "author_flair": null, "submission": "7ta7bn", "stickied": false, "body": "Waste of tax payer money that does no one any practical good.  ", "is_submitter": false, "distinguished": null, "created_utc": 1517069988.0, "parent_id": "t3_7ta7bn", "replies": [{"author": "DELETED", "id": "dtbr5hw", "score": 16, "subreddit": "BuyItForLife", "author_flair": null, "submission": "7ta7bn", "stickied": false, "body": "Do you own a microwave?", "is_submitter": false, "distinguished": null, "created_utc": 1517072882.0, "parent_id": "t1_dtbor9u", "replies": []}, {"author": "TaruNukes", "id": "dtbpkfy", "score": 15, "subreddit": "BuyItForLife", "author_flair": null, "submission": "7ta7bn", "stickied": false, "body": "Yea we don\u2019t need to know anything about our solar system. Just like we didn\u2019t need to know anything about North America or South America back in the 1400s", "is_submitter": false, "distinguished": null, "created_utc": 1517070976.0, "parent_id": "t1_dtbor9u", "replies": []}, {"author": "drew_a_blank", "id": "dtbu11d", "score": 12, "subreddit": "BuyItForLife", "author_flair": null, "submission": "7ta7bn", "stickied": false, "body": " Here's just a handful of useful techonology we've gotten thanks to NASA:\n\nInfrared ear thermometers (so you can easily/quickly tell if that newborn is sick)\n\nScratch Resistent Lenses\n\nAdvancements in Aircraft anti icing systems\n\nDigital Image Sensor (Wanna take a picture without Film? Thanks NASA)\n\nplenty of other shit.  Do some research. ", "is_submitter": false, "distinguished": null, "created_utc": 1517076279.0, "parent_id": "t1_dtbor9u", "replies": []}, {"author": "kancis", "id": "dtbvlr0", "score": 4, "subreddit": "BuyItForLife", "author_flair": null, "submission": "7ta7bn", "stickied": false, "body": "I\u2019m genuinely interested in hearing the opinions of someone who finds space exploration to be a waste of their tax dollars. I have the opposite opinion but I\u2019m also extremely fiscally frugal in my opinions on government spending; but space exploration is essential in my view.\n\nWould love to listen if you\u2019d like to share. ", "is_submitter": false, "distinguished": null, "created_utc": 1517078148.0, "parent_id": "t1_dtbor9u", "replies": []}, {"author": "rednight39", "id": "dtbue5c", "score": 2, "subreddit": "BuyItForLife", "author_flair": null, "submission": "7ta7bn", "stickied": false, "body": "After unchecked greed fucks our planet, we will need a new one.", "is_submitter": false, "distinguished": null, "created_utc": 1517076711.0, "parent_id": "t1_dtbor9u", "replies": []}]}]}