{"title": "My mom's denim jacket from Spain, 1982. Brand is \"Jocavi.\" I get compliments on this all the time!", "name": "t3_b7cwg4", "url": "https://i.redd.it/g7e13rg06ap21.jpg", "selftext": "", "score": 3046, "upvote_ratio": 0.94, "permalink": "/r/BuyItForLife/comments/b7cwg4/my_moms_denim_jacket_from_spain_1982_brand_is/", "id": "b7cwg4", "author": "DELETED", "link_flair_text": null, "num_comments": 132, "over_18": false, "spoiler": false, "pinned": false, "locked": false, "distinguished": null, "created_utc": 1553962237.0, "comments": [{"author": "el_gale", "id": "ejqto3x", "score": 361, "subreddit": "BuyItForLife", "author_flair": null, "submission": "b7cwg4", "stickied": false, "body": "Beautiful! Old fashion jeans brand from my city! JOCAVI comes from JOsep CAnals VIla, the name of the founder. :)", "is_submitter": false, "distinguished": null, "created_utc": 1553965292.0, "parent_id": "t3_b7cwg4", "replies": [{"author": "DELETED", "id": "ejqtqcj", "score": 93, "subreddit": "BuyItForLife", "author_flair": null, "submission": "b7cwg4", "stickied": false, "body": "Thanks for the info! So cool!! ", "is_submitter": false, "distinguished": null, "created_utc": 1553965332.0, "parent_id": "t1_ejqto3x", "replies": [{"author": "DELETED", "id": "ejquq6k", "score": 34, "subreddit": "BuyItForLife", "author_flair": null, "submission": "b7cwg4", "stickied": false, "body": "[deleted]", "is_submitter": false, "distinguished": null, "created_utc": 1553965974.0, "parent_id": "t1_ejqtqcj", "replies": [{"author": "DELETED", "id": "ejqwjhz", "score": 35, "subreddit": "BuyItForLife", "author_flair": null, "submission": "b7cwg4", "stickied": false, "body": "No :( I'm the worst with water bottles. ", "is_submitter": false, "distinguished": null, "created_utc": 1553967165.0, "parent_id": "t1_ejquq6k", "replies": [{"author": "Flubba_Dub_Dub", "id": "ejqxmv8", "score": 11, "subreddit": "BuyItForLife", "author_flair": null, "submission": "b7cwg4", "stickied": false, "body": "I was too, then I bought a bunch of little carabiners to hook them onto my purse. I rarely lose them now, and I even upgraded to one of those fruit-infuser bottles that I previously avoided because they\u2019re more expensive and frustrating to replace. ", "is_submitter": false, "distinguished": null, "created_utc": 1553967903.0, "parent_id": "t1_ejqwjhz", "replies": [{"author": "DELETED", "id": "ejr5jp0", "score": 12, "subreddit": "BuyItForLife", "author_flair": null, "submission": "b7cwg4", "stickied": false, "body": "That is so smart! Maybe I could afford to get a Hydroflask if I did that haha", "is_submitter": false, "distinguished": null, "created_utc": 1553973278.0, "parent_id": "t1_ejqxmv8", "replies": [{"author": "YaBoiRexTillerson", "id": "ek5beie", "score": 2, "subreddit": "BuyItForLife", "author_flair": null, "submission": "b7cwg4", "stickied": false, "body": "Hydroflasks are always a great choice!", "is_submitter": false, "distinguished": null, "created_utc": 1554428976.0, "parent_id": "t1_ejr5jp0", "replies": []}]}]}]}]}]}, {"author": "guillemqv", "id": "ejrj9og", "score": 2, "subreddit": "BuyItForLife", "author_flair": null, "submission": "b7cwg4", "stickied": false, "body": "I suppose he was/is catalan?", "is_submitter": false, "distinguished": null, "created_utc": 1553983330.0, "parent_id": "t1_ejqto3x", "replies": [{"author": "DELETED", "id": "ejrvhw6", "score": 6, "subreddit": "BuyItForLife", "author_flair": null, "submission": "b7cwg4", "stickied": false, "body": "From barcelona, so yes. If you search JOCAVI jeans a whole ton of information will come up about this brand as its still active.", "is_submitter": false, "distinguished": null, "created_utc": 1553992764.0, "parent_id": "t1_ejrj9og", "replies": []}]}]}, {"author": "Allittle1970", "id": "ejqrvp5", "score": 68, "subreddit": "BuyItForLife", "author_flair": null, "submission": "b7cwg4", "stickied": false, "body": "Hah! My teen son is taking over my high school and collegiate wardrobe. Some of the 80s clothes were cool, yet timeless. ", "is_submitter": false, "distinguished": null, "created_utc": 1553964101.0, "parent_id": "t3_b7cwg4", "replies": [{"author": "DELETED", "id": "ejrhw3x", "score": 20, "subreddit": "BuyItForLife", "author_flair": null, "submission": "b7cwg4", "stickied": false, "body": "You must be a pretty cool parent :)", "is_submitter": false, "distinguished": null, "created_utc": 1553982325.0, "parent_id": "t1_ejqrvp5", "replies": []}, {"author": "potnoodledrinker", "id": "ejrq9ft", "score": 7, "subreddit": "BuyItForLife", "author_flair": null, "submission": "b7cwg4", "stickied": false, "body": "I can\u2019t wait to give my lil bro my current clothes in about 10 years", "is_submitter": false, "distinguished": null, "created_utc": 1553988439.0, "parent_id": "t1_ejqrvp5", "replies": []}, {"author": "HotgunColdheart", "id": "ejsse4h", "score": 0, "subreddit": "BuyItForLife", "author_flair": null, "submission": "b7cwg4", "stickied": false, "body": "Are cross colors back, or should I just send my kids to school wearing them anyways.", "is_submitter": false, "distinguished": null, "created_utc": 1554034532.0, "parent_id": "t1_ejqrvp5", "replies": []}]}, {"author": "DELETED", "id": "ejqqfva", "score": 75, "subreddit": "BuyItForLife", "author_flair": null, "submission": "b7cwg4", "stickied": false, "body": "More pics: https://imgur.com/a/k8BnDUN\n\nWish I had more info. Tag on collar is totally rubbed away. Anyway, just some minor wear and tear that give it character. \n\nMy mom got it when she was studying abroad in Spain in 1982. She said it was a splurge purchase of her's, and she gave it to me when I was in college a few years ago. I wear it all the time! ", "is_submitter": false, "distinguished": null, "created_utc": 1553963103.0, "parent_id": "t3_b7cwg4", "replies": [{"author": "almostFunctionalLead", "id": "ejr0nlx", "score": 24, "subreddit": "BuyItForLife", "author_flair": null, "submission": "b7cwg4", "stickied": false, "body": "That quality. I bought a suit for a friend's wedding last year from express, thing's already falling apart.\n\nSame with Levi's jeans, got 5 pairs 2 years ago down to 2", "is_submitter": false, "distinguished": null, "created_utc": 1553969950.0, "parent_id": "t1_ejqqfva", "replies": [{"author": "ErikB987", "id": "ejre7d9", "score": 11, "subreddit": "BuyItForLife", "author_flair": null, "submission": "b7cwg4", "stickied": false, "body": "Oh yeah, I have 20\u20ac H&M jeans that outlasted my 130\u20ac levi\u2019s by years. Not as bifl as you\u2019d think a brand like levi\u2019s would be in my opinion. ", "is_submitter": false, "distinguished": null, "created_utc": 1553979666.0, "parent_id": "t1_ejr0nlx", "replies": [{"author": "yeldarbhtims", "id": "ejrg8z5", "score": 12, "subreddit": "BuyItForLife", "author_flair": null, "submission": "b7cwg4", "stickied": false, "body": "In the U.S., Levi\u2019s are more like $50, unless you\u2019re talking about some high end stuff. They\u2019re not made in the U.S. anymore and no one really sees them as long-lasting anymore. I wear them because they fit me, but I go through them faster than I\u2019d like. There\u2019s no way in hell I would pay as much as you did for them. They\u2019re crazy expensive over there. ", "is_submitter": false, "distinguished": null, "created_utc": 1553981155.0, "parent_id": "t1_ejre7d9", "replies": [{"author": "Allittle1970", "id": "ejstkpn", "score": 4, "subreddit": "BuyItForLife", "author_flair": null, "submission": "b7cwg4", "stickied": false, "body": "Consider washing the jeans infrequently. A dozen or two wearings before their first washing. Don\u2019t buy prewashed/distressed jeans (maybe rinse jeans.) \n\nTry Duluth Trading Co. firehose Jeans. Bulletproof yet marginally less comfortable than Levi\u2019s. They have a similar fit to Levi\u2019s, yet have a couple extra layers of fabric at the leg so they don\u2019t fray (my problem) and a gusset at the crotch (my second long-term wear point.) I wear carhartts, Orvis, Levi\u2019s, and Duluth for jeans/weekend clothing and all are great. ", "is_submitter": false, "distinguished": null, "created_utc": 1554036068.0, "parent_id": "t1_ejrg8z5", "replies": [{"author": "yeldarbhtims", "id": "ejt1dl0", "score": 1, "subreddit": "BuyItForLife", "author_flair": null, "submission": "b7cwg4", "stickied": false, "body": "Yeah, I do all the care stuff. I really only wash them when they\u2019re dirty beyond wiping down. To be fair, my current pairs have lasted longer because they have some spandex in them to prevent the wear on the crotch, which is always what went first in my previous Levi\u2019s. I\u2019ll have to give those other brands a look. ", "is_submitter": false, "distinguished": null, "created_utc": 1554043624.0, "parent_id": "t1_ejstkpn", "replies": []}]}]}]}, {"author": "Ravnsdot", "id": "ejs608k", "score": 8, "subreddit": "BuyItForLife", "author_flair": null, "submission": "b7cwg4", "stickied": false, "body": "Express and their ilk, their quality has dropped precipitously. I have dress shirts from express that I bought fifteen years in high school that still look great, and newer shirts that are on the verge of falling apart.", "is_submitter": false, "distinguished": null, "created_utc": 1554001865.0, "parent_id": "t1_ejr0nlx", "replies": []}, {"author": "PhillieFanSam", "id": "ejr5goh", "score": 14, "subreddit": "BuyItForLife", "author_flair": null, "submission": "b7cwg4", "stickied": false, "body": "Plug for /r/rawdenim ", "is_submitter": false, "distinguished": null, "created_utc": 1553973218.0, "parent_id": "t1_ejr0nlx", "replies": [{"author": "Bond4141", "id": "ejrodvo", "score": 13, "subreddit": "BuyItForLife", "author_flair": null, "submission": "b7cwg4", "stickied": false, "body": "Is that sub for function or fashion? Saw a post of a guy who only washed his jeans 3 times in 4 years. Like fuck that I get mud on them daily.", "is_submitter": false, "distinguished": null, "created_utc": 1553986982.0, "parent_id": "t1_ejr5goh", "replies": [{"author": "BlackGravitySheep", "id": "ejrolym", "score": 15, "subreddit": "BuyItForLife", "author_flair": null, "submission": "b7cwg4", "stickied": false, "body": "Most people on there wash their jeans when they get dirty. A few brands used to advertise raw denim \"myths\" like not washing your jeans for the first 6 months. Some people on there still follow that but most have moved onto \"washing when dirty.\"", "is_submitter": false, "distinguished": null, "created_utc": 1553987141.0, "parent_id": "t1_ejrodvo", "replies": [{"author": "HotgunColdheart", "id": "ejstzlw", "score": 5, "subreddit": "BuyItForLife", "author_flair": null, "submission": "b7cwg4", "stickied": false, "body": "It is nice when people clean their dirty clothes.", "is_submitter": false, "distinguished": null, "created_utc": 1554036562.0, "parent_id": "t1_ejrolym", "replies": []}]}]}, {"author": "BEAR_STORM", "id": "ejs3knp", "score": 6, "subreddit": "BuyItForLife", "author_flair": null, "submission": "b7cwg4", "stickied": false, "body": "Plug for iron heart denim. Spend the money. Get something that will last ", "is_submitter": false, "distinguished": null, "created_utc": 1553999652.0, "parent_id": "t1_ejr5goh", "replies": [{"author": "OregonRaine", "id": "ejzbfqf", "score": 1, "subreddit": "BuyItForLife", "author_flair": null, "submission": "b7cwg4", "stickied": false, "body": "I can attest.  I have a few IH shirts that are 8-9 years old, and they look better (and are holding up better) than a few shirts I bought last year.", "is_submitter": false, "distinguished": null, "created_utc": 1554242911.0, "parent_id": "t1_ejs3knp", "replies": []}, {"author": "cihxtm", "id": "ejthpvm", "score": -2, "subreddit": "BuyItForLife", "author_flair": null, "submission": "b7cwg4", "stickied": false, "body": "Also please do not tell your friends your broke when your just saving for new iron heart gear. Definitely don\u2019t ask for food because your broke. Definitely don\u2019t recommend after someone buys you food, and offers you a loan(because you needed food because you\u2019re broke) slip up and admit that you actually are saving money and hustled a friend for food because you are afraid to be honest.", "is_submitter": false, "distinguished": null, "created_utc": 1554055024.0, "parent_id": "t1_ejs3knp", "replies": []}]}]}, {"author": "wittymango", "id": "ekwlr3u", "score": 1, "subreddit": "BuyItForLife", "author_flair": null, "submission": "b7cwg4", "stickied": false, "body": "Get some wranglers from a farm store, NOT Target or Walmart. Theirs are about 8oz jeans where the farm store ones are 14-16oz in weight. Much rougher, stiffer and thicker. Same with carharrt. Good work clothes, but you have to be careful you don\u2019t get there thinner stuff made for hipsters. They both have 7 belt loops vs the Levi\u2019s that have switched to 5.", "is_submitter": false, "distinguished": null, "created_utc": 1555285908.0, "parent_id": "t1_ejr0nlx", "replies": []}]}]}, {"author": "DELETED", "id": "ejqruw2", "score": 46, "subreddit": "BuyItForLife", "author_flair": null, "submission": "b7cwg4", "stickied": false, "body": "Rocking the Canadian Tuxedo I see.", "is_submitter": false, "distinguished": null, "created_utc": 1553964086.0, "parent_id": "t3_b7cwg4", "replies": [{"author": "DELETED", "id": "ejqs6oc", "score": 41, "subreddit": "BuyItForLife", "author_flair": null, "submission": "b7cwg4", "stickied": false, "body": "Every chance I get! Although I thought the true Canadian tux was blue denim on blue denim! ", "is_submitter": false, "distinguished": null, "created_utc": 1553964310.0, "parent_id": "t1_ejqruw2", "replies": [{"author": "DELETED", "id": "ejqv78w", "score": 21, "subreddit": "BuyItForLife", "author_flair": null, "submission": "b7cwg4", "stickied": false, "body": "Am Canadian.  Can confirm.", "is_submitter": false, "distinguished": null, "created_utc": 1553966282.0, "parent_id": "t1_ejqs6oc", "replies": [{"author": "DELETED", "id": "ejqwqox", "score": 13, "subreddit": "BuyItForLife", "author_flair": null, "submission": "b7cwg4", "stickied": false, "body": "Thanks friend to the north \ud83c\uddfa\ud83c\uddf8\u2764\ufe0f\ud83c\udde8\ud83c\udde6", "is_submitter": false, "distinguished": null, "created_utc": 1553967294.0, "parent_id": "t1_ejqv78w", "replies": [{"author": "b1gd4ta", "id": "ejqy8z0", "score": 9, "subreddit": "BuyItForLife", "author_flair": null, "submission": "b7cwg4", "stickied": false, "body": "Plus you need to have the chambray shirt on underneath The jacket\n", "is_submitter": false, "distinguished": null, "created_utc": 1553968308.0, "parent_id": "t1_ejqwqox", "replies": [{"author": "Serena_Altschul", "id": "ejrcvgn", "score": 2, "subreddit": "BuyItForLife", "author_flair": null, "submission": "b7cwg4", "stickied": false, "body": "I love this look, and no one will ever stop me. Trick is to mix up the denim washes to complement the Chambray.", "is_submitter": false, "distinguished": null, "created_utc": 1553978713.0, "parent_id": "t1_ejqy8z0", "replies": []}]}]}]}, {"author": "vandealex1", "id": "ejr6btq", "score": -3, "subreddit": "BuyItForLife", "author_flair": null, "submission": "b7cwg4", "stickied": false, "body": "And actually a tuxedo. Not just jeans and a jacket. ", "is_submitter": false, "distinguished": null, "created_utc": 1553973823.0, "parent_id": "t1_ejqs6oc", "replies": []}]}, {"author": "KungFu_Kenny", "id": "ejrckap", "score": 3, "subreddit": "BuyItForLife", "author_flair": null, "submission": "b7cwg4", "stickied": false, "body": "Grey jeans though", "is_submitter": false, "distinguished": null, "created_utc": 1553978476.0, "parent_id": "t1_ejqruw2", "replies": []}]}, {"author": "BazingaBen", "id": "ejr4ici", "score": 11, "subreddit": "BuyItForLife", "author_flair": null, "submission": "b7cwg4", "stickied": false, "body": "Has it been washed much? Held its colour really well. I used to have one like this when I was younger, wonder if I can pull it off now.\n\nAlso, goes great with those jeans. ", "is_submitter": false, "distinguished": null, "created_utc": 1553972553.0, "parent_id": "t3_b7cwg4", "replies": [{"author": "DELETED", "id": "ejr6f1f", "score": 5, "subreddit": "BuyItForLife", "author_flair": null, "submission": "b7cwg4", "stickied": false, "body": "Thanks! I'm not sure whether my mom washed it much. She got it in '82 and I got it in 2013 or so. I haven't washed it much. Maybe once or twice on cold and I never tumble dry it. ", "is_submitter": false, "distinguished": null, "created_utc": 1553973887.0, "parent_id": "t1_ejr4ici", "replies": []}]}, {"author": "Yamanoska", "id": "ejr5bxx", "score": 21, "subreddit": "BuyItForLife", "author_flair": null, "submission": "b7cwg4", "stickied": false, "body": "Nice! But I am really loving those shoes! What are those??", "is_submitter": false, "distinguished": null, "created_utc": 1553973126.0, "parent_id": "t3_b7cwg4", "replies": [{"author": "DELETED", "id": "ejr68ij", "score": 16, "subreddit": "BuyItForLife", "author_flair": null, "submission": "b7cwg4", "stickied": false, "body": "Thank you! They are [these](https://www.target.com/p/women-s-wenda-cut-out-bootie-universal-thread-153/-/A-54378907?preselect=53809423#lnk=sametab) from Target. Less than $40!!", "is_submitter": false, "distinguished": null, "created_utc": 1553973757.0, "parent_id": "t1_ejr5bxx", "replies": []}]}, {"author": "DELETED", "id": "ejs1896", "score": 6, "subreddit": "BuyItForLife", "author_flair": null, "submission": "b7cwg4", "stickied": false, "body": "I miss my denim jacket", "is_submitter": false, "distinguished": null, "created_utc": 1553997597.0, "parent_id": "t3_b7cwg4", "replies": [{"author": "DELETED", "id": "ejs40x2", "score": 8, "subreddit": "BuyItForLife", "author_flair": null, "submission": "b7cwg4", "stickied": false, "body": "More or less than Canada?", "is_submitter": false, "distinguished": null, "created_utc": 1554000062.0, "parent_id": "t1_ejs1896", "replies": [{"author": "DELETED", "id": "ejtksy6", "score": 3, "subreddit": "BuyItForLife", "author_flair": null, "submission": "b7cwg4", "stickied": false, "body": "There's nothing I miss more than Canada.", "is_submitter": false, "distinguished": null, "created_utc": 1554057077.0, "parent_id": "t1_ejs40x2", "replies": []}]}]}, {"author": "CoffeeAndCamera", "id": "ejqyyc9", "score": 15, "subreddit": "BuyItForLife", "author_flair": null, "submission": "b7cwg4", "stickied": false, "body": "Jacket might be BIFL but your jeans have loads of rips in them. /s ", "is_submitter": false, "distinguished": null, "created_utc": 1553968781.0, "parent_id": "t3_b7cwg4", "replies": [{"author": "DELETED", "id": "ejr6b4d", "score": 8, "subreddit": "BuyItForLife", "author_flair": null, "submission": "b7cwg4", "stickied": false, "body": "Hahaha true, jeans are definitely not BIFL anyway - $20 from the American Eagle outlet. But they are so comfy!!", "is_submitter": false, "distinguished": null, "created_utc": 1553973809.0, "parent_id": "t1_ejqyyc9", "replies": [{"author": "stanley_twobrick", "id": "ejsditv", "score": 2, "subreddit": "BuyItForLife", "author_flair": null, "submission": "b7cwg4", "stickied": false, "body": "AE makes super comfy jeans. Only thing I'll buy from them really.", "is_submitter": false, "distinguished": null, "created_utc": 1554009825.0, "parent_id": "t1_ejr6b4d", "replies": []}]}]}, {"author": "disaar", "id": "ejqp7bk", "score": 20, "subreddit": "BuyItForLife", "author_flair": null, "submission": "b7cwg4", "stickied": false, "body": "I like the shoes!", "is_submitter": false, "distinguished": null, "created_utc": 1553962290.0, "parent_id": "t3_b7cwg4", "replies": [{"author": "DELETED", "id": "ejqp8rr", "score": 24, "subreddit": "BuyItForLife", "author_flair": null, "submission": "b7cwg4", "stickied": false, "body": "Thanks! If you're in the US, they're from Target! ", "is_submitter": false, "distinguished": null, "created_utc": 1553962315.0, "parent_id": "t1_ejqp7bk", "replies": [{"author": "shayter", "id": "ejs22ug", "score": 3, "subreddit": "BuyItForLife", "author_flair": null, "submission": "b7cwg4", "stickied": false, "body": "Bought from there recently?? I love them!", "is_submitter": false, "distinguished": null, "created_utc": 1553998336.0, "parent_id": "t1_ejqp8rr", "replies": [{"author": "DELETED", "id": "ejs28jn", "score": 3, "subreddit": "BuyItForLife", "author_flair": null, "submission": "b7cwg4", "stickied": false, "body": "Literally this morning!! I was taking a picture to show my boyfriend the shoes when I realized I should also post the coat here haha", "is_submitter": false, "distinguished": null, "created_utc": 1553998471.0, "parent_id": "t1_ejs22ug", "replies": [{"author": "shayter", "id": "ejs30sc", "score": 3, "subreddit": "BuyItForLife", "author_flair": null, "submission": "b7cwg4", "stickied": false, "body": "Awesome", "is_submitter": false, "distinguished": null, "created_utc": 1553999158.0, "parent_id": "t1_ejs28jn", "replies": []}]}]}]}, {"author": "DELETED", "id": "ejr2ecd", "score": 3, "subreddit": "BuyItForLife", "author_flair": null, "submission": "b7cwg4", "stickied": false, "body": "I came here to say the same thing! ", "is_submitter": false, "distinguished": null, "created_utc": 1553971114.0, "parent_id": "t1_ejqp7bk", "replies": [{"author": "DELETED", "id": "ejr5kv5", "score": 2, "subreddit": "BuyItForLife", "author_flair": null, "submission": "b7cwg4", "stickied": false, "body": "Thank you!", "is_submitter": false, "distinguished": null, "created_utc": 1553973301.0, "parent_id": "t1_ejr2ecd", "replies": []}]}]}, {"author": "jillanco", "id": "ejqxppo", "score": 12, "subreddit": "BuyItForLife", "author_flair": null, "submission": "b7cwg4", "stickied": false, "body": "Those shoes tho... \ud83d\udd25 ", "is_submitter": false, "distinguished": null, "created_utc": 1553967955.0, "parent_id": "t3_b7cwg4", "replies": [{"author": "DELETED", "id": "ejr5l58", "score": 5, "subreddit": "BuyItForLife", "author_flair": null, "submission": "b7cwg4", "stickied": false, "body": "Target!!", "is_submitter": false, "distinguished": null, "created_utc": 1553973306.0, "parent_id": "t1_ejqxppo", "replies": []}, {"author": "Hawkknight88", "id": "ejst9hx", "score": 1, "subreddit": "BuyItForLife", "author_flair": null, "submission": "b7cwg4", "stickied": false, "body": "I can't tell if you mean to burn them, or they look hot? ", "is_submitter": false, "distinguished": null, "created_utc": 1554035688.0, "parent_id": "t1_ejqxppo", "replies": [{"author": "jillanco", "id": "ejsx60r", "score": 1, "subreddit": "BuyItForLife", "author_flair": null, "submission": "b7cwg4", "stickied": false, "body": "They look great", "is_submitter": false, "distinguished": null, "created_utc": 1554039849.0, "parent_id": "t1_ejst9hx", "replies": []}]}]}, {"author": "Spidaaman", "id": "ejqxmvs", "score": 6, "subreddit": "BuyItForLife", "author_flair": null, "submission": "b7cwg4", "stickied": false, "body": "Can you still buy this?", "is_submitter": false, "distinguished": null, "created_utc": 1553967903.0, "parent_id": "t3_b7cwg4", "replies": [{"author": "DELETED", "id": "ejr64pe", "score": 4, "subreddit": "BuyItForLife", "author_flair": null, "submission": "b7cwg4", "stickied": false, "body": "I couldn't tell you since the tag is all rubbed off - but [they still do exist](https://www.jocavi.com/uk)! Can't vouch for modern quality; maybe someone more knowledgeable can chime in? \n", "is_submitter": false, "distinguished": null, "created_utc": 1553973684.0, "parent_id": "t1_ejqxmvs", "replies": [{"author": "Spidaaman", "id": "ejr6rn2", "score": -10, "subreddit": "BuyItForLife", "author_flair": null, "submission": "b7cwg4", "stickied": false, "body": "It\u2019s definitely cool. \n\nNot sure if it\u2019s in the right sub though. The point here is to see how things currently for sale will age down the road. (So we can buy them)\n\n", "is_submitter": false, "distinguished": null, "created_utc": 1553974146.0, "parent_id": "t1_ejr64pe", "replies": [{"author": "stanley_twobrick", "id": "ejsdshp", "score": 5, "subreddit": "BuyItForLife", "author_flair": null, "submission": "b7cwg4", "stickied": false, "body": "Nothing in the sub description says that.", "is_submitter": false, "distinguished": null, "created_utc": 1554010176.0, "parent_id": "t1_ejr6rn2", "replies": []}, {"author": "DELETED", "id": "ejr76a7", "score": 2, "subreddit": "BuyItForLife", "author_flair": null, "submission": "b7cwg4", "stickied": false, "body": "Aw man, sorry about that. I searched on eBay and came up empty-handed :(\n\nMods, you can feel free to remove if it breaks any rules! ", "is_submitter": false, "distinguished": null, "created_utc": 1553974438.0, "parent_id": "t1_ejr6rn2", "replies": [{"author": "NeglectedMonkey", "id": "ejsbhi0", "score": 3, "subreddit": "BuyItForLife", "author_flair": null, "submission": "b7cwg4", "stickied": false, "body": "Don\u2019t apologize. I don\u2019t think of this sub as some place to buy things. But as a testament to things that are built well and last a lifetime\u2014which yours does!", "is_submitter": false, "distinguished": null, "created_utc": 1554007414.0, "parent_id": "t1_ejr76a7", "replies": []}]}]}]}]}, {"author": "necrobot", "id": "ejr8cue", "score": 3, "subreddit": "BuyItForLife", "author_flair": null, "submission": "b7cwg4", "stickied": false, "body": "Love that this is getting a second life and you didn't need to buy anything new!", "is_submitter": false, "distinguished": null, "created_utc": 1553975301.0, "parent_id": "t3_b7cwg4", "replies": [{"author": "DELETED", "id": "ejr8hcb", "score": 1, "subreddit": "BuyItForLife", "author_flair": null, "submission": "b7cwg4", "stickied": false, "body": "So true! ", "is_submitter": false, "distinguished": null, "created_utc": 1553975390.0, "parent_id": "t1_ejr8cue", "replies": []}]}, {"author": "RedditSkippy", "id": "ejr8ht3", "score": 3, "subreddit": "BuyItForLife", "author_flair": null, "submission": "b7cwg4", "stickied": false, "body": "Classic look!  Love it!", "is_submitter": false, "distinguished": null, "created_utc": 1553975399.0, "parent_id": "t3_b7cwg4", "replies": [{"author": "DELETED", "id": "ejs44jb", "score": 2, "subreddit": "BuyItForLife", "author_flair": null, "submission": "b7cwg4", "stickied": false, "body": "Thank you!", "is_submitter": false, "distinguished": null, "created_utc": 1554000154.0, "parent_id": "t1_ejr8ht3", "replies": []}]}, {"author": "smek1", "id": "ejrej12", "score": 3, "subreddit": "BuyItForLife", "author_flair": null, "submission": "b7cwg4", "stickied": false, "body": "Cool af mom 8)", "is_submitter": false, "distinguished": null, "created_utc": 1553979902.0, "parent_id": "t3_b7cwg4", "replies": [{"author": "DELETED", "id": "ejri8lu", "score": 1, "subreddit": "BuyItForLife", "author_flair": null, "submission": "b7cwg4", "stickied": false, "body": "She is pretty cool!", "is_submitter": false, "distinguished": null, "created_utc": 1553982580.0, "parent_id": "t1_ejrej12", "replies": []}]}, {"author": "dew443", "id": "ejrhy1t", "score": 3, "subreddit": "BuyItForLife", "author_flair": null, "submission": "b7cwg4", "stickied": false, "body": "Do you have a necklace on or is that your hair? ", "is_submitter": false, "distinguished": null, "created_utc": 1553982366.0, "parent_id": "t3_b7cwg4", "replies": [{"author": "DELETED", "id": "ejriao2", "score": 3, "subreddit": "BuyItForLife", "author_flair": null, "submission": "b7cwg4", "stickied": false, "body": "It's actually my headphones. They were in the way of the jacket so I very professionally threw them over my shoulder haha", "is_submitter": false, "distinguished": null, "created_utc": 1553982622.0, "parent_id": "t1_ejrhy1t", "replies": [{"author": "dew443", "id": "ejrip1a", "score": 3, "subreddit": "BuyItForLife", "author_flair": null, "submission": "b7cwg4", "stickied": false, "body": "Hahahaha true model style!", "is_submitter": false, "distinguished": null, "created_utc": 1553982908.0, "parent_id": "t1_ejriao2", "replies": []}]}]}, {"author": "fu_2016", "id": "ejrlsn3", "score": 3, "subreddit": "BuyItForLife", "author_flair": null, "submission": "b7cwg4", "stickied": false, "body": "What about the jeans ? They also like they are from 1982. Awesome jacket though.", "is_submitter": false, "distinguished": null, "created_utc": 1553985113.0, "parent_id": "t3_b7cwg4", "replies": [{"author": "DELETED", "id": "ejrmovc", "score": 3, "subreddit": "BuyItForLife", "author_flair": null, "submission": "b7cwg4", "stickied": false, "body": "Haha they are very much modern day and not BIFL. American Eagle, $20. Love them too though!", "is_submitter": false, "distinguished": null, "created_utc": 1553985762.0, "parent_id": "t1_ejrlsn3", "replies": [{"author": "fu_2016", "id": "ejro9hc", "score": 3, "subreddit": "BuyItForLife", "author_flair": null, "submission": "b7cwg4", "stickied": false, "body": "Then I must ask, do they have pockets ?", "is_submitter": false, "distinguished": null, "created_utc": 1553986889.0, "parent_id": "t1_ejrmovc", "replies": [{"author": "DELETED", "id": "ejrs5br", "score": 2, "subreddit": "BuyItForLife", "author_flair": null, "submission": "b7cwg4", "stickied": false, "body": "They do! ", "is_submitter": false, "distinguished": null, "created_utc": 1553989955.0, "parent_id": "t1_ejro9hc", "replies": []}]}]}]}, {"author": "notfromspaiin", "id": "ejru69d", "score": 3, "subreddit": "BuyItForLife", "author_flair": null, "submission": "b7cwg4", "stickied": false, "body": "love your outfit! what a great staple piece. also, i wore those same shoes today - you have great style, OP!", "is_submitter": false, "distinguished": null, "created_utc": 1553991651.0, "parent_id": "t3_b7cwg4", "replies": [{"author": "DELETED", "id": "ejs1rya", "score": 2, "subreddit": "BuyItForLife", "author_flair": null, "submission": "b7cwg4", "stickied": false, "body": "Thank you so much! It really is a staple. I wear it year-round with so many different outfits.", "is_submitter": false, "distinguished": null, "created_utc": 1553998075.0, "parent_id": "t1_ejru69d", "replies": []}]}, {"author": "Haitisicks", "id": "ejs6wf5", "score": 3, "subreddit": "BuyItForLife", "author_flair": null, "submission": "b7cwg4", "stickied": false, "body": "Nailing double denim. Kudos. That's like a super power", "is_submitter": false, "distinguished": null, "created_utc": 1554002712.0, "parent_id": "t3_b7cwg4", "replies": [{"author": "DELETED", "id": "ejss54k", "score": 1, "subreddit": "BuyItForLife", "author_flair": null, "submission": "b7cwg4", "stickied": false, "body": "It's practically my signature look", "is_submitter": false, "distinguished": null, "created_utc": 1554034185.0, "parent_id": "t1_ejs6wf5", "replies": []}]}, {"author": "Crucial_times", "id": "ejsqkvf", "score": 3, "subreddit": "BuyItForLife", "author_flair": null, "submission": "b7cwg4", "stickied": false, "body": "I know the original owners family lol", "is_submitter": false, "distinguished": null, "created_utc": 1554031855.0, "parent_id": "t3_b7cwg4", "replies": [{"author": "DELETED", "id": "ejssd76", "score": 3, "subreddit": "BuyItForLife", "author_flair": null, "submission": "b7cwg4", "stickied": false, "body": "No way!!! Tell them an internet stranger loves their jacket haha ", "is_submitter": false, "distinguished": null, "created_utc": 1554034496.0, "parent_id": "t1_ejsqkvf", "replies": [{"author": "Crucial_times", "id": "ejstr9u", "score": 2, "subreddit": "BuyItForLife", "author_flair": null, "submission": "b7cwg4", "stickied": false, "body": "Ramboo  was also partially owned by them, it's mostly denim clothing also ", "is_submitter": false, "distinguished": null, "created_utc": 1554036284.0, "parent_id": "t1_ejssd76", "replies": []}]}]}, {"author": "KungFu_Kenny", "id": "ejrclno", "score": 2, "subreddit": "BuyItForLife", "author_flair": null, "submission": "b7cwg4", "stickied": false, "body": "Looks just like the one I bought last year", "is_submitter": false, "distinguished": null, "created_utc": 1553978505.0, "parent_id": "t3_b7cwg4", "replies": []}, {"author": "Rakketytam2000", "id": "ejs83k3", "score": 2, "subreddit": "BuyItForLife", "author_flair": null, "submission": "b7cwg4", "stickied": false, "body": "I also wear my mom\u2019s denim jacket from the 80s! Late 80s rather than early however. Hers is Gap but a very similar style and color as yours. ", "is_submitter": false, "distinguished": null, "created_utc": 1554003884.0, "parent_id": "t3_b7cwg4", "replies": [{"author": "DELETED", "id": "ejss5xk", "score": 2, "subreddit": "BuyItForLife", "author_flair": null, "submission": "b7cwg4", "stickied": false, "body": "No way! I'd love to see it!! So cool ", "is_submitter": false, "distinguished": null, "created_utc": 1554034217.0, "parent_id": "t1_ejs83k3", "replies": []}]}, {"author": "VeniVidiShatMyPants", "id": "ejs8tki", "score": 2, "subreddit": "BuyItForLife", "author_flair": null, "submission": "b7cwg4", "stickied": false, "body": "Just missing denim loafers and \ud83e\udde2! Very cool", "is_submitter": false, "distinguished": null, "created_utc": 1554004599.0, "parent_id": "t3_b7cwg4", "replies": []}, {"author": "DrRuinslootz", "id": "ejt3jkr", "score": 2, "subreddit": "BuyItForLife", "author_flair": null, "submission": "b7cwg4", "stickied": false, "body": "Ahhh the Canadian Tuxedo. Classic\n", "is_submitter": false, "distinguished": null, "created_utc": 1554045305.0, "parent_id": "t3_b7cwg4", "replies": []}, {"author": "vandealex1", "id": "ejr68xm", "score": 3, "subreddit": "BuyItForLife", "author_flair": null, "submission": "b7cwg4", "stickied": false, "body": "It doesn't scream raw denim to me but maybe our friends over at r/rawdenim can help with some more info. ", "is_submitter": false, "distinguished": null, "created_utc": 1553973765.0, "parent_id": "t3_b7cwg4", "replies": [{"author": "sonofsanford", "id": "ejsbldz", "score": 2, "subreddit": "BuyItForLife", "author_flair": null, "submission": "b7cwg4", "stickied": false, "body": "If it started out raw, it's not raw any more, obviously. It's been machine washed many many times over the years. It may have started out raw, doesn't really matter, it's a nice jacket either way. Any decent jean jacket is pretty much BIFL if you patch it as needed. I currently wear one that was my grandpa's and one from my uncle from the 70s. Washing machines and dryers are brutal on denim. Hand washing and hang drying helps lifespan a lot. ", "is_submitter": false, "distinguished": null, "created_utc": 1554007534.0, "parent_id": "t1_ejr68xm", "replies": []}, {"author": "MACKBA", "id": "ejsyb0r", "score": 1, "subreddit": "BuyItForLife", "author_flair": null, "submission": "b7cwg4", "stickied": false, "body": "At this stage impossible to determine. ", "is_submitter": false, "distinguished": null, "created_utc": 1554040927.0, "parent_id": "t1_ejr68xm", "replies": []}]}, {"author": "NeglectedMonkey", "id": "ejsbc9w", "score": 3, "subreddit": "BuyItForLife", "author_flair": null, "submission": "b7cwg4", "stickied": false, "body": "Finally an item in BIFL for women!!", "is_submitter": false, "distinguished": null, "created_utc": 1554007260.0, "parent_id": "t3_b7cwg4", "replies": [{"author": "DELETED", "id": "ejss9w5", "score": 2, "subreddit": "BuyItForLife", "author_flair": null, "submission": "b7cwg4", "stickied": false, "body": "Hey that's true! Didn't even realize it. Although I think this jacket could be worn by men, too - it doesn't seem to be tailored like a typical women's  coat, if that makes sense ", "is_submitter": false, "distinguished": null, "created_utc": 1554034372.0, "parent_id": "t1_ejsbc9w", "replies": [{"author": "NeglectedMonkey", "id": "ejsy5r2", "score": 2, "subreddit": "BuyItForLife", "author_flair": null, "submission": "b7cwg4", "stickied": false, "body": "I\u2019m just stoked it\u2019s not another knife or guy work boots.", "is_submitter": false, "distinguished": null, "created_utc": 1554040788.0, "parent_id": "t1_ejss9w5", "replies": []}]}]}, {"author": "Merlyn21", "id": "ejrhsd0", "score": 2, "subreddit": "BuyItForLife", "author_flair": null, "submission": "b7cwg4", "stickied": false, "body": "Gnarly. Brian Adams would approve. You have to put your hair in a pony tail on the side of your head. Then you can be a hawt 80s chick. ", "is_submitter": false, "distinguished": null, "created_utc": 1553982254.0, "parent_id": "t3_b7cwg4", "replies": [{"author": "DELETED", "id": "ejrj00l", "score": 2, "subreddit": "BuyItForLife", "author_flair": null, "submission": "b7cwg4", "stickied": false, "body": "Hmmm I guess it's no coincidence that Summer of '69 is one of my favorite tunes from the 80s! I might pass on the side pony though - done it before and NOT my best look!", "is_submitter": false, "distinguished": null, "created_utc": 1553983133.0, "parent_id": "t1_ejrhsd0", "replies": []}]}, {"author": "Robottger", "id": "ejrs4gt", "score": 2, "subreddit": "BuyItForLife", "author_flair": null, "submission": "b7cwg4", "stickied": false, "body": "But those shoes though! Where can I find them?", "is_submitter": false, "distinguished": null, "created_utc": 1553989935.0, "parent_id": "t3_b7cwg4", "replies": [{"author": "DELETED", "id": "ejrsl0l", "score": 3, "subreddit": "BuyItForLife", "author_flair": null, "submission": "b7cwg4", "stickied": false, "body": "Target! Wenda booties.", "is_submitter": false, "distinguished": null, "created_utc": 1553990324.0, "parent_id": "t1_ejrs4gt", "replies": []}]}, {"author": "dublozero", "id": "ejs70en", "score": 2, "subreddit": "BuyItForLife", "author_flair": null, "submission": "b7cwg4", "stickied": false, "body": "Here's another compliment... WOW!", "is_submitter": false, "distinguished": null, "created_utc": 1554002820.0, "parent_id": "t3_b7cwg4", "replies": []}, {"author": "masta", "id": "ejr4k7n", "score": 2, "subreddit": "BuyItForLife", "author_flair": null, "submission": "b7cwg4", "stickied": false, "body": "Do research into Bruce Springsteen, then discover the origins of denim everything.", "is_submitter": false, "distinguished": null, "created_utc": 1553972591.0, "parent_id": "t3_b7cwg4", "replies": []}, {"author": "Tronski", "id": "ejs0yfe", "score": 1, "subreddit": "BuyItForLife", "author_flair": null, "submission": "b7cwg4", "stickied": false, "body": "I find it ironic that you are posting \u201cbuy it for life\u201d denim products, yet wearing a pair of jeans that will never last 36+ years.   They came from the factory half destroyed already!", "is_submitter": false, "distinguished": null, "created_utc": 1553997376.0, "parent_id": "t3_b7cwg4", "replies": [{"author": "DELETED", "id": "ejs1vqz", "score": 3, "subreddit": "BuyItForLife", "author_flair": null, "submission": "b7cwg4", "stickied": false, "body": "Ha! I don't even think those jeans could be honestly described as denim. They're more like jeggings ", "is_submitter": false, "distinguished": null, "created_utc": 1553998167.0, "parent_id": "t1_ejs0yfe", "replies": []}]}, {"author": "Antonin-S", "id": "ejswlcz", "score": 1, "subreddit": "BuyItForLife", "author_flair": null, "submission": "b7cwg4", "stickied": false, "body": "Your denim won\u2019t last that long ", "is_submitter": false, "distinguished": null, "created_utc": 1554039288.0, "parent_id": "t3_b7cwg4", "replies": []}, {"author": "AnonoEuph", "id": "ejt7y8w", "score": 1, "subreddit": "BuyItForLife", "author_flair": null, "submission": "b7cwg4", "stickied": false, "body": "Pants aren\u2019t holding up nearly as well", "is_submitter": false, "distinguished": null, "created_utc": 1554048500.0, "parent_id": "t3_b7cwg4", "replies": []}, {"author": "DELETED", "id": "ejsa7dq", "score": 1, "subreddit": "BuyItForLife", "author_flair": null, "submission": "b7cwg4", "stickied": false, "body": "[removed]", "is_submitter": false, "distinguished": null, "created_utc": 1554006056.0, "parent_id": "t3_b7cwg4", "replies": [{"author": "Inaccuratefocus", "id": "ejseh9e", "score": 6, "subreddit": "BuyItForLife", "author_flair": null, "submission": "b7cwg4", "stickied": false, "body": "Ya if she wasn\u2019t somewhat attractive nobody would compliment nor upvote this shit", "is_submitter": false, "distinguished": null, "created_utc": 1554011090.0, "parent_id": "t1_ejsa7dq", "replies": []}]}, {"author": "marKARMArket", "id": "ejre4op", "score": 0, "subreddit": "BuyItForLife", "author_flair": null, "submission": "b7cwg4", "stickied": false, "body": "Idk about the jacket, but I like your shoes. ", "is_submitter": false, "distinguished": null, "created_utc": 1553979612.0, "parent_id": "t3_b7cwg4", "replies": [{"author": "DELETED", "id": "ejri1l9", "score": 2, "subreddit": "BuyItForLife", "author_flair": null, "submission": "b7cwg4", "stickied": false, "body": "No worries, different strokes for different folks! The shoes are from Target :)", "is_submitter": false, "distinguished": null, "created_utc": 1553982438.0, "parent_id": "t1_ejre4op", "replies": []}]}, {"author": "Tvde1", "id": "ejrh192", "score": 1, "subreddit": "BuyItForLife", "author_flair": null, "submission": "b7cwg4", "stickied": false, "body": "Your pants is ripped though.", "is_submitter": false, "distinguished": null, "created_utc": 1553981713.0, "parent_id": "t3_b7cwg4", "replies": []}, {"author": "DELETED", "id": "ejrcinm", "score": 1, "subreddit": "BuyItForLife", "author_flair": null, "submission": "b7cwg4", "stickied": false, "body": "To much denim < Canadian tuxedo", "is_submitter": false, "distinguished": null, "created_utc": 1553978441.0, "parent_id": "t3_b7cwg4", "replies": []}, {"author": "DELETED", "id": "ejqyq61", "score": -19, "subreddit": "BuyItForLife", "author_flair": null, "submission": "b7cwg4", "stickied": false, "body": "You get compliments on it cause you\u2019re hot I bet a really obese person wouldn\u2019t get compliments wearing that.", "is_submitter": false, "distinguished": null, "created_utc": 1553968631.0, "parent_id": "t3_b7cwg4", "replies": [{"author": "Anal-Squirter", "id": "ejqywjw", "score": 28, "subreddit": "BuyItForLife", "author_flair": null, "submission": "b7cwg4", "stickied": false, "body": "Obviously not how the fuck are they going to fit in it", "is_submitter": false, "distinguished": null, "created_utc": 1553968747.0, "parent_id": "t1_ejqyq61", "replies": [{"author": "DELETED", "id": "ejqzosm", "score": 19, "subreddit": "BuyItForLife", "author_flair": null, "submission": "b7cwg4", "stickied": false, "body": "Fat guy in a little coat, Fat guy in a little coatt ", "is_submitter": false, "distinguished": null, "created_utc": 1553969289.0, "parent_id": "t1_ejqywjw", "replies": []}, {"author": "DELETED", "id": "ejr116l", "score": -1, "subreddit": "BuyItForLife", "author_flair": null, "submission": "b7cwg4", "stickied": false, "body": "You\u2019ve never seen fat people squeezed into clothes like a stuffed sausage? ", "is_submitter": false, "distinguished": null, "created_utc": 1553970204.0, "parent_id": "t1_ejqywjw", "replies": []}]}, {"author": "JStewy21", "id": "ejqzqx7", "score": 14, "subreddit": "BuyItForLife", "author_flair": null, "submission": "b7cwg4", "stickied": false, "body": "I smell the saltiness of a lonely dude, she's just showing off a nice jacket stfu", "is_submitter": false, "distinguished": null, "created_utc": 1553969329.0, "parent_id": "t1_ejqyq61", "replies": [{"author": "I_cannot_believe", "id": "ejr0lbm", "score": 5, "subreddit": "BuyItForLife", "author_flair": null, "submission": "b7cwg4", "stickied": false, "body": "You can smell that? Gross", "is_submitter": false, "distinguished": null, "created_utc": 1553969910.0, "parent_id": "t1_ejqzqx7", "replies": []}, {"author": "DELETED", "id": "ejr0z6t", "score": -7, "subreddit": "BuyItForLife", "author_flair": null, "submission": "b7cwg4", "stickied": false, "body": "It\u2019s not a great jacket lol. She could wear anything any get compliments. ", "is_submitter": false, "distinguished": null, "created_utc": 1553970165.0, "parent_id": "t1_ejqzqx7", "replies": [{"author": "DELETED", "id": "ejr6wyy", "score": 5, "subreddit": "BuyItForLife", "author_flair": null, "submission": "b7cwg4", "stickied": false, "body": "You *highly* overestimate the quantity of compliments I get lol", "is_submitter": false, "distinguished": null, "created_utc": 1553974253.0, "parent_id": "t1_ejr0z6t", "replies": []}, {"author": "alepolait", "id": "ejr1u7a", "score": 3, "subreddit": "BuyItForLife", "author_flair": null, "submission": "b7cwg4", "stickied": false, "body": "Yikes. Who piss on your leg dude??\n\nHere, have a *hug* you need it. ", "is_submitter": false, "distinguished": null, "created_utc": 1553970740.0, "parent_id": "t1_ejr0z6t", "replies": []}, {"author": "arms_room_rat", "id": "ejr31r5", "score": 2, "subreddit": "BuyItForLife", "author_flair": null, "submission": "b7cwg4", "stickied": false, "body": "REEEEEEEEEEEEEEEEEEEEEEEEE", "is_submitter": false, "distinguished": null, "created_utc": 1553971535.0, "parent_id": "t1_ejr0z6t", "replies": []}]}, {"author": "DELETED", "id": "ejr9oks", "score": -2, "subreddit": "BuyItForLife", "author_flair": null, "submission": "b7cwg4", "stickied": false, "body": "You're the one white-knighting someone you never met. ", "is_submitter": false, "distinguished": null, "created_utc": 1553976273.0, "parent_id": "t1_ejqzqx7", "replies": []}]}, {"author": "scarletphantom", "id": "ejr328g", "score": 4, "subreddit": "BuyItForLife", "author_flair": null, "submission": "b7cwg4", "stickied": false, "body": "We dont know that.  Her face could look like a truck.  A bonafide Butterface.", "is_submitter": false, "distinguished": null, "created_utc": 1553971544.0, "parent_id": "t1_ejqyq61", "replies": [{"author": "DELETED", "id": "ejr6zes", "score": 3, "subreddit": "BuyItForLife", "author_flair": null, "submission": "b7cwg4", "stickied": false, "body": "Maybe so, but even if that's true.... [IM UGLY AND IM PROUD](https://www.youtube.com/watch?v=-N0yXGVWS1Y)", "is_submitter": false, "distinguished": null, "created_utc": 1553974302.0, "parent_id": "t1_ejr328g", "replies": [{"author": "scarletphantom", "id": "ejr75az", "score": 1, "subreddit": "BuyItForLife", "author_flair": null, "submission": "b7cwg4", "stickied": false, "body": "[You go, girl](https://youtu.be/Ue0kCn5YRE0)", "is_submitter": false, "distinguished": null, "created_utc": 1553974419.0, "parent_id": "t1_ejr6zes", "replies": []}]}]}, {"author": "DELETED", "id": "ejr6ry6", "score": 2, "subreddit": "BuyItForLife", "author_flair": null, "submission": "b7cwg4", "stickied": false, "body": "Come on now, denim jackets are for the people no matter the body. Also I could be hiding my face because I'm super ugly", "is_submitter": false, "distinguished": null, "created_utc": 1553974152.0, "parent_id": "t1_ejqyq61", "replies": [{"author": "cdoublejj", "id": "ejrx0qg", "score": -4, "subreddit": "BuyItForLife", "author_flair": null, "submission": "b7cwg4", "stickied": false, "body": "that may be true and it IS a nice quality jacket but, setting a side his wording i doubt he/she is wrong. \n\n...and if they are you probably get compliments because of the sponge bob memes combine with quality bifl apparel ", "is_submitter": false, "distinguished": null, "created_utc": 1553994086.0, "parent_id": "t1_ejr6ry6", "replies": []}]}]}, {"author": "skiiijigz1017", "id": "ejrupat", "score": 0, "subreddit": "BuyItForLife", "author_flair": null, "submission": "b7cwg4", "stickied": false, "body": "Nice jacket.. buuut what are thoseeeeee", "is_submitter": false, "distinguished": null, "created_utc": 1553992091.0, "parent_id": "t3_b7cwg4", "replies": []}, {"author": "Mozias", "id": "ejr5zka", "score": -1, "subreddit": "BuyItForLife", "author_flair": null, "submission": "b7cwg4", "stickied": false, "body": "As a metalhead this jacket looks so empty", "is_submitter": false, "distinguished": null, "created_utc": 1553973584.0, "parent_id": "t3_b7cwg4", "replies": []}, {"author": "ponyboy3", "id": "ejrtyw8", "score": -2, "subreddit": "BuyItForLife", "author_flair": null, "submission": "b7cwg4", "stickied": false, "body": "those are some big shoes", "is_submitter": false, "distinguished": null, "created_utc": 1553991482.0, "parent_id": "t3_b7cwg4", "replies": [{"author": "DELETED", "id": "ejs1sg7", "score": 3, "subreddit": "BuyItForLife", "author_flair": null, "submission": "b7cwg4", "stickied": false, "body": "I got big feet", "is_submitter": false, "distinguished": null, "created_utc": 1553998087.0, "parent_id": "t1_ejrtyw8", "replies": []}]}, {"author": "pjprestano", "id": "ejrd626", "score": -1, "subreddit": "BuyItForLife", "author_flair": null, "submission": "b7cwg4", "stickied": false, "body": "DD  double denim", "is_submitter": false, "distinguished": null, "created_utc": 1553978937.0, "parent_id": "t3_b7cwg4", "replies": []}, {"author": "altruisticbutterfly", "id": "ejrwulx", "score": -6, "subreddit": "BuyItForLife", "author_flair": null, "submission": "b7cwg4", "stickied": false, "body": "imagine having a girlfriend", "is_submitter": false, "distinguished": null, "created_utc": 1553993937.0, "parent_id": "t3_b7cwg4", "replies": [{"author": "DELETED", "id": "ejs1ty9", "score": 1, "subreddit": "BuyItForLife", "author_flair": null, "submission": "b7cwg4", "stickied": false, "body": "I'm straight but ok", "is_submitter": false, "distinguished": null, "created_utc": 1553998123.0, "parent_id": "t1_ejrwulx", "replies": []}]}]}