{"title": "Restored my old 5th gen iPod Classic and Gameboy SP mum gave me 16 years ago when I was 13, love and miss you mum \u2764\ufe0f", "name": "t3_pxo8x9", "url": "https://i.imgur.com/l6O8CYu.jpg", "selftext": "", "score": 2881, "upvote_ratio": 0.96, "permalink": "/r/BuyItForLife/comments/pxo8x9/restored_my_old_5th_gen_ipod_classic_and_gameboy/", "id": "pxo8x9", "author": "DELETED", "link_flair_text": "BIFL Skills", "num_comments": 69, "over_18": false, "spoiler": false, "pinned": false, "locked": false, "distinguished": null, "created_utc": 1632891292.0, "comments": [{"author": "riptomyoldaccount", "id": "hep5yzm", "score": 101, "subreddit": "BuyItForLife", "author_flair": null, "submission": "pxo8x9", "stickied": false, "body": "I just dug up my SP after reading this. Haven't touched it in years, and of course powers right up.", "is_submitter": false, "distinguished": null, "created_utc": 1632902338.0, "parent_id": "t3_pxo8x9", "replies": [{"author": "DELETED", "id": "hep8aua", "score": 68, "subreddit": "BuyItForLife", "author_flair": null, "submission": "pxo8x9", "stickied": false, "body": "Yep! They're tanky little nuggets.\n\nPro-tip, the battery probably won't last all that long there's plenty for sale on eBay!", "is_submitter": false, "distinguished": null, "created_utc": 1632904485.0, "parent_id": "t1_hep5yzm", "replies": [{"author": "blazin_paddles", "id": "hept2gv", "score": 32, "subreddit": "BuyItForLife", "author_flair": null, "submission": "pxo8x9", "stickied": false, "body": "Better to buy a battery from one of the retro modding websites. Ebay batteries tend to overrepresent their capacity", "is_submitter": false, "distinguished": null, "created_utc": 1632919871.0, "parent_id": "t1_hep8aua", "replies": [{"author": "DELETED", "id": "hesber8", "score": 13, "subreddit": "BuyItForLife", "author_flair": null, "submission": "pxo8x9", "stickied": false, "body": "You're 100% right with that one.\n\nI knew that going ahead with the purchase, but it was a fair bit cheaper than on the modding websites and I figured as long as the battery was new and a little better than what it currently had then I'd be happy enough!\n\nThanks for the advice!", "is_submitter": false, "distinguished": null, "created_utc": 1632958339.0, "parent_id": "t1_hept2gv", "replies": [{"author": "blazin_paddles", "id": "hesnq4u", "score": 6, "subreddit": "BuyItForLife", "author_flair": null, "submission": "pxo8x9", "stickied": false, "body": "Buy once, cry once. Thats what i always say.", "is_submitter": false, "distinguished": null, "created_utc": 1632964170.0, "parent_id": "t1_hesber8", "replies": []}]}]}, {"author": "w1ll1am23", "id": "heqa85l", "score": 4, "subreddit": "BuyItForLife", "author_flair": null, "submission": "pxo8x9", "stickied": false, "body": "If you have the skills get one of the lipo battery mods way more capacity.", "is_submitter": false, "distinguished": null, "created_utc": 1632927711.0, "parent_id": "t1_hep8aua", "replies": []}, {"author": "DELETED", "id": "her5na7", "score": 3, "subreddit": "BuyItForLife", "author_flair": null, "submission": "pxo8x9", "stickied": false, "body": "[deleted]", "is_submitter": false, "distinguished": null, "created_utc": 1632940423.0, "parent_id": "t1_hep8aua", "replies": [{"author": "DELETED", "id": "hes419f", "score": 3, "subreddit": "BuyItForLife", "author_flair": null, "submission": "pxo8x9", "stickied": false, "body": "Charging ports on these guys do seem to have issues. I have a guy on eBay who's store is chock full of parts and refurbished ones.\n\nEven the logic boards he sells have charging port issues (which he notes in the description).\n\nIt can be a bit tricky on the sodlering iron to fix it yourself. If you want to at least keep the logic board, I'd buy one that you know is damaged and practice soldering a new charging port onto it. Maybe watch a few YouTube videos on it. I've never done it myself as I've only tinkered with a couple in my time and luckily none had charging issues.\n\nBest of luck! DM me if you want to know anything more or need some direction on where to start!", "is_submitter": false, "distinguished": null, "created_utc": 1632954854.0, "parent_id": "t1_her5na7", "replies": [{"author": "Endlessmahou", "id": "hes9h4r", "score": 2, "subreddit": "BuyItForLife", "author_flair": null, "submission": "pxo8x9", "stickied": false, "body": "OP do you mind sharing the link to the guy on eBay, low-key wanting to restore my Gameboy SP", "is_submitter": false, "distinguished": null, "created_utc": 1632957428.0, "parent_id": "t1_hes419f", "replies": []}]}]}]}, {"author": "WhizBangPissPiece", "id": "heqjew6", "score": 6, "subreddit": "BuyItForLife", "author_flair": null, "submission": "pxo8x9", "stickied": false, "body": "The good ol days when turning the power off actually disconnected the power supply.", "is_submitter": false, "distinguished": null, "created_utc": 1632931428.0, "parent_id": "t1_hep5yzm", "replies": []}]}, {"author": "TheInvisibleLight", "id": "heoufdx", "score": 40, "subreddit": "BuyItForLife", "author_flair": null, "submission": "pxo8x9", "stickied": false, "body": "I\u2019m so sorry for your loss.  I also got an SP from my mom, 18 years ago at 11, brings back a lot of memories", "is_submitter": false, "distinguished": null, "created_utc": 1632893212.0, "parent_id": "t3_pxo8x9", "replies": [{"author": "DELETED", "id": "heox1je", "score": 27, "subreddit": "BuyItForLife", "author_flair": null, "submission": "pxo8x9", "stickied": false, "body": "Thank you, she passed a while ago now so I've been feeling okay to go through all my old things from a time when she was alive. Glad I did, now I can relive some of those old memories!", "is_submitter": false, "distinguished": null, "created_utc": 1632895058.0, "parent_id": "t1_heoufdx", "replies": [{"author": "DELETED", "id": "hepjcfu", "score": 11, "subreddit": "BuyItForLife", "author_flair": null, "submission": "pxo8x9", "stickied": false, "body": "[deleted]", "is_submitter": false, "distinguished": null, "created_utc": 1632913995.0, "parent_id": "t1_heox1je", "replies": [{"author": "DELETED", "id": "hepm7ba", "score": 18, "subreddit": "BuyItForLife", "author_flair": null, "submission": "pxo8x9", "stickied": false, "body": "Give it time friend. It takes more or less of it depending on your situation but as long as your treasures are stored safely, you'll find yourself looking through them one day. Don't rush it, but going through them helped me a lot, only when I was ready :)", "is_submitter": false, "distinguished": null, "created_utc": 1632915908.0, "parent_id": "t1_hepjcfu", "replies": []}, {"author": "AlphaOne001", "id": "hes3ium", "score": 4, "subreddit": "BuyItForLife", "author_flair": null, "submission": "pxo8x9", "stickied": false, "body": "\ud83d\ude4f\ud83c\udffc\u2764\ufe0f", "is_submitter": false, "distinguished": null, "created_utc": 1632954612.0, "parent_id": "t1_hepjcfu", "replies": []}]}, {"author": "AlphaOne001", "id": "hes3hs7", "score": 3, "subreddit": "BuyItForLife", "author_flair": null, "submission": "pxo8x9", "stickied": false, "body": "\u2764\ufe0f\ud83d\ude4f\ud83c\udffc", "is_submitter": false, "distinguished": null, "created_utc": 1632954599.0, "parent_id": "t1_heox1je", "replies": []}]}]}, {"author": "mtron32", "id": "hepmyae", "score": 23, "subreddit": "BuyItForLife", "author_flair": null, "submission": "pxo8x9", "stickied": false, "body": "That SP was a damned good system", "is_submitter": false, "distinguished": null, "created_utc": 1632916367.0, "parent_id": "t3_pxo8x9", "replies": []}, {"author": "NatePotts26", "id": "heqms1m", "score": 18, "subreddit": "BuyItForLife", "author_flair": null, "submission": "pxo8x9", "stickied": false, "body": "If Apple released a renewed version of this iPod\u2014no wifi, no touch screen\u2014I\u2019d buy three.", "is_submitter": false, "distinguished": null, "created_utc": 1632932771.0, "parent_id": "t3_pxo8x9", "replies": [{"author": "DELETED", "id": "hes4yd0", "score": 3, "subreddit": "BuyItForLife", "author_flair": null, "submission": "pxo8x9", "stickied": false, "body": "I'm hearing you!\n\nI intended to add Bluetooth to this one but it was a little trickier than I could handle, maybe in the future if apple don't release one themselves I'll have a other go!", "is_submitter": false, "distinguished": null, "created_utc": 1632955291.0, "parent_id": "t1_heqms1m", "replies": [{"author": "DrunkenMasterII", "id": "hetgn8a", "score": 1, "subreddit": "BuyItForLife", "author_flair": null, "submission": "pxo8x9", "stickied": false, "body": "Did you need a new battery? I\u2019ve got two classic and one need a battery, the other one the wheel doesn\u2019t work and I\u2019ve always wondered if there was still options for battery replacement.", "is_submitter": false, "distinguished": null, "created_utc": 1632979808.0, "parent_id": "t1_hes4yd0", "replies": [{"author": "DELETED", "id": "hetjjw3", "score": 2, "subreddit": "BuyItForLife", "author_flair": null, "submission": "pxo8x9", "stickied": false, "body": "I did, there's new batteries readily available on eBay and iFixit, you can also find wheels on eBay too.", "is_submitter": false, "distinguished": null, "created_utc": 1632981852.0, "parent_id": "t1_hetgn8a", "replies": []}]}]}]}, {"author": "DELETED", "id": "hepgejr", "score": 14, "subreddit": "BuyItForLife", "author_flair": null, "submission": "pxo8x9", "stickied": false, "body": "[deleted]", "is_submitter": false, "distinguished": null, "created_utc": 1632911769.0, "parent_id": "t3_pxo8x9", "replies": [{"author": "DELETED", "id": "hephcrc", "score": 36, "subreddit": "BuyItForLife", "author_flair": null, "submission": "pxo8x9", "stickied": false, "body": "For the GB SP I bought a new shell, new battery and upgraded the screen to a backlit one as opposed to a front lit. Kept the original buttons and logic board. For convenience sake a bought a cartridge that contains an SD slot so I can drag and drop emulated games on it. It works great!\n\nFor the iPod, I bought a transparent shell off eBay, it seems pretty cheap, not overly happy with it but it looks nice enough for now! I bought a new 2000mah battery, an iFlash solo which is an SD card adapter which rids of the slower HDD. I also did what's called a diyMod to it which involves a bit of soldering. It basically uses better capacitors for better sound quality.\n\nAll pretty simple and easy, anyone can do it :)", "is_submitter": false, "distinguished": null, "created_utc": 1632912518.0, "parent_id": "t1_hepgejr", "replies": [{"author": "BananaDogBed", "id": "hepu3nx", "score": 7, "subreddit": "BuyItForLife", "author_flair": null, "submission": "pxo8x9", "stickied": false, "body": "Would you mind sending me the links to the SP screen and SD card cartridge?\n\nI want to do the same for my SP but not sure which place to trust to buy the screen", "is_submitter": false, "distinguished": null, "created_utc": 1632920406.0, "parent_id": "t1_hephcrc", "replies": [{"author": "w1ll1am23", "id": "heqajy7", "score": 5, "subreddit": "BuyItForLife", "author_flair": null, "submission": "pxo8x9", "stickied": false, "body": "Decided to test out an aliexpress screen, and it worked great. Just installed last week. \n\n\nhttps://a.aliexpress.com/_msoFI4S\n\nIf your shell is still good, then you can cut it down to fit this screen. Or buy a pre-cut case.\n\nAlso shipped super quick, only took a couple weeks to get.", "is_submitter": false, "distinguished": null, "created_utc": 1632927851.0, "parent_id": "t1_hepu3nx", "replies": [{"author": "BananaDogBed", "id": "hes4ykm", "score": 2, "subreddit": "BuyItForLife", "author_flair": null, "submission": "pxo8x9", "stickied": false, "body": "Thank you!", "is_submitter": false, "distinguished": null, "created_utc": 1632955293.0, "parent_id": "t1_heqajy7", "replies": []}]}, {"author": "DELETED", "id": "hesbxw2", "score": 3, "subreddit": "BuyItForLife", "author_flair": null, "submission": "pxo8x9", "stickied": false, "body": "Looks like someone sorted you out for a link to the shell etc.\n\nhttps://www.retrogamingparts.com.au/products/ez-flash-omega-definitive-edition\n\nThat's the site I got my cartridge from although I got mine a while ago before I restored my SP.\n\nThe new one I linked looks a little better than the one I have but I imagine it works just the same!", "is_submitter": false, "distinguished": null, "created_utc": 1632958592.0, "parent_id": "t1_hepu3nx", "replies": [{"author": "BananaDogBed", "id": "hesc3fb", "score": 2, "subreddit": "BuyItForLife", "author_flair": null, "submission": "pxo8x9", "stickied": false, "body": "Thank you!", "is_submitter": false, "distinguished": null, "created_utc": 1632958666.0, "parent_id": "t1_hesbxw2", "replies": []}]}]}, {"author": "Lockheed_Martini", "id": "hesen91", "score": 2, "subreddit": "BuyItForLife", "author_flair": null, "submission": "pxo8x9", "stickied": false, "body": "Damn I wish I knew about the diymod. I did the other mods you said and love it. Opening that thing is a bitch tho.", "is_submitter": false, "distinguished": null, "created_utc": 1632959897.0, "parent_id": "t1_hephcrc", "replies": []}]}]}, {"author": "RealAbd121", "id": "hepa0iq", "score": 5, "subreddit": "BuyItForLife", "author_flair": null, "submission": "pxo8x9", "stickied": false, "body": "Is that the Fiio case? Looks pretty neat!", "is_submitter": false, "distinguished": null, "created_utc": 1632906093.0, "parent_id": "t3_pxo8x9", "replies": [{"author": "DELETED", "id": "hepdre2", "score": 5, "subreddit": "BuyItForLife", "author_flair": null, "submission": "pxo8x9", "stickied": false, "body": "Yeah it is! The case is for the FD7's which only just came out at the start of the month, they're a massive improvement over my old dirty buds.", "is_submitter": false, "distinguished": null, "created_utc": 1632909547.0, "parent_id": "t1_hepa0iq", "replies": [{"author": "RealAbd121", "id": "heqiien", "score": 1, "subreddit": "BuyItForLife", "author_flair": null, "submission": "pxo8x9", "stickied": false, "body": "Those are a pretty fancy pair! \n\nHow are they comparing to the common 100$ IEMs (FD3/Starfield/etc)? they kill it on the fancy department that's for sure!", "is_submitter": false, "distinguished": null, "created_utc": 1632931062.0, "parent_id": "t1_hepdre2", "replies": [{"author": "DELETED", "id": "hesapih", "score": 1, "subreddit": "BuyItForLife", "author_flair": null, "submission": "pxo8x9", "stickied": false, "body": "If I'm honest, the treble is still a little peaky but I found that it depends on the DAC they were hooked up to. I've tried them with my phone, my iPod, a friend's FiiO M15 and my old man's Morantz CD player and amp.\n\nThey sounded different every time but my phone sounded the worst. It more comes down to what you're using them with I think!\n\nThey're a little pricey for what they are but they do have extremely good clarity and the bass is really nice. I also think the fact that everything was so clear compared to my Jabra 65t Bluetooth buds that it made the treble seam so spiky.\n\nThey're super comfortable and fit nicely right out of the box! I nearly got the FD5's but the day I was about to commit to the purchase, the FD7's came out so I went with them instead.", "is_submitter": false, "distinguished": null, "created_utc": 1632958009.0, "parent_id": "t1_heqiien", "replies": [{"author": "RealAbd121", "id": "hf9rlll", "score": 1, "subreddit": "BuyItForLife", "author_flair": null, "submission": "pxo8x9", "stickied": false, "body": "Thanks for the Insight, I'm kinda looking at the Fiio FH5 and trying to see if the FH7 is worth getting instead. I'm still conflicted on that TBH.", "is_submitter": false, "distinguished": null, "created_utc": 1633293977.0, "parent_id": "t1_hesapih", "replies": [{"author": "DELETED", "id": "hfajie5", "score": 1, "subreddit": "BuyItForLife", "author_flair": null, "submission": "pxo8x9", "stickied": false, "body": "No probs, I think if you're spending half decent money on something already, you may as well get the better version. Obviously only do it if it's within the budget, but even if it's marginally better, you'll always think, \"it was only X amount more, I should've just gotten those\".", "is_submitter": false, "distinguished": null, "created_utc": 1633306522.0, "parent_id": "t1_hf9rlll", "replies": [{"author": "RealAbd121", "id": "hfbq8lz", "score": 1, "subreddit": "BuyItForLife", "author_flair": null, "submission": "pxo8x9", "stickied": false, "body": "That's a part of it, those I've also read that they're different as opposed to better/worse.\n\nI'm also looking into a BTR3/5. My phone makes any earphone sound like garbage", "is_submitter": false, "distinguished": null, "created_utc": 1633331515.0, "parent_id": "t1_hfajie5", "replies": []}]}]}]}]}]}]}, {"author": "DELETED", "id": "hepaaha", "score": 5, "subreddit": "BuyItForLife", "author_flair": null, "submission": "pxo8x9", "stickied": false, "body": "[deleted]", "is_submitter": false, "distinguished": null, "created_utc": 1632906349.0, "parent_id": "t3_pxo8x9", "replies": [{"author": "DELETED", "id": "hepdogl", "score": 15, "subreddit": "BuyItForLife", "author_flair": null, "submission": "pxo8x9", "stickied": false, "body": "I prefer it to a modern phone, the 5.5gen iPod classic or the 5th gen enhanced (both the same thing, some people just call them different things) have a Wolfson DAC (digital analogue converter) which is Japanese made and highly regarded in the audiophile community, the 6th and 7th have a cirrus DAC which is good but the Wolfson (IMO) is way better.\n\nEven if you notice no difference from a modern phone, I still use it because it's less of a distraction than picking up my phone to select a song/playlist which is important to me. Best thing you can do to improve audio quality is upgrade your earphones/headphones.", "is_submitter": false, "distinguished": null, "created_utc": 1632909472.0, "parent_id": "t1_hepaaha", "replies": []}]}, {"author": "iamacannibal", "id": "herdr3d", "score": 3, "subreddit": "BuyItForLife", "author_flair": null, "submission": "pxo8x9", "stickied": false, "body": "I have been waiting for a good deal for an ipod classic to come up and a few weeks ago someone was selling a 6th gen for $25. it had a damaged screen and was very heavily used but otherwise worked fine. Perfect for me since I want to modify it. We agreed on a meeting. I asked when is the best for them and that I am available all day to pick them up. They said 3 pm. We agree. at about 1 pm the listing is changed to sold. She said someone wanted to meet up sooner. I was very annoyed.", "is_submitter": false, "distinguished": null, "created_utc": 1632943765.0, "parent_id": "t3_pxo8x9", "replies": [{"author": "DELETED", "id": "hes1ybh", "score": 1, "subreddit": "BuyItForLife", "author_flair": null, "submission": "pxo8x9", "stickied": false, "body": "Could have been a blessing in disguise.\n\nIf you're hunting for an iPod, keep an eye out for the 5.5gen or what others call the 5th gen (enhanced), it was the 2nd version of the 5th gen iPod and has a better digatal analogue converter which makes for better sounding music :)\n\nGood luck!", "is_submitter": false, "distinguished": null, "created_utc": 1632953882.0, "parent_id": "t1_herdr3d", "replies": []}]}, {"author": "kabilos", "id": "heq5i5n", "score": 3, "subreddit": "BuyItForLife", "author_flair": null, "submission": "pxo8x9", "stickied": false, "body": "I found mine along with about 12 games in a gallon ziplock bag in a drawer in my closet.  I've had it since I was deployed back in 2002 and it probably had not seen the light of day in 17 years before I found it.  Pulled it out, hit the power switch and the lithium battery was still 3/4 full.  I was beyond shocked.", "is_submitter": false, "distinguished": null, "created_utc": 1632925712.0, "parent_id": "t3_pxo8x9", "replies": []}, {"author": "NebuKadneZaar", "id": "herw7lf", "score": 3, "subreddit": "BuyItForLife", "author_flair": null, "submission": "pxo8x9", "stickied": false, "body": "Damn this iPod is a beauty :O", "is_submitter": false, "distinguished": null, "created_utc": 1632951301.0, "parent_id": "t3_pxo8x9", "replies": [{"author": "DELETED", "id": "hes1cem", "score": 2, "subreddit": "BuyItForLife", "author_flair": null, "submission": "pxo8x9", "stickied": false, "body": "Thanks :) let me know if you need any tips on fixing one up for yourself!", "is_submitter": false, "distinguished": null, "created_utc": 1632953599.0, "parent_id": "t1_herw7lf", "replies": [{"author": "MeatFlavoredChalk", "id": "hf29d1w", "score": 1, "subreddit": "BuyItForLife", "author_flair": null, "submission": "pxo8x9", "stickied": false, "body": "I need tips. Mine works ok but needs a new battery and I'd like to increase storage capacity (60gb). What resources should I start with?", "is_submitter": false, "distinguished": null, "created_utc": 1633150362.0, "parent_id": "t1_hes1cem", "replies": [{"author": "DELETED", "id": "hfjgji0", "score": 2, "subreddit": "BuyItForLife", "author_flair": null, "submission": "pxo8x9", "stickied": false, "body": "What generation is it?\n\n[Put the serial number on the back of the case if you can still read it, into this website](https://everymac.com/ultimate-mac-lookup/)\n\nLet me know and I can help you out!", "is_submitter": false, "distinguished": null, "created_utc": 1633476088.0, "parent_id": "t1_hf29d1w", "replies": []}]}]}]}, {"author": "letslivelifefullest", "id": "hepynwr", "score": 2, "subreddit": "BuyItForLife", "author_flair": null, "submission": "pxo8x9", "stickied": false, "body": "i wonder how much these costs nowadays", "is_submitter": false, "distinguished": null, "created_utc": 1632922650.0, "parent_id": "t3_pxo8x9", "replies": [{"author": "enderverse87", "id": "heq4mwq", "score": 1, "subreddit": "BuyItForLife", "author_flair": null, "submission": "pxo8x9", "stickied": false, "body": "r/Gameboymarketplace\n\nNo clue about the iPod.", "is_submitter": false, "distinguished": null, "created_utc": 1632925337.0, "parent_id": "t1_hepynwr", "replies": [{"author": "curious-coffee-cat", "id": "heqo0t1", "score": 3, "subreddit": "BuyItForLife", "author_flair": null, "submission": "pxo8x9", "stickied": false, "body": "Well now I feel like an idiot for selling a GBA with no batteries for like $30... damn.", "is_submitter": false, "distinguished": null, "created_utc": 1632933261.0, "parent_id": "t1_heq4mwq", "replies": [{"author": "enderverse87", "id": "heqorn1", "score": 2, "subreddit": "BuyItForLife", "author_flair": null, "submission": "pxo8x9", "stickied": false, "body": "Yeah, finding one for 30 makes those people's month.", "is_submitter": false, "distinguished": null, "created_utc": 1632933556.0, "parent_id": "t1_heqo0t1", "replies": []}]}]}, {"author": "WhizBangPissPiece", "id": "heqk804", "score": 1, "subreddit": "BuyItForLife", "author_flair": null, "submission": "pxo8x9", "stickied": false, "body": "The late model iPod classics are still pretty valuable.  Mine got stolen and I really want to get a new one, but I just can't justify it.", "is_submitter": false, "distinguished": null, "created_utc": 1632931755.0, "parent_id": "t1_hepynwr", "replies": []}]}, {"author": "shmirvine", "id": "heqgzb0", "score": 2, "subreddit": "BuyItForLife", "author_flair": null, "submission": "pxo8x9", "stickied": false, "body": "When you say restored, what do you mean?", "is_submitter": false, "distinguished": null, "created_utc": 1632930462.0, "parent_id": "t3_pxo8x9", "replies": [{"author": "DELETED", "id": "hesb4yy", "score": 4, "subreddit": "BuyItForLife", "author_flair": null, "submission": "pxo8x9", "stickied": false, "body": "Brought back to working order/newer condition.\n\nMy iPod was scratched up on the front plate from when I went running and it slipped out of my pocket and I managed to kick it along the road while I was running. I got a new faceplate for it (the transparent one) and also a new clicker wheel.\n\nI did a minor upgrade to the capacitors on the logic board too which involved some soldering. I also put an SD card in it using an iFlash solo so that there more storage on it.\n\nFor the Gameboy, a new shell, new battery, new LCD making it look and feel new again :)", "is_submitter": false, "distinguished": null, "created_utc": 1632958211.0, "parent_id": "t1_heqgzb0", "replies": [{"author": "shmirvine", "id": "hestgay", "score": 1, "subreddit": "BuyItForLife", "author_flair": null, "submission": "pxo8x9", "stickied": false, "body": "that's awesome!", "is_submitter": false, "distinguished": null, "created_utc": 1632966843.0, "parent_id": "t1_hesb4yy", "replies": []}]}]}, {"author": "DELETED", "id": "herw2fx", "score": 2, "subreddit": "BuyItForLife", "author_flair": null, "submission": "pxo8x9", "stickied": false, "body": "[deleted]", "is_submitter": false, "distinguished": null, "created_utc": 1632951239.0, "parent_id": "t3_pxo8x9", "replies": [{"author": "DELETED", "id": "hes190k", "score": 1, "subreddit": "BuyItForLife", "author_flair": null, "submission": "pxo8x9", "stickied": false, "body": "Thanks,\n\nThe case came with the FiiO FD7 in ear monitors which I use to listen to music (they're what are plugged into the iPod with the braided cable)\n\n:)", "is_submitter": false, "distinguished": null, "created_utc": 1632953557.0, "parent_id": "t1_herw2fx", "replies": []}]}, {"author": "lolmakerz", "id": "hfv9kw0", "score": 2, "subreddit": "BuyItForLife", "author_flair": null, "submission": "pxo8x9", "stickied": false, "body": "I got mine the Christmas I turned 8 from my mum aswell. That's 18 years ago. Before my TBA SP Tribal Edition turned 1 year my mum had passed. Thanks for reminding me about her. \u2764\ufe0f", "is_submitter": false, "distinguished": null, "created_utc": 1633709051.0, "parent_id": "t3_pxo8x9", "replies": []}, {"author": "INeedHookersAndBlow", "id": "heqogdq", "score": 1, "subreddit": "BuyItForLife", "author_flair": null, "submission": "pxo8x9", "stickied": false, "body": "How do you restore an SP? Just plug it in?", "is_submitter": false, "distinguished": null, "created_utc": 1632933431.0, "parent_id": "t3_pxo8x9", "replies": [{"author": "DELETED", "id": "hes4t74", "score": 2, "subreddit": "BuyItForLife", "author_flair": null, "submission": "pxo8x9", "stickied": false, "body": "I bought a new shell, a new battery, a new LCD screen and cut into the shell with a Dremel to fit the bigger better battery.\n\nIt looks and feels as good as new :)", "is_submitter": false, "distinguished": null, "created_utc": 1632955221.0, "parent_id": "t1_heqogdq", "replies": [{"author": "INeedHookersAndBlow", "id": "hesbrzc", "score": 1, "subreddit": "BuyItForLife", "author_flair": null, "submission": "pxo8x9", "stickied": false, "body": "I found mine are these upgrades easy to do and for they make a huge difference?", "is_submitter": false, "distinguished": null, "created_utc": 1632958514.0, "parent_id": "t1_hes4t74", "replies": [{"author": "DELETED", "id": "hesir29", "score": 3, "subreddit": "BuyItForLife", "author_flair": null, "submission": "pxo8x9", "stickied": false, "body": "The backlit screen is a MASSIVE difference, if you're looking for the backlit screen it's the AGS-101 models screen (they released 2 SP versions, one with a front lit and one with a backlit screen).\n\nThe screen is very easy to change, the battery is also easy to change. The shell is just a matter of taking out the internals and swapping them to a new shell.\n\nOne thing I'd do, is a little research on YouTube on a battery upgrade, the battery drains quicker with the AGS-101 screen so a better battery will make it lost a LOT longer. The better batteries are a little bigger so there's some case modifying to be done but not a great deal.", "is_submitter": false, "distinguished": null, "created_utc": 1632961854.0, "parent_id": "t1_hesbrzc", "replies": []}]}]}]}, {"author": "Hyperoxidase", "id": "heqrj37", "score": 1, "subreddit": "BuyItForLife", "author_flair": null, "submission": "pxo8x9", "stickied": false, "body": "Haha I didn\u2019t think about this as a buy it for life thing. I still play my game boy color that is more than 20 years old. Nintendo doesn\u2019t play around with hardiness of their consoles (or at least they didn\u2019t until the Wii U)", "is_submitter": false, "distinguished": null, "created_utc": 1632934645.0, "parent_id": "t3_pxo8x9", "replies": []}, {"author": "ElGordoDelJordo", "id": "her0g3v", "score": 1, "subreddit": "BuyItForLife", "author_flair": null, "submission": "pxo8x9", "stickied": false, "body": "Hi OP what is that headphone cable?", "is_submitter": false, "distinguished": null, "created_utc": 1632938264.0, "parent_id": "t3_pxo8x9", "replies": [{"author": "DELETED", "id": "hes4nxh", "score": 2, "subreddit": "BuyItForLife", "author_flair": null, "submission": "pxo8x9", "stickied": false, "body": "Hey! Headphone cable came with the FiiO FD7 in ear monitors but I believe if you go to FiiO's website, they're the LC-RC cables, I can't seem to see them being sold separately anywhere but there would definitely be alternatives that look almost identical and perform just as well or better out there!", "is_submitter": false, "distinguished": null, "created_utc": 1632955152.0, "parent_id": "t1_her0g3v", "replies": []}]}, {"author": "Zachawoo", "id": "herq9uw", "score": 1, "subreddit": "BuyItForLife", "author_flair": null, "submission": "pxo8x9", "stickied": false, "body": "I\u2019m so sorry. You did an awesome job restoring those. I hope you\u2019re okay.", "is_submitter": false, "distinguished": null, "created_utc": 1632948816.0, "parent_id": "t3_pxo8x9", "replies": [{"author": "DELETED", "id": "hes1fdo", "score": 1, "subreddit": "BuyItForLife", "author_flair": null, "submission": "pxo8x9", "stickied": false, "body": "Thank you!\n\nI'm doing a lot better now than I have in the past.", "is_submitter": false, "distinguished": null, "created_utc": 1632953637.0, "parent_id": "t1_herq9uw", "replies": []}]}, {"author": "waterloodark", "id": "hesple5", "score": 1, "subreddit": "BuyItForLife", "author_flair": null, "submission": "pxo8x9", "stickied": false, "body": "Is that a clear faceplate on the iPod? Looks lovely! Can you post more \"from above\" pictures?", "is_submitter": false, "distinguished": null, "created_utc": 1632965034.0, "parent_id": "t3_pxo8x9", "replies": [{"author": "DELETED", "id": "hetvcfo", "score": 2, "subreddit": "BuyItForLife", "author_flair": null, "submission": "pxo8x9", "stickied": false, "body": "[Back](https://i.imgur.com/ACLgxjW.jpg)\n\n[Side?](https://i.imgur.com/8qjSuVw.jpg)\n\n[From Above](https://i.imgur.com/JIqryNS.jpg)\n\nEnjoy :)", "is_submitter": false, "distinguished": null, "created_utc": 1632992072.0, "parent_id": "t1_hesple5", "replies": []}, {"author": "DELETED", "id": "hessv3j", "score": 1, "subreddit": "BuyItForLife", "author_flair": null, "submission": "pxo8x9", "stickied": false, "body": "Yep, it's a transparent faceplate :) I can give you another couple photo's when I get home from work!", "is_submitter": false, "distinguished": null, "created_utc": 1632966569.0, "parent_id": "t1_hesple5", "replies": []}]}, {"author": "abarthsimpson", "id": "het31xr", "score": 1, "subreddit": "BuyItForLife", "author_flair": null, "submission": "pxo8x9", "stickied": false, "body": "That see through case is brilliant. Glad you can still use what your mother gave you.", "is_submitter": false, "distinguished": null, "created_utc": 1632971573.0, "parent_id": "t3_pxo8x9", "replies": []}, {"author": "SwisscheesyCLT", "id": "hetbran", "score": 1, "subreddit": "BuyItForLife", "author_flair": null, "submission": "pxo8x9", "stickied": false, "body": "My Mom got me a yellow Pikachu Edition SP around the same time. That was a rough time for her financially, being a single parent working for commission only, so getting that as a present was a *big* deal to 8-year-old me. Needless to say, I'm never, ever selling it.\n\nIncidentally, I never had more than around 6 games on it, but the ones I did have were top-notch, and I still occasionally play them today: Wario Land 4, Super Mario World, Pokemon Fire Red, Pokemon Mystery Dungeon (Red Rescue Team), and Mario Golf Advance. I also had Need for Speed Carbon at one point, which was better than it had any right to be for being on the GBA. Still not in the same league as the rest of the games I mentioned though.", "is_submitter": false, "distinguished": null, "created_utc": 1632976627.0, "parent_id": "t3_pxo8x9", "replies": []}, {"author": "Nyangoya7", "id": "hev546f", "score": 1, "subreddit": "BuyItForLife", "author_flair": null, "submission": "pxo8x9", "stickied": false, "body": "Where can i get the ipod classic battery i still have mine but the battery is dead any link", "is_submitter": false, "distinguished": null, "created_utc": 1633017904.0, "parent_id": "t3_pxo8x9", "replies": []}, {"author": "rab-byte", "id": "hffj5q8", "score": 1, "subreddit": "BuyItForLife", "author_flair": null, "submission": "pxo8x9", "stickied": false, "body": "If you want a good cry head on over to r/momforaminute", "is_submitter": false, "distinguished": null, "created_utc": 1633399252.0, "parent_id": "t3_pxo8x9", "replies": []}]}