{"title": "Picked up this Basset bedroom set from the original owners. Around 60 years old. Ready for another lifetime of use.", "name": "t3_d4pmns", "url": "https://i.redd.it/x7qsdh4ectm31.jpg", "selftext": "", "score": 5714, "upvote_ratio": 0.97, "permalink": "/r/BuyItForLife/comments/d4pmns/picked_up_this_basset_bedroom_set_from_the/", "id": "d4pmns", "author": "DELETED", "link_flair_text": "Furniture", "num_comments": 101, "over_18": false, "spoiler": false, "pinned": false, "locked": false, "distinguished": null, "created_utc": 1568577558.0, "comments": [{"author": "blackcurrantcat", "id": "f0fj4o3", "score": 405, "subreddit": "BuyItForLife", "author_flair": null, "submission": "d4pmns", "stickied": false, "body": "If you get broken into and your Basset set is stolen, know that it was me. These are gorgeous and highly desirables", "is_submitter": false, "distinguished": null, "created_utc": 1568584185.0, "parent_id": "t3_d4pmns", "replies": [{"author": "SexlessNights", "id": "f0fok8d", "score": 120, "subreddit": "BuyItForLife", "author_flair": null, "submission": "d4pmns", "stickied": false, "body": "Wait until you see the finished rattle can blue paint job before breaking in", "is_submitter": false, "distinguished": null, "created_utc": 1568586735.0, "parent_id": "t1_f0fj4o3", "replies": [{"author": "grillordill", "id": "f0foz9f", "score": 70, "subreddit": "BuyItForLife", "author_flair": null, "submission": "d4pmns", "stickied": false, "body": "Robbery would turn into manslaughter...", "is_submitter": false, "distinguished": null, "created_utc": 1568586931.0, "parent_id": "t1_f0fok8d", "replies": [{"author": "budom", "id": "f0h6fy3", "score": 8, "subreddit": "BuyItForLife", "author_flair": null, "submission": "d4pmns", "stickied": false, "body": "crime of passion would be the reason it's not murder", "is_submitter": false, "distinguished": null, "created_utc": 1568614022.0, "parent_id": "t1_f0foz9f", "replies": [{"author": "Cisco904", "id": "f0hd9hm", "score": 2, "subreddit": "BuyItForLife", "author_flair": null, "submission": "d4pmns", "stickied": false, "body": "Doesn't that only work in Tennessee", "is_submitter": false, "distinguished": null, "created_utc": 1568618886.0, "parent_id": "t1_f0h6fy3", "replies": []}]}]}, {"author": "Lockwood85", "id": "f0gtxe9", "score": 9, "subreddit": "BuyItForLife", "author_flair": null, "submission": "d4pmns", "stickied": false, "body": "wtf no", "is_submitter": false, "distinguished": null, "created_utc": 1568606138.0, "parent_id": "t1_f0fok8d", "replies": []}]}, {"author": "datta_dayadhvam", "id": "f0fywbs", "score": 23, "subreddit": "BuyItForLife", "author_flair": null, "submission": "d4pmns", "stickied": false, "body": "That\u2019s like 3 grand at west elm now", "is_submitter": false, "distinguished": null, "created_utc": 1568591107.0, "parent_id": "t1_f0fj4o3", "replies": []}, {"author": "DELETED", "id": "f0hka21", "score": 3, "subreddit": "BuyItForLife", "author_flair": null, "submission": "d4pmns", "stickied": false, "body": "Please don't", "is_submitter": false, "distinguished": null, "created_utc": 1568624173.0, "parent_id": "t1_f0fj4o3", "replies": []}, {"author": "PhasmeCosmo", "id": "f0ipykr", "score": 3, "subreddit": "BuyItForLife", "author_flair": null, "submission": "d4pmns", "stickied": false, "body": "Agatha already predicted you\u2019d do that. They\u2019re coming to get you now!!", "is_submitter": false, "distinguished": null, "created_utc": 1568645286.0, "parent_id": "t1_f0fj4o3", "replies": []}]}, {"author": "GrubH0", "id": "f0fmza3", "score": 216, "subreddit": "BuyItForLife", "author_flair": null, "submission": "d4pmns", "stickied": false, "body": "I never wanted us to become a couple that goes antiquing, but shopping for furniture has been frustrating.  Pressboard stuff has actually gotten lower in quality over the years.  And when we go to the \"real\" furniture store it's outrageous prices for stuff that I still don't think is top quality.\n\nI don't want to become a carpenter, but.\n\n\nSo, I told my wife last month \"if you see solid furniture you like, buy it, because it's only getting worse\".\n\nLocally, there are a lot of old people.  So the vintage furniture is mostly a buyer's market.", "is_submitter": false, "distinguished": null, "created_utc": 1568585997.0, "parent_id": "t3_d4pmns", "replies": [{"author": "trashpix", "id": "f0fwm7f", "score": 78, "subreddit": "BuyItForLife", "author_flair": null, "submission": "d4pmns", "stickied": false, "body": "Totally. Estate sales can be a real goldmine. In my area they tend to be either flouncy 80's/90's crap or great midcentury steals. Saw a steelcase desk today and the seller seemed genuinely surprised that anyone was interested and scoffed when I commented it was beautiful. Probably could have taken it for $20.", "is_submitter": false, "distinguished": null, "created_utc": 1568590201.0, "parent_id": "t1_f0fmza3", "replies": [{"author": "PMmeifyourepooping", "id": "f0g06ek", "score": 85, "subreddit": "BuyItForLife", "author_flair": null, "submission": "d4pmns", "stickied": false, "body": "It's crazy how little you can come to value things you live with.", "is_submitter": false, "distinguished": null, "created_utc": 1568591635.0, "parent_id": "t1_f0fwm7f", "replies": [{"author": "CasualFridayBatman", "id": "f0ga17n", "score": 39, "subreddit": "BuyItForLife", "author_flair": null, "submission": "d4pmns", "stickied": false, "body": "Damn, this is oddly profound.", "is_submitter": false, "distinguished": null, "created_utc": 1568596066.0, "parent_id": "t1_f0g06ek", "replies": []}, {"author": "psychetron", "id": "f0gfqad", "score": 26, "subreddit": "BuyItForLife", "author_flair": null, "submission": "d4pmns", "stickied": false, "body": "There's a saying: familiarity breeds contempt.", "is_submitter": false, "distinguished": null, "created_utc": 1568598877.0, "parent_id": "t1_f0g06ek", "replies": [{"author": "ChandlerMc", "id": "f0is0ob", "score": 3, "subreddit": "BuyItForLife", "author_flair": null, "submission": "d4pmns", "stickied": false, "body": "This saying usually refers to people but it definitely applies to places and things now that you mention it.", "is_submitter": false, "distinguished": null, "created_utc": 1568646109.0, "parent_id": "t1_f0gfqad", "replies": []}]}, {"author": "SmoothBrews", "id": "f222cqc", "score": 2, "subreddit": "BuyItForLife", "author_flair": null, "submission": "d4pmns", "stickied": false, "body": "r/rimjob_steve", "is_submitter": false, "distinguished": null, "created_utc": 1569880455.0, "parent_id": "t1_f0g06ek", "replies": []}, {"author": "burgpug", "id": "fj13od3", "score": 1, "subreddit": "BuyItForLife", "author_flair": null, "submission": "d4pmns", "stickied": false, "body": "pm sent", "is_submitter": false, "distinguished": null, "created_utc": 1582912445.0, "parent_id": "t1_f0g06ek", "replies": []}]}]}, {"author": "ryken", "id": "f0goq5f", "score": 48, "subreddit": "BuyItForLife", "author_flair": null, "submission": "d4pmns", "stickied": false, "body": "My dad is a hobbyist woodworker and let me tell you, you cannot build it cheaper yourself. Between the tools and materials, it\u2019s very expensive to build your own furniture.", "is_submitter": false, "distinguished": null, "created_utc": 1568603368.0, "parent_id": "t1_f0fmza3", "replies": [{"author": "GrubH0", "id": "f0gp4vx", "score": 13, "subreddit": "BuyItForLife", "author_flair": null, "submission": "d4pmns", "stickied": false, "body": "I have access to most of the relevant power tools at work.  I figure in 5 years I will regret not taking advantage of it.", "is_submitter": false, "distinguished": null, "created_utc": 1568603572.0, "parent_id": "t1_f0goq5f", "replies": [{"author": "scottb84", "id": "f0hy604", "score": 9, "subreddit": "BuyItForLife", "author_flair": null, "submission": "d4pmns", "stickied": false, "body": "The best quality furniture is built mostly with hand tools. No less expensive than power tools, to be sure (probably *more* expensive, all told), but you don't need a hanger-sized shop.", "is_submitter": false, "distinguished": null, "created_utc": 1568632714.0, "parent_id": "t1_f0gp4vx", "replies": [{"author": "hymntastic", "id": "f0i3ti8", "score": 7, "subreddit": "BuyItForLife", "author_flair": null, "submission": "d4pmns", "stickied": false, "body": "You at least need a good size garage though", "is_submitter": false, "distinguished": null, "created_utc": 1568635583.0, "parent_id": "t1_f0hy604", "replies": [{"author": "Bumblemore", "id": "f0ihyl8", "score": 2, "subreddit": "BuyItForLife", "author_flair": null, "submission": "d4pmns", "stickied": false, "body": "And a lot of time/skill", "is_submitter": false, "distinguished": null, "created_utc": 1568642023.0, "parent_id": "t1_f0i3ti8", "replies": []}]}]}]}, {"author": "Clay_Statue", "id": "f0hongk", "score": 11, "subreddit": "BuyItForLife", "author_flair": null, "submission": "d4pmns", "stickied": false, "body": "So true.  I used to have a full shop set up and I still find myself going to Ikea for basic stuff because the cost is only marginally more than the raw materials, minus hours of work.\n\nUnless you are going to do some custom, high-end heirloom piece it usually makes more sense to just get mass-manufactured stuff.\n\nOften times refinishing vintage furniture from craigslist is easier and most cost-effective.", "is_submitter": false, "distinguished": null, "created_utc": 1568627181.0, "parent_id": "t1_f0goq5f", "replies": []}, {"author": "OhioJeeper", "id": "f0jr31f", "score": 6, "subreddit": "BuyItForLife", "author_flair": null, "submission": "d4pmns", "stickied": false, "body": "The tools are no joke, but the materials are cheap if you're comparing apples to apples, hand built furniture is expensive. \n\nMy dad is also a hobbyist woodworker, his most recent project was a [TV stand](https://i.imgur.com/QjTkvqB.jpg) for me. Materials were in the $300-$400 ballpark for an 80\" wide stand, which is closer to what a flat pack stand of similar size would cost and not be anywhere as nice or durable.", "is_submitter": false, "distinguished": null, "created_utc": 1568661032.0, "parent_id": "t1_f0goq5f", "replies": []}, {"author": "ChuckPierce", "id": "f0iq2d6", "score": 3, "subreddit": "BuyItForLife", "author_flair": null, "submission": "d4pmns", "stickied": false, "body": "This is true for things like food too. Say I want to go eat some nice Indian cuisine. They get their materials in bulk and usually cheaper than I can buy it. Sometimes it\u2019s cheaper to buy it there prepared by people who can do a much better job at it than I can in much less time. Gotta factor in the hassle factor and how much your time is worth.", "is_submitter": false, "distinguished": null, "created_utc": 1568645330.0, "parent_id": "t1_f0goq5f", "replies": []}]}, {"author": "VerucaNaCltybish", "id": "f0gghf2", "score": 14, "subreddit": "BuyItForLife", "author_flair": null, "submission": "d4pmns", "stickied": false, "body": "I have found some quality pieces at garage sale prices on facebook marketplace. My MCM solid walnut collection is steadily growing.", "is_submitter": false, "distinguished": null, "created_utc": 1568599239.0, "parent_id": "t1_f0fmza3", "replies": [{"author": "GrubH0", "id": "f0ggs9y", "score": 9, "subreddit": "BuyItForLife", "author_flair": null, "submission": "d4pmns", "stickied": false, "body": "Aye. Craigslist.  The companies that do professional estate sales usually have mailing lists, and 50% off on the last day.", "is_submitter": false, "distinguished": null, "created_utc": 1568599389.0, "parent_id": "t1_f0gghf2", "replies": [{"author": "Davide48", "id": "f0gq1l4", "score": 3, "subreddit": "BuyItForLife", "author_flair": null, "submission": "d4pmns", "stickied": false, "body": "Holy shit that\u2019s a thing?", "is_submitter": false, "distinguished": null, "created_utc": 1568604037.0, "parent_id": "t1_f0ggs9y", "replies": [{"author": "GrubH0", "id": "f0gq8x5", "score": 4, "subreddit": "BuyItForLife", "author_flair": null, "submission": "d4pmns", "stickied": false, "body": "They'll reserve the best pieces from the discount.  But usually they would have sold already.  But the 50% is normal where I live now and where I used to.", "is_submitter": false, "distinguished": null, "created_utc": 1568604144.0, "parent_id": "t1_f0gq1l4", "replies": []}, {"author": "King-Snorky", "id": "f0inwey", "score": 3, "subreddit": "BuyItForLife", "author_flair": null, "submission": "d4pmns", "stickied": false, "body": "estatesales.net", "is_submitter": false, "distinguished": null, "created_utc": 1568644458.0, "parent_id": "t1_f0gq1l4", "replies": []}]}, {"author": "fas_nefas", "id": "f0gqch9", "score": 3, "subreddit": "BuyItForLife", "author_flair": null, "submission": "d4pmns", "stickied": false, "body": "All of the good stuff gets wiped out first day in my city.  It sucks.  Everyone's a bargain hunter here lol", "is_submitter": false, "distinguished": null, "created_utc": 1568604200.0, "parent_id": "t1_f0ggs9y", "replies": []}, {"author": "DELETED", "id": "f0h3owa", "score": 2, "subreddit": "BuyItForLife", "author_flair": null, "submission": "d4pmns", "stickied": false, "body": "[deleted]", "is_submitter": false, "distinguished": null, "created_utc": 1568612223.0, "parent_id": "t1_f0ggs9y", "replies": [{"author": "GrubH0", "id": "f0i5jvf", "score": 4, "subreddit": "BuyItForLife", "author_flair": null, "submission": "d4pmns", "stickied": false, "body": "It's local.  Unusually a small business, frequently in my experience a family.  If you look up Estate sales on Craig's list you should be able to sort out which are the Pros.  \n\nIt's a pretty sensible business plan.  When grandma dies the family is too bereft and too busy to deal with the Estate sale, and may also lack the people to do the work.  An organized business can come in, set up, know what's valuable and/or do the research.   I assume they get paid out of the proceeds, so it's easier for the family (than coming up with money ahead of time) and if it indirectly is coming out of the estate, then there's no worry about which inheritor is owed money from estate work.  I think some of them actually pick up stuff at one sale and bring it to all the later sales until it sells.  I don't know if their cost is excessive (this is a time when people can be susceptible to over charging).  And they might not be a lot of help with grandpa's boxes of almost working electronics, greasy tools, and jars of home made shims.\n\nBut furniture seems to be the bread and butter.  And I've seen attractive pieces with $1000+ price tags (probably not 50% off day 2).  But BifL isn't about fancy brands.  Lots of vintage/antique noname brand furniture is solid and attractive, and sometimes weird (I like weird furniture).  It's hit or miss, furniture is heavy, it helps to own a pick up truck.   But along the way you can get some good stuff while waiting for the great stuff.\n\nI have an eye for machetes, and I've gotten some wonderful (heavy and solid) ones at these sales.", "is_submitter": false, "distinguished": null, "created_utc": 1568636415.0, "parent_id": "t1_f0h3owa", "replies": [{"author": "King-Snorky", "id": "f0io1mj", "score": 3, "subreddit": "BuyItForLife", "author_flair": null, "submission": "d4pmns", "stickied": false, "body": ">I have an eye for machetes\n\nWeird flex but o-- whoa put the machete down I didn't mean anything by it", "is_submitter": false, "distinguished": null, "created_utc": 1568644513.0, "parent_id": "t1_f0i5jvf", "replies": []}, {"author": "Alyx19", "id": "f0ihfqx", "score": 1, "subreddit": "BuyItForLife", "author_flair": null, "submission": "d4pmns", "stickied": false, "body": "Estate salers here take a cut of the profit, which keeps them motivated to sell at good prices for the family. Last family sale the sale manager had a 20% cut, but he also bought out a lot of the remaining pieces for his shop.", "is_submitter": false, "distinguished": null, "created_utc": 1568641794.0, "parent_id": "t1_f0i5jvf", "replies": []}]}]}, {"author": "attorneyatslaw", "id": "f0jt2p3", "score": 1, "subreddit": "BuyItForLife", "author_flair": null, "submission": "d4pmns", "stickied": false, "body": "The really valuable stuff is long gone by the last day.", "is_submitter": false, "distinguished": null, "created_utc": 1568662384.0, "parent_id": "t1_f0ggs9y", "replies": []}]}]}, {"author": "Mymomsjam", "id": "f0h606i", "score": 8, "subreddit": "BuyItForLife", "author_flair": null, "submission": "d4pmns", "stickied": false, "body": "There are a lot of direct to consumer brands that make quality furniture for reasonable prices. You can start at Article and Rove Concepts. Both have a mid-century modern vibe and are made with quality materials and built to hold up. Aside from those, if you\u2019re willing to spend more on furniture, you can get made to order pieces that are heirloom quality and made of the highest quality timbers and assembled using traditional joinery meant to last beyond your life. Happy to point you in the right direction if this is a route you want to take.", "is_submitter": false, "distinguished": null, "created_utc": 1568613718.0, "parent_id": "t1_f0fmza3", "replies": [{"author": "RoomsSolutions", "id": "f0i0dn3", "score": 3, "subreddit": "BuyItForLife", "author_flair": null, "submission": "d4pmns", "stickied": false, "body": "This is true, if you're looking for a bespoke build then Etsy is the obvious choice to go online. Mid-century modern furniture is usually built from Walnut but a lot of pieces have a contemporary element to them whilst I see lasting asthetically for a long time.\n\nCheck this out if you want to find reputable Etsy sellers - this article is about [mid-century modern coffee tables](https://www.roomssolutions.com/etsys-mid-century-modern-coffee-tables/?utm_source=Reddit&utm_medium=Comment_Reply&utm_campaign=Etsy_Coffee_Tables_160919) but I believe all of these manufacturers produce furniture throughout the home.\n\nAnother place that can be fruitful is Facebook Marketplace but that is dependent upon who is selling what and when you look, a lot of luck is involved.", "is_submitter": false, "distinguished": null, "created_utc": 1568633841.0, "parent_id": "t1_f0h606i", "replies": []}, {"author": "Zabsicle", "id": "f0iwa7l", "score": 1, "subreddit": "BuyItForLife", "author_flair": null, "submission": "d4pmns", "stickied": false, "body": "I would love the opportunity to pay more for made-to-order pieces. Would you mind pointing me in the right direction, as you put it?", "is_submitter": false, "distinguished": null, "created_utc": 1568647811.0, "parent_id": "t1_f0h606i", "replies": [{"author": "Mymomsjam", "id": "f0nkn9m", "score": 1, "subreddit": "BuyItForLife", "author_flair": null, "submission": "d4pmns", "stickied": false, "body": "Absolutely! Start with checking out BDDW, Egg Collective, Manner Studio, Jeff Martin Joinery and Ben Barber to name a few. These guys will never cut corners and their pieces are guaranteed heirloom quality. In some ways they\u2019re even superior to older furniture as their methods of joinery are a culmination of tried and tested traditional joinery fused with the benefits of using modern tools to produce their work.", "is_submitter": false, "distinguished": null, "created_utc": 1568772598.0, "parent_id": "t1_f0iwa7l", "replies": []}]}]}, {"author": "I________________", "id": "f0gwti0", "score": 7, "subreddit": "BuyItForLife", "author_flair": null, "submission": "d4pmns", "stickied": false, "body": "You guys are so lucky in the US. You have huge ass hardware stores that sell everything that ever existed and many still choose not to utilize them.", "is_submitter": false, "distinguished": null, "created_utc": 1568607867.0, "parent_id": "t1_f0fmza3", "replies": [{"author": "GrubH0", "id": "f0gx781", "score": 12, "subreddit": "BuyItForLife", "author_flair": null, "submission": "d4pmns", "stickied": false, "body": "That stuff is getting worse too.  Shelves, hinges, wood.  It's all dropping in quality to combat rising prices.", "is_submitter": false, "distinguished": null, "created_utc": 1568608111.0, "parent_id": "t1_f0gwti0", "replies": [{"author": "I________________", "id": "f0gxump", "score": 2, "subreddit": "BuyItForLife", "author_flair": null, "submission": "d4pmns", "stickied": false, "body": "That sucks but atleast it's better than nothing. In my country, the only wood they sell is the one used for making concrete moulds and shit.", "is_submitter": false, "distinguished": null, "created_utc": 1568608520.0, "parent_id": "t1_f0gx781", "replies": [{"author": "Monochronos", "id": "f0i2m97", "score": 2, "subreddit": "BuyItForLife", "author_flair": null, "submission": "d4pmns", "stickied": false, "body": "Where do you live out of curiosity?", "is_submitter": false, "distinguished": null, "created_utc": 1568634993.0, "parent_id": "t1_f0gxump", "replies": [{"author": "I________________", "id": "f0i3vdh", "score": 3, "subreddit": "BuyItForLife", "author_flair": null, "submission": "d4pmns", "stickied": false, "body": "Bahrain. Most people who've asked never heard of it.", "is_submitter": false, "distinguished": null, "created_utc": 1568635606.0, "parent_id": "t1_f0i2m97", "replies": [{"author": "DELETED", "id": "f0ikt9g", "score": 2, "subreddit": "BuyItForLife", "author_flair": null, "submission": "d4pmns", "stickied": false, "body": "[deleted]", "is_submitter": false, "distinguished": null, "created_utc": 1568643200.0, "parent_id": "t1_f0i3vdh", "replies": [{"author": "Monochronos", "id": "f0k77l9", "score": 3, "subreddit": "BuyItForLife", "author_flair": null, "submission": "d4pmns", "stickied": false, "body": "Ah I know Bahrain, that\u2019s great. \n\nSending good vibes your way from middle America! \ud83d\udc4d\ud83c\udffc", "is_submitter": false, "distinguished": null, "created_utc": 1568672074.0, "parent_id": "t1_f0ikt9g", "replies": []}]}]}]}, {"author": "Imnotveryfunatpartys", "id": "f2op7y4", "score": 1, "subreddit": "BuyItForLife", "author_flair": null, "submission": "d4pmns", "stickied": false, "body": "Sounds like maybe there's a naive market where you could potentially turn a profit by importing hardwoods", "is_submitter": false, "distinguished": null, "created_utc": 1570331484.0, "parent_id": "t1_f0gxump", "replies": []}]}]}]}, {"author": "huxley00", "id": "f0ji9rd", "score": 2, "subreddit": "BuyItForLife", "author_flair": null, "submission": "d4pmns", "stickied": false, "body": "I've found Scandinavian Designs is a good price meets performance brand that I've enjoyed a lot.", "is_submitter": false, "distinguished": null, "created_utc": 1568656202.0, "parent_id": "t1_f0fmza3", "replies": []}, {"author": "sir_ramen", "id": "f0jop1q", "score": 2, "subreddit": "BuyItForLife", "author_flair": null, "submission": "d4pmns", "stickied": false, "body": "TBH I'm happy with all my Ikea stuff.I don't expect it to last forever, but for the price it's flipping great.", "is_submitter": false, "distinguished": null, "created_utc": 1568659324.0, "parent_id": "t1_f0fmza3", "replies": []}, {"author": "trippin113", "id": "f0gqncx", "score": 1, "subreddit": "BuyItForLife", "author_flair": null, "submission": "d4pmns", "stickied": false, "body": "If you live in the midwest then checkout Art Van Furniture. I bought a new version of classic mid-century for myself and I love it.\n\nhttps://www.artvan.com/sloane-collection/800022651.html#q=Sloan&lang=default&typed=true&start=1", "is_submitter": false, "distinguished": null, "created_utc": 1568604350.0, "parent_id": "t1_f0fmza3", "replies": []}]}, {"author": "renatarain", "id": "f0ffs9i", "score": 60, "subreddit": "BuyItForLife", "author_flair": null, "submission": "d4pmns", "stickied": false, "body": "These are beautiful", "is_submitter": false, "distinguished": null, "created_utc": 1568582676.0, "parent_id": "t3_d4pmns", "replies": [{"author": "beefwich", "id": "f0fnhsy", "score": 27, "subreddit": "BuyItForLife", "author_flair": null, "submission": "d4pmns", "stickied": false, "body": "No kidding. Even the hardware seems to be incredibly well preserved. \n\nI love the mid-century modern revival. Super jealous.", "is_submitter": false, "distinguished": null, "created_utc": 1568586236.0, "parent_id": "t1_f0ffs9i", "replies": [{"author": "lucille_2_is_NOT_a_b", "id": "f0g27en", "score": 9, "subreddit": "BuyItForLife", "author_flair": null, "submission": "d4pmns", "stickied": false, "body": "We\u2019ve got a few MCM pieces, and I\u2019ve got to say for a guy who had no idea what he liked prior, it\u2019s the only style that I\u2019ll remotely look at now", "is_submitter": false, "distinguished": null, "created_utc": 1568592551.0, "parent_id": "t1_f0fnhsy", "replies": []}, {"author": "DELETED", "id": "f0g34u0", "score": 4, "subreddit": "BuyItForLife", "author_flair": null, "submission": "d4pmns", "stickied": false, "body": "It's awesome for us, we bought a 1952 rancher with a lot of original features, so we are grabbing up all the cool mid century stuff that we can!", "is_submitter": false, "distinguished": null, "created_utc": 1568592968.0, "parent_id": "t1_f0fnhsy", "replies": []}]}]}, {"author": "DELETED", "id": "f0fix85", "score": 25, "subreddit": "BuyItForLife", "author_flair": null, "submission": "d4pmns", "stickied": false, "body": "Looks like an awesome deal! How much did it cost you?", "is_submitter": false, "distinguished": null, "created_utc": 1568584092.0, "parent_id": "t3_d4pmns", "replies": []}, {"author": "HiGloss", "id": "f0fcbtj", "score": 19, "subreddit": "BuyItForLife", "author_flair": null, "submission": "d4pmns", "stickied": false, "body": "That\u2019s my childhood headboard \ud83d\ude03", "is_submitter": false, "distinguished": null, "created_utc": 1568581173.0, "parent_id": "t3_d4pmns", "replies": []}, {"author": "jjjjjjkhjhjgowjs", "id": "f0gc6vv", "score": 17, "subreddit": "BuyItForLife", "author_flair": null, "submission": "d4pmns", "stickied": false, "body": "Beautiful, great set! Ahhh, the good old days when furniture was made out of real wood and dovetail joints & made right here in our country! Now we have cheap stuff that comes mostly from China that is made out of garbage & must be replaced every few years. Unless you buy high end furniture. I know this, I sold furniture for several years. Quality was so much better when the products were coming out of VA & NC and other places in the US.", "is_submitter": false, "distinguished": null, "created_utc": 1568597140.0, "parent_id": "t3_d4pmns", "replies": []}, {"author": "paulinbc", "id": "f0fzteq", "score": 9, "subreddit": "BuyItForLife", "author_flair": null, "submission": "d4pmns", "stickied": false, "body": "I had a headboard almost exactly like that as a kid. It was my dad's. and is still around.\n\n&#x200B;\n\nThe bed frame itself seems a touch wide for the double mattress - we put golf tees in it to try and prevent the mattress from going too far to one side and falling through. \n\n&#x200B;\n\nI stored lots of secrets behind the sliding doors", "is_submitter": false, "distinguished": null, "created_utc": 1568591484.0, "parent_id": "t3_d4pmns", "replies": []}, {"author": "DELETED", "id": "f0fk1ow", "score": 9, "subreddit": "BuyItForLife", "author_flair": null, "submission": "d4pmns", "stickied": false, "body": "Gorgeous vintage design as well. Definitely going to keep my eyes out for these in the future.", "is_submitter": false, "distinguished": null, "created_utc": 1568584606.0, "parent_id": "t3_d4pmns", "replies": []}, {"author": "dandruski", "id": "f0flifl", "score": 6, "subreddit": "BuyItForLife", "author_flair": null, "submission": "d4pmns", "stickied": false, "body": "Wow my parents had almost this exact same set! They ended up giving it to some friends who redid their entire home in mid century modern.", "is_submitter": false, "distinguished": null, "created_utc": 1568585306.0, "parent_id": "t3_d4pmns", "replies": []}, {"author": "oidoglr", "id": "f0gjj91", "score": 7, "subreddit": "BuyItForLife", "author_flair": null, "submission": "d4pmns", "stickied": false, "body": "Cross post to r/Mid_Century", "is_submitter": false, "distinguished": null, "created_utc": 1568600731.0, "parent_id": "t3_d4pmns", "replies": []}, {"author": "DELETED", "id": "f0frpy4", "score": 3, "subreddit": "BuyItForLife", "author_flair": null, "submission": "d4pmns", "stickied": false, "body": "Can\u2019t go wrong with Basset Quality", "is_submitter": false, "distinguished": null, "created_utc": 1568588189.0, "parent_id": "t3_d4pmns", "replies": []}, {"author": "Kwindecent_exposure", "id": "f0ho02o", "score": 3, "subreddit": "BuyItForLife", "author_flair": null, "submission": "d4pmns", "stickied": false, "body": "Absolutely gorgeous aluminum handles.", "is_submitter": false, "distinguished": null, "created_utc": 1568626792.0, "parent_id": "t3_d4pmns", "replies": []}, {"author": "DELETED", "id": "f0ig15q", "score": 3, "subreddit": "BuyItForLife", "author_flair": null, "submission": "d4pmns", "stickied": false, "body": "Love this.  Visited a home in New Orleans back in June, where the gentleman that owned the place had this almost exact same set.  He also had a liquor cabinet that matched, from the same period, and it just MADE the room it was in.  I would give anything to have just that liquor cabinet!", "is_submitter": false, "distinguished": null, "created_utc": 1568641186.0, "parent_id": "t3_d4pmns", "replies": []}, {"author": "czarcasticjew", "id": "f0g60wg", "score": 3, "subreddit": "BuyItForLife", "author_flair": null, "submission": "d4pmns", "stickied": false, "body": "Fucking stunning. Amazing find, I'm so jealous", "is_submitter": false, "distinguished": null, "created_utc": 1568594253.0, "parent_id": "t3_d4pmns", "replies": []}, {"author": "stateinspector", "id": "f0fkfhv", "score": 7, "subreddit": "BuyItForLife", "author_flair": null, "submission": "d4pmns", "stickied": false, "body": "What\u2019s the function of the piece on the left? Looks like it has something to put shoes on or something?", "is_submitter": false, "distinguished": null, "created_utc": 1568584791.0, "parent_id": "t3_d4pmns", "replies": [{"author": "DELETED", "id": "f0flcaw", "score": 17, "subreddit": "BuyItForLife", "author_flair": null, "submission": "d4pmns", "stickied": false, "body": "[deleted]", "is_submitter": false, "distinguished": null, "created_utc": 1568585230.0, "parent_id": "t1_f0fkfhv", "replies": [{"author": "stateinspector", "id": "f0ftf3a", "score": 7, "subreddit": "BuyItForLife", "author_flair": null, "submission": "d4pmns", "stickied": false, "body": "Oh yeah, that seems obvious now lol", "is_submitter": false, "distinguished": null, "created_utc": 1568588887.0, "parent_id": "t1_f0flcaw", "replies": [{"author": "Random_KansasCitian", "id": "f0g0a9d", "score": 1, "subreddit": "BuyItForLife", "author_flair": null, "submission": "d4pmns", "stickied": false, "body": "It does look a little like a kneeler for midcentury morning prayers.   lol.", "is_submitter": false, "distinguished": null, "created_utc": 1568591683.0, "parent_id": "t1_f0ftf3a", "replies": [{"author": "stateinspector", "id": "f0g0n9u", "score": 3, "subreddit": "BuyItForLife", "author_flair": null, "submission": "d4pmns", "stickied": false, "body": "Honestly a kneeler was my first thought, having grown up Catholic haha", "is_submitter": false, "distinguished": null, "created_utc": 1568591849.0, "parent_id": "t1_f0g0a9d", "replies": []}]}]}]}, {"author": "itscoolimherenowdude", "id": "f0fntup", "score": 1, "subreddit": "BuyItForLife", "author_flair": null, "submission": "d4pmns", "stickied": false, "body": "It\u2019s a bed...", "is_submitter": false, "distinguished": null, "created_utc": 1568586391.0, "parent_id": "t1_f0fkfhv", "replies": []}]}, {"author": "Jontykay", "id": "f0fb4o7", "score": 2, "subreddit": "BuyItForLife", "author_flair": null, "submission": "d4pmns", "stickied": false, "body": "Wow!! I\u2019m jealous!!", "is_submitter": false, "distinguished": null, "created_utc": 1568580682.0, "parent_id": "t3_d4pmns", "replies": []}, {"author": "Storyteller13", "id": "f0g0iwa", "score": 2, "subreddit": "BuyItForLife", "author_flair": null, "submission": "d4pmns", "stickied": false, "body": "Were these in Cincinnati? I\u2019ve been eyeing them on Craigslist! Great find.", "is_submitter": false, "distinguished": null, "created_utc": 1568591792.0, "parent_id": "t3_d4pmns", "replies": []}, {"author": "stromm", "id": "f0gd7ni", "score": 2, "subreddit": "BuyItForLife", "author_flair": null, "submission": "d4pmns", "stickied": false, "body": "Nice. We are having a dining room table and six chairs delivered this week, from Basset. With as much as we are paying for it, I hope it last that long.", "is_submitter": false, "distinguished": null, "created_utc": 1568597660.0, "parent_id": "t3_d4pmns", "replies": []}, {"author": "ProceedOrRun", "id": "f0gtipr", "score": 2, "subreddit": "BuyItForLife", "author_flair": null, "submission": "d4pmns", "stickied": false, "body": "But how heavy are they?", "is_submitter": false, "distinguished": null, "created_utc": 1568605908.0, "parent_id": "t3_d4pmns", "replies": []}, {"author": "Cuntable", "id": "f0hhup4", "score": 2, "subreddit": "BuyItForLife", "author_flair": null, "submission": "d4pmns", "stickied": false, "body": "I thought it was a bedroom for bassets....am disappointed.", "is_submitter": false, "distinguished": null, "created_utc": 1568622254.0, "parent_id": "t3_d4pmns", "replies": []}, {"author": "s15_22", "id": "f0jer4c", "score": 2, "subreddit": "BuyItForLife", "author_flair": null, "submission": "d4pmns", "stickied": false, "body": "To frick", "is_submitter": false, "distinguished": null, "created_utc": 1568655004.0, "parent_id": "t3_d4pmns", "replies": []}, {"author": "s15_22", "id": "f0jevcg", "score": 2, "subreddit": "BuyItForLife", "author_flair": null, "submission": "d4pmns", "stickied": false, "body": "Mmmmm a whole new life time of fricking.", "is_submitter": false, "distinguished": null, "created_utc": 1568655048.0, "parent_id": "t3_d4pmns", "replies": []}, {"author": "externality", "id": "f0ffine", "score": 1, "subreddit": "BuyItForLife", "author_flair": null, "submission": "d4pmns", "stickied": false, "body": "Looking sharp.", "is_submitter": false, "distinguished": null, "created_utc": 1568582555.0, "parent_id": "t3_d4pmns", "replies": []}, {"author": "hotstargirl", "id": "f0fh7lt", "score": 1, "subreddit": "BuyItForLife", "author_flair": null, "submission": "d4pmns", "stickied": false, "body": "This is great. Good find", "is_submitter": false, "distinguished": null, "created_utc": 1568583315.0, "parent_id": "t3_d4pmns", "replies": []}, {"author": "LetMeFixYouToo", "id": "f0fi054", "score": 1, "subreddit": "BuyItForLife", "author_flair": null, "submission": "d4pmns", "stickied": false, "body": "What a good find!", "is_submitter": false, "distinguished": null, "created_utc": 1568583672.0, "parent_id": "t3_d4pmns", "replies": []}, {"author": "defgeee", "id": "f0fid5v", "score": 1, "subreddit": "BuyItForLife", "author_flair": null, "submission": "d4pmns", "stickied": false, "body": "Great finds! It looks like it\u2019s still in mint condition", "is_submitter": false, "distinguished": null, "created_utc": 1568583840.0, "parent_id": "t3_d4pmns", "replies": []}, {"author": "Mishmz", "id": "f0fkyxg", "score": 1, "subreddit": "BuyItForLife", "author_flair": null, "submission": "d4pmns", "stickied": false, "body": "What a great find!", "is_submitter": false, "distinguished": null, "created_utc": 1568585047.0, "parent_id": "t3_d4pmns", "replies": []}, {"author": "Toadies_fan75", "id": "f0flrs6", "score": 1, "subreddit": "BuyItForLife", "author_flair": null, "submission": "d4pmns", "stickied": false, "body": "Beautiful!", "is_submitter": false, "distinguished": null, "created_utc": 1568585427.0, "parent_id": "t3_d4pmns", "replies": []}, {"author": "charleyxavier", "id": "f0foptb", "score": 1, "subreddit": "BuyItForLife", "author_flair": null, "submission": "d4pmns", "stickied": false, "body": "MCM Ohio?", "is_submitter": false, "distinguished": null, "created_utc": 1568586811.0, "parent_id": "t3_d4pmns", "replies": []}, {"author": "woofj", "id": "f0ft9gs", "score": 1, "subreddit": "BuyItForLife", "author_flair": null, "submission": "d4pmns", "stickied": false, "body": "Wow! This is pretty great.", "is_submitter": false, "distinguished": null, "created_utc": 1568588822.0, "parent_id": "t3_d4pmns", "replies": []}, {"author": "GruelOmelettes", "id": "f0fubgk", "score": 1, "subreddit": "BuyItForLife", "author_flair": null, "submission": "d4pmns", "stickied": false, "body": "Awesome set!  My wife and I have acquired a fair amount of mid century furniture piece by piece as we find it.  So well made and such timeless style.", "is_submitter": false, "distinguished": null, "created_utc": 1568589255.0, "parent_id": "t3_d4pmns", "replies": []}, {"author": "Wiggy_Bop", "id": "f0g59t8", "score": 1, "subreddit": "BuyItForLife", "author_flair": null, "submission": "d4pmns", "stickied": false, "body": "I remember those. \ud83d\udc4d\ud83c\udffd", "is_submitter": false, "distinguished": null, "created_utc": 1568593905.0, "parent_id": "t3_d4pmns", "replies": []}, {"author": "Spideybry", "id": "f0gd5nj", "score": 1, "subreddit": "BuyItForLife", "author_flair": null, "submission": "d4pmns", "stickied": false, "body": "Is this philly?", "is_submitter": false, "distinguished": null, "created_utc": 1568597629.0, "parent_id": "t3_d4pmns", "replies": []}, {"author": "idontreallylikecandy", "id": "f0gk691", "score": 1, "subreddit": "BuyItForLife", "author_flair": null, "submission": "d4pmns", "stickied": false, "body": "Dude I love those dressers.", "is_submitter": false, "distinguished": null, "created_utc": 1568601042.0, "parent_id": "t3_d4pmns", "replies": []}, {"author": "thelotusknyte", "id": "f0gl2ex", "score": 1, "subreddit": "BuyItForLife", "author_flair": null, "submission": "d4pmns", "stickied": false, "body": "Htf do people take care of things?", "is_submitter": false, "distinguished": null, "created_utc": 1568601506.0, "parent_id": "t3_d4pmns", "replies": []}, {"author": "jesse_dylan", "id": "f0gmlrv", "score": 1, "subreddit": "BuyItForLife", "author_flair": null, "submission": "d4pmns", "stickied": false, "body": "That's awesome.  What did you pay?", "is_submitter": false, "distinguished": null, "created_utc": 1568602269.0, "parent_id": "t3_d4pmns", "replies": []}, {"author": "wildweeds", "id": "f0hdir3", "score": 1, "subreddit": "BuyItForLife", "author_flair": null, "submission": "d4pmns", "stickied": false, "body": "thats absolutely beautiful", "is_submitter": false, "distinguished": null, "created_utc": 1568619075.0, "parent_id": "t3_d4pmns", "replies": []}, {"author": "coolwilliam", "id": "f0igqip", "score": 1, "subreddit": "BuyItForLife", "author_flair": null, "submission": "d4pmns", "stickied": false, "body": "How do you find these things? Did you find it from craigslist?", "is_submitter": false, "distinguished": null, "created_utc": 1568641492.0, "parent_id": "t3_d4pmns", "replies": []}, {"author": "ErnestShocks", "id": "f0ilmmr", "score": 1, "subreddit": "BuyItForLife", "author_flair": null, "submission": "d4pmns", "stickied": false, "body": "Omg i'm so jealous. I don't even have room for it but I'd just make my living room my bedroom i guess", "is_submitter": false, "distinguished": null, "created_utc": 1568643538.0, "parent_id": "t3_d4pmns", "replies": []}, {"author": "PhasmeCosmo", "id": "f0ipvlc", "score": 1, "subreddit": "BuyItForLife", "author_flair": null, "submission": "d4pmns", "stickied": false, "body": "Fantastic. I\u2019m starting to warm up to Scandinavian teak.", "is_submitter": false, "distinguished": null, "created_utc": 1568645251.0, "parent_id": "t3_d4pmns", "replies": []}, {"author": "patzone1", "id": "f0j2bqo", "score": 1, "subreddit": "BuyItForLife", "author_flair": null, "submission": "d4pmns", "stickied": false, "body": "MCM, so hot right now", "is_submitter": false, "distinguished": null, "created_utc": 1568650206.0, "parent_id": "t3_d4pmns", "replies": []}, {"author": "Cmshnrblu", "id": "f0j4f8h", "score": 1, "subreddit": "BuyItForLife", "author_flair": null, "submission": "d4pmns", "stickied": false, "body": "Wow, looks fantastic", "is_submitter": false, "distinguished": null, "created_utc": 1568651022.0, "parent_id": "t3_d4pmns", "replies": []}, {"author": "nicholas_caged", "id": "f0jmebp", "score": 1, "subreddit": "BuyItForLife", "author_flair": null, "submission": "d4pmns", "stickied": false, "body": "I inhereted a set nearly identical to this from my grandparents. It's a beautiful bedroom set and gives my room a really nice vintage/mid-century vibe. It goes great with my vinyl collection and turntable!", "is_submitter": false, "distinguished": null, "created_utc": 1568657936.0, "parent_id": "t3_d4pmns", "replies": []}, {"author": "freshndizzle", "id": "f0jrj7c", "score": 1, "subreddit": "BuyItForLife", "author_flair": null, "submission": "d4pmns", "stickied": false, "body": "Amazing!", "is_submitter": false, "distinguished": null, "created_utc": 1568661339.0, "parent_id": "t3_d4pmns", "replies": []}, {"author": "mgc213717", "id": "f0jsg69", "score": 1, "subreddit": "BuyItForLife", "author_flair": null, "submission": "d4pmns", "stickied": false, "body": "Wow, actual authentic MCM that everyone is trying to copy cheaply these days", "is_submitter": false, "distinguished": null, "created_utc": 1568661961.0, "parent_id": "t3_d4pmns", "replies": []}, {"author": "ShotgunRagtimeBand", "id": "f0ju3bl", "score": 1, "subreddit": "BuyItForLife", "author_flair": null, "submission": "d4pmns", "stickied": false, "body": "Philadelphia? Northeast? Is that you?", "is_submitter": false, "distinguished": null, "created_utc": 1568663065.0, "parent_id": "t3_d4pmns", "replies": []}, {"author": "BitGroiner", "id": "f0jz637", "score": 1, "subreddit": "BuyItForLife", "author_flair": null, "submission": "d4pmns", "stickied": false, "body": "Smoking smooth rub it hard make it shiny", "is_submitter": false, "distinguished": null, "created_utc": 1568666440.0, "parent_id": "t3_d4pmns", "replies": []}, {"author": "floyd1550", "id": "f0kmmkt", "score": 1, "subreddit": "BuyItForLife", "author_flair": null, "submission": "d4pmns", "stickied": false, "body": "Found this same set for sale locally because of this post. I may try and pick it up. $350 for the set doesn\u2019t sound too bad.", "is_submitter": false, "distinguished": null, "created_utc": 1568682789.0, "parent_id": "t3_d4pmns", "replies": []}]}