{"title": "Any suggestions for undershirts?", "name": "t3_twxr8y", "url": "https://www.reddit.com/r/BuyItForLife/comments/twxr8y/any_suggestions_for_undershirts/", "selftext": "I understand I can\u2019t get tshirts \u201cfor life\u201d, but ones that don\u2019t shrink into a belly shirt after 6 washes would be nice.\n\nI\u2019m not buying the cheapest garbage. I think my current shirts are BVD (I know not the best either). I\u2019m pretty average size guy 5\u201910\u201d (178cm) and 180lbs (12.85stones), so I\u2019m not after some long shirt tails. I wash and dry all my clothes on low temp.\n\nWhy have I never found shirts that don\u2019t shrink up to crop tops!?!?", "score": 3, "upvote_ratio": 0.67, "permalink": "/r/BuyItForLife/comments/twxr8y/any_suggestions_for_undershirts/", "id": "twxr8y", "author": "derek139", "link_flair_text": "[Request]", "num_comments": 11, "over_18": false, "spoiler": false, "pinned": false, "locked": false, "distinguished": null, "created_utc": 1649173030.0, "comments": [{"author": "Bill__Q", "id": "i3i5n05", "score": 7, "subreddit": "BuyItForLife", "author_flair": null, "submission": "twxr8y", "stickied": false, "body": "Take a look at the Uniqlo Airism line. They have undershirts in a couple different styles and thicknesses. They're synthetic, breathe well, and last a long time.", "is_submitter": false, "distinguished": null, "created_utc": 1649173998.0, "parent_id": "t3_twxr8y", "replies": []}, {"author": "Kegtap", "id": "i3i55ng", "score": 3, "subreddit": "BuyItForLife", "author_flair": null, "submission": "twxr8y", "stickied": false, "body": "I just bought Kirkland (Costco) ones and have been quite happy with them. Also I would highlight that as a kid I wore sleeveless undershirts. They are literally pointless, undershirts are for protecting your nicer shirts from sweat stains, so make sure to cover up your pits!\n\nIf you're not worried about sweat, just show some skin, and forget the under shirt.", "is_submitter": false, "distinguished": null, "created_utc": 1649173809.0, "parent_id": "t3_twxr8y", "replies": [{"author": "redneck_hippie", "id": "i3i5qjp", "score": 2, "subreddit": "BuyItForLife", "author_flair": null, "submission": "twxr8y", "stickied": false, "body": "Kirkland brand undershirts shrink in width rather than length in my experience, but last forever.", "is_submitter": false, "distinguished": null, "created_utc": 1649174037.0, "parent_id": "t1_i3i55ng", "replies": []}, {"author": "davidw", "id": "i3jytpl", "score": 1, "subreddit": "BuyItForLife", "author_flair": null, "submission": "twxr8y", "stickied": false, "body": "I have some of these. They're pretty good for the price. I get the black ones so I can either wear under most things, or just wear them as a t-shirt when it's hot out.", "is_submitter": false, "distinguished": null, "created_utc": 1649199753.0, "parent_id": "t1_i3i55ng", "replies": []}]}, {"author": "BitofaGreyArea", "id": "i3i6af0", "score": 3, "subreddit": "BuyItForLife", "author_flair": null, "submission": "twxr8y", "stickied": false, "body": "Mr. Davis. The end, full stop, buy them and never look back. I spent years on an undershirt quest, and the day I bought my first one, I threw away every other undershirt I've ever bought.", "is_submitter": false, "distinguished": null, "created_utc": 1649174254.0, "parent_id": "t3_twxr8y", "replies": [{"author": "SaoDavi", "id": "i3kl24p", "score": 2, "subreddit": "BuyItForLife", "author_flair": null, "submission": "twxr8y", "stickied": false, "body": "Another Mr. Davis fan here.  Tried a few pricey brands and this one was the best.\n\nYou can get more mileage out of your underwear/shirts if you buy a lot of them and have a larger rotation which translates into fewer wears per year.", "is_submitter": false, "distinguished": null, "created_utc": 1649209615.0, "parent_id": "t1_i3i6af0", "replies": [{"author": "BitofaGreyArea", "id": "i3kx05t", "score": 3, "subreddit": "BuyItForLife", "author_flair": null, "submission": "twxr8y", "stickied": false, "body": "Yeah I own like 25 of their undershirts at this point, and I don't think I've ever had to retire one or throw one away over the last 5 or however many years.", "is_submitter": false, "distinguished": null, "created_utc": 1649215211.0, "parent_id": "t1_i3kl24p", "replies": [{"author": "SaoDavi", "id": "i3kypl0", "score": 1, "subreddit": "BuyItForLife", "author_flair": null, "submission": "twxr8y", "stickied": false, "body": "I only have 14 so they get worn twice per month.  Yours a only getting worn once a month (12 times a year).  They'll last you forever. \n\nI like that they also have a \"nude\" color for folks with darker skin or who just don't like stark white shirts.\n\nAnd that raglan sleeve is a nice touch.", "is_submitter": false, "distinguished": null, "created_utc": 1649216085.0, "parent_id": "t1_i3kx05t", "replies": []}]}]}]}, {"author": "InternationalRide765", "id": "i3kfziw", "score": 2, "subreddit": "BuyItForLife", "author_flair": null, "submission": "twxr8y", "stickied": false, "body": "I am a loyalist to the Pair of Thieves brand that I\u2019ve bought at Target over the years. They are cotton, incredibly soft, the fit flatters, and they hold up many washes and look even better knocked around some. They are a T-shirt with great shape and they don\u2019t shrink in width or length. They don\u2019t ride up even if one has an ample midsection. I pay twenty something for the three pack.", "is_submitter": false, "distinguished": null, "created_utc": 1649207392.0, "parent_id": "t3_twxr8y", "replies": []}, {"author": "Senor_Spamdump", "id": "i3jlisy", "score": 1, "subreddit": "BuyItForLife", "author_flair": null, "submission": "twxr8y", "stickied": false, "body": "Hanes Beefy-T in white. Worn every work day, 15 & will last about 5 years in rotation before the armpit sweat stains necessitate replacement.\n\nDon't pay retail, order them in bulk from one of those promo supplier companies.\n\nAlso available in Long sizes if you're really tall, but wouldn't recommend.", "is_submitter": false, "distinguished": null, "created_utc": 1649194107.0, "parent_id": "t3_twxr8y", "replies": []}, {"author": "Nining_Leven", "id": "i3mi81b", "score": 1, "subreddit": "BuyItForLife", "author_flair": null, "submission": "twxr8y", "stickied": false, "body": "I've had good luck with Sloane, which specializes in undershirts.  They're good when you want a truly no-show undershirt because of their skin tone options and form-fitting, \"flat\" seam construction.\n\nBut, as with any article of clothing, it's far, FAR better to **NOT** machine dry them, even on low temps.", "is_submitter": false, "distinguished": null, "created_utc": 1649252662.0, "parent_id": "t3_twxr8y", "replies": []}]}