{"title": "My parents' thermos from the 70s. Made by Dr. Zimmermann West Germany", "name": "t3_t0btfo", "url": "https://i.redd.it/v6so9w3ofsj81.jpg", "selftext": "", "score": 124, "upvote_ratio": 0.94, "permalink": "/r/BuyItForLife/comments/t0btfo/my_parents_thermos_from_the_70s_made_by_dr/", "id": "t0btfo", "author": "dinosaur_elephant", "link_flair_text": "Vintage", "num_comments": 5, "over_18": false, "spoiler": false, "pinned": false, "locked": false, "distinguished": null, "created_utc": 1645711522.0, "comments": [{"author": "DELETED", "id": "hy8so8u", "score": 3, "subreddit": "BuyItForLife", "author_flair": null, "submission": "t0btfo", "stickied": false, "body": "r/startrekvoyager", "is_submitter": false, "distinguished": null, "created_utc": 1645712836.0, "parent_id": "t3_t0btfo", "replies": []}, {"author": "DoctorBonkus", "id": "hy97xtg", "score": 1, "subreddit": "BuyItForLife", "author_flair": null, "submission": "t0btfo", "stickied": false, "body": "Is that a cork lid? Isn\u2019t that annoying and not secure?", "is_submitter": false, "distinguished": null, "created_utc": 1645718870.0, "parent_id": "t3_t0btfo", "replies": [{"author": "diab0lus", "id": "hy9pxqn", "score": 3, "subreddit": "BuyItForLife", "author_flair": null, "submission": "t0btfo", "stickied": false, "body": "It looks like coffee stained whitish threaded plastic.", "is_submitter": false, "distinguished": null, "created_utc": 1645725601.0, "parent_id": "t1_hy97xtg", "replies": []}, {"author": "dinosaur_elephant", "id": "hy9ocf7", "score": 1, "subreddit": "BuyItForLife", "author_flair": null, "submission": "t0btfo", "stickied": false, "body": "I don't know the exact material, it doesn't feel like cork at least. I can't say anything about spill resistance since it's at the same position most of the time, but it keeps the coffee hot all day long", "is_submitter": true, "distinguished": null, "created_utc": 1645725010.0, "parent_id": "t1_hy97xtg", "replies": []}]}, {"author": "PawneeRanger33", "id": "hybgn3b", "score": 1, "subreddit": "BuyItForLife", "author_flair": null, "submission": "t0btfo", "stickied": false, "body": "Dr. Zimmermann West Germany was actually my stage name, back in the old country.", "is_submitter": false, "distinguished": null, "created_utc": 1645749867.0, "parent_id": "t3_t0btfo", "replies": []}]}