{"title": "What is a good mesh chair for work/gaming?", "name": "t3_swv2iw", "url": "https://www.reddit.com/r/BuyItForLife/comments/swv2iw/what_is_a_good_mesh_chair_for_workgaming/", "selftext": "I want a chair that wouldn't need any repair and wouldn't cost like a thousand euros (I still can't tell the difference between a 200 euro chair and a 1000 euro chair ).\n\nI don't want chairs with armrests like [this](https://m.media-amazon.com/images/I/71SvuA4YsoL._AC_SY741_.jpg) and [this](https://www.chairoffice.co.uk/media/9313/ergonomic-full-mesh-1.jpg) because by my experience they always break (I have more experience of breaking with the first link but the second link ones don't seem that much sturdier).\n\nWould like an armrest like [this](https://image.made-in-china.com/2f0j00ZUcYwPIJAfpn/Newest-Manager-Director-Chair-Back-Swivel-Office-Mesh-Chair-Rotary-Office-Chairs.jpg) (just because It looks way more sturdy ) basically just a metal piece that has more than 1 connections point.\n\nI want a mesh chair that has a [good armrest](https://image.made-in-china.com/2f0j00ZUcYwPIJAfpn/Newest-Manager-Director-Chair-Back-Swivel-Office-Mesh-Chair-Rotary-Office-Chairs.jpg) and doesn't cost more than 500 euro, preferably with a headrest.", "score": 20, "upvote_ratio": 0.88, "permalink": "/r/BuyItForLife/comments/swv2iw/what_is_a_good_mesh_chair_for_workgaming/", "id": "swv2iw", "author": "DISTROJAR-69", "link_flair_text": "[Request] Answered!", "num_comments": 19, "over_18": false, "spoiler": false, "pinned": false, "locked": false, "distinguished": null, "created_utc": 1645339749.0, "comments": [{"author": "duk242", "id": "hxodof4", "score": 25, "subreddit": "BuyItForLife", "author_flair": null, "submission": "swv2iw", "stickied": false, "body": "Sometimes you gotta suck it up and buy a Herman Miller Aeron.  It's mesh and will last a small eternity. \n\nAfter destroying a $200AUD chair every year, I got an Aeron and it's now 5 years old and still looks brand new.\n\nTry to find one second hand if you're short on cash, sometimes companies sell heaps of them at a time for less than half price.", "is_submitter": false, "distinguished": null, "created_utc": 1645340065.0, "parent_id": "t3_swv2iw", "replies": [{"author": "PenFifteen1", "id": "hxpaea7", "score": 3, "subreddit": "BuyItForLife", "author_flair": null, "submission": "swv2iw", "stickied": false, "body": "This is the answer. I got a used floor model for $425 and it's the best money I've spent. Arms are very solid.", "is_submitter": false, "distinguished": null, "created_utc": 1645364665.0, "parent_id": "t1_hxodof4", "replies": [{"author": "DISTROJAR-69", "id": "hxpkxz7", "score": 2, "subreddit": "BuyItForLife", "author_flair": null, "submission": "swv2iw", "stickied": false, "body": "Where are you looking for those discount I can barely find used ones for less than $700", "is_submitter": true, "distinguished": null, "created_utc": 1645369928.0, "parent_id": "t1_hxpaea7", "replies": [{"author": "S0ULSAVI0R", "id": "hxpttxk", "score": 1, "subreddit": "BuyItForLife", "author_flair": null, "submission": "swv2iw", "stickied": false, "body": "I found a warehouse that specialized in used furniture. Got mine for like 400. I saw it on Facebook.", "is_submitter": false, "distinguished": null, "created_utc": 1645373669.0, "parent_id": "t1_hxpkxz7", "replies": []}, {"author": "PenFifteen1", "id": "hxq6mpm", "score": 1, "subreddit": "BuyItForLife", "author_flair": null, "submission": "swv2iw", "stickied": false, "body": "I wish I could give you a good lead. I got lucky with a commercial office supply company branch that was closing. I know people have found them at auction.", "is_submitter": false, "distinguished": null, "created_utc": 1645378851.0, "parent_id": "t1_hxpkxz7", "replies": []}]}]}, {"author": "DISTROJAR-69", "id": "hxoen9z", "score": 2, "subreddit": "BuyItForLife", "author_flair": null, "submission": "swv2iw", "stickied": false, "body": ">Herman Miller Aeron.\n\nyour talking about [this](https://store.hermanmiller.com/office-chairs-aeron/aeron-chair/2195348.html?lang=en_US) chair and if yes I don't know those arm supports don't look that sturdy (I like to lean on my armrest so 1 connection point ones don't really last and it's hard to find replacement parts where I live)", "is_submitter": true, "distinguished": null, "created_utc": 1645340783.0, "parent_id": "t1_hxodof4", "replies": [{"author": "DELETED", "id": "hxp709e", "score": 9, "subreddit": "BuyItForLife", "author_flair": null, "submission": "swv2iw", "stickied": false, "body": "I sat next to a 250lb man who sat with all his body weight on the arm every day of the week without issue. \n\nThe Aeron is a tank, just buy one and you\u2019ll never need to get another chair ever again.", "is_submitter": false, "distinguished": null, "created_utc": 1645362680.0, "parent_id": "t1_hxoen9z", "replies": []}, {"author": "duk242", "id": "hxog6r0", "score": 8, "subreddit": "BuyItForLife", "author_flair": null, "submission": "swv2iw", "stickied": false, "body": "Yep, that's the one.\n\nI lean on my armrests all the time. They're solid AF (and I'm a solid 100kg).  There's a reason this chair is expensive, it's because it's freakin good.  I decided it wasn't worth throwing out a chair every year or so and went for the Aeron, and now I'll never go back!", "is_submitter": false, "distinguished": null, "created_utc": 1645341936.0, "parent_id": "t1_hxoen9z", "replies": [{"author": "DISTROJAR-69", "id": "hxogvpc", "score": 1, "subreddit": "BuyItForLife", "author_flair": null, "submission": "swv2iw", "stickied": false, "body": "Which arms do you have?\n\nHeight-Adjustable Arms, Fully Adjustable Arms, or the Stationary Arms.", "is_submitter": true, "distinguished": null, "created_utc": 1645342463.0, "parent_id": "t1_hxog6r0", "replies": [{"author": "duk242", "id": "hxoig33", "score": 3, "subreddit": "BuyItForLife", "author_flair": null, "submission": "swv2iw", "stickied": false, "body": "Fully adjustable :) They're all solid, not like the cheap chairs.", "is_submitter": false, "distinguished": null, "created_utc": 1645343674.0, "parent_id": "t1_hxogvpc", "replies": []}]}]}, {"author": "DELETED", "id": "hxofudx", "score": 1, "subreddit": "BuyItForLife", "author_flair": null, "submission": "swv2iw", "stickied": false, "body": "I don't know that I've seen a busted arm on an Aeron, but I don't use them on mine. They have three types, you probably don't want the fixed. I'd think for your budget, you could easily get a used one. Do note Aerons come in 3 sizes.", "is_submitter": false, "distinguished": null, "created_utc": 1645341673.0, "parent_id": "t1_hxoen9z", "replies": []}]}]}, {"author": "RunnyPlease", "id": "hxojgw6", "score": 2, "subreddit": "BuyItForLife", "author_flair": null, "submission": "swv2iw", "stickied": false, "body": "I bought a Herman Millar Mirra 2 back in 2020 and it has been bulletproof ever since. I got it through Amazon for under $550 US. That\u2019s within your price range.", "is_submitter": false, "distinguished": null, "created_utc": 1645344468.0, "parent_id": "t3_swv2iw", "replies": []}, {"author": "__-__-_-_", "id": "hxpsm5q", "score": 2, "subreddit": "BuyItForLife", "author_flair": null, "submission": "swv2iw", "stickied": false, "body": "I really think you should reconsider your position on armrests. It's really important to be able to change how high above the seat pan the armrests are, since most people are most comfortable with their arm rests level with their desk, and you don't want to be forced into a sub-optimal seat high to achieve that. Good quality adjustable armrests last a really long time. Don't let your bad experiences with cheap chairs put you off good adjustable armrests.\n\nNow to actually answer your question, the Herman Miller Aeron really is the king of office chairs. Great comfort and durability. Do keep in mind that like most ergonomic office chairs, the Aeron is designed to keep you from getting sore while you're sitting in an upright, focused position for long periods of time, so it might not seem as comfortable as a gaming chair when you first sit in it, but within minutes sitting in it will feel natural. Before everybody started snapping them all up to use in their home offices, they were readily available in the used market for cheap. Stock has recovered a bit, but it still might take a bit of patience to score one.\n\nAnother tip about the Aeron, most people that complain about it either bought the wrong size, or didn't set it up properly. The chair comes in 3 sizes, and you really gotta pick the right one for your height / build. When you finally do score one, look up an adjustment guide and get everything in the right place for your body before you start using it.", "is_submitter": false, "distinguished": null, "created_utc": 1645373172.0, "parent_id": "t3_swv2iw", "replies": []}, {"author": "teaandbreadandjam", "id": "hxpwk3x", "score": 2, "subreddit": "BuyItForLife", "author_flair": null, "submission": "swv2iw", "stickied": false, "body": "My husband got the Herman Miller A\u00e9ron chair in 2015 after working from home for 10 years. He is a tall, big guy and this chair still looks awesome after daily use. He uses the armrests. We  had to get a pad for underneath the chair because it was destroying our hardwood floors, but that\u2019s not a quality issue with the chair.", "is_submitter": false, "distinguished": null, "created_utc": 1645374783.0, "parent_id": "t3_swv2iw", "replies": []}, {"author": "StormSworder69", "id": "hxp9lgy", "score": 1, "subreddit": "BuyItForLife", "author_flair": null, "submission": "swv2iw", "stickied": false, "body": "You could also check out the Serta ( like the mattress brand)Jennings model.It\u2019s a big and tall model but they\u2019re very comfortable and very durable. However if you got a A budget you gotta stick to , The brand Lorell Offers a lot of different models that are all rather comfortable at mostly affordable price points. But Herman Miller is high class and good stuff as well.", "is_submitter": false, "distinguished": null, "created_utc": 1645364218.0, "parent_id": "t3_swv2iw", "replies": []}, {"author": "AutoModerator", "id": "hxod953", "score": 1, "subreddit": "BuyItForLife", "author_flair": null, "submission": "swv2iw", "stickied": false, "body": "Hello /u/DISTROJAR-69! Thank you for your submission! The AutoMod thought that your post might be a request type post and has changed the flair accordingly, but if this was wrong feel free to change it back!\n\n*I am a bot, and this action was performed automatically. Please [contact the moderators of this subreddit](/message/compose/?to=/r/BuyItForLife) if you have any questions or concerns.*", "is_submitter": false, "distinguished": "moderator", "created_utc": 1645339750.0, "parent_id": "t3_swv2iw", "replies": []}, {"author": "dunazov", "id": "hxosh64", "score": 1, "subreddit": "BuyItForLife", "author_flair": null, "submission": "swv2iw", "stickied": false, "body": "Check out the ikea markus, it's really solid and you get 10 years warranty on it.", "is_submitter": false, "distinguished": null, "created_utc": 1645351649.0, "parent_id": "t3_swv2iw", "replies": [{"author": "uniqueusername1150", "id": "hxsom2r", "score": 1, "subreddit": "BuyItForLife", "author_flair": null, "submission": "swv2iw", "stickied": false, "body": "I second this: I\u2019ve been using it for about 6 years, and it\u2019s comfortable and durable. The only issue I\u2019ve found is the faux leather in the headrest is peeling a little.", "is_submitter": false, "distinguished": null, "created_utc": 1645419336.0, "parent_id": "t1_hxosh64", "replies": []}]}, {"author": "FattySeals", "id": "hy6q9e7", "score": 1, "subreddit": "BuyItForLife", "author_flair": null, "submission": "swv2iw", "stickied": false, "body": "[https://www.amazon.com/SIDIZ-Performance-Ergonomic-Swivel-TN800HLDA/dp/B07NVBQP7V?ref\\_=ast\\_sto\\_dp&th=1](https://www.amazon.com/SIDIZ-Performance-Ergonomic-Swivel-TN800HLDA/dp/B07NVBQP7V?ref_=ast_sto_dp&th=1)\n\nPerfect price point, excellently engineered. Arm rests are a little hard so i got memory foam covers.", "is_submitter": false, "distinguished": null, "created_utc": 1645670026.0, "parent_id": "t3_swv2iw", "replies": []}]}