{"title": "27 year old Porsche Design spring activated titanium keyring", "name": "t3_71ddim", "url": "https://i.redd.it/ahp0v2ju63nz.jpg", "selftext": "", "score": 3114, "upvote_ratio": 0.92, "permalink": "/r/BuyItForLife/comments/71ddim/27_year_old_porsche_design_spring_activated/", "id": "71ddim", "author": "DocMacGuffin", "link_flair_text": null, "num_comments": 78, "over_18": false, "spoiler": false, "pinned": false, "locked": false, "distinguished": null, "created_utc": 1505934473.0, "comments": [{"author": "kenvsryu", "id": "dna22z0", "score": 105, "subreddit": "BuyItForLife", "author_flair": null, "submission": "71ddim", "stickied": false, "body": "I bet the other 2 rings are 50 yrs old. ", "is_submitter": false, "distinguished": null, "created_utc": 1505941372.0, "parent_id": "t3_71ddim", "replies": [{"author": "Mr_frumpish", "id": "dna5jyk", "score": 24, "subreddit": "BuyItForLife", "author_flair": null, "submission": "71ddim", "stickied": false, "body": "There are probably varying qualities of keyring. I have had many fail on me. I certainly wouldn't call a modern keyring BIFL. A couple years of life at most. Maybe if a person shopped around and knew what they were looking for. I just buy them from a hardware store. It wouldn't at all surprise me if a fifty year old keyring had higher quality metal than one you could buy in a bin at a hardware store today.", "is_submitter": false, "distinguished": null, "created_utc": 1505945261.0, "parent_id": "t1_dna22z0", "replies": [{"author": "thatguyonthecouch", "id": "dnbe7p4", "score": 6, "subreddit": "BuyItForLife", "author_flair": null, "submission": "71ddim", "stickied": false, "body": "I bought a[ few of these](https://www.handgrey.com/products/handgrey-knox-titanium-key-ring), hoping they'll last forever. They feel awesome.", "is_submitter": false, "distinguished": null, "created_utc": 1506013714.0, "parent_id": "t1_dna5jyk", "replies": [{"author": "cumboxing", "id": "dnbgmxx", "score": 2, "subreddit": "BuyItForLife", "author_flair": null, "submission": "71ddim", "stickied": false, "body": "I can't figure out how they work from the pictures ", "is_submitter": false, "distinguished": null, "created_utc": 1506016241.0, "parent_id": "t1_dnbe7p4", "replies": [{"author": "thatguyonthecouch", "id": "dnbkjtg", "score": 7, "subreddit": "BuyItForLife", "author_flair": null, "submission": "71ddim", "stickied": false, "body": "They are composed of a flat piece of Ti that is rolled into a kind of double ring, to open them [you push the outer ring to the side](https://imgur.com/a/adUBk).", "is_submitter": false, "distinguished": null, "created_utc": 1506020393.0, "parent_id": "t1_dnbgmxx", "replies": [{"author": "imguralbumbot", "id": "dnbkjxw", "score": 3, "subreddit": "BuyItForLife", "author_flair": null, "submission": "71ddim", "stickied": false, "body": "^(Hi, I'm a bot for linking direct images of albums with only 1 image)\n\nhttps://i.imgur.com/gaxa8OA.jpg\n\n^^[Source](https://github.com/AUTplayed/imguralbumbot) ^^| ^^[Why?](https://github.com/AUTplayed/imguralbumbot/blob/master/README.md) ^^| ^^[Creator](https://np.reddit.com/user/AUTplayed/) ^^| ^^[ignoreme](https://np.reddit.com/message/compose/?to=imguralbumbot&subject=ignoreme&message=ignoreme) ^^| ^^[deletthis](https://np.reddit.com/message/compose/?to=imguralbumbot&subject=delet%20this&message=delet%20this%20dnbkjxw) ", "is_submitter": false, "distinguished": null, "created_utc": 1506020397.0, "parent_id": "t1_dnbkjtg", "replies": []}]}]}]}, {"author": "getefix", "id": "dnb4rmt", "score": 9, "subreddit": "BuyItForLife", "author_flair": null, "submission": "71ddim", "stickied": false, "body": "Sure, there's cheap crappy ones that unravel easier than a paperclip, but I've never had a strong keyring fail on me. Are you using yours as a shackle to hoist building materials?", "is_submitter": false, "distinguished": null, "created_utc": 1506003783.0, "parent_id": "t1_dna5jyk", "replies": []}]}]}, {"author": "typekwondo", "id": "dn9yvqt", "score": 256, "subreddit": "BuyItForLife", "author_flair": null, "submission": "71ddim", "stickied": false, "body": "I had one of these! Really liked that pinch to open feature but alas, the hooks eventually bent and the hook can detach from the cylinder.\n\nIf they reissued this in titanium i'd buy extras.", "is_submitter": false, "distinguished": null, "created_utc": 1505938067.0, "parent_id": "t3_71ddim", "replies": [{"author": "DocMacGuffin", "id": "dna044x", "score": 137, "subreddit": "BuyItForLife", "author_flair": null, "submission": "71ddim", "stickied": false, "body": "Nice!  It's a shame yours didn't last.  Mine's been through hell and high water over the past 27 years - it even fell down an elevator shaft from 20 floors up.  I think that's when the hooks became misaligned but thankfully, it's still going strong.  ", "is_submitter": true, "distinguished": null, "created_utc": 1505939336.0, "parent_id": "t1_dn9yvqt", "replies": [{"author": "Bagel_Bear", "id": "dna493y", "score": 60, "subreddit": "BuyItForLife", "author_flair": null, "submission": "71ddim", "stickied": false, "body": "How did you end up getting it back after the fall?", "is_submitter": false, "distinguished": null, "created_utc": 1505943792.0, "parent_id": "t1_dna044x", "replies": [{"author": "DocMacGuffin", "id": "dna4v30", "score": 117, "subreddit": "BuyItForLife", "author_flair": null, "submission": "71ddim", "stickied": false, "body": "I spoke to the building's management office.  Because of liability issues, they had to call an elevator service technician to retrieve it for me.  ", "is_submitter": true, "distinguished": null, "created_utc": 1505944480.0, "parent_id": "t1_dna493y", "replies": [{"author": "chowl", "id": "dna5eks", "score": 79, "subreddit": "BuyItForLife", "author_flair": null, "submission": "71ddim", "stickied": false, "body": "Heh youre a nut. But dedicated!", "is_submitter": false, "distinguished": null, "created_utc": 1505945083.0, "parent_id": "t1_dna4v30", "replies": [{"author": "Mk6mec", "id": "dna6gj7", "score": 234, "subreddit": "BuyItForLife", "author_flair": null, "submission": "71ddim", "stickied": false, "body": "I mean, his keys were probably on the ring ", "is_submitter": false, "distinguished": null, "created_utc": 1505946340.0, "parent_id": "t1_dna5eks", "replies": [{"author": "chowl", "id": "dna6yo1", "score": 225, "subreddit": "BuyItForLife", "author_flair": null, "submission": "71ddim", "stickied": false, "body": "I am not a clever man. ", "is_submitter": false, "distinguished": null, "created_utc": 1505946950.0, "parent_id": "t1_dna6gj7", "replies": [{"author": "VengefulCaptain", "id": "dnae1ry", "score": 35, "subreddit": "BuyItForLife", "author_flair": null, "submission": "71ddim", "stickied": false, "body": "We all have off days.", "is_submitter": false, "distinguished": null, "created_utc": 1505955831.0, "parent_id": "t1_dna6yo1", "replies": [{"author": "quantum-mechanic", "id": "dnb0lrx", "score": 10, "subreddit": "BuyItForLife", "author_flair": null, "submission": "71ddim", "stickied": false, "body": "Due to recent issues with management, I'm off 7 days a week now", "is_submitter": false, "distinguished": null, "created_utc": 1505998501.0, "parent_id": "t1_dnae1ry", "replies": []}]}, {"author": "TwatsThat", "id": "dnaf22w", "score": 26, "subreddit": "BuyItForLife", "author_flair": null, "submission": "71ddim", "stickied": false, "body": "Can't get [the comic](https://i.imgur.com/a4CVG_d.jpg?maxwidth=640&shape=thumb&fidelity=medium) out of my head when I read that line. ", "is_submitter": false, "distinguished": null, "created_utc": 1505957052.0, "parent_id": "t1_dna6yo1", "replies": [{"author": "Mattzorry", "id": "dnafrz8", "score": 6, "subreddit": "BuyItForLife", "author_flair": null, "submission": "71ddim", "stickied": false, "body": "needs more jpeg", "is_submitter": false, "distinguished": null, "created_utc": 1505957920.0, "parent_id": "t1_dnaf22w", "replies": [{"author": "morejpeg_auto", "id": "dnafs4v", "score": 16, "subreddit": "BuyItForLife", "author_flair": null, "submission": "71ddim", "stickied": false, "body": ">needs more jpeg\n\n[There you go!](https://i.imgur.com/Nvbzh2Q.jpg)\n\n^^^I ^^^am ^^^a ^^^bot", "is_submitter": false, "distinguished": null, "created_utc": 1505957926.0, "parent_id": "t1_dnafrz8", "replies": []}]}]}]}]}]}, {"author": "JWGhetto", "id": "dnb75om", "score": 4, "subreddit": "BuyItForLife", "author_flair": null, "submission": "71ddim", "stickied": false, "body": "yeah I'd rather not fuck with elevators in any way if at all possible, calling the tech was the correct move.", "is_submitter": false, "distinguished": null, "created_utc": 1506006384.0, "parent_id": "t1_dna4v30", "replies": []}]}]}, {"author": "-apricotmango", "id": "dnailpo", "score": 10, "subreddit": "BuyItForLife", "author_flair": null, "submission": "71ddim", "stickied": false, "body": "This is the biggest fear I have in life. \nI always hold things tighter when i step on or off an elevator. ", "is_submitter": false, "distinguished": null, "created_utc": 1505961405.0, "parent_id": "t1_dna044x", "replies": [{"author": "DELETED", "id": "dnamlzg", "score": 8, "subreddit": "BuyItForLife", "author_flair": null, "submission": "71ddim", "stickied": false, "body": "[deleted]", "is_submitter": false, "distinguished": null, "created_utc": 1505967167.0, "parent_id": "t1_dnailpo", "replies": [{"author": "ratsoman2", "id": "dnaovx2", "score": 2, "subreddit": "BuyItForLife", "author_flair": null, "submission": "71ddim", "stickied": false, "body": "why don't you put a perpindicular slotted grate over the storm drain? or like a float which is slightly larger then the storm drain on your keys?", "is_submitter": false, "distinguished": null, "created_utc": 1505971158.0, "parent_id": "t1_dnamlzg", "replies": []}]}, {"author": "DocMacGuffin", "id": "dnaiww1", "score": 4, "subreddit": "BuyItForLife", "author_flair": null, "submission": "71ddim", "stickied": false, "body": "Yep, I learned my lesson after that.  Now, the keys stay in my pocket until I absolutely need them.  \ud83d\ude09", "is_submitter": true, "distinguished": null, "created_utc": 1505961808.0, "parent_id": "t1_dnailpo", "replies": []}, {"author": "DELETED", "id": "dnbxjok", "score": 2, "subreddit": "BuyItForLife", "author_flair": null, "submission": "71ddim", "stickied": false, "body": "[deleted]", "is_submitter": false, "distinguished": null, "created_utc": 1506035212.0, "parent_id": "t1_dnailpo", "replies": [{"author": "-apricotmango", "id": "dndgo96", "score": 1, "subreddit": "BuyItForLife", "author_flair": null, "submission": "71ddim", "stickied": false, "body": "I am also nervous when getting on escalators. \nHow I manage to live in a city? \nWho knows. ", "is_submitter": false, "distinguished": null, "created_utc": 1506115687.0, "parent_id": "t1_dnbxjok", "replies": []}]}]}, {"author": "typekwondo", "id": "dnaio5j", "score": 9, "subreddit": "BuyItForLife", "author_flair": null, "submission": "71ddim", "stickied": false, "body": "Actually mine lasted about 20yrs or so before i retired it due to the bent hooks -- then it got lost somewhere. The original wasn't titanium tho.\n\nI use a keysmart nowadays.\n\nI do recall they sold a larger version of this to be used as a money clip. \n\nstill, a classic as far as i'm concerned. ", "is_submitter": false, "distinguished": null, "created_utc": 1505961494.0, "parent_id": "t1_dna044x", "replies": [{"author": "DocMacGuffin", "id": "dnaiyxu", "score": 4, "subreddit": "BuyItForLife", "author_flair": null, "submission": "71ddim", "stickied": false, "body": "Oh right!  I totally remember that money clip.  Such a great design, and a real shame that it\u2019s been discontinued.  ", "is_submitter": true, "distinguished": null, "created_utc": 1505961882.0, "parent_id": "t1_dnaio5j", "replies": []}]}, {"author": "DELETED", "id": "dnaumzv", "score": -13, "subreddit": "BuyItForLife", "author_flair": null, "submission": "71ddim", "stickied": false, "body": "[removed]", "is_submitter": false, "distinguished": null, "created_utc": 1505985385.0, "parent_id": "t1_dna044x", "replies": [{"author": "csw266", "id": "dnb37rv", "score": 1, "subreddit": "BuyItForLife", "author_flair": null, "submission": "71ddim", "stickied": false, "body": "Lol. Super obvious. You must be new at that.", "is_submitter": false, "distinguished": null, "created_utc": 1506001971.0, "parent_id": "t1_dnaumzv", "replies": []}]}]}]}, {"author": "JohannesVanDerWhales", "id": "dnadwgf", "score": 62, "subreddit": "BuyItForLife", "author_flair": null, "submission": "71ddim", "stickied": false, "body": "Do most keyrings not last a lifetime?", "is_submitter": false, "distinguished": null, "created_utc": 1505955648.0, "parent_id": "t3_71ddim", "replies": [{"author": "andlaughlast", "id": "dnagb9u", "score": 13, "subreddit": "BuyItForLife", "author_flair": null, "submission": "71ddim", "stickied": false, "body": "I've had a few wear out after extreme wear but I don't think I've ever had a keyring break completely, just warp. I think the difference is that this has a moving function and would therefore be closer to a carabineer, which unless it's a nice climbing one break rather easily.", "is_submitter": false, "distinguished": null, "created_utc": 1505958588.0, "parent_id": "t1_dnadwgf", "replies": [{"author": "RodneyRodnesson", "id": "dnaz7k4", "score": 7, "subreddit": "BuyItForLife", "author_flair": null, "submission": "71ddim", "stickied": false, "body": "  Could be wrong but the carabiner style keyrings are only made as a keyring.  \n\nPerhaps a genuine carabiner would be more robust? \n\nAny mountaineers clear this up for me/us?  \n\n", "is_submitter": false, "distinguished": null, "created_utc": 1505996267.0, "parent_id": "t1_dnagb9u", "replies": [{"author": "andlaughlast", "id": "dnb0ufi", "score": 8, "subreddit": "BuyItForLife", "author_flair": null, "submission": "71ddim", "stickied": false, "body": "Definitely. Mountaineering carabiners are incredibly durable and are designed to be nearly indestructible.", "is_submitter": false, "distinguished": null, "created_utc": 1505998859.0, "parent_id": "t1_dnaz7k4", "replies": [{"author": "RodneyRodnesson", "id": "dnb3mas", "score": 4, "subreddit": "BuyItForLife", "author_flair": null, "submission": "71ddim", "stickied": false, "body": "Thanks. :)  ", "is_submitter": false, "distinguished": null, "created_utc": 1506002456.0, "parent_id": "t1_dnb0ufi", "replies": [{"author": "DELETED", "id": "dnbg9ex", "score": 4, "subreddit": "BuyItForLife", "author_flair": null, "submission": "71ddim", "stickied": false, "body": "[deleted]", "is_submitter": false, "distinguished": null, "created_utc": 1506015850.0, "parent_id": "t1_dnb3mas", "replies": [{"author": "RodneyRodnesson", "id": "dnbhck7", "score": 3, "subreddit": "BuyItForLife", "author_flair": null, "submission": "71ddim", "stickied": false, "body": "Thanks.  \n\nLove learning stuff like this. ", "is_submitter": false, "distinguished": null, "created_utc": 1506016990.0, "parent_id": "t1_dnbg9ex", "replies": []}]}]}]}, {"author": "Marsymars", "id": "dngkn1b", "score": 3, "subreddit": "BuyItForLife", "author_flair": null, "submission": "71ddim", "stickied": false, "body": "If you actually use climbing-rated biners for climbing, you'll wear them out at some point. How long is very dependent on various factors - if you're rappelling daily in sandy terrain, you'll chew through I-beam carabiners in fairly short order. If you have enough big falls on lighter/less-durable carabiners, they'll warp, even if your falls are within the rating. (The rating isn't indicative of force you can apply to the carabiner an indefinite number of times.) *Industrial* steel carabiners tend to be more durable than climbing/mountaineering carabiners, because they often need to hold more weight than a human body, and they don't need to be designed to be lightweight.\n\nThat being said, I can't really imagine a scenario where hanging keys off a climbing carabiner destroys it. I use an Edelrid Nineteen G carabiner for my keys.", "is_submitter": false, "distinguished": null, "created_utc": 1506293178.0, "parent_id": "t1_dnaz7k4", "replies": []}]}]}]}, {"author": "DocMacGuffin", "id": "dn9vonc", "score": 50, "subreddit": "BuyItForLife", "author_flair": null, "submission": "71ddim", "stickied": false, "body": "This has been my daily keyring for 27 years.  As you can tell, it\u2019s pretty banged up but I really like the patina and wear.   The spring that opens the keyring is still as tight as it was when I bought it.  ", "is_submitter": true, "distinguished": null, "created_utc": 1505934776.0, "parent_id": "t3_71ddim", "replies": [{"author": "p44v9n", "id": "dnb5r58", "score": 2, "subreddit": "BuyItForLife", "author_flair": null, "submission": "71ddim", "stickied": false, "body": "The wear on it is beautiful", "is_submitter": false, "distinguished": null, "created_utc": 1506004881.0, "parent_id": "t1_dn9vonc", "replies": []}]}, {"author": "ewok251", "id": "dna2yy0", "score": 13, "subreddit": "BuyItForLife", "author_flair": null, "submission": "71ddim", "stickied": false, "body": "Any idea where I can get something similar these days?", "is_submitter": false, "distinguished": null, "created_utc": 1505942352.0, "parent_id": "t3_71ddim", "replies": [{"author": "DocMacGuffin", "id": "dna3q9q", "score": 17, "subreddit": "BuyItForLife", "author_flair": null, "submission": "71ddim", "stickied": false, "body": "This particular keyring has gone through a few design changes over the years.  I just checked their website and unfortunately, it looks like they've discontinued them entirely.  I have seen the newer versions pop up on eBay from time to time.  \n\nBANG TI makes titanium keyrings that kinda look like carabiners.  There are quite a few on Amazon, but I can't speak to their quality or durability.  I wish I could be of more help.  Sorry :/", "is_submitter": true, "distinguished": null, "created_utc": 1505943198.0, "parent_id": "t1_dna2yy0", "replies": []}, {"author": "xerxes_montalban", "id": "dnabs8b", "score": 7, "subreddit": "BuyItForLife", "author_flair": null, "submission": "71ddim", "stickied": false, "body": "Blurp", "is_submitter": false, "distinguished": null, "created_utc": 1505953014.0, "parent_id": "t1_dna2yy0", "replies": []}]}, {"author": "JBagBailouts", "id": "dna3yjr", "score": 8, "subreddit": "BuyItForLife", "author_flair": null, "submission": "71ddim", "stickied": false, "body": "can you even purchase these anywhere?  i see none for sale :(\n\nPorsche Design spring activated titanium keyring  :(  please help me buy this for life!", "is_submitter": false, "distinguished": null, "created_utc": 1505943459.0, "parent_id": "t3_71ddim", "replies": [{"author": "DELETED", "id": "dnai57b", "score": 13, "subreddit": "BuyItForLife", "author_flair": null, "submission": "71ddim", "stickied": false, "body": "Rule 3 doesn't matter here. Just post old shit you own and boom karma.\n\nThose Karma farming guys should do that.", "is_submitter": false, "distinguished": null, "created_utc": 1505960808.0, "parent_id": "t1_dna3yjr", "replies": []}, {"author": "Aeowon", "id": "dna5ttu", "score": 8, "subreddit": "BuyItForLife", "author_flair": null, "submission": "71ddim", "stickied": false, "body": "Found something about a newer version on this site. \nhttp://www.staccato.hr/detalji/porsche-design-porsche-design-kompletna-ponuda-78/privjesak-za-kljuceve-40-y/62 ", "is_submitter": false, "distinguished": null, "created_utc": 1505945583.0, "parent_id": "t1_dna3yjr", "replies": [{"author": "DangeRuss", "id": "dna7urj", "score": 11, "subreddit": "BuyItForLife", "author_flair": null, "submission": "71ddim", "stickied": false, "body": "Holy! Maybe BIFL but not BIFmywallet... That's $250 USD", "is_submitter": false, "distinguished": null, "created_utc": 1505948053.0, "parent_id": "t1_dna5ttu", "replies": []}, {"author": "JBagBailouts", "id": "dnab2mz", "score": 3, "subreddit": "BuyItForLife", "author_flair": null, "submission": "71ddim", "stickied": false, "body": "i think that is a croatian website.  i wish someone was selling this in the usa", "is_submitter": false, "distinguished": null, "created_utc": 1505952113.0, "parent_id": "t1_dna5ttu", "replies": []}, {"author": "Speztra", "id": "dna8n27", "score": 5, "subreddit": "BuyItForLife", "author_flair": null, "submission": "71ddim", "stickied": false, "body": "Croatian looks nothing like German. It does look like Polish though.", "is_submitter": false, "distinguished": null, "created_utc": 1505949035.0, "parent_id": "t1_dna5ttu", "replies": [{"author": "Aeowon", "id": "dna9hr4", "score": 2, "subreddit": "BuyItForLife", "author_flair": null, "submission": "71ddim", "stickied": false, "body": "Heh. Woops. ", "is_submitter": false, "distinguished": null, "created_utc": 1505950116.0, "parent_id": "t1_dna8n27", "replies": []}]}]}]}, {"author": "Gangreless", "id": "dn9y7vj", "score": 30, "subreddit": "BuyItForLife", "author_flair": null, "submission": "71ddim", "stickied": false, "body": "I just use a caribiner. Doesn't have Porsche on it, though.", "is_submitter": false, "distinguished": null, "created_utc": 1505937374.0, "parent_id": "t3_71ddim", "replies": [{"author": "Drfloog87", "id": "dna4zql", "score": 28, "subreddit": "BuyItForLife", "author_flair": null, "submission": "71ddim", "stickied": false, "body": "I don't know why you are getting down votes. I have had the same 99 cents caribiner for 7yrs. ", "is_submitter": false, "distinguished": null, "created_utc": 1505944617.0, "parent_id": "t1_dn9y7vj", "replies": []}, {"author": "sandefurian", "id": "dna2mdx", "score": 3, "subreddit": "BuyItForLife", "author_flair": null, "submission": "71ddim", "stickied": false, "body": "Lol cheap and BIFL.  I like it! ", "is_submitter": false, "distinguished": null, "created_utc": 1505941971.0, "parent_id": "t1_dn9y7vj", "replies": []}, {"author": "JBagBailouts", "id": "dna6qbp", "score": -16, "subreddit": "BuyItForLife", "author_flair": null, "submission": "71ddim", "stickied": false, "body": "have a down vote and respect the stugart porsche", "is_submitter": false, "distinguished": null, "created_utc": 1505946669.0, "parent_id": "t1_dn9y7vj", "replies": []}]}, {"author": "arnoldit", "id": "dnauwqd", "score": 2, "subreddit": "BuyItForLife", "author_flair": null, "submission": "71ddim", "stickied": false, "body": "Is it spring activated because it only works from March to June ?", "is_submitter": false, "distinguished": null, "created_utc": 1505986198.0, "parent_id": "t3_71ddim", "replies": []}, {"author": "UserM16", "id": "dnbavu0", "score": 2, "subreddit": "BuyItForLife", "author_flair": null, "submission": "71ddim", "stickied": false, "body": "What does that ASSA open?  ", "is_submitter": false, "distinguished": null, "created_utc": 1506010254.0, "parent_id": "t3_71ddim", "replies": []}, {"author": "soyemilio", "id": "dnalo7j", "score": 4, "subreddit": "BuyItForLife", "author_flair": null, "submission": "71ddim", "stickied": false, "body": "How does it work?", "is_submitter": false, "distinguished": null, "created_utc": 1505965702.0, "parent_id": "t3_71ddim", "replies": [{"author": "Hegemonee", "id": "dnb1ks0", "score": 2, "subreddit": "BuyItForLife", "author_flair": null, "submission": "71ddim", "stickied": false, "body": "Looks like you squeeze the black cylinder together. That forces the key ring to open, like the claw of a lobster . ", "is_submitter": false, "distinguished": null, "created_utc": 1505999886.0, "parent_id": "t1_dnalo7j", "replies": [{"author": "DocMacGuffin", "id": "dnbcgki", "score": 1, "subreddit": "BuyItForLife", "author_flair": null, "submission": "71ddim", "stickied": false, "body": "Spot on", "is_submitter": true, "distinguished": null, "created_utc": 1506011881.0, "parent_id": "t1_dnb1ks0", "replies": []}]}]}, {"author": "mk4_wagon", "id": "dna6rf9", "score": 2, "subreddit": "BuyItForLife", "author_flair": null, "submission": "71ddim", "stickied": false, "body": "Damn keyring is as old as me. I don't own any Porsche design items because I could never justify the price, but maybe I should re-evaluate...", "is_submitter": false, "distinguished": null, "created_utc": 1505946706.0, "parent_id": "t3_71ddim", "replies": [{"author": "boundone", "id": "dna6z1i", "score": 7, "subreddit": "BuyItForLife", "author_flair": null, "submission": "71ddim", "stickied": false, "body": "Get the bong.", "is_submitter": false, "distinguished": null, "created_utc": 1505946962.0, "parent_id": "t1_dna6rf9", "replies": [{"author": "mk4_wagon", "id": "dna8fgi", "score": 5, "subreddit": "BuyItForLife", "author_flair": null, "submission": "71ddim", "stickied": false, "body": "I hate to be that guy, but its a hookah, technically they're different. \n\nI actually always thought of them as kind of the same until I became really good friends with a Chaldean guy who smokes a lot of hookah. He's a car nut like myself and I'm still actively trying to convince him to buy it. ", "is_submitter": false, "distinguished": null, "created_utc": 1505948766.0, "parent_id": "t1_dna6z1i", "replies": [{"author": "boundone", "id": "dna8wgv", "score": 2, "subreddit": "BuyItForLife", "author_flair": null, "submission": "71ddim", "stickied": false, "body": "Yup, well aware it's a hookah, it's just easier to find if you google 'bong', that's what half the article titles called it when it came out.  ", "is_submitter": false, "distinguished": null, "created_utc": 1505949363.0, "parent_id": "t1_dna8fgi", "replies": [{"author": "mk4_wagon", "id": "dnal5q7", "score": 2, "subreddit": "BuyItForLife", "author_flair": null, "submission": "71ddim", "stickied": false, "body": "Ahh ok ok. I haven't looked at it online, I only saw it in the store. ", "is_submitter": false, "distinguished": null, "created_utc": 1505964931.0, "parent_id": "t1_dna8wgv", "replies": []}]}]}]}]}, {"author": "IslandTourTwist", "id": "dnaw3dj", "score": 1, "subreddit": "BuyItForLife", "author_flair": null, "submission": "71ddim", "stickied": false, "body": "I want one. Op where can i get one?", "is_submitter": false, "distinguished": null, "created_utc": 1505989646.0, "parent_id": "t3_71ddim", "replies": []}, {"author": "repete66219", "id": "dnb5sor", "score": 1, "subreddit": "BuyItForLife", "author_flair": null, "submission": "71ddim", "stickied": false, "body": "MSPR: $69\n\nMSRP of same product with no branding: $8\n\nI exaggerate, but only slightly. :-)", "is_submitter": false, "distinguished": null, "created_utc": 1506004928.0, "parent_id": "t3_71ddim", "replies": []}, {"author": "MetonBoss", "id": "drt4ncq", "score": 1, "subreddit": "BuyItForLife", "author_flair": null, "submission": "71ddim", "stickied": false, "body": "It reminds me to make a good quality carabiner using Titanium. ", "is_submitter": false, "distinguished": null, "created_utc": 1514356479.0, "parent_id": "t3_71ddim", "replies": []}, {"author": "AlphaTyrant", "id": "dnahl5p", "score": 1, "subreddit": "BuyItForLife", "author_flair": null, "submission": "71ddim", "stickied": false, "body": "Duuuude I want one", "is_submitter": false, "distinguished": null, "created_utc": 1505960103.0, "parent_id": "t3_71ddim", "replies": []}, {"author": "fukthamods", "id": "dnapkn0", "score": 1, "subreddit": "BuyItForLife", "author_flair": null, "submission": "71ddim", "stickied": false, "body": "That thing and I are the same age.\n", "is_submitter": false, "distinguished": null, "created_utc": 1505972498.0, "parent_id": "t3_71ddim", "replies": []}, {"author": "Ilikeporsches", "id": "dnaqe9t", "score": 1, "subreddit": "BuyItForLife", "author_flair": null, "submission": "71ddim", "stickied": false, "body": "I like this", "is_submitter": false, "distinguished": null, "created_utc": 1505974246.0, "parent_id": "t3_71ddim", "replies": []}, {"author": "Sterling_____Archer", "id": "dnatema", "score": 0, "subreddit": "BuyItForLife", "author_flair": null, "submission": "71ddim", "stickied": false, "body": "That looks super cool. \n\nI think that the word \"actuated,\" might be a better fit here than \"activated.\" ", "is_submitter": false, "distinguished": null, "created_utc": 1505981741.0, "parent_id": "t3_71ddim", "replies": []}]}