{"title": "Which blender to buy?", "name": "t3_syjz2d", "url": "https://www.reddit.com/r/BuyItForLife/comments/syjz2d/which_blender_to_buy/", "selftext": "[Agaro Blender](https://www.amazon.in/dp/B07R68FJ18/ref=cm_sw_r_apan_glt_i_W3SXJA5T45AD43EKPCP2)\n\nOr\n\n[AiCok Blender](https://www.amazon.in/dp/B09GXJSQ52/ref=cm_sw_r_apan_glt_i_0Z101JEBQ3THHD0SF21T?_encoding=UTF8&psc=1)\n\nI'm mainly going to be using it to make vegetable smoothies with some fruits in small quantity. I want the smoothies to be of nice consistency. \n\nWhich one should I buy, or if you have a better suggestion please let me know.\n\nThank you", "score": 3, "upvote_ratio": 0.72, "permalink": "/r/BuyItForLife/comments/syjz2d/which_blender_to_buy/", "id": "syjz2d", "author": "Dom_sexyTimes", "link_flair_text": "[Request]", "num_comments": 14, "over_18": false, "spoiler": false, "pinned": false, "locked": false, "distinguished": null, "created_utc": 1645524308.0, "comments": [{"author": "chauna", "id": "hxyncmm", "score": 11, "subreddit": "BuyItForLife", "author_flair": null, "submission": "syjz2d", "stickied": false, "body": "Vitamix all the way. The damn thing can run for so long without overheating that mine came with a book of recipes, which include a recipe for soup, that you make in the blender. Like you can literally run it long enough for the friction to hear it up.", "is_submitter": false, "distinguished": null, "created_utc": 1645537159.0, "parent_id": "t3_syjz2d", "replies": [{"author": "Warp-n-weft", "id": "hxz7woo", "score": 3, "subreddit": "BuyItForLife", "author_flair": null, "submission": "syjz2d", "stickied": false, "body": "Retail chains that make blended beverages all day for 8-10 hours use vitamix. Seems like a pretty decent stress test that they pass with flying colors.", "is_submitter": false, "distinguished": null, "created_utc": 1645546218.0, "parent_id": "t1_hxyncmm", "replies": [{"author": "TangoDeltaFoxtrot", "id": "hy956sd", "score": 1, "subreddit": "BuyItForLife", "author_flair": null, "submission": "syjz2d", "stickied": false, "body": "Got my wife one of these. Most insane price tag for a blender, but we use it quite often and it works just as good today as it did brand new 8 years ago.", "is_submitter": false, "distinguished": null, "created_utc": 1645717831.0, "parent_id": "t1_hxz7woo", "replies": []}]}, {"author": "Dom_sexyTimes", "id": "hxyuq4y", "score": 1, "subreddit": "BuyItForLife", "author_flair": null, "submission": "syjz2d", "stickied": false, "body": "Vitamix is not available in my country", "is_submitter": true, "distinguished": null, "created_utc": 1645540715.0, "parent_id": "t1_hxyncmm", "replies": [{"author": "chauna", "id": "hxyveby", "score": 1, "subreddit": "BuyItForLife", "author_flair": null, "submission": "syjz2d", "stickied": false, "body": "Ahh didn't think about that. Sorry.", "is_submitter": false, "distinguished": null, "created_utc": 1645541017.0, "parent_id": "t1_hxyuq4y", "replies": []}, {"author": "Throwaway4545232", "id": "hy2hn2s", "score": 1, "subreddit": "BuyItForLife", "author_flair": null, "submission": "syjz2d", "stickied": false, "body": "What about blendtec?", "is_submitter": false, "distinguished": null, "created_utc": 1645596073.0, "parent_id": "t1_hxyuq4y", "replies": [{"author": "TangoDeltaFoxtrot", "id": "hy9517y", "score": 2, "subreddit": "BuyItForLife", "author_flair": null, "submission": "syjz2d", "stickied": false, "body": "Will it blend?", "is_submitter": false, "distinguished": null, "created_utc": 1645717775.0, "parent_id": "t1_hy2hn2s", "replies": [{"author": "Throwaway4545232", "id": "hy958ef", "score": 1, "subreddit": "BuyItForLife", "author_flair": null, "submission": "syjz2d", "stickied": false, "body": "Hell of a promotional campaign.", "is_submitter": false, "distinguished": null, "created_utc": 1645717848.0, "parent_id": "t1_hy9517y", "replies": [{"author": "TangoDeltaFoxtrot", "id": "hy995tc", "score": 2, "subreddit": "BuyItForLife", "author_flair": null, "submission": "syjz2d", "stickied": false, "body": "Back when the internet was still fun", "is_submitter": false, "distinguished": null, "created_utc": 1645719324.0, "parent_id": "t1_hy958ef", "replies": []}, {"author": "TangoDeltaFoxtrot", "id": "hy99nn4", "score": 1, "subreddit": "BuyItForLife", "author_flair": null, "submission": "syjz2d", "stickied": false, "body": "https://youtu.be/l69Vi5IDc0g", "is_submitter": false, "distinguished": null, "created_utc": 1645719509.0, "parent_id": "t1_hy958ef", "replies": []}]}]}]}]}]}, {"author": "Tinnisher", "id": "hxy66dr", "score": 3, "subreddit": "BuyItForLife", "author_flair": null, "submission": "syjz2d", "stickied": false, "body": "I have the nutribullet. It's okay. But it's not as powerful as I'd like. Once it goes I'm buying a Vitamix. Those things are powerful and last a long time.", "is_submitter": false, "distinguished": null, "created_utc": 1645525624.0, "parent_id": "t3_syjz2d", "replies": []}, {"author": "DJmachine101", "id": "hzf2bll", "score": 1, "subreddit": "BuyItForLife", "author_flair": null, "submission": "syjz2d", "stickied": false, "body": "Vitamix. My parents have had one since the mid 2010\u2019s and it works wonders.", "is_submitter": false, "distinguished": null, "created_utc": 1646457966.0, "parent_id": "t3_syjz2d", "replies": []}, {"author": "Former-Toe", "id": "hxy5bcp", "score": -1, "subreddit": "BuyItForLife", "author_flair": null, "submission": "syjz2d", "stickied": false, "body": "Expensive!", "is_submitter": false, "distinguished": null, "created_utc": 1645524906.0, "parent_id": "t3_syjz2d", "replies": []}]}