{"title": "Flipflops/Slippers for men", "name": "t3_t2hetu", "url": "https://www.reddit.com/r/BuyItForLife/comments/t2hetu/flipflopsslippers_for_men/", "selftext": "", "score": 0, "upvote_ratio": 0.5, "permalink": "/r/BuyItForLife/comments/t2hetu/flipflopsslippers_for_men/", "id": "t2hetu", "author": "dreamer_luci", "link_flair_text": "[Request]", "num_comments": 13, "over_18": false, "spoiler": false, "pinned": false, "locked": false, "distinguished": null, "created_utc": 1645941577.0, "comments": [{"author": "weedergriffin", "id": "hym3ew8", "score": 4, "subreddit": "BuyItForLife", "author_flair": null, "submission": "t2hetu", "stickied": false, "body": "Birkenstock", "is_submitter": false, "distinguished": null, "created_utc": 1645942183.0, "parent_id": "t3_t2hetu", "replies": [{"author": "ccjdalegend", "id": "hymb3oo", "score": 3, "subreddit": "BuyItForLife", "author_flair": null, "submission": "t2hetu", "stickied": false, "body": "Rainbows", "is_submitter": false, "distinguished": null, "created_utc": 1645947343.0, "parent_id": "t1_hym3ew8", "replies": []}]}, {"author": "smoke_and_spice", "id": "hymedfs", "score": 4, "subreddit": "BuyItForLife", "author_flair": null, "submission": "t2hetu", "stickied": false, "body": "As I die hard Rainbow enthusiast, buying direct from their San Clemente shop, I have since bought a pair of Freewaters. Nearly 2 years on them and they wear and feel just as good and out together as they first arrived. Also not having to double check that the Rainbows I\u2019m looking at are imported or domestic is reassuring.", "is_submitter": false, "distinguished": null, "created_utc": 1645949734.0, "parent_id": "t3_t2hetu", "replies": [{"author": "Seag5", "id": "hyxkk03", "score": 1, "subreddit": "BuyItForLife", "author_flair": null, "submission": "t2hetu", "stickied": false, "body": "Seconded. I highly recommend Rainbows. I\u2019ve been wearing mine as my main shoe (seasonally- I\u2019m in Canada) for about 3 years now and they\u2019re still going strong. Leather is in excellent shape, and the soles aren\u2019t even close to wearing out. They take a while to break in, but they\u2019re solid and comfy.", "is_submitter": false, "distinguished": null, "created_utc": 1646154286.0, "parent_id": "t1_hymedfs", "replies": []}]}, {"author": "TheOriginalMatrix3", "id": "hynga6u", "score": 3, "subreddit": "BuyItForLife", "author_flair": null, "submission": "t2hetu", "stickied": false, "body": "flip flops won't last a lifetime but crocs baya slides are my fav", "is_submitter": false, "distinguished": null, "created_utc": 1645974697.0, "parent_id": "t3_t2hetu", "replies": [{"author": "PanicLogically", "id": "i02tw84", "score": 1, "subreddit": "BuyItForLife", "author_flair": null, "submission": "t2hetu", "stickied": false, "body": "Ditto, w/ the durability button pushed, Crocs stuff lasts a long time. If the person is using Crocs as slippers and buys the clog style, I can't see them falling apart for 15-20 years. \n\nAs daily use, 5 years if they're walking on pavement.", "is_submitter": false, "distinguished": null, "created_utc": 1646894593.0, "parent_id": "t1_hynga6u", "replies": []}]}, {"author": "tranceponygirl", "id": "hz89w1c", "score": 3, "subreddit": "BuyItForLife", "author_flair": null, "submission": "t2hetu", "stickied": false, "body": "Go with crocs the plastic in them will outlast us all.", "is_submitter": false, "distinguished": null, "created_utc": 1646339908.0, "parent_id": "t3_t2hetu", "replies": [{"author": "PanicLogically", "id": "i02tyaq", "score": 1, "subreddit": "BuyItForLife", "author_flair": null, "submission": "t2hetu", "stickied": false, "body": "Ditto. found crocs to be an incredible longevity thing--the basic clog one. I don't futz with the strap thing.", "is_submitter": false, "distinguished": null, "created_utc": 1646894636.0, "parent_id": "t1_hz89w1c", "replies": []}]}, {"author": "black_hole_soup", "id": "hymnxiv", "score": 2, "subreddit": "BuyItForLife", "author_flair": null, "submission": "t2hetu", "stickied": false, "body": "Flip-flops are in no way BIFL, but I am a huge fan of Ipanema. They are surprisingly sturdy - I've been wearing mine daily around the house for two years now and are as good as new. My GF has had her pair for nearly 10 years (although, she uses them over the summers only).", "is_submitter": false, "distinguished": null, "created_utc": 1645957092.0, "parent_id": "t3_t2hetu", "replies": []}, {"author": "jtkillou", "id": "hyos7fn", "score": 2, "subreddit": "BuyItForLife", "author_flair": null, "submission": "t2hetu", "stickied": false, "body": "My Olukais are amazing and comfortable. Had them 6 years.", "is_submitter": false, "distinguished": null, "created_utc": 1645993612.0, "parent_id": "t3_t2hetu", "replies": []}, {"author": "mungorex", "id": "hz039zl", "score": 1, "subreddit": "BuyItForLife", "author_flair": null, "submission": "t2hetu", "stickied": false, "body": "Rainbows are the BIFL flip flop.\nSlippers, check out LL Bean.", "is_submitter": false, "distinguished": null, "created_utc": 1646191111.0, "parent_id": "t3_t2hetu", "replies": []}, {"author": "Spiritual_Tea6696", "id": "hz9b44x", "score": 1, "subreddit": "BuyItForLife", "author_flair": null, "submission": "t2hetu", "stickied": false, "body": "Check out Sperry", "is_submitter": false, "distinguished": null, "created_utc": 1646355975.0, "parent_id": "t3_t2hetu", "replies": []}, {"author": "PanicLogically", "id": "i02tsi1", "score": 1, "subreddit": "BuyItForLife", "author_flair": null, "submission": "t2hetu", "stickied": false, "body": "Lately I've just gone w/ Croc brand stuff and get about 5 years out of them .", "is_submitter": false, "distinguished": null, "created_utc": 1646894521.0, "parent_id": "t3_t2hetu", "replies": []}]}