{"title": "Brewmatic - built in coffee maker, waking my lazy ass up for over 30 years, changed the heating element once", "name": "t3_iv81jn", "url": "https://i.imgur.com/hNxSaDa.jpg", "selftext": "", "score": 4839, "upvote_ratio": 0.97, "permalink": "/r/BuyItForLife/comments/iv81jn/brewmatic_built_in_coffee_maker_waking_my_lazy/", "id": "iv81jn", "author": "Drgibson335", "link_flair_text": "Vintage", "num_comments": 161, "over_18": false, "spoiler": false, "pinned": false, "locked": false, "distinguished": null, "created_utc": 1600442385.0, "comments": [{"author": "MiddleC5", "id": "g5pk40n", "score": 348, "subreddit": "BuyItForLife", "author_flair": null, "submission": "iv81jn", "stickied": false, "body": "Nice! I wish I had a built in coffee maker. What is the brick space? Was it built with the intention of installing the coffee maker?", "is_submitter": false, "distinguished": null, "created_utc": 1600442547.0, "parent_id": "t3_iv81jn", "replies": [{"author": "Drgibson335", "id": "g5ppwq9", "score": 336, "subreddit": "BuyItForLife", "author_flair": null, "submission": "iv81jn", "stickied": false, "body": "Yes, the space was built knowing that I would put the item there, it\u2019s connected to a water line, similar to how my fridge is connected to a water line\n\nTurn the dial to how many cups I want and boom, hot water comes out from the machine.", "is_submitter": true, "distinguished": null, "created_utc": 1600445278.0, "parent_id": "t1_g5pk40n", "replies": [{"author": "tiredmommy13", "id": "g5psccm", "score": 80, "subreddit": "BuyItForLife", "author_flair": null, "submission": "iv81jn", "stickied": false, "body": "How does it not splash coffee everywhere?", "is_submitter": false, "distinguished": null, "created_utc": 1600446325.0, "parent_id": "t1_g5ppwq9", "replies": [{"author": "ur_wcws_mcm", "id": "g5psqgx", "score": 134, "subreddit": "BuyItForLife", "author_flair": null, "submission": "iv81jn", "stickied": false, "body": "It not like turning on the faucet lol. It drips down", "is_submitter": false, "distinguished": null, "created_utc": 1600446485.0, "parent_id": "t1_g5psccm", "replies": [{"author": "i_like_all_tech", "id": "g5pt21f", "score": 212, "subreddit": "BuyItForLife", "author_flair": null, "submission": "iv81jn", "stickied": false, "body": "I for one would love a coffee faucet", "is_submitter": false, "distinguished": null, "created_utc": 1600446627.0, "parent_id": "t1_g5psqgx", "replies": [{"author": "ur_wcws_mcm", "id": "g5pudeh", "score": 52, "subreddit": "BuyItForLife", "author_flair": null, "submission": "iv81jn", "stickied": false, "body": "same. cold brew taps are basically that", "is_submitter": false, "distinguished": null, "created_utc": 1600447237.0, "parent_id": "t1_g5pt21f", "replies": [{"author": "Jiggajonson", "id": "g5qypk5", "score": 23, "subreddit": "BuyItForLife", "author_flair": null, "submission": "iv81jn", "stickied": false, "body": "Wait... What did you just say?", "is_submitter": false, "distinguished": null, "created_utc": 1600466317.0, "parent_id": "t1_g5pudeh", "replies": [{"author": "Beardsy", "id": "g5r1v23", "score": 28, "subreddit": "BuyItForLife", "author_flair": null, "submission": "iv81jn", "stickied": false, "body": "I make about 2 or 3 liters of cold brew and put it in the fridge in a container with a spigot. In the morning all I have to do is pour myself some cold brew.", "is_submitter": false, "distinguished": null, "created_utc": 1600467845.0, "parent_id": "t1_g5qypk5", "replies": [{"author": "randiesel", "id": "g5r4d0r", "score": 12, "subreddit": "BuyItForLife", "author_flair": null, "submission": "iv81jn", "stickied": false, "body": "im curious what method you use and how the price/cup ratio turns out", "is_submitter": false, "distinguished": null, "created_utc": 1600469035.0, "parent_id": "t1_g5r1v23", "replies": [{"author": "FortWendy69", "id": "g5rdkur", "score": 53, "subreddit": "BuyItForLife", "author_flair": null, "submission": "iv81jn", "stickied": false, "body": "1 price per cup", "is_submitter": false, "distinguished": null, "created_utc": 1600474218.0, "parent_id": "t1_g5r4d0r", "replies": []}, {"author": "Beardsy", "id": "g5r51v9", "score": 11, "subreddit": "BuyItForLife", "author_flair": null, "submission": "iv81jn", "stickied": false, "body": "I use cotton bags to make clean up relatively easy and just experimented with grind size and water to coffee ratio. Never really bother to check if it was more cost effective than a French press or pour over but I would imagine that it is.", "is_submitter": false, "distinguished": null, "created_utc": 1600469424.0, "parent_id": "t1_g5r4d0r", "replies": []}, {"author": "the-toon-squad", "id": "g5t6459", "score": 2, "subreddit": "BuyItForLife", "author_flair": null, "submission": "iv81jn", "stickied": false, "body": "I use 80g of coffee per litre and let it sit for 18-24 hours before removing the grounds. It's really easy to make but does cost slightly more than traditional coffee because the extraction is less efficient. With that said I love the taste and convenience so it's worth it to me.\n\nThis coffee will probably be stronger than what you normally make though fyi, so it's usually worth watering it down to your liking.", "is_submitter": false, "distinguished": null, "created_utc": 1600520614.0, "parent_id": "t1_g5r4d0r", "replies": []}]}, {"author": "dlyk", "id": "g62tn49", "score": 1, "subreddit": "BuyItForLife", "author_flair": null, "submission": "iv81jn", "stickied": false, "body": "Last summer I used to make 2 liters of extra strong cold brew every week. Stored it in the fridge like you said. Made nice coffee when cut 1-1.", "is_submitter": false, "distinguished": null, "created_utc": 1600673722.0, "parent_id": "t1_g5r1v23", "replies": []}]}]}, {"author": "Andre11x", "id": "g5ti02h", "score": 2, "subreddit": "BuyItForLife", "author_flair": null, "submission": "iv81jn", "stickied": false, "body": "Yeah we have one of these at my office they are amazing. Dangerous but amazing.", "is_submitter": false, "distinguished": null, "created_utc": 1600526003.0, "parent_id": "t1_g5pudeh", "replies": []}]}, {"author": "Stash_Jar", "id": "g5q99gv", "score": 19, "subreddit": "BuyItForLife", "author_flair": null, "submission": "iv81jn", "stickied": false, "body": "Its just a boiling water facuet. Hes still straining beans from the top of the coffee pot", "is_submitter": false, "distinguished": null, "created_utc": 1600454351.0, "parent_id": "t1_g5pt21f", "replies": [{"author": "i_like_all_tech", "id": "g5qc12r", "score": 88, "subreddit": "BuyItForLife", "author_flair": null, "submission": "iv81jn", "stickied": false, "body": "Are we not all just beans straining the boiling waters of life.", "is_submitter": false, "distinguished": null, "created_utc": 1600455773.0, "parent_id": "t1_g5q99gv", "replies": [{"author": "msaint", "id": "g5r3oca", "score": 12, "subreddit": "BuyItForLife", "author_flair": null, "submission": "iv81jn", "stickied": false, "body": "And here I thought we were just really slow food processors.", "is_submitter": false, "distinguished": null, "created_utc": 1600468661.0, "parent_id": "t1_g5qc12r", "replies": [{"author": "guisar", "id": "g5rmosn", "score": 2, "subreddit": "BuyItForLife", "author_flair": null, "submission": "iv81jn", "stickied": false, "body": "Fertilizer factories", "is_submitter": false, "distinguished": null, "created_utc": 1600479049.0, "parent_id": "t1_g5r3oca", "replies": []}]}, {"author": "Golgothan", "id": "g5qrbdb", "score": 8, "subreddit": "BuyItForLife", "author_flair": null, "submission": "iv81jn", "stickied": false, "body": "Aren't we all just air conditioners. We condition it hot, they condition it cold.", "is_submitter": false, "distinguished": null, "created_utc": 1600463000.0, "parent_id": "t1_g5qc12r", "replies": []}]}]}, {"author": "DELETED", "id": "g5r7rs2", "score": 4, "subreddit": "BuyItForLife", "author_flair": null, "submission": "iv81jn", "stickied": false, "body": "I just want that fruit punch fountain that Longfellow Deeds had", "is_submitter": false, "distinguished": null, "created_utc": 1600470989.0, "parent_id": "t1_g5pt21f", "replies": []}, {"author": "cleeder", "id": "g5rufx0", "score": 1, "subreddit": "BuyItForLife", "author_flair": null, "submission": "iv81jn", "stickied": false, "body": "Just give it to me intravenously.", "is_submitter": false, "distinguished": null, "created_utc": 1600482619.0, "parent_id": "t1_g5pt21f", "replies": []}]}, {"author": "Itziclinic", "id": "g5r8nov", "score": 6, "subreddit": "BuyItForLife", "author_flair": null, "submission": "iv81jn", "stickied": false, "body": "Judging by the black staining of the grout radiating from under the pot I think it's a fair question. Looks like it's either dripped or overflowed before. Looking at reviews of these appliances on a couple sites, overflowing can be a problem when something is malfunctioning.\n\nI still think these are pretty cool and very useful in work environments where volume is going to turn a regular coffee maker into a chore.", "is_submitter": false, "distinguished": null, "created_utc": 1600471511.0, "parent_id": "t1_g5psqgx", "replies": []}, {"author": "Epena501", "id": "g7j86lb", "score": 1, "subreddit": "BuyItForLife", "author_flair": null, "submission": "iv81jn", "stickied": false, "body": "It\u2019s like taking a slow leaky shit.  You won\u2019t hit the sides.", "is_submitter": false, "distinguished": null, "created_utc": 1601747922.0, "parent_id": "t1_g5psqgx", "replies": []}]}, {"author": "Hinote21", "id": "g5rngfr", "score": 13, "subreddit": "BuyItForLife", "author_flair": null, "submission": "iv81jn", "stickied": false, "body": "To answer your question, if you look just below the bottom of the top half, you see two slits. Those are for sliding in the filter, which when installed brings the drip a lot closer to the pot. The top part is really only heating the water running through it.", "is_submitter": false, "distinguished": null, "created_utc": 1600479392.0, "parent_id": "t1_g5psccm", "replies": []}, {"author": "zitsel", "id": "g5qjs9o", "score": 8, "subreddit": "BuyItForLife", "author_flair": null, "submission": "iv81jn", "stickied": false, "body": "There's a filter basket, like with most (all?) Coffee makers, that is not pictured.", "is_submitter": false, "distinguished": null, "created_utc": 1600459655.0, "parent_id": "t1_g5psccm", "replies": []}, {"author": "DoublePointMondays", "id": "g5psx8h", "score": -1, "subreddit": "BuyItForLife", "author_flair": null, "submission": "iv81jn", "stickied": false, "body": "The pot slides in place, you can see the bracket. Doesn\u2019t sit below while brewing.", "is_submitter": false, "distinguished": null, "created_utc": 1600446566.0, "parent_id": "t1_g5psccm", "replies": [{"author": "ControlledBurn", "id": "g5pyb0n", "score": 30, "subreddit": "BuyItForLife", "author_flair": null, "submission": "iv81jn", "stickied": false, "body": "No, that\u2019s for the filter basket. Source: I have one of these as well.", "is_submitter": false, "distinguished": null, "created_utc": 1600448981.0, "parent_id": "t1_g5psx8h", "replies": [{"author": "tsunamisurfer", "id": "g5q8xs7", "score": 10, "subreddit": "BuyItForLife", "author_flair": null, "submission": "iv81jn", "stickied": false, "body": "so does it splash coffee or not?", "is_submitter": false, "distinguished": null, "created_utc": 1600454188.0, "parent_id": "t1_g5pyb0n", "replies": [{"author": "LordMaejikan", "id": "g5q9l02", "score": 12, "subreddit": "BuyItForLife", "author_flair": null, "submission": "iv81jn", "stickied": false, "body": "It's not like turning on the faucet lol. It drips down", "is_submitter": false, "distinguished": null, "created_utc": 1600454513.0, "parent_id": "t1_g5q8xs7", "replies": [{"author": "thetogolopian", "id": "g5qa38t", "score": 15, "subreddit": "BuyItForLife", "author_flair": null, "submission": "iv81jn", "stickied": false, "body": "I for one would love a coffee faucet", "is_submitter": false, "distinguished": null, "created_utc": 1600454770.0, "parent_id": "t1_g5q9l02", "replies": [{"author": "LordMaejikan", "id": "g5qaiuh", "score": 3, "subreddit": "BuyItForLife", "author_flair": null, "submission": "iv81jn", "stickied": false, "body": "Same", "is_submitter": false, "distinguished": null, "created_utc": 1600454993.0, "parent_id": "t1_g5qa38t", "replies": [{"author": "Damaso87", "id": "g5qclld", "score": 7, "subreddit": "BuyItForLife", "author_flair": null, "submission": "iv81jn", "stickied": false, "body": "Cold brew taps are basically dat ass", "is_submitter": false, "distinguished": null, "created_utc": 1600456080.0, "parent_id": "t1_g5qaiuh", "replies": []}]}]}]}]}]}, {"author": "Fuckin_Hipster", "id": "g5qbd20", "score": 4, "subreddit": "BuyItForLife", "author_flair": null, "submission": "iv81jn", "stickied": false, "body": "Why are you just making things up?", "is_submitter": false, "distinguished": null, "created_utc": 1600455420.0, "parent_id": "t1_g5psx8h", "replies": []}]}, {"author": "Rainbow_Styx", "id": "g5r5o7i", "score": -3, "subreddit": "BuyItForLife", "author_flair": null, "submission": "iv81jn", "stickied": false, "body": "I think the pot slides into the tracks on the bottom of the unit when you are actually brewing coffee", "is_submitter": false, "distinguished": null, "created_utc": 1600469777.0, "parent_id": "t1_g5psccm", "replies": []}]}, {"author": "tousledmonkey", "id": "g5qi061", "score": 9, "subreddit": "BuyItForLife", "author_flair": null, "submission": "iv81jn", "stickied": false, "body": "This is pure freedom. You want a coffee maker built in? Do it, it's your house. I'm jealous!", "is_submitter": false, "distinguished": null, "created_utc": 1600458891.0, "parent_id": "t1_g5ppwq9", "replies": []}, {"author": "5hakehar", "id": "g5r8tpy", "score": 3, "subreddit": "BuyItForLife", "author_flair": null, "submission": "iv81jn", "stickied": false, "body": "Is there is reason for that height ? Or do you just like to go pee every time you hear the coffee brewing ?", "is_submitter": false, "distinguished": null, "created_utc": 1600471610.0, "parent_id": "t1_g5ppwq9", "replies": [{"author": "Fmbounce", "id": "g5swzdy", "score": 2, "subreddit": "BuyItForLife", "author_flair": null, "submission": "iv81jn", "stickied": false, "body": "Probably so there\u2019s room for bigger pots or coffee dispensers", "is_submitter": false, "distinguished": null, "created_utc": 1600513048.0, "parent_id": "t1_g5r8tpy", "replies": []}]}, {"author": "Greenmooseleg", "id": "g5r14u7", "score": 1, "subreddit": "BuyItForLife", "author_flair": null, "submission": "iv81jn", "stickied": false, "body": "Bad ass", "is_submitter": false, "distinguished": null, "created_utc": 1600467489.0, "parent_id": "t1_g5ppwq9", "replies": []}]}, {"author": "CHICOHIO", "id": "g5pqc1t", "score": 27, "subreddit": "BuyItForLife", "author_flair": null, "submission": "iv81jn", "stickied": false, "body": "Many churches in NJ have these. If they are kept clean the coffee is delicious. [User name! Love it! Always wanted to have ringtones from a pitch pipe. Just to see if I could identify who was calling me just by the pure sound. Wanted my mother to be middleC.", "is_submitter": false, "distinguished": null, "created_utc": 1600445457.0, "parent_id": "t1_g5pk40n", "replies": [{"author": "CNCNothingPersonal", "id": "g6a9gpe", "score": 2, "subreddit": "BuyItForLife", "author_flair": null, "submission": "iv81jn", "stickied": false, "body": "What the fu", "is_submitter": false, "distinguished": null, "created_utc": 1600831830.0, "parent_id": "t1_g5pqc1t", "replies": []}]}]}, {"author": "robwills88", "id": "g5pm82y", "score": 100, "subreddit": "BuyItForLife", "author_flair": null, "submission": "iv81jn", "stickied": false, "body": "Sorry If I\u2019m being dumb, we don\u2019t have these in the UK (that I know of). How does it work?", "is_submitter": false, "distinguished": null, "created_utc": 1600443591.0, "parent_id": "t3_iv81jn", "replies": [{"author": "RentAscout", "id": "g5pmp2y", "score": 212, "subreddit": "BuyItForLife", "author_flair": null, "submission": "iv81jn", "stickied": false, "body": "You ain't dumb, I'm in the US and never seen one.", "is_submitter": false, "distinguished": null, "created_utc": 1600443821.0, "parent_id": "t1_g5pm82y", "replies": [{"author": "DELETED", "id": "g5r3xzc", "score": 22, "subreddit": "BuyItForLife", "author_flair": null, "submission": "iv81jn", "stickied": false, "body": "Almost every office I've worked at have something similar.  You run a supply line to a reservoir and water is heated and dripped over a coffee filter.  This one is nicely built into the masonry, but often you see them in some sort of housing.", "is_submitter": false, "distinguished": null, "created_utc": 1600468802.0, "parent_id": "t1_g5pmp2y", "replies": []}]}, {"author": "franlol", "id": "g5pnsb2", "score": 73, "subreddit": "BuyItForLife", "author_flair": null, "submission": "iv81jn", "stickied": false, "body": "From the looks of it the left side holds a funnel which is used with a coffee filter and grounds. This brewer is likely connected to a water pipe (hidden behind/above) and I think you turn the nob to how many cups of water you want. And boom cwoffee!\n\nEdit: made it to 69 updoots... noooiiice!", "is_submitter": false, "distinguished": null, "created_utc": 1600444340.0, "parent_id": "t1_g5pm82y", "replies": [{"author": "Drgibson335", "id": "g5ppzxu", "score": 24, "subreddit": "BuyItForLife", "author_flair": null, "submission": "iv81jn", "stickied": false, "body": "Yes exactly! Very easy and consistent", "is_submitter": true, "distinguished": null, "created_utc": 1600445318.0, "parent_id": "t1_g5pnsb2", "replies": []}, {"author": "Wrexem", "id": "g5pq06b", "score": -11, "subreddit": "BuyItForLife", "author_flair": null, "submission": "iv81jn", "stickied": false, "body": "Low level", "is_submitter": false, "distinguished": null, "created_utc": 1600445321.0, "parent_id": "t1_g5pnsb2", "replies": [{"author": "MidTownMotel", "id": "g5qlcqs", "score": 1, "subreddit": "BuyItForLife", "author_flair": null, "submission": "iv81jn", "stickied": false, "body": "It seems so damn obvious.", "is_submitter": false, "distinguished": null, "created_utc": 1600460346.0, "parent_id": "t1_g5pq06b", "replies": []}]}]}, {"author": "sir_fluffinator", "id": "g5pnajp", "score": 19, "subreddit": "BuyItForLife", "author_flair": null, "submission": "iv81jn", "stickied": false, "body": "It kind of looks like a commercial drip coffee maker but built-in to a wall to me.\n\nImagine something like this... https://www.webstaurantstore.com/avantco-c15-pourover-airpot-coffee-brewer-120v/177C15.html", "is_submitter": false, "distinguished": null, "created_utc": 1600444112.0, "parent_id": "t1_g5pm82y", "replies": []}, {"author": "ertgbnm", "id": "g5qmilx", "score": 16, "subreddit": "BuyItForLife", "author_flair": null, "submission": "iv81jn", "stickied": false, "body": "Most consumer models require you to fill tanks with water because you only make a few cups at a time and only once or twice a day. If you run a cafe and make 60 batches of coffee a day, suddenly filling that tank by hand becomes a full time job. So many cafes will have a coffee maker like this that you can plumb a waterline to and it doesn't require a tank at all.\n\n99.9% of consumers don't have one. That's why you haven't heard about it. This guy is clearly a coffee fanatic or has more money than they know what to do with.", "is_submitter": false, "distinguished": null, "created_utc": 1600460856.0, "parent_id": "t1_g5pm82y", "replies": [{"author": "YT__", "id": "g5t1y4p", "score": 8, "subreddit": "BuyItForLife", "author_flair": null, "submission": "iv81jn", "stickied": false, "body": "If they were a coffee fanatic, they'd probably brew coffee differently, though. So I'm really not sure what OP is, lol.", "is_submitter": false, "distinguished": null, "created_utc": 1600518083.0, "parent_id": "t1_g5qmilx", "replies": []}]}, {"author": "jujuhibachi", "id": "g5pnn0w", "score": 3, "subreddit": "BuyItForLife", "author_flair": null, "submission": "iv81jn", "stickied": false, "body": "This looks like what I have seen in restaurants. I think you put the grounds in a carafe under the left top part if you can see the metal bits where one would slide in. And then it just brews the coffee down into the pot. It probably has a water hookup", "is_submitter": false, "distinguished": null, "created_utc": 1600444274.0, "parent_id": "t1_g5pm82y", "replies": []}, {"author": "portuga1", "id": "g5pu1s2", "score": 1, "subreddit": "BuyItForLife", "author_flair": null, "submission": "iv81jn", "stickied": false, "body": "You\u2019re not dumber than me either, I have no idea how the coffee ends up in that.. thingy", "is_submitter": false, "distinguished": null, "created_utc": 1600447085.0, "parent_id": "t1_g5pm82y", "replies": []}, {"author": "pat_micklewaite", "id": "g5qvogz", "score": 1, "subreddit": "BuyItForLife", "author_flair": null, "submission": "iv81jn", "stickied": false, "body": "It looks like the kind of industrial coffee maker you might find in a restaurant or hotel kitchen, wouldn't want one in my home personally but who am I to judge", "is_submitter": false, "distinguished": null, "created_utc": 1600464975.0, "parent_id": "t1_g5pm82y", "replies": []}]}, {"author": "Gierling", "id": "g5pqrvk", "score": 135, "subreddit": "BuyItForLife", "author_flair": null, "submission": "iv81jn", "stickied": false, "body": "Is this... is this in the shower?", "is_submitter": false, "distinguished": null, "created_utc": 1600445648.0, "parent_id": "t3_iv81jn", "replies": [{"author": "Drgibson335", "id": "g5pr28i", "score": 113, "subreddit": "BuyItForLife", "author_flair": null, "submission": "iv81jn", "stickied": false, "body": "Don\u2019t give me ideas...", "is_submitter": true, "distinguished": null, "created_utc": 1600445776.0, "parent_id": "t1_g5pqrvk", "replies": [{"author": "kU7dgUigYuu", "id": "g5tpykr", "score": 3, "subreddit": "BuyItForLife", "author_flair": null, "submission": "iv81jn", "stickied": false, "body": "[http://www.bunicomic.com/comic/buni-783/](http://www.bunicomic.com/comic/buni-783/)", "is_submitter": false, "distinguished": null, "created_utc": 1600529370.0, "parent_id": "t1_g5pr28i", "replies": []}]}, {"author": "SailorStarLight", "id": "g5pxc7h", "score": 38, "subreddit": "BuyItForLife", "author_flair": null, "submission": "iv81jn", "stickied": false, "body": "My mother bought joke gift boxes one Christmas. She gave my sister something in a box that said it was a shower coffee maker. While we did wonder how on earth that would work, when we discovered it wasn\u2019t a real product, it was a big let down.", "is_submitter": false, "distinguished": null, "created_utc": 1600448549.0, "parent_id": "t1_g5pqrvk", "replies": []}, {"author": "trogan77", "id": "g5pute7", "score": 7, "subreddit": "BuyItForLife", "author_flair": null, "submission": "iv81jn", "stickied": false, "body": "u/Gierling knows what\u2019s up.", "is_submitter": false, "distinguished": null, "created_utc": 1600447438.0, "parent_id": "t1_g5pqrvk", "replies": []}, {"author": "vulfneck", "id": "g5r2pbg", "score": 4, "subreddit": "BuyItForLife", "author_flair": null, "submission": "iv81jn", "stickied": false, "body": "This *is* the shower.", "is_submitter": false, "distinguished": null, "created_utc": 1600468226.0, "parent_id": "t1_g5pqrvk", "replies": []}]}, {"author": "DELETED", "id": "g5pp71s", "score": 18, "subreddit": "BuyItForLife", "author_flair": null, "submission": "iv81jn", "stickied": false, "body": "[deleted]", "is_submitter": false, "distinguished": null, "created_utc": 1600444954.0, "parent_id": "t3_iv81jn", "replies": []}, {"author": "aPoundFoolish", "id": "g5pm7k3", "score": 11, "subreddit": "BuyItForLife", "author_flair": null, "submission": "iv81jn", "stickied": false, "body": "Looks great. Almost makes me want to start drinking coffee.", "is_submitter": false, "distinguished": null, "created_utc": 1600443584.0, "parent_id": "t3_iv81jn", "replies": [{"author": "DELETED", "id": "g5ppc0b", "score": 5, "subreddit": "BuyItForLife", "author_flair": null, "submission": "iv81jn", "stickied": false, "body": "[deleted]", "is_submitter": false, "distinguished": null, "created_utc": 1600445015.0, "parent_id": "t1_g5pm7k3", "replies": [{"author": "hat-of-sky", "id": "g5prpey", "score": 26, "subreddit": "BuyItForLife", "author_flair": null, "submission": "iv81jn", "stickied": false, "body": "But you have to be awake to use it. It's super nice to awaken to the smell and sound of coffee brewing.  (Even if it's just in my cheap Betty Crocker drip pot that willprobablynotlast forever.)", "is_submitter": false, "distinguished": null, "created_utc": 1600446060.0, "parent_id": "t1_g5ppc0b", "replies": [{"author": "DELETED", "id": "g5rjgco", "score": 9, "subreddit": "BuyItForLife", "author_flair": null, "submission": "iv81jn", "stickied": false, "body": "[deleted]", "is_submitter": false, "distinguished": null, "created_utc": 1600477473.0, "parent_id": "t1_g5prpey", "replies": [{"author": "DELETED", "id": "g5sjt1k", "score": 4, "subreddit": "BuyItForLife", "author_flair": null, "submission": "iv81jn", "stickied": false, "body": "I always have to pop in and say please use reusable Keurig cups, the single use are insanely bad for the environment.", "is_submitter": false, "distinguished": null, "created_utc": 1600498831.0, "parent_id": "t1_g5rjgco", "replies": [{"author": "DELETED", "id": "g5ucb1n", "score": 2, "subreddit": "BuyItForLife", "author_flair": null, "submission": "iv81jn", "stickied": false, "body": "[deleted]", "is_submitter": false, "distinguished": null, "created_utc": 1600539638.0, "parent_id": "t1_g5sjt1k", "replies": [{"author": "DELETED", "id": "g5ure5o", "score": 1, "subreddit": "BuyItForLife", "author_flair": null, "submission": "iv81jn", "stickied": false, "body": "I sincerely thank you!", "is_submitter": false, "distinguished": null, "created_utc": 1600545202.0, "parent_id": "t1_g5ucb1n", "replies": []}]}]}, {"author": "hat-of-sky", "id": "g5s173m", "score": 1, "subreddit": "BuyItForLife", "author_flair": null, "submission": "iv81jn", "stickied": false, "body": "Yeeeaaahhhh.... that could work.", "is_submitter": false, "distinguished": null, "created_utc": 1600485922.0, "parent_id": "t1_g5rjgco", "replies": []}]}, {"author": "DELETED", "id": "g5psy32", "score": 5, "subreddit": "BuyItForLife", "author_flair": null, "submission": "iv81jn", "stickied": false, "body": "[deleted]", "is_submitter": false, "distinguished": null, "created_utc": 1600446576.0, "parent_id": "t1_g5prpey", "replies": [{"author": "hat-of-sky", "id": "g5qs644", "score": 10, "subreddit": "BuyItForLife", "author_flair": null, "submission": "iv81jn", "stickied": false, "body": "I don't mean to knock French press. It'sa beautiful way to make coffee and live in the immediate moment. I just like being able to set it up the evening before,  hit the timer button, and hear it start itself just as my alarm is going off.", "is_submitter": false, "distinguished": null, "created_utc": 1600463388.0, "parent_id": "t1_g5psy32", "replies": []}, {"author": "guisar", "id": "g5ro5ji", "score": 4, "subreddit": "BuyItForLife", "author_flair": null, "submission": "iv81jn", "stickied": false, "body": "Right?  I have my press routine down to a predictable 12 minute routine. 12 minutes from when I press start on the coffee grinder to first sip (with almond milk in a warned mug).  Only about two of that requires my involvement, mainly for the pour. So, I can also get my oatmeal into the hot pot while I'm making the joe.  Love it very morning.", "is_submitter": false, "distinguished": null, "created_utc": 1600479704.0, "parent_id": "t1_g5psy32", "replies": []}]}, {"author": "PrincessSheogorath", "id": "g637qo8", "score": 1, "subreddit": "BuyItForLife", "author_flair": null, "submission": "iv81jn", "stickied": false, "body": "get a coffee mat man. i have my grandpas old pot and still make a perfect pot", "is_submitter": false, "distinguished": null, "created_utc": 1600686990.0, "parent_id": "t1_g5prpey", "replies": []}]}, {"author": "DELETED", "id": "g5t73wb", "score": 2, "subreddit": "BuyItForLife", "author_flair": null, "submission": "iv81jn", "stickied": false, "body": "r/frenchpresscirclejerk", "is_submitter": false, "distinguished": null, "created_utc": 1600521134.0, "parent_id": "t1_g5ppc0b", "replies": []}, {"author": "DELETED", "id": "g5pq1ym", "score": 5, "subreddit": "BuyItForLife", "author_flair": null, "submission": "iv81jn", "stickied": false, "body": "[deleted]", "is_submitter": false, "distinguished": null, "created_utc": 1600445342.0, "parent_id": "t1_g5ppc0b", "replies": [{"author": "Cagg", "id": "g5pse8j", "score": 12, "subreddit": "BuyItForLife", "author_flair": null, "submission": "iv81jn", "stickied": false, "body": "The shittiest kind of right is technically right. Too hot of water makes shitty coffee.", "is_submitter": false, "distinguished": null, "created_utc": 1600446346.0, "parent_id": "t1_g5pq1ym", "replies": [{"author": "di3inaf1r3", "id": "g5pyuq2", "score": 2, "subreddit": "BuyItForLife", "author_flair": null, "submission": "iv81jn", "stickied": false, "body": "Technically true, but only in some cases. For darkly roasted coffee, which tends to be the standard among mass market coffees and places like Starbucks, you will get a probably unpleasant amount of the less desirable flavors in coffee if you use very hot water. It's not that you're burning the coffee or anything. It's just that you're extracting it very thoroughly, and the darkly roasted coffee has a lot of unpleasant, burnt flavors in it. When brewing such a coffee, you will likely want to use a lower temperature and _not_ extract it fully so those harsher flavors are left behind.\n\nThat being said, it is basically impossible to get water that is too hot for coffee brewing in general. Once you get it to the coffee, even water that is at exactly boiling will cool quite a few degrees and be within the ideal range. For lighter roasts, which are generally harder to extract, you want to use water at that maximum possible temperature to get good extraction.", "is_submitter": false, "distinguished": null, "created_utc": 1600449234.0, "parent_id": "t1_g5pse8j", "replies": [{"author": "scarletmagnolia", "id": "g5qa0pi", "score": 7, "subreddit": "BuyItForLife", "author_flair": null, "submission": "iv81jn", "stickied": false, "body": "Speaking of Starbucks, I don\u2019t understand the Starbucks love. Their coffee is garbage.", "is_submitter": false, "distinguished": null, "created_utc": 1600454734.0, "parent_id": "t1_g5pyuq2", "replies": [{"author": "StraightUpBruja", "id": "g5qcq2r", "score": 9, "subreddit": "BuyItForLife", "author_flair": null, "submission": "iv81jn", "stickied": false, "body": "Have you seen a lot of the drinks they sell? People go there for creamy sugar fixes.", "is_submitter": false, "distinguished": null, "created_utc": 1600456147.0, "parent_id": "t1_g5qa0pi", "replies": [{"author": "scarletmagnolia", "id": "g5qstzl", "score": 1, "subreddit": "BuyItForLife", "author_flair": null, "submission": "iv81jn", "stickied": false, "body": "This is probably the reason!", "is_submitter": false, "distinguished": null, "created_utc": 1600463691.0, "parent_id": "t1_g5qcq2r", "replies": []}]}]}, {"author": "Cagg", "id": "g5qaqiw", "score": -4, "subreddit": "BuyItForLife", "author_flair": null, "submission": "iv81jn", "stickied": false, "body": "Anyone who drinks Starbucks or uses pre-ground coffee from a basic store has no valuable input on the topic. You're drinking sludge poo poo water.\n\nThis interpretation of temperature as a variable is dependent on a lot of things primarily roast as mentioned but also grind and fuck even origin but bottom line temperature matters for good coffee, and controlling it as well as other variables leads to a better cup of coffee; so OPs point stands.\n\nBuy a good french press or chemex and make *an objectively better coffee* (read coffee 99% of people will like better) for way cheaper with no potential breaking parts.\n\nedit: go ahead and downvote me, y'all just don't know good coffee", "is_submitter": false, "distinguished": null, "created_utc": 1600455101.0, "parent_id": "t1_g5pyuq2", "replies": [{"author": "maccaroneski", "id": "g5s9fm7", "score": 4, "subreddit": "BuyItForLife", "author_flair": null, "submission": "iv81jn", "stickied": false, "body": "There is no such things as \"objectively better coffee\" however I will withhold the downvote on the  basis of the use of the term \"sludge poo poo water\".", "is_submitter": false, "distinguished": null, "created_utc": 1600490804.0, "parent_id": "t1_g5qaqiw", "replies": [{"author": "Cagg", "id": "g5ts40z", "score": 1, "subreddit": "BuyItForLife", "author_flair": null, "submission": "iv81jn", "stickied": false, "body": "I get what you mean, coffee is very much so a personal taste thing. That being said i think that if 600 people who taste something and agree \"yeah that's bad\" or \"yeah that's good.\" We've created a situation where subjective opinion has evolved to the point where its basically, via a sortve psuedo collective conciousness, now an objective measurement. We can already point to factors which lead to higher quality beans and methods which lead to \"ideal\" flavor for each bean and roast. \n\nI mostly drink espresso where minor adjustments to grind size, age, temperature can completely change the taste of the espresso. A 28gram shot pulled shot at 25-30 seconds vs a shot pulled in 10 seconds will taste very very different and although there may be 1 person in 10,000 who likes the 10 second shot nearly everyone will enjoy the properly pulled shot more. Sourness, sweetness, acidity, mouthfeel its all balanced in a proper shot.", "is_submitter": false, "distinguished": null, "created_utc": 1600530359.0, "parent_id": "t1_g5s9fm7", "replies": [{"author": "maccaroneski", "id": "g5tv4bx", "score": 1, "subreddit": "BuyItForLife", "author_flair": null, "submission": "iv81jn", "stickied": false, "body": "According to your argument however in the US (where I currently live),  SPPW is objectively better as 550  of those 600 prefer it.  \n\nI am proud to be Australian however in light of the fact that Starbucks failed miserably there. \n\n[This article](https://www.google.com/amp/s/www.businessinsider.com/starbucks-closing-stores-in-australia-2014-5%3famp) is warming to the cockles of a coffee snob's heart.", "is_submitter": false, "distinguished": null, "created_utc": 1600531776.0, "parent_id": "t1_g5ts40z", "replies": [{"author": "Cagg", "id": "g5tyupv", "score": 1, "subreddit": "BuyItForLife", "author_flair": null, "submission": "iv81jn", "stickied": false, "body": "Sorry im a bit confused what you mean by SPPW?\n\nAs far as 550 of 600 prefer it. im assuming you mean Starbucks?", "is_submitter": false, "distinguished": null, "created_utc": 1600533796.0, "parent_id": "t1_g5tv4bx", "replies": []}]}]}]}, {"author": "di3inaf1r3", "id": "g5r4a3l", "score": 2, "subreddit": "BuyItForLife", "author_flair": null, "submission": "iv81jn", "stickied": false, "body": "If you mean to imply that this discussion doesn't apply to people drinking darkly roasted coffee to begin with, then the idea that you should make any sort of attempt to use cooler water also doesn't apply. I don't mean to say that it's bad to have more control over your water temperature of course, but if you're drinking light roasts, you should most likely be using boiling water. They need all the help they can get with extraction.", "is_submitter": false, "distinguished": null, "created_utc": 1600468990.0, "parent_id": "t1_g5qaqiw", "replies": [{"author": "Cagg", "id": "g5s402h", "score": 1, "subreddit": "BuyItForLife", "author_flair": null, "submission": "iv81jn", "stickied": false, "body": "no i mean starbucks is ass, and pre ground coffee is trash, so you've already lost so much quality that at this point why control any variables.", "is_submitter": false, "distinguished": null, "created_utc": 1600487629.0, "parent_id": "t1_g5r4a3l", "replies": []}]}]}]}]}, {"author": "DELETED", "id": "g5prtft", "score": 2, "subreddit": "BuyItForLife", "author_flair": null, "submission": "iv81jn", "stickied": false, "body": "[deleted]", "is_submitter": false, "distinguished": null, "created_utc": 1600446111.0, "parent_id": "t1_g5pq1ym", "replies": []}]}, {"author": "SystemFolder", "id": "g5qvalf", "score": 1, "subreddit": "BuyItForLife", "author_flair": null, "submission": "iv81jn", "stickied": false, "body": "Coffee has a flash point of 143\u2103\ufe0e. Water has a boiling point of 100\u2103\ufe0e. Boiling water will not cause coffee to ignite and burn.", "is_submitter": false, "distinguished": null, "created_utc": 1600464805.0, "parent_id": "t1_g5ppc0b", "replies": [{"author": "lancer081292", "id": "g5sbtwd", "score": 4, "subreddit": "BuyItForLife", "author_flair": null, "submission": "iv81jn", "stickied": false, "body": "That isn't quite the issue they are having. Being coffee with boiling water can over extract from the beans causing the coffee to be more bitter then it needs to be. Personally, I'd hazard a guess that many people notice the change in taste even if they don't know why said change occurred. Leading to many people saying \"my coffee burned\".", "is_submitter": false, "distinguished": null, "created_utc": 1600492676.0, "parent_id": "t1_g5qvalf", "replies": []}]}, {"author": "FatchRacall", "id": "g5pudd5", "score": 0, "subreddit": "BuyItForLife", "author_flair": null, "submission": "iv81jn", "stickied": false, "body": "But you don't use a paper filter with a french press which increases cafestol content in the coffee, thus raising your risk of heart disease.\n\nLots and lots of science but end result is always filter your coffee through a paper filter.  Cafestol is the \"most potent cholesterol-elevating compound identified in the human diet.\"\n\nOf course, if you're more at risk for cancer than heart disease, then drink unfiltered, because the same chemical (and its brother, kahweol), has anti-tumer and anti-inflammation properties.", "is_submitter": false, "distinguished": null, "created_utc": 1600447236.0, "parent_id": "t1_g5ppc0b", "replies": [{"author": "NonGNonM", "id": "g5r4g7e", "score": 3, "subreddit": "BuyItForLife", "author_flair": null, "submission": "iv81jn", "stickied": false, "body": "Did whatever study you read this from cite any figures from other parts of the world that regularly drink coffee unfiltered or is this primarily based around american diet/lifestyles?", "is_submitter": false, "distinguished": null, "created_utc": 1600469084.0, "parent_id": "t1_g5pudd5", "replies": [{"author": "FatchRacall", "id": "g5rfnqy", "score": 1, "subreddit": "BuyItForLife", "author_flair": null, "submission": "iv81jn", "stickied": false, "body": "The original studies that found the link were double blind.  I didn't look at where they occured.  The later studies are mechanism related - finding exactly what it is that makes unflitered coffee reduce your livers ability to process cholesterol.\n\nSo, they figured out what causes it.  I doubt it's a purely american issue.\n\nHere's the study I'm talking about.  https://www.sciencedaily.com/releases/2007/06/070614162223.htm", "is_submitter": false, "distinguished": null, "created_utc": 1600475360.0, "parent_id": "t1_g5r4g7e", "replies": [{"author": "NonGNonM", "id": "g5rgjyc", "score": 1, "subreddit": "BuyItForLife", "author_flair": null, "submission": "iv81jn", "stickied": false, "body": "hrm. looks like the study was run by Baylor but had a lot of dutch researchers.\n\nFrench press, espresso, and scandinavian brew were used.\n\nDef worth looking into but it's a bit scant on details - LDL/HDL levels?  High cholesterol isn't innately bad though it's linked to heart disease.  I'm only asking because there are plenty of areas around the world that drink unfiltered coffee and still have lower heart disease rates than the US.", "is_submitter": false, "distinguished": null, "created_utc": 1600475851.0, "parent_id": "t1_g5rfnqy", "replies": [{"author": "FatchRacall", "id": "g5rrt9i", "score": 1, "subreddit": "BuyItForLife", "author_flair": null, "submission": "iv81jn", "stickied": false, "body": "Yeah.  Everything I can find suggests it's really dangerous.  I'll use filters til I hear differently haha - my dad has high cholesterol.\n\nAnd there's a lot more info about it.  Do a quick Google search about it, it's really interesting how much it affects those levels.  Like, 60% increase over 4 weeks increase.", "is_submitter": false, "distinguished": null, "created_utc": 1600481378.0, "parent_id": "t1_g5rgjyc", "replies": []}]}]}]}, {"author": "catburritos", "id": "g5qi04w", "score": 2, "subreddit": "BuyItForLife", "author_flair": null, "submission": "iv81jn", "stickied": false, "body": "\u00af\\\\\\_(\u30c4)\\_/\u00af Why not both? I French Press or AeroPress (with metal filter) at home and drip at work.\n\nOr does that just cause heart cancer.", "is_submitter": false, "distinguished": null, "created_utc": 1600458891.0, "parent_id": "t1_g5pudd5", "replies": [{"author": "FatchRacall", "id": "g5qipff", "score": 1, "subreddit": "BuyItForLife", "author_flair": null, "submission": "iv81jn", "stickied": false, "body": "Haha.  Metal filters don't actually stop that oil, it's only the paper filters that help.  I had a cholesterol spike the other month and found out it's probably because COVID has me brewing my coffee at home more and I only used metal mesh filters and not paper.", "is_submitter": false, "distinguished": null, "created_utc": 1600459189.0, "parent_id": "t1_g5qi04w", "replies": [{"author": "catburritos", "id": "g5qiy7l", "score": 2, "subreddit": "BuyItForLife", "author_flair": null, "submission": "iv81jn", "stickied": false, "body": "That\u2019s good info. I probably will need to be watching that cholesterol soon enough.", "is_submitter": false, "distinguished": null, "created_utc": 1600459295.0, "parent_id": "t1_g5qipff", "replies": [{"author": "FatchRacall", "id": "g5qjhpy", "score": 1, "subreddit": "BuyItForLife", "author_flair": null, "submission": "iv81jn", "stickied": false, "body": "I'm only mid 30's and found out I need to start watching it at my last doctor's apt.  Only a tiny bit \"high\" but still, gotta be careful ya know?  No clue how long it's been high - hadn't seen a doctor since I was 24 before that because American health care.", "is_submitter": false, "distinguished": null, "created_utc": 1600459528.0, "parent_id": "t1_g5qiy7l", "replies": [{"author": "catburritos", "id": "g5qjjya", "score": 1, "subreddit": "BuyItForLife", "author_flair": null, "submission": "iv81jn", "stickied": false, "body": "Dude are you me?", "is_submitter": false, "distinguished": null, "created_utc": 1600459554.0, "parent_id": "t1_g5qjhpy", "replies": [{"author": "FatchRacall", "id": "g5qk3b8", "score": 1, "subreddit": "BuyItForLife", "author_flair": null, "submission": "iv81jn", "stickied": false, "body": "Possibly.  My cat is indeed currently a burrito on the sofa with a blanket at the moment.", "is_submitter": false, "distinguished": null, "created_utc": 1600459790.0, "parent_id": "t1_g5qjjya", "replies": []}]}]}]}]}]}]}]}]}, {"author": "3BallCornerPocket", "id": "g5pqfcg", "score": 12, "subreddit": "BuyItForLife", "author_flair": null, "submission": "iv81jn", "stickied": false, "body": "I Am currently building a house and have been looking for advice on a built in maker like this. Best I could find was a Bunn commercial grade. \n\nThank you for posting!!", "is_submitter": false, "distinguished": null, "created_utc": 1600445497.0, "parent_id": "t3_iv81jn", "replies": [{"author": "topcat5", "id": "g5rq0rd", "score": 6, "subreddit": "BuyItForLife", "author_flair": null, "submission": "iv81jn", "stickied": false, "body": "Consider a good expresso machine instead if you are going to that kind of expense.  They make much much better coffee even if you end up just making Americanos.", "is_submitter": false, "distinguished": null, "created_utc": 1600480561.0, "parent_id": "t1_g5pqfcg", "replies": []}, {"author": "Bobert0", "id": "g5q3xoe", "score": 2, "subreddit": "BuyItForLife", "author_flair": null, "submission": "iv81jn", "stickied": false, "body": "[check this out. ](https://www.mieleusa.com/e/built-in-coffee-machines-1014554-c) I'm sure other brands have something similar.", "is_submitter": false, "distinguished": null, "created_utc": 1600451649.0, "parent_id": "t1_g5pqfcg", "replies": [{"author": "StuffIsayfor500Alex", "id": "g5q5c7z", "score": 8, "subreddit": "BuyItForLife", "author_flair": null, "submission": "iv81jn", "stickied": false, "body": "For the low low price of, fuck that!", "is_submitter": false, "distinguished": null, "created_utc": 1600452353.0, "parent_id": "t1_g5q3xoe", "replies": [{"author": "ThatsBuddyToYouPal", "id": "g5qtqix", "score": 5, "subreddit": "BuyItForLife", "author_flair": null, "submission": "iv81jn", "stickied": false, "body": "I mean yeah, but there's free shipping on orders over $25!", "is_submitter": false, "distinguished": null, "created_utc": 1600464100.0, "parent_id": "t1_g5q5c7z", "replies": []}]}, {"author": "catburritos", "id": "g5qika7", "score": 5, "subreddit": "BuyItForLife", "author_flair": null, "submission": "iv81jn", "stickied": false, "body": "BRUH four stacks for a coffeemaker.\n\nMiele is amazing but that\u2019s more than a McD\u2019s $1 cuppa joe every day for 11 years, before you even factor the coffee in!", "is_submitter": false, "distinguished": null, "created_utc": 1600459126.0, "parent_id": "t1_g5q3xoe", "replies": [{"author": "mau5hunter", "id": "g5r6eno", "score": 3, "subreddit": "BuyItForLife", "author_flair": null, "submission": "iv81jn", "stickied": false, "body": "Tbf it looks like those Miele systems will grind coffee, make espresso, foam milk, and put it together for you, so they are wayyyy more complex than a normal drip coffee machine", "is_submitter": false, "distinguished": null, "created_utc": 1600470200.0, "parent_id": "t1_g5qika7", "replies": []}, {"author": "Bobert0", "id": "g5qiude", "score": 1, "subreddit": "BuyItForLife", "author_flair": null, "submission": "iv81jn", "stickied": false, "body": "Agreed, which is why I'm sure there's a knockoff from another brand.", "is_submitter": false, "distinguished": null, "created_utc": 1600459250.0, "parent_id": "t1_g5qika7", "replies": []}]}]}]}, {"author": "phreshphishdaily", "id": "g5pmys4", "score": 18, "subreddit": "BuyItForLife", "author_flair": null, "submission": "iv81jn", "stickied": false, "body": "What is this magical contraption. Like it\u2019s just built into your kitchen?", "is_submitter": false, "distinguished": null, "created_utc": 1600443954.0, "parent_id": "t3_iv81jn", "replies": [{"author": "linuxpenguin823", "id": "g5pnwyn", "score": 28, "subreddit": "BuyItForLife", "author_flair": null, "submission": "iv81jn", "stickied": false, "body": "Looks like it\u2019s basically a water heater with an attached water line and the dial on the right can select how much hot water you want it to pour out (basically any coffee maker). There are rails on the bottom left of the unit to slide the bowl, filter, and grounds in underneath.", "is_submitter": false, "distinguished": null, "created_utc": 1600444398.0, "parent_id": "t1_g5pmys4", "replies": [{"author": "Drgibson335", "id": "g5pq67p", "score": 12, "subreddit": "BuyItForLife", "author_flair": null, "submission": "iv81jn", "stickied": false, "body": "Yes, that\u2019s exactly how it works", "is_submitter": true, "distinguished": null, "created_utc": 1600445391.0, "parent_id": "t1_g5pnwyn", "replies": [{"author": "hat-of-sky", "id": "g5prbds", "score": 2, "subreddit": "BuyItForLife", "author_flair": null, "submission": "iv81jn", "stickied": false, "body": "Is there something tall that sits on top of the pot when brewing or does the water/coffee just splash down like a waterfall?", "is_submitter": false, "distinguished": null, "created_utc": 1600445887.0, "parent_id": "t1_g5pq67p", "replies": [{"author": "Drgibson335", "id": "g5ps031", "score": 4, "subreddit": "BuyItForLife", "author_flair": null, "submission": "iv81jn", "stickied": false, "body": "Good question, I just open the lid when it\u2019s brewing and it drips right in", "is_submitter": true, "distinguished": null, "created_utc": 1600446193.0, "parent_id": "t1_g5prbds", "replies": []}, {"author": "OneTallVol", "id": "g5q736k", "score": 3, "subreddit": "BuyItForLife", "author_flair": null, "submission": "iv81jn", "stickied": false, "body": "there is a 'bowl' with the filter and grounds in it that are not shown here. it connects to the top piece and makes up most of the gap you're seeing between the built-in part and the carafe.", "is_submitter": false, "distinguished": null, "created_utc": 1600453245.0, "parent_id": "t1_g5prbds", "replies": []}]}]}]}]}, {"author": "tmccrn", "id": "g5puv2y", "score": 9, "subreddit": "BuyItForLife", "author_flair": null, "submission": "iv81jn", "stickied": false, "body": "My grandmother's house had built in everythings (griddle, blender, food processor, etc.) but she did Not have a built in coffee maker.  My heart is melting.", "is_submitter": false, "distinguished": null, "created_utc": 1600447459.0, "parent_id": "t3_iv81jn", "replies": []}, {"author": "krushAVL", "id": "g5r5jq5", "score": 6, "subreddit": "BuyItForLife", "author_flair": null, "submission": "iv81jn", "stickied": false, "body": "You look rich", "is_submitter": false, "distinguished": null, "created_utc": 1600469705.0, "parent_id": "t3_iv81jn", "replies": []}, {"author": "Peepers54", "id": "g5pp058", "score": 3, "subreddit": "BuyItForLife", "author_flair": null, "submission": "iv81jn", "stickied": false, "body": "That is everything", "is_submitter": false, "distinguished": null, "created_utc": 1600444873.0, "parent_id": "t3_iv81jn", "replies": []}, {"author": "Dubwyse_selectah805", "id": "g5ppccw", "score": 2, "subreddit": "BuyItForLife", "author_flair": null, "submission": "iv81jn", "stickied": false, "body": "Any coffee machine with a label like that and stainless steel is BIFL. This is awesome!", "is_submitter": false, "distinguished": null, "created_utc": 1600445020.0, "parent_id": "t3_iv81jn", "replies": []}, {"author": "paulchen81", "id": "g5pqtmj", "score": 2, "subreddit": "BuyItForLife", "author_flair": null, "submission": "iv81jn", "stickied": false, "body": "That's really cool. I wish I could build something like that into my flat", "is_submitter": false, "distinguished": null, "created_utc": 1600445669.0, "parent_id": "t3_iv81jn", "replies": []}, {"author": "Razorwyre", "id": "g5ps469", "score": 2, "subreddit": "BuyItForLife", "author_flair": null, "submission": "iv81jn", "stickied": false, "body": "This is cool! Have you ever took the temperature of the water or measured how repeatable the water volume is?", "is_submitter": false, "distinguished": null, "created_utc": 1600446236.0, "parent_id": "t3_iv81jn", "replies": []}, {"author": "Laurensios", "id": "g5q3cwq", "score": 2, "subreddit": "BuyItForLife", "author_flair": null, "submission": "iv81jn", "stickied": false, "body": "How do you clean it from the inside?", "is_submitter": false, "distinguished": null, "created_utc": 1600451362.0, "parent_id": "t3_iv81jn", "replies": [{"author": "catburritos", "id": "g5qisoc", "score": 3, "subreddit": "BuyItForLife", "author_flair": null, "submission": "iv81jn", "stickied": false, "body": "All that\u2019s up there is the water lines and heating element. Not really much to clean. \n\nThe coffee and filter sit in a basket that slides up into the top left, and the pot sits under it.", "is_submitter": false, "distinguished": null, "created_utc": 1600459228.0, "parent_id": "t1_g5q3cwq", "replies": []}]}, {"author": "maearrecho", "id": "g5qe09f", "score": 2, "subreddit": "BuyItForLife", "author_flair": null, "submission": "iv81jn", "stickied": false, "body": "30 years. And you were able to find a replacement heating element. That restores my faith in our consumer economy.", "is_submitter": false, "distinguished": null, "created_utc": 1600456820.0, "parent_id": "t3_iv81jn", "replies": []}, {"author": "RugerRedhawk", "id": "g5qgbob", "score": 2, "subreddit": "BuyItForLife", "author_flair": null, "submission": "iv81jn", "stickied": false, "body": "Not having a coffee pot hooked straight to a water supply has been something that has always driven me nuts. Seems like such a no brainier setup for households that drink coffee daily.", "is_submitter": false, "distinguished": null, "created_utc": 1600458031.0, "parent_id": "t3_iv81jn", "replies": []}, {"author": "Down_To_My_Last_Fuck", "id": "g5qigj2", "score": 2, "subreddit": "BuyItForLife", "author_flair": null, "submission": "iv81jn", "stickied": false, "body": "It's the little things we grow to appreciate.", "is_submitter": false, "distinguished": null, "created_utc": 1600459082.0, "parent_id": "t3_iv81jn", "replies": []}, {"author": "IRL2DXB", "id": "g5qkel5", "score": 2, "subreddit": "BuyItForLife", "author_flair": null, "submission": "iv81jn", "stickied": false, "body": "You must be addicted by now! Not just to coffee but that machine too haha.", "is_submitter": false, "distinguished": null, "created_utc": 1600459927.0, "parent_id": "t3_iv81jn", "replies": []}, {"author": "b1ack1323", "id": "g5qtzmw", "score": 2, "subreddit": "BuyItForLife", "author_flair": null, "submission": "iv81jn", "stickied": false, "body": "Damn. Discontinued. Guess I won't be building this into my kitchen", "is_submitter": false, "distinguished": null, "created_utc": 1600464212.0, "parent_id": "t3_iv81jn", "replies": []}, {"author": "Watchman74", "id": "g5r0fww", "score": 2, "subreddit": "BuyItForLife", "author_flair": null, "submission": "iv81jn", "stickied": false, "body": "From back when they knew how to build stuff. Awesome.", "is_submitter": false, "distinguished": null, "created_utc": 1600467146.0, "parent_id": "t3_iv81jn", "replies": []}, {"author": "nikwasi", "id": "g5r5zhu", "score": 2, "subreddit": "BuyItForLife", "author_flair": null, "submission": "iv81jn", "stickied": false, "body": "That\u2019s a beauty", "is_submitter": false, "distinguished": null, "created_utc": 1600469956.0, "parent_id": "t3_iv81jn", "replies": []}, {"author": "konija88", "id": "g5r6ggv", "score": 2, "subreddit": "BuyItForLife", "author_flair": null, "submission": "iv81jn", "stickied": false, "body": "This is so cool and I\u2019d like to install one in a home I own one day.", "is_submitter": false, "distinguished": null, "created_utc": 1600470229.0, "parent_id": "t3_iv81jn", "replies": []}, {"author": "C3G0", "id": "g5renw4", "score": 2, "subreddit": "BuyItForLife", "author_flair": null, "submission": "iv81jn", "stickied": false, "body": "That coffee setup is so sick! Blend of old school stone with modern electronics. Two thumbs up!!", "is_submitter": false, "distinguished": null, "created_utc": 1600474805.0, "parent_id": "t3_iv81jn", "replies": []}, {"author": "ericfromct", "id": "g5ryf07", "score": 2, "subreddit": "BuyItForLife", "author_flair": null, "submission": "iv81jn", "stickied": false, "body": "Wow that's really cool I totally want a built-in coffee maker now", "is_submitter": false, "distinguished": null, "created_utc": 1600484485.0, "parent_id": "t3_iv81jn", "replies": []}, {"author": "admiral_derpness", "id": "g5s6l4z", "score": 2, "subreddit": "BuyItForLife", "author_flair": null, "submission": "iv81jn", "stickied": false, "body": "devotion. you have my envy and respect.", "is_submitter": false, "distinguished": null, "created_utc": 1600489018.0, "parent_id": "t3_iv81jn", "replies": []}, {"author": "thefishhawk1", "id": "g5prse2", "score": 2, "subreddit": "BuyItForLife", "author_flair": null, "submission": "iv81jn", "stickied": false, "body": "that's sweet.    I've got a Brew Express I put in and tee'd the line into my ice maker line.    Makes such a huge difference not having to deal with the water part of it.", "is_submitter": false, "distinguished": null, "created_utc": 1600446098.0, "parent_id": "t3_iv81jn", "replies": []}, {"author": "kha3rd", "id": "g5porq3", "score": 2, "subreddit": "BuyItForLife", "author_flair": null, "submission": "iv81jn", "stickied": false, "body": "good angle on the photo, i could see the effort you put into it from the reflection on the pot", "is_submitter": false, "distinguished": null, "created_utc": 1600444772.0, "parent_id": "t3_iv81jn", "replies": []}, {"author": "LegitimateBlonde", "id": "g5psaec", "score": 1, "subreddit": "BuyItForLife", "author_flair": null, "submission": "iv81jn", "stickied": false, "body": "I has no idea that was even a thing to be done!!! Amazing.", "is_submitter": false, "distinguished": null, "created_utc": 1600446304.0, "parent_id": "t3_iv81jn", "replies": []}, {"author": "WaterRresistant", "id": "g5ptatv", "score": 1, "subreddit": "BuyItForLife", "author_flair": null, "submission": "iv81jn", "stickied": false, "body": "Does it drop the coffee from all that height? Doesn't it create a cooling effect?", "is_submitter": false, "distinguished": null, "created_utc": 1600446735.0, "parent_id": "t3_iv81jn", "replies": []}, {"author": "jackwoww", "id": "g5pteez", "score": 1, "subreddit": "BuyItForLife", "author_flair": null, "submission": "iv81jn", "stickied": false, "body": "Nice tile work homie.", "is_submitter": false, "distinguished": null, "created_utc": 1600446784.0, "parent_id": "t3_iv81jn", "replies": []}, {"author": "azcaks", "id": "g5q3ehd", "score": 1, "subreddit": "BuyItForLife", "author_flair": null, "submission": "iv81jn", "stickied": false, "body": "Just want to make sure I understand: this essentially pours out a specified amount of hot water that passes through a filter/coffee grounds to brew coffee? Does this mean it can work for tea, too?", "is_submitter": false, "distinguished": null, "created_utc": 1600451384.0, "parent_id": "t3_iv81jn", "replies": [{"author": "hereforthecommentz", "id": "g5q61oe", "score": 3, "subreddit": "BuyItForLife", "author_flair": null, "submission": "iv81jn", "stickied": false, "body": "Water that is the right temperature to make coffee is not hot enough to make proper tea. America and continental Europe have not figured this out yet. Tea water needs to be boiling. Source: am a Brit.", "is_submitter": false, "distinguished": null, "created_utc": 1600452713.0, "parent_id": "t1_g5q3ehd", "replies": [{"author": "azcaks", "id": "g5q6aup", "score": 1, "subreddit": "BuyItForLife", "author_flair": null, "submission": "iv81jn", "stickied": false, "body": "Ok, so for this to be perfect, you\u2019d be able to determine the specific amount of water AND perfect temperature. That has to exist somewhere... right?", "is_submitter": false, "distinguished": null, "created_utc": 1600452845.0, "parent_id": "t1_g5q61oe", "replies": [{"author": "hereforthecommentz", "id": "g5q6qz9", "score": 4, "subreddit": "BuyItForLife", "author_flair": null, "submission": "iv81jn", "stickied": false, "body": "We have a $30k coffee maker at work. It has a button for coffee, one for black tea (100C) and one for green tea (80C). Our old kettle also let you set desired temperature from 80-85-90-95-100C but you had to put the desired quantity of water in yourself. It only cost $100.", "is_submitter": false, "distinguished": null, "created_utc": 1600453075.0, "parent_id": "t1_g5q6aup", "replies": []}]}]}]}, {"author": "zyzzogeton", "id": "g5q53qb", "score": 1, "subreddit": "BuyItForLife", "author_flair": null, "submission": "iv81jn", "stickied": false, "body": "There is a filter basket that slides into the square bracket on the right that is missing from the photo that is probably confusing to people not familiar with this coffee maker.", "is_submitter": false, "distinguished": null, "created_utc": 1600452232.0, "parent_id": "t3_iv81jn", "replies": []}, {"author": "crustal", "id": "g5q7pv7", "score": 1, "subreddit": "BuyItForLife", "author_flair": null, "submission": "iv81jn", "stickied": false, "body": "So crazy! I have that stainless steel kettle and never knew what it came from. I use it on the stovetop...", "is_submitter": false, "distinguished": null, "created_utc": 1600453569.0, "parent_id": "t3_iv81jn", "replies": []}, {"author": "very_disappointed", "id": "g5rgw56", "score": 1, "subreddit": "BuyItForLife", "author_flair": null, "submission": "iv81jn", "stickied": false, "body": "Where can you buy one?", "is_submitter": false, "distinguished": null, "created_utc": 1600476035.0, "parent_id": "t3_iv81jn", "replies": []}, {"author": "BlackSeranna", "id": "g5rk8zl", "score": 1, "subreddit": "BuyItForLife", "author_flair": null, "submission": "iv81jn", "stickied": false, "body": "I love your setup!", "is_submitter": false, "distinguished": null, "created_utc": 1600477928.0, "parent_id": "t3_iv81jn", "replies": []}, {"author": "Xertez", "id": "g5rxu5h", "score": 1, "subreddit": "BuyItForLife", "author_flair": null, "submission": "iv81jn", "stickied": false, "body": "How do you keep hard water from clogging the lines? Is there something cleansing it up on the way into the house?", "is_submitter": false, "distinguished": null, "created_utc": 1600484215.0, "parent_id": "t3_iv81jn", "replies": [{"author": "Drgibson335", "id": "g5s0ud1", "score": 2, "subreddit": "BuyItForLife", "author_flair": null, "submission": "iv81jn", "stickied": false, "body": "The water line is a branch after the filter that goes to the fridge so it\u2019s clean water", "is_submitter": true, "distinguished": null, "created_utc": 1600485706.0, "parent_id": "t1_g5rxu5h", "replies": []}]}, {"author": "SkootchDown", "id": "g5s4n3f", "score": 1, "subreddit": "BuyItForLife", "author_flair": null, "submission": "iv81jn", "stickied": false, "body": "Holy shit, why don't I have this in my shower??", "is_submitter": false, "distinguished": null, "created_utc": 1600487971.0, "parent_id": "t3_iv81jn", "replies": []}, {"author": "HappySlapsgiving", "id": "g5s5kqq", "score": 1, "subreddit": "BuyItForLife", "author_flair": null, "submission": "iv81jn", "stickied": false, "body": "Can we have more pictures please?? Like zoomed out; for context. Love this.", "is_submitter": false, "distinguished": null, "created_utc": 1600488473.0, "parent_id": "t3_iv81jn", "replies": []}, {"author": "SheerSonicBlue", "id": "g5sjig9", "score": 1, "subreddit": "BuyItForLife", "author_flair": null, "submission": "iv81jn", "stickied": false, "body": "Incredible how much the simple ability to change a heating element saves you over the years. Just got out oven back in order for $23 for about 5 minutes of work.", "is_submitter": false, "distinguished": null, "created_utc": 1600498558.0, "parent_id": "t3_iv81jn", "replies": []}, {"author": "proteinn", "id": "g5t1rru", "score": 1, "subreddit": "BuyItForLife", "author_flair": null, "submission": "iv81jn", "stickied": false, "body": "r/Coffee", "is_submitter": false, "distinguished": null, "created_utc": 1600517930.0, "parent_id": "t3_iv81jn", "replies": []}, {"author": "disneycm_matt", "id": "g5thn8a", "score": 1, "subreddit": "BuyItForLife", "author_flair": null, "submission": "iv81jn", "stickied": false, "body": "I hope the bean hopper is also chrome", "is_submitter": false, "distinguished": null, "created_utc": 1600525849.0, "parent_id": "t3_iv81jn", "replies": []}, {"author": "slider1010", "id": "g5tkogm", "score": 1, "subreddit": "BuyItForLife", "author_flair": null, "submission": "iv81jn", "stickied": false, "body": "My wife saw this and said , \"It's in the shower?\"", "is_submitter": false, "distinguished": null, "created_utc": 1600527106.0, "parent_id": "t3_iv81jn", "replies": []}, {"author": "Unexcused_immigrant", "id": "g5u1lus", "score": 1, "subreddit": "BuyItForLife", "author_flair": null, "submission": "iv81jn", "stickied": false, "body": "This is awesome. Thanks for sharing didn\u2019t know something like this existed", "is_submitter": false, "distinguished": null, "created_utc": 1600535315.0, "parent_id": "t3_iv81jn", "replies": []}, {"author": "PrincessSheogorath", "id": "g637uqm", "score": 1, "subreddit": "BuyItForLife", "author_flair": null, "submission": "iv81jn", "stickied": false, "body": "i absolutely LOVE THIS \ud83d\udc97 \n\nAnd now my husband is gunna be mad i have one more requirement for when we stop renting and eventually buy a house haha", "is_submitter": false, "distinguished": null, "created_utc": 1600687058.0, "parent_id": "t3_iv81jn", "replies": []}, {"author": "neroburn451", "id": "g5pv81d", "score": -7, "subreddit": "BuyItForLife", "author_flair": null, "submission": "iv81jn", "stickied": false, "body": "What's it like being rich for over 30 years? Can you do an AMA?", "is_submitter": false, "distinguished": null, "created_utc": 1600447627.0, "parent_id": "t3_iv81jn", "replies": []}, {"author": "shinstigator", "id": "hoqq4ps", "score": 1, "subreddit": "BuyItForLife", "author_flair": null, "submission": "iv81jn", "stickied": false, "body": "My mom has one of these and it's finally dying! It leaks and the water supply valve has to be shut off every time - I think it's the solenoid valve? About 7 years ago, we also fixed the heating element, but now the parts company (Pamasco) and the local service company are both gone. So so sad. Any tips?", "is_submitter": false, "distinguished": null, "created_utc": 1639629702.0, "parent_id": "t3_iv81jn", "replies": []}]}