{"title": "Seiko radio wave alarm clock - smashed repeatedly every morning for almost 20 years and still works great!", "name": "t3_szas9o", "url": "https://i.imgur.com/IutRAal.png", "selftext": "", "score": 154, "upvote_ratio": 0.95, "permalink": "/r/BuyItForLife/comments/szas9o/seiko_radio_wave_alarm_clock_smashed_repeatedly/", "id": "szas9o", "author": "drsimonz", "link_flair_text": "Vintage", "num_comments": 6, "over_18": false, "spoiler": false, "pinned": false, "locked": false, "distinguished": null, "created_utc": 1645598683.0, "comments": [{"author": "derHundenase", "id": "hy2qja5", "score": 10, "subreddit": "BuyItForLife", "author_flair": null, "submission": "szas9o", "stickied": false, "body": "The Japanese know quality", "is_submitter": false, "distinguished": null, "created_utc": 1645602466.0, "parent_id": "t3_szas9o", "replies": []}, {"author": "jwindh1", "id": "hy3hgps", "score": 10, "subreddit": "BuyItForLife", "author_flair": null, "submission": "szas9o", "stickied": false, "body": "Awesome, it\u2019s just like my wife", "is_submitter": false, "distinguished": null, "created_utc": 1645622478.0, "parent_id": "t3_szas9o", "replies": [{"author": "drsimonz", "id": "hy4kwqn", "score": 5, "subreddit": "BuyItForLife", "author_flair": null, "submission": "szas9o", "stickied": false, "body": "lol I should have thought a little harder before choosing this title", "is_submitter": true, "distinguished": null, "created_utc": 1645638862.0, "parent_id": "t1_hy3hgps", "replies": []}]}, {"author": "DELETED", "id": "hy2oed6", "score": -7, "subreddit": "BuyItForLife", "author_flair": null, "submission": "szas9o", "stickied": false, "body": "[deleted]", "is_submitter": false, "distinguished": null, "created_utc": 1645600808.0, "parent_id": "t3_szas9o", "replies": [{"author": "drsimonz", "id": "hy2qxpx", "score": 2, "subreddit": "BuyItForLife", "author_flair": null, "submission": "szas9o", "stickied": false, "body": "bruh..", "is_submitter": true, "distinguished": null, "created_utc": 1645602777.0, "parent_id": "t1_hy2oed6", "replies": []}, {"author": "bababoobababoo", "id": "hy3sxak", "score": 0, "subreddit": "BuyItForLife", "author_flair": null, "submission": "szas9o", "stickied": false, "body": "You're disgusting", "is_submitter": false, "distinguished": null, "created_utc": 1645627871.0, "parent_id": "t1_hy2oed6", "replies": []}]}, {"author": "DR0p_gkid64", "id": "hy2pgnu", "score": 1, "subreddit": "BuyItForLife", "author_flair": null, "submission": "szas9o", "stickied": false, "body": "That thing is as old as me", "is_submitter": false, "distinguished": null, "created_utc": 1645601637.0, "parent_id": "t3_szas9o", "replies": []}]}