{"title": "I heard you guys like vintage mechanical pencils\u2026 Pentel Quicker Clicker original+", "name": "t3_tpallz", "url": "https://i.redd.it/gjmxgj3e8up81.jpg", "selftext": "", "score": 998, "upvote_ratio": 0.94, "permalink": "/r/BuyItForLife/comments/tpallz/i_heard_you_guys_like_vintage_mechanical_pencils/", "id": "tpallz", "author": "ear2theshell", "link_flair_text": "Vintage", "num_comments": 50, "over_18": false, "spoiler": false, "pinned": false, "locked": false, "distinguished": null, "created_utc": 1648348344.0, "comments": [{"author": "datalovesspot", "id": "i29pqfn", "score": 125, "subreddit": "BuyItForLife", "author_flair": null, "submission": "tpallz", "stickied": false, "body": "If I used those in school, am I technically vintage?", "is_submitter": false, "distinguished": null, "created_utc": 1648348987.0, "parent_id": "t3_tpallz", "replies": [{"author": "jamesmon", "id": "i2b074l", "score": 21, "subreddit": "BuyItForLife", "author_flair": null, "submission": "tpallz", "stickied": false, "body": "Yea wtf", "is_submitter": false, "distinguished": null, "created_utc": 1648383439.0, "parent_id": "t1_i29pqfn", "replies": []}, {"author": "nicesunniesmate", "id": "i2b7yyb", "score": 18, "subreddit": "BuyItForLife", "author_flair": null, "submission": "tpallz", "stickied": false, "body": "Yeah wtf. I had one of these in school and I\u2019m not even 30 yet!", "is_submitter": false, "distinguished": null, "created_utc": 1648387994.0, "parent_id": "t1_i29pqfn", "replies": []}, {"author": "ponyboy3", "id": "i2dtuwo", "score": 2, "subreddit": "BuyItForLife", "author_flair": null, "submission": "tpallz", "stickied": false, "body": "you oooold. me also", "is_submitter": false, "distinguished": null, "created_utc": 1648430466.0, "parent_id": "t1_i29pqfn", "replies": []}]}, {"author": "KatastropheKraut", "id": "i29tkzu", "score": 76, "subreddit": "BuyItForLife", "author_flair": null, "submission": "tpallz", "stickied": false, "body": "Vintage? I feel so old", "is_submitter": false, "distinguished": null, "created_utc": 1648351086.0, "parent_id": "t3_tpallz", "replies": [{"author": "TheWraithOfMorii", "id": "i2atjg8", "score": 13, "subreddit": "BuyItForLife", "author_flair": null, "submission": "tpallz", "stickied": false, "body": "Exactly my response. \"Vintage...? Oh.\"", "is_submitter": false, "distinguished": null, "created_utc": 1648378437.0, "parent_id": "t1_i29tkzu", "replies": []}]}, {"author": "mvw2", "id": "i29yu7e", "score": 38, "subreddit": "BuyItForLife", "author_flair": null, "submission": "tpallz", "stickied": false, "body": "I take offense to calling that vintage!\n\nThose were such a great design.", "is_submitter": false, "distinguished": null, "created_utc": 1648354154.0, "parent_id": "t3_tpallz", "replies": []}, {"author": "cardew-vascular", "id": "i2a5zb9", "score": 35, "subreddit": "BuyItForLife", "author_flair": null, "submission": "tpallz", "stickied": false, "body": "Man my parker mechanical pencil from  1961 must be something out of an archeological dig if the pencils I used in highschool in the 1990s are vintage", "is_submitter": false, "distinguished": null, "created_utc": 1648358841.0, "parent_id": "t3_tpallz", "replies": [{"author": "flabsatron", "id": "i2adaz6", "score": 2, "subreddit": "BuyItForLife", "author_flair": null, "submission": "tpallz", "stickied": false, "body": "worth?", "is_submitter": false, "distinguished": null, "created_utc": 1648364561.0, "parent_id": "t1_i2a5zb9", "replies": [{"author": "cardew-vascular", "id": "i2bod9p", "score": 5, "subreddit": "BuyItForLife", "author_flair": null, "submission": "tpallz", "stickied": false, "body": "According to ebay between $20-$35. I never thought about its worth, I just use it.  It writes softer than the average mechanical pencil because it's.9mm instead of .5", "is_submitter": false, "distinguished": null, "created_utc": 1648395578.0, "parent_id": "t1_i2adaz6", "replies": []}]}]}, {"author": "buckalum", "id": "i2a37mx", "score": 13, "subreddit": "BuyItForLife", "author_flair": null, "submission": "tpallz", "stickied": false, "body": "I had them in JR High, early nineties.", "is_submitter": false, "distinguished": null, "created_utc": 1648356920.0, "parent_id": "t3_tpallz", "replies": []}, {"author": "Kalima", "id": "i2acp6s", "score": 10, "subreddit": "BuyItForLife", "author_flair": null, "submission": "tpallz", "stickied": false, "body": "Shit those are vintage now... God I'm old", "is_submitter": false, "distinguished": null, "created_utc": 1648364054.0, "parent_id": "t3_tpallz", "replies": []}, {"author": "cathartica_cutter", "id": "i2a74lc", "score": 9, "subreddit": "BuyItForLife", "author_flair": null, "submission": "tpallz", "stickied": false, "body": "This reminds me of my grandmothers crossword setup. Always had one click eraser and one Pentel pencil.", "is_submitter": false, "distinguished": null, "created_utc": 1648359675.0, "parent_id": "t3_tpallz", "replies": []}, {"author": "IKnewThisYearsAgo", "id": "i29xval", "score": 21, "subreddit": "BuyItForLife", "author_flair": null, "submission": "tpallz", "stickied": false, "body": "You can still buy a Pentel P205 and it's exactly the same as 40 years ago.", "is_submitter": false, "distinguished": null, "created_utc": 1648353566.0, "parent_id": "t3_tpallz", "replies": [{"author": "deetee37", "id": "i2ajo3v", "score": 11, "subreddit": "BuyItForLife", "author_flair": null, "submission": "tpallz", "stickied": false, "body": "As an engineer, these are the king of models, I\u2019ve tried and broken most brands, rotring, staedler, big endorsement for the pentel. You can service them too. I\u2019ve had three different sizes since University, still going strong after 22 years of heavy daily use.", "is_submitter": false, "distinguished": null, "created_utc": 1648370050.0, "parent_id": "t1_i29xval", "replies": [{"author": "heili", "id": "i2b1gt8", "score": 5, "subreddit": "BuyItForLife", "author_flair": null, "submission": "tpallz", "stickied": false, "body": "I also have the P205, P207 and P209. Six pencils ... and I have all the pencils I will ever need for the rest of my life.", "is_submitter": false, "distinguished": null, "created_utc": 1648384253.0, "parent_id": "t1_i2ajo3v", "replies": []}]}, {"author": "H8rade", "id": "i2bdwf3", "score": 3, "subreddit": "BuyItForLife", "author_flair": null, "submission": "tpallz", "stickied": false, "body": "I read the comments just to make sure someone mentioned the P205. Best pencil ever. Plus the long needle-like end makes it a great makeshift tool for fixing things.", "is_submitter": false, "distinguished": null, "created_utc": 1648390896.0, "parent_id": "t1_i29xval", "replies": []}]}, {"author": "slip_da_jab", "id": "i2au4m3", "score": 7, "subreddit": "BuyItForLife", "author_flair": null, "submission": "tpallz", "stickied": false, "body": "That eraser was a beast and one of the best erasers I have ever used. I loved those pencils as well...this brings me back...\\*sips tea\\*", "is_submitter": false, "distinguished": null, "created_utc": 1648378923.0, "parent_id": "t3_tpallz", "replies": []}, {"author": "redheadnerdrage", "id": "i29oqla", "score": 4, "subreddit": "BuyItForLife", "author_flair": null, "submission": "tpallz", "stickied": false, "body": "My favorite! I wonder if we\u2019ve still got mine at my moms house somewhere.", "is_submitter": false, "distinguished": null, "created_utc": 1648348463.0, "parent_id": "t3_tpallz", "replies": []}, {"author": "ChoicePerception7311", "id": "i29oxae", "score": 3, "subreddit": "BuyItForLife", "author_flair": null, "submission": "tpallz", "stickied": false, "body": "Still have two from over twenty years ago. My 8 year old has my eraser at school", "is_submitter": false, "distinguished": null, "created_utc": 1648348561.0, "parent_id": "t3_tpallz", "replies": []}, {"author": "77173", "id": "i2akyfp", "score": 5, "subreddit": "BuyItForLife", "author_flair": null, "submission": "tpallz", "stickied": false, "body": "This style of the click eraser is sooo much better than the modern ones. Edit, fixed a word.", "is_submitter": false, "distinguished": null, "created_utc": 1648371176.0, "parent_id": "t3_tpallz", "replies": [{"author": "ear2theshell", "id": "i2al21k", "score": 1, "subreddit": "BuyItForLife", "author_flair": null, "submission": "tpallz", "stickied": false, "body": "Can you elaborate on that?", "is_submitter": true, "distinguished": null, "created_utc": 1648371262.0, "parent_id": "t1_i2akyfp", "replies": [{"author": "77173", "id": "i2al63t", "score": 2, "subreddit": "BuyItForLife", "author_flair": null, "submission": "tpallz", "stickied": false, "body": "I\u2019ve tried the newer style of this several times and eventually the clip breaks. I have of these I\u2019ve used since the 90s that is still like new.", "is_submitter": false, "distinguished": null, "created_utc": 1648371361.0, "parent_id": "t1_i2al21k", "replies": [{"author": "DocBrown314", "id": "i2qcpwy", "score": 1, "subreddit": "BuyItForLife", "author_flair": null, "submission": "tpallz", "stickied": false, "body": "You might want to look into the \"pentel clic erasers for pro,\" which has an aluminum body and a slimmer profile. The clip is also separate from the advance mechanism, so you don't have to retract the eraser all the way to store it.", "is_submitter": false, "distinguished": null, "created_utc": 1648657285.0, "parent_id": "t1_i2al63t", "replies": [{"author": "77173", "id": "i2qtwhi", "score": 2, "subreddit": "BuyItForLife", "author_flair": null, "submission": "tpallz", "stickied": false, "body": "Cool. Thanks, I will.", "is_submitter": false, "distinguished": null, "created_utc": 1648664042.0, "parent_id": "t1_i2qcpwy", "replies": []}]}]}]}]}, {"author": "flipper1935", "id": "i2aefd8", "score": 4, "subreddit": "BuyItForLife", "author_flair": null, "submission": "tpallz", "stickied": false, "body": "sorry for the rude post reply, not here to hurt anyones feelings, but there is nothing in this pic that is anywhere close to \"vintage\".", "is_submitter": false, "distinguished": null, "created_utc": 1648365494.0, "parent_id": "t3_tpallz", "replies": [{"author": "ear2theshell", "id": "i2akze8", "score": -3, "subreddit": "BuyItForLife", "author_flair": null, "submission": "tpallz", "stickied": false, "body": "sorry for the rude post reply, not here to hurt anyones feelings, but you clearly need to look up the definition of \"vintage.\"\n\nthanks for stopping by.", "is_submitter": true, "distinguished": null, "created_utc": 1648371199.0, "parent_id": "t1_i2aefd8", "replies": []}, {"author": "Thirdnipple79", "id": "i2brzlv", "score": 1, "subreddit": "BuyItForLife", "author_flair": null, "submission": "tpallz", "stickied": false, "body": "Those pencils are from the 80s.  What do you think vintage means?", "is_submitter": false, "distinguished": null, "created_utc": 1648397122.0, "parent_id": "t1_i2aefd8", "replies": []}]}, {"author": "-Thizza-", "id": "i2aki9h", "score": 3, "subreddit": "BuyItForLife", "author_flair": null, "submission": "tpallz", "stickied": false, "body": "Does that bottom one say \"clit eraser\"? I thought those didn't exist that long ago.", "is_submitter": false, "distinguished": null, "created_utc": 1648370790.0, "parent_id": "t3_tpallz", "replies": [{"author": "ear2theshell", "id": "i2aktbi", "score": 1, "subreddit": "BuyItForLife", "author_flair": null, "submission": "tpallz", "stickied": false, "body": "_Clic_-Eraser", "is_submitter": true, "distinguished": null, "created_utc": 1648371052.0, "parent_id": "t1_i2aki9h", "replies": [{"author": "-Thizza-", "id": "i2akupp", "score": 2, "subreddit": "BuyItForLife", "author_flair": null, "submission": "tpallz", "stickied": false, "body": "Oh my bad", "is_submitter": false, "distinguished": null, "created_utc": 1648371086.0, "parent_id": "t1_i2aktbi", "replies": [{"author": "jnthnmdr", "id": "i2bhulb", "score": 2, "subreddit": "BuyItForLife", "author_flair": null, "submission": "tpallz", "stickied": false, "body": "No worries. You're not the first to think that.", "is_submitter": false, "distinguished": null, "created_utc": 1648392719.0, "parent_id": "t1_i2akupp", "replies": []}]}]}]}, {"author": "jrfulbright", "id": "i2b6bn3", "score": 2, "subreddit": "BuyItForLife", "author_flair": null, "submission": "tpallz", "stickied": false, "body": "This sub\u2026 smh", "is_submitter": false, "distinguished": null, "created_utc": 1648387098.0, "parent_id": "t3_tpallz", "replies": [{"author": "ear2theshell", "id": "i2bfkkt", "score": -2, "subreddit": "BuyItForLife", "author_flair": null, "submission": "tpallz", "stickied": false, "body": "> **Rules**\n> \n> **1** This is a subreddit emphasizing products that are _Durable, Practical, Proven, and Made-to-Last._\n\nWhat's the problem?", "is_submitter": true, "distinguished": null, "created_utc": 1648391679.0, "parent_id": "t1_i2b6bn3", "replies": []}]}, {"author": "recordgenie", "id": "i2b5sc3", "score": 1, "subreddit": "BuyItForLife", "author_flair": null, "submission": "tpallz", "stickied": false, "body": "That really takes me back to a time", "is_submitter": false, "distinguished": null, "created_utc": 1648386798.0, "parent_id": "t3_tpallz", "replies": []}, {"author": "riddickuliss", "id": "i2b6zkx", "score": 1, "subreddit": "BuyItForLife", "author_flair": null, "submission": "tpallz", "stickied": false, "body": "I remember buying these mechanical pencils from a planetarium gift shop on a second grade field trip circa 1987", "is_submitter": false, "distinguished": null, "created_utc": 1648387462.0, "parent_id": "t3_tpallz", "replies": []}, {"author": "nixienormus", "id": "i2b9g8t", "score": 1, "subreddit": "BuyItForLife", "author_flair": null, "submission": "tpallz", "stickied": false, "body": "Used to have some of these\u2026 great memories. Thanks for sharing.", "is_submitter": false, "distinguished": null, "created_utc": 1648388746.0, "parent_id": "t3_tpallz", "replies": []}, {"author": "b33rb3lly", "id": "i2ba4kr", "score": 1, "subreddit": "BuyItForLife", "author_flair": null, "submission": "tpallz", "stickied": false, "body": "I don't know that I like the \"vintage\" label on things I used in high school in the 90s...but those are *exactly* what I used, every single item.", "is_submitter": false, "distinguished": null, "created_utc": 1648389072.0, "parent_id": "t3_tpallz", "replies": []}, {"author": "IAmElectricHead", "id": "i2bcd84", "score": 1, "subreddit": "BuyItForLife", "author_flair": null, "submission": "tpallz", "stickied": false, "body": "I use garden variety .7 mm pentel leads, but I\u2019d like something a little \u2018softer\u2019.  Any recommendations?", "is_submitter": false, "distinguished": null, "created_utc": 1648390153.0, "parent_id": "t3_tpallz", "replies": []}, {"author": "sailboatjock", "id": "i2bhc6e", "score": 1, "subreddit": "BuyItForLife", "author_flair": null, "submission": "tpallz", "stickied": false, "body": "I am over 30 and have tons of these in my \"shit from school\" box.", "is_submitter": false, "distinguished": null, "created_utc": 1648392496.0, "parent_id": "t3_tpallz", "replies": []}, {"author": "Heathen_Mushroom", "id": "i2bib1g", "score": 1, "subreddit": "BuyItForLife", "author_flair": null, "submission": "tpallz", "stickied": false, "body": "These were my go to pencil for university in the 90s.", "is_submitter": false, "distinguished": null, "created_utc": 1648392923.0, "parent_id": "t3_tpallz", "replies": []}, {"author": "sloantrask", "id": "i2bw7b7", "score": 1, "subreddit": "BuyItForLife", "author_flair": null, "submission": "tpallz", "stickied": false, "body": "Omg those eraser clickers! So many memories!", "is_submitter": false, "distinguished": null, "created_utc": 1648398907.0, "parent_id": "t3_tpallz", "replies": []}, {"author": "81632371", "id": "i2d2ce4", "score": 1, "subreddit": "BuyItForLife", "author_flair": null, "submission": "tpallz", "stickied": false, "body": "Still have some of these from back in the day when I was an auditor and we did paper workpapers. Early 90's. I may never use them again but I keep them (and the extra lead) around just in case.", "is_submitter": false, "distinguished": null, "created_utc": 1648417135.0, "parent_id": "t3_tpallz", "replies": []}, {"author": "onomatopoetix", "id": "i2dkszt", "score": 1, "subreddit": "BuyItForLife", "author_flair": null, "submission": "tpallz", "stickied": false, "body": "Ah...my childhood habit of dismantling, playing with the lead release mechanism, re-assembling...", "is_submitter": false, "distinguished": null, "created_utc": 1648426091.0, "parent_id": "t3_tpallz", "replies": []}, {"author": "FidgetyNinja", "id": "i2pw0el", "score": 1, "subreddit": "BuyItForLife", "author_flair": null, "submission": "tpallz", "stickied": false, "body": "[insert \"man, I'm old\" comment here] These babies are the best! I bought a big pack of them maybe 10 years ago after I lost my last one from the 90s. Since then, I've looked for them but can only find the newer ones with the padded grip. They're not the same :(\n(I haven't looked that hard. I still find them laying around the house.)", "is_submitter": false, "distinguished": null, "created_utc": 1648650550.0, "parent_id": "t3_tpallz", "replies": []}, {"author": "Blutcher", "id": "i2r9zle", "score": 1, "subreddit": "BuyItForLife", "author_flair": null, "submission": "tpallz", "stickied": false, "body": "I bought one of those erasers and the clip broke :(", "is_submitter": false, "distinguished": null, "created_utc": 1648670353.0, "parent_id": "t3_tpallz", "replies": []}, {"author": "CaughtWithPantsUp", "id": "i2rvrx3", "score": 1, "subreddit": "BuyItForLife", "author_flair": null, "submission": "tpallz", "stickied": false, "body": "I have that eraser except red. still doing a fine job!", "is_submitter": false, "distinguished": null, "created_utc": 1648679259.0, "parent_id": "t3_tpallz", "replies": []}, {"author": "Shadowpriest", "id": "i6lzuuq", "score": 1, "subreddit": "BuyItForLife", "author_flair": null, "submission": "tpallz", "stickied": false, "body": "Maaan, I remember using these in school.", "is_submitter": false, "distinguished": null, "created_utc": 1651195781.0, "parent_id": "t3_tpallz", "replies": []}, {"author": "Gseventeen", "id": "i2azp30", "score": 0, "subreddit": "BuyItForLife", "author_flair": null, "submission": "tpallz", "stickied": false, "body": "Those pencils always broke on me when I was in school. Had the erasers too, they were badass.", "is_submitter": false, "distinguished": null, "created_utc": 1648383100.0, "parent_id": "t3_tpallz", "replies": [{"author": "civildisobedient", "id": "i2bc3ha", "score": 1, "subreddit": "BuyItForLife", "author_flair": null, "submission": "tpallz", "stickied": false, "body": "These are 0.5mm - not even the worst.  I used to swear by 0.3mm and those things would break if you looked at them funny.", "is_submitter": false, "distinguished": null, "created_utc": 1648390022.0, "parent_id": "t1_i2azp30", "replies": []}]}]}