{"title": "My Grandma just bought me some Dodco Inc coat hangers and they are identical to the ones she bought in 1969. Can you tell the difference?", "name": "t3_i2feh9", "url": "https://i.redd.it/6myefup7eme51.jpg", "selftext": "", "score": 3741, "upvote_ratio": 0.97, "permalink": "/r/BuyItForLife/comments/i2feh9/my_grandma_just_bought_me_some_dodco_inc_coat/", "id": "i2feh9", "author": "Edgar455", "link_flair_text": "Household", "num_comments": 180, "over_18": false, "spoiler": false, "pinned": false, "locked": false, "distinguished": null, "created_utc": 1596387577.0, "comments": [{"author": "vestigialcranium", "id": "g04nf76", "score": 995, "subreddit": "BuyItForLife", "author_flair": null, "submission": "i2feh9", "stickied": false, "body": "I've never pined for quality hangers before, what is this sub doing to me?", "is_submitter": false, "distinguished": null, "created_utc": 1596393685.0, "parent_id": "t3_i2feh9", "replies": [{"author": "Kayge", "id": "g053gcm", "score": 972, "subreddit": "BuyItForLife", "author_flair": null, "submission": "i2feh9", "stickied": false, "body": "FWIW, the best things to spend extra cash on are the little, daily use things. \n\nSure, the Coleman stove that lasts for 1,000 camping trips is nice, but the thing you use every day without having to think about it is where BIFL really matters.", "is_submitter": false, "distinguished": null, "created_utc": 1596401646.0, "parent_id": "t1_g04nf76", "replies": [{"author": "Raelossssss", "id": "g05h4a5", "score": 195, "subreddit": "BuyItForLife", "author_flair": null, "submission": "i2feh9", "stickied": false, "body": "Yeah, the number of times I've gotten my ultra shitty \"whatever we had left from the 90s when my parents had 50x more clothing\" hangers stuck on something, only to have them break in my hand is just absurd. Same with the dollar store \"can opener that's just like every other can opener\" (spoiler alert: it isn't. It's garbage.)", "is_submitter": false, "distinguished": null, "created_utc": 1596409010.0, "parent_id": "t1_g053gcm", "replies": [{"author": "Zillaho", "id": "g05ln7d", "score": 91, "subreddit": "BuyItForLife", "author_flair": null, "submission": "i2feh9", "stickied": false, "body": "My family has had a BIFL can opener that\u2019s been around since before I was born. Think it\u2019s Swing-A-Way", "is_submitter": false, "distinguished": null, "created_utc": 1596411635.0, "parent_id": "t1_g05h4a5", "replies": [{"author": "DieRunning", "id": "g05o4z9", "score": 72, "subreddit": "BuyItForLife", "author_flair": null, "submission": "i2feh9", "stickied": false, "body": "These are now made under the name \"EZ-DUZ-IT\"", "is_submitter": false, "distinguished": null, "created_utc": 1596413108.0, "parent_id": "t1_g05ln7d", "replies": [{"author": "JustineDelarge", "id": "g05ple4", "score": 10, "subreddit": "BuyItForLife", "author_flair": null, "submission": "i2feh9", "stickied": false, "body": "Yep. That\u2019s the one.", "is_submitter": false, "distinguished": null, "created_utc": 1596413960.0, "parent_id": "t1_g05o4z9", "replies": []}, {"author": "rayrayww3", "id": "g05xthe", "score": 28, "subreddit": "BuyItForLife", "author_flair": null, "submission": "i2feh9", "stickied": false, "body": "So... I see on Amazon both Swing-a-way and Ez-duz-it. I do not think they are the same thing at all. The Swing-a-way says \"since 1938\" but in the questions section says that it is now made in China. The Ez-duz-it proudly proclaims it is made in the USA.\n\nI'm going to assume they are two different companies and I should go with the made in the USA one.", "is_submitter": false, "distinguished": null, "created_utc": 1596418886.0, "parent_id": "t1_g05o4z9", "replies": [{"author": "DieRunning", "id": "g05z140", "score": 79, "subreddit": "BuyItForLife", "author_flair": null, "submission": "i2feh9", "stickied": false, "body": "From what I understand Swing-Away used to be manufactured in the USA. When production moved overseas employees of the factory started their own company and continued production under the name EZ-DUZ-IT.\n\n\"Spiritual Successor\" maybe would have been a better way for me to describe it?", "is_submitter": false, "distinguished": null, "created_utc": 1596419608.0, "parent_id": "t1_g05xthe", "replies": [{"author": "rayrayww3", "id": "g05zda8", "score": 28, "subreddit": "BuyItForLife", "author_flair": null, "submission": "i2feh9", "stickied": false, "body": "Good for them. I just dropped it into my cart. Happy to pay an extra $3.71 for something made here *and* most likely higher quality.\n\nThanks BIFL. I was struggling with my dollar store opener and thinking I needed a proper upgrade.", "is_submitter": false, "distinguished": null, "created_utc": 1596419812.0, "parent_id": "t1_g05z140", "replies": [{"author": "karmahunger", "id": "g0610rz", "score": 10, "subreddit": "BuyItForLife", "author_flair": null, "submission": "i2feh9", "stickied": false, "body": "I have an EZ-DUZ-IT can opener that I haven't actually opened.  I bought it when I bought the OXO Locking Can Opener w/Lid Catch 6 or 7 years ago.  I bought both to test them out but really liked the OXO. Especially after my parents had a super tiny can opener that might be used as a backup of a backup camping can opener that was painful to use.", "is_submitter": false, "distinguished": null, "created_utc": 1596420803.0, "parent_id": "t1_g05zda8", "replies": [{"author": "royberoniroy", "id": "g07av9y", "score": 6, "subreddit": "BuyItForLife", "author_flair": null, "submission": "i2feh9", "stickied": false, "body": "I know it's recommended a lot here, but I don't think my EZ-DUZ-IT is that great. They are very prone to rust and if a can isn't perfectly circular, they are going to have a tough time opening it.  Also, the rubber handles fell off after a few months and required me to reattach them with glue.", "is_submitter": false, "distinguished": null, "created_utc": 1596459218.0, "parent_id": "t1_g0610rz", "replies": []}]}, {"author": "ZanXBal", "id": "g06nb32", "score": 7, "subreddit": "BuyItForLife", "author_flair": null, "submission": "i2feh9", "stickied": false, "body": "It's also won America's Test Kitchen's \"best can opener\" contest. The reviews for the Swing-A-Way are all \"not what it used to be\", whereas EZ-DUZ-IT has remarkably better feedback. Gonna grab one aswell.", "is_submitter": false, "distinguished": null, "created_utc": 1596436956.0, "parent_id": "t1_g05zda8", "replies": []}, {"author": "UristMcHolland", "id": "g07g957", "score": 1, "subreddit": "BuyItForLife", "author_flair": null, "submission": "i2feh9", "stickied": false, "body": "Consider adding your name to [this pitition](https://www.change.org/p/amazon-allow-users-to-filter-by-made-in-usa-and-require-country-of-origin) so we can get Amazon to let us sort products by their country of origin.", "is_submitter": false, "distinguished": null, "created_utc": 1596462523.0, "parent_id": "t1_g05zda8", "replies": [{"author": "BadgerAF", "id": "g07r0ba", "score": 2, "subreddit": "BuyItForLife", "author_flair": null, "submission": "i2feh9", "stickied": false, "body": "Just stop buying stuff from Amazon.", "is_submitter": false, "distinguished": null, "created_utc": 1596467534.0, "parent_id": "t1_g07g957", "replies": []}]}]}]}, {"author": "DELETED", "id": "g077g5y", "score": 2, "subreddit": "BuyItForLife", "author_flair": null, "submission": "i2feh9", "stickied": false, "body": "Get on eBay and buy and older swing a way. After going through 5 shit can openers I did this.  It is glory! It works beautifully.", "is_submitter": false, "distinguished": null, "created_utc": 1596456695.0, "parent_id": "t1_g05xthe", "replies": []}]}]}]}, {"author": "HandsOffMyDitka", "id": "g06cgva", "score": 5, "subreddit": "BuyItForLife", "author_flair": null, "submission": "i2feh9", "stickied": false, "body": "I've had a red kitchen-aid can opener for probably around 18 years,  and the thing is still going strong.", "is_submitter": false, "distinguished": null, "created_utc": 1596428157.0, "parent_id": "t1_g05h4a5", "replies": []}, {"author": "99Joy99", "id": "g06dyc3", "score": 4, "subreddit": "BuyItForLife", "author_flair": null, "submission": "i2feh9", "stickied": false, "body": "OMG yes !! ...... 50x more clothing.  So many identical pieces of clothing in different colours !!", "is_submitter": false, "distinguished": null, "created_utc": 1596429244.0, "parent_id": "t1_g05h4a5", "replies": []}, {"author": "Zillaho", "id": "g05lmi3", "score": 8, "subreddit": "BuyItForLife", "author_flair": null, "submission": "i2feh9", "stickied": false, "body": "My family has had a BIFL can opener that\u2019s been around since before I was born. Think it\u2019s Swing-A-Way", "is_submitter": false, "distinguished": null, "created_utc": 1596411624.0, "parent_id": "t1_g05h4a5", "replies": []}]}, {"author": "blimo", "id": "g0556eb", "score": 80, "subreddit": "BuyItForLife", "author_flair": null, "submission": "i2feh9", "stickied": false, "body": "It makes me sad to think that your comment might get buried. It\u2019s excellent advice. Replacing the little things all the time is a waste of time and waste of money in the long run.", "is_submitter": false, "distinguished": null, "created_utc": 1596402566.0, "parent_id": "t1_g053gcm", "replies": []}, {"author": "hiramthemason", "id": "g05knja", "score": 25, "subreddit": "BuyItForLife", "author_flair": null, "submission": "i2feh9", "stickied": false, "body": "That's I feel spending $150 on my mechanical keyboard. I use it 1/3rd of every day.", "is_submitter": false, "distinguished": null, "created_utc": 1596411049.0, "parent_id": "t1_g053gcm", "replies": [{"author": "Kayge", "id": "g05lw5b", "score": 18, "subreddit": "BuyItForLife", "author_flair": null, "submission": "i2feh9", "stickied": false, "body": "Watch out though, a model m is a gateway drug.", "is_submitter": false, "distinguished": null, "created_utc": 1596411786.0, "parent_id": "t1_g05knja", "replies": [{"author": "salsation", "id": "g05q4xb", "score": 8, "subreddit": "BuyItForLife", "author_flair": null, "submission": "i2feh9", "stickied": false, "body": "That\u2019s what I\u2019ve got, can\u2019t see why I\u2019d need anything else: 30-year-old keeb GOAT", "is_submitter": false, "distinguished": null, "created_utc": 1596414282.0, "parent_id": "t1_g05lw5b", "replies": [{"author": "battraman", "id": "g07bt9f", "score": 2, "subreddit": "BuyItForLife", "author_flair": null, "submission": "i2feh9", "stickied": false, "body": "Same here. One in the office and one at home.", "is_submitter": false, "distinguished": null, "created_utc": 1596459870.0, "parent_id": "t1_g05q4xb", "replies": []}]}, {"author": "INSERT_LATVIAN_JOKE", "id": "g0894gq", "score": 1, "subreddit": "BuyItForLife", "author_flair": null, "submission": "i2feh9", "stickied": false, "body": "I can hear the sound in my head. I miss my old M.", "is_submitter": false, "distinguished": null, "created_utc": 1596474437.0, "parent_id": "t1_g05lw5b", "replies": []}]}]}, {"author": "marumari", "id": "g07foyw", "score": 5, "subreddit": "BuyItForLife", "author_flair": null, "submission": "i2feh9", "stickied": false, "body": "Spending $15 on nail clippers and $20 on a pair of scissors is the shit that really made my life better. Putting money into the daily things is soooooo nice.", "is_submitter": false, "distinguished": null, "created_utc": 1596462228.0, "parent_id": "t1_g053gcm", "replies": []}, {"author": "junkit33", "id": "g067uzc", "score": 13, "subreddit": "BuyItForLife", "author_flair": null, "submission": "i2feh9", "stickied": false, "body": "Eh - have to disagree there.  If things are so cheap that they are disposable, then I truly don't give a shit if they break on me.  I just buy more than I need and don't ever think about them.  \n\nClothes hangers are a terrific example.  It's like $10 for a 50-pack at Costco.  I don't even know if they're good quality or not, all I know is I bought like two of them over a decade ago and no less than 99% of them still work fine.  Even if it were only 80% of them I wouldn't care - I'd just buy another $10 50-pack to replenish for another 10-20 years.  \n\nSometimes the cheap shit is a-ok.", "is_submitter": false, "distinguished": null, "created_utc": 1596425049.0, "parent_id": "t1_g053gcm", "replies": [{"author": "dilf314", "id": "g06g11v", "score": 25, "subreddit": "BuyItForLife", "author_flair": null, "submission": "i2feh9", "stickied": false, "body": "but that\u2019s extremely wasteful", "is_submitter": false, "distinguished": null, "created_utc": 1596430809.0, "parent_id": "t1_g067uzc", "replies": [{"author": "boomshalock", "id": "g06j6hj", "score": 17, "subreddit": "BuyItForLife", "author_flair": null, "submission": "i2feh9", "stickied": false, "body": "80% of 50 is 40. \n\n50-40=10\n\nBreaking 10 hangers in 10 years = 1 hanger per year.\n\nYour definition of \"extremely wasteful\" is different than mine.", "is_submitter": false, "distinguished": null, "created_utc": 1596433314.0, "parent_id": "t1_g06g11v", "replies": [{"author": "dilf314", "id": "g07kpn2", "score": 7, "subreddit": "BuyItForLife", "author_flair": null, "submission": "i2feh9", "stickied": false, "body": "but it\u2019s not just the hangers. if you\u2019re only buying cheap stuff that breaks then you\u2019re throwing more things away.", "is_submitter": false, "distinguished": null, "created_utc": 1596464726.0, "parent_id": "t1_g06j6hj", "replies": []}]}]}, {"author": "INSERT_LATVIAN_JOKE", "id": "g08a08t", "score": 5, "subreddit": "BuyItForLife", "author_flair": null, "submission": "i2feh9", "stickied": false, "body": "If I have to rehang my clothes constantly because the cheap hangars bend and my clothes slide off as I push them aside looking for what I want, then paying a little more for a good hangar that will be around for my kids seems OK to me.\n\nTake scissors as the person above you mentions. You can buy 10 $5 scissors to last you for 10 years, or you can buy one $30 pair that will last you until you die... sure the money savings is there, but what will really sell you is when you use those $30 scissors. They work so much better. They're so much easier to hold, they cut cleaner and better, the blades are longer so you can control them better. The whole experience is different and superior. If you can afford to spend the money up front and are willing to put a little effort into maintaining them over the years then it's so much better to buy quality not just on a money over time basis, but just from a quality of life perspective.", "is_submitter": false, "distinguished": null, "created_utc": 1596474746.0, "parent_id": "t1_g067uzc", "replies": []}, {"author": "THECHONIEHANDYMAN", "id": "g077mja", "score": 1, "subreddit": "BuyItForLife", "author_flair": null, "submission": "i2feh9", "stickied": false, "body": "Judging off the username, this person doesn\u2019t really care about their carbon footprint.", "is_submitter": false, "distinguished": null, "created_utc": 1596456835.0, "parent_id": "t1_g067uzc", "replies": [{"author": "Marbleman60", "id": "g07bwv2", "score": 3, "subreddit": "BuyItForLife", "author_flair": null, "submission": "i2feh9", "stickied": false, "body": "I'm not sure the processes behind aluminum are much more friendly than plastic when used in a product where plastic will do 90% of the same job. Not everyone can afford luxury clothes hangers.", "is_submitter": false, "distinguished": null, "created_utc": 1596459938.0, "parent_id": "t1_g077mja", "replies": [{"author": "THECHONIEHANDYMAN", "id": "g07cete", "score": 4, "subreddit": "BuyItForLife", "author_flair": null, "submission": "i2feh9", "stickied": false, "body": "I definitely can\u2019t afford 16 dollars for 6 hangers but I also am the one to recycle my plastic ones when the hanger seems to always snap off. That\u2019s what happens when a 200 lb ape is looking for a certain pair of jeans and pushes them all to one side.", "is_submitter": false, "distinguished": null, "created_utc": 1596460272.0, "parent_id": "t1_g07bwv2", "replies": []}]}]}]}]}, {"author": "PinstripeMonkey", "id": "g055sxv", "score": 80, "subreddit": "BuyItForLife", "author_flair": null, "submission": "i2feh9", "stickied": false, "body": "I've pined for wooden hangers for a while simply because they are thick enough to keep a shirt from creasing along the hanger or stretching out where a heavier sweater dangles from the hanger. That would actually solve a problem for me, whereas these look to be about the same dimensions as your average hanger.", "is_submitter": false, "distinguished": null, "created_utc": 1596402899.0, "parent_id": "t1_g04nf76", "replies": [{"author": "sonaut", "id": "g055xhr", "score": 88, "subreddit": "BuyItForLife", "author_flair": null, "submission": "i2feh9", "stickied": false, "body": ">pined for wooden hangers\n\n...", "is_submitter": false, "distinguished": null, "created_utc": 1596402967.0, "parent_id": "t1_g055sxv", "replies": [{"author": "vestigialcranium", "id": "g057hmd", "score": 47, "subreddit": "BuyItForLife", "author_flair": null, "submission": "i2feh9", "stickied": false, "body": "Yeah, pine might not be the best. Cedar would be ideal", "is_submitter": false, "distinguished": null, "created_utc": 1596403797.0, "parent_id": "t1_g055xhr", "replies": [{"author": "HonorableHam", "id": "g05xeds", "score": 4, "subreddit": "BuyItForLife", "author_flair": null, "submission": "i2feh9", "stickied": false, "body": "I don't see a problem pining over a hardwood hanger, for looks. Other than pine being sometimes literally cheaper than dirt in my area.", "is_submitter": false, "distinguished": null, "created_utc": 1596418632.0, "parent_id": "t1_g057hmd", "replies": []}, {"author": "h3avY_rA1n", "id": "g05ah4v", "score": -22, "subreddit": "BuyItForLife", "author_flair": null, "submission": "i2feh9", "stickied": false, "body": "Don't know if you were kidding or not, but, just in case. \n\nMaybe put /s to show for sarcasm. Can just never know on here.\n\nhttps://www.dictionary.com/browse/pined", "is_submitter": false, "distinguished": null, "created_utc": 1596405368.0, "parent_id": "t1_g057hmd", "replies": [{"author": "Rhythmrebel", "id": "g05d9sg", "score": 17, "subreddit": "BuyItForLife", "author_flair": null, "submission": "i2feh9", "stickied": false, "body": "Everyone's wooshing everyone", "is_submitter": false, "distinguished": null, "created_utc": 1596406863.0, "parent_id": "t1_g05ah4v", "replies": []}]}]}]}, {"author": "baldwinsong", "id": "g06trdr", "score": 9, "subreddit": "BuyItForLife", "author_flair": null, "submission": "i2feh9", "stickied": false, "body": "I heard Jlo got custom hangers made of wood that are shaped like her shoulders. So no bits that don\u2019t sit right. If I had money I\u2019d defo get that...", "is_submitter": false, "distinguished": null, "created_utc": 1596443353.0, "parent_id": "t1_g055sxv", "replies": []}, {"author": "eyesaucelease", "id": "g065ysr", "score": 6, "subreddit": "BuyItForLife", "author_flair": null, "submission": "i2feh9", "stickied": false, "body": "Wooden hangers are totally worth it", "is_submitter": false, "distinguished": null, "created_utc": 1596423840.0, "parent_id": "t1_g055sxv", "replies": []}, {"author": "DELETED", "id": "g05f8ap", "score": 9, "subreddit": "BuyItForLife", "author_flair": null, "submission": "i2feh9", "stickied": false, "body": "[deleted]", "is_submitter": false, "distinguished": null, "created_utc": 1596407949.0, "parent_id": "t1_g055sxv", "replies": [{"author": "rockbloke", "id": "g05gctg", "score": 13, "subreddit": "BuyItForLife", "author_flair": null, "submission": "i2feh9", "stickied": false, "body": "They also sell actual wooden hangers (at least in the UK) pretty cheap.", "is_submitter": false, "distinguished": null, "created_utc": 1596408577.0, "parent_id": "t1_g05f8ap", "replies": [{"author": "donttouchtherolex", "id": "g06ioyx", "score": 2, "subreddit": "BuyItForLife", "author_flair": null, "submission": "i2feh9", "stickied": false, "body": "I have 160 of them and they\u2019re quite good. I doubt they\u2019re BIFL as they don\u2019t feel robust enough, but in the few of years I\u2019ve had them none have broken.", "is_submitter": false, "distinguished": null, "created_utc": 1596432911.0, "parent_id": "t1_g05gctg", "replies": [{"author": "meractus", "id": "g06styr", "score": 1, "subreddit": "BuyItForLife", "author_flair": null, "submission": "i2feh9", "stickied": false, "body": "Cedar?", "is_submitter": false, "distinguished": null, "created_utc": 1596442404.0, "parent_id": "t1_g06ioyx", "replies": []}, {"author": "Into-the-stream", "id": "g0796zi", "score": 1, "subreddit": "BuyItForLife", "author_flair": null, "submission": "i2feh9", "stickied": false, "body": "I\u2019ve had the neck metal bend straight on those with a heavy coat. Others the metal neck separates from the wood. The ikea\u2019s definitely aren\u2019t Bifl, but the majority are still great after 20 years.", "is_submitter": false, "distinguished": null, "created_utc": 1596458057.0, "parent_id": "t1_g06ioyx", "replies": []}]}]}]}, {"author": "meractus", "id": "g06sscr", "score": 4, "subreddit": "BuyItForLife", "author_flair": null, "submission": "i2feh9", "stickied": false, "body": ">I've pined for wooden hangers\n\nI cedar pun.", "is_submitter": false, "distinguished": null, "created_utc": 1596442358.0, "parent_id": "t1_g055sxv", "replies": []}, {"author": "fireal20", "id": "g069qah", "score": 2, "subreddit": "BuyItForLife", "author_flair": null, "submission": "i2feh9", "stickied": false, "body": "Check out Kirby Allison hanger project. I picked up a few for sweaters and they're super nice. He's got a great YouTube channel as well", "is_submitter": false, "distinguished": null, "created_utc": 1596426282.0, "parent_id": "t1_g055sxv", "replies": [{"author": "osarah", "id": "g06diar", "score": 2, "subreddit": "BuyItForLife", "author_flair": null, "submission": "i2feh9", "stickied": false, "body": "I went to college with that dude. I had forgotten about him as well as this business of his. Thanks for the reminder!", "is_submitter": false, "distinguished": null, "created_utc": 1596428912.0, "parent_id": "t1_g069qah", "replies": []}]}, {"author": "narwhapolypse", "id": "g07dyp8", "score": 2, "subreddit": "BuyItForLife", "author_flair": null, "submission": "i2feh9", "stickied": false, "body": "Honestly I hate wooden hangers because over years of usage, the ones I had would occasionally give me splinters or snag on my clothes. Maybe higher quality ones won't wear out like that though", "is_submitter": false, "distinguished": null, "created_utc": 1596461256.0, "parent_id": "t1_g055sxv", "replies": []}, {"author": "INSERT_LATVIAN_JOKE", "id": "g08amkt", "score": 1, "subreddit": "BuyItForLife", "author_flair": null, "submission": "i2feh9", "stickied": false, "body": "I checked on Amazon, they're 17\" wide and 1/4 inch thick. So creasing along the shoulder will still happen, but less. Though 17\" is considerably wider than most cheap hangars (because they would bend if they were that wide) so that makes them much better for knitted sweaters than a normal cheap hangar.", "is_submitter": false, "distinguished": null, "created_utc": 1596474959.0, "parent_id": "t1_g055sxv", "replies": []}, {"author": "Suitable-Paramedic-9", "id": "g0c4ttg", "score": 1, "subreddit": "BuyItForLife", "author_flair": null, "submission": "i2feh9", "stickied": false, "body": "There are velvet-covered hangers which are fantastic to keeep my wife's silky blouses and my lightweight shirts from sliding around. \n\nWorst is when the neck/collar area gets pulled way open, as the shirt slides down both sides.  Before the velvet hangers, the collar would be splayed open and the top button pulled halfway out -- so ugly you want to re-iron the shirt.\n\nI only use wooden hangers for really wide or heavy stuff; the most amazing are Setwell carved wood, about 2 inches wide; they look like the top of shoulders on a dressmaker's dummy.", "is_submitter": false, "distinguished": null, "created_utc": 1596555614.0, "parent_id": "t1_g055sxv", "replies": []}]}, {"author": "Dialed_In", "id": "g04w8hv", "score": 98, "subreddit": "BuyItForLife", "author_flair": null, "submission": "i2feh9", "stickied": false, "body": "Ok, I'll look at these pictures of durable goods but this better not awaken anything in me.", "is_submitter": false, "distinguished": null, "created_utc": 1596397825.0, "parent_id": "t1_g04nf76", "replies": [{"author": "Chef_Big-ol_Jerry", "id": "g053s37", "score": 28, "subreddit": "BuyItForLife", "author_flair": null, "submission": "i2feh9", "stickied": false, "body": "Dean?", "is_submitter": false, "distinguished": null, "created_utc": 1596401819.0, "parent_id": "t1_g04w8hv", "replies": [{"author": "smellycoat", "id": "g05614a", "score": 19, "subreddit": "BuyItForLife", "author_flair": null, "submission": "i2feh9", "stickied": false, "body": "Come on I\u2019m Dean\n\nAnd my hands are so clean\n\nAt this moment...\n\nI am staaaapling!\n\n(https://youtu.be/M3wNHphwMHE)", "is_submitter": false, "distinguished": null, "created_utc": 1596403022.0, "parent_id": "t1_g053s37", "replies": []}, {"author": "DeanP8", "id": "g05jlv2", "score": 2, "subreddit": "BuyItForLife", "author_flair": null, "submission": "i2feh9", "stickied": false, "body": "Yes?", "is_submitter": false, "distinguished": null, "created_utc": 1596410440.0, "parent_id": "t1_g053s37", "replies": [{"author": "Chef_Big-ol_Jerry", "id": "g05kawp", "score": 3, "subreddit": "BuyItForLife", "author_flair": null, "submission": "i2feh9", "stickied": false, "body": "I need olives can you bring me Olives", "is_submitter": false, "distinguished": null, "created_utc": 1596410842.0, "parent_id": "t1_g05jlv2", "replies": [{"author": "britta-ed_it", "id": "g0669i4", "score": 5, "subreddit": "BuyItForLife", "author_flair": null, "submission": "i2feh9", "stickied": false, "body": "Not again. You did this a month ago. Then I brought them to you, and you acted like you hated them!", "is_submitter": false, "distinguished": null, "created_utc": 1596424032.0, "parent_id": "t1_g05kawp", "replies": [{"author": "Chef_Big-ol_Jerry", "id": "g09jhtx", "score": 2, "subreddit": "BuyItForLife", "author_flair": null, "submission": "i2feh9", "stickied": false, "body": "It\u2019s only my style to be Secret please bring me five can of olives", "is_submitter": false, "distinguished": null, "created_utc": 1596493615.0, "parent_id": "t1_g0669i4", "replies": []}]}, {"author": "DeanP8", "id": "g09eovm", "score": 2, "subreddit": "BuyItForLife", "author_flair": null, "submission": "i2feh9", "stickied": false, "body": "Sadly, I like olives too much to share.", "is_submitter": false, "distinguished": null, "created_utc": 1596491201.0, "parent_id": "t1_g05kawp", "replies": []}]}]}]}, {"author": "climbingrocks2day", "id": "g04y1tc", "score": 5, "subreddit": "BuyItForLife", "author_flair": null, "submission": "i2feh9", "stickied": false, "body": "They certainly are the unicorn of metal hangers.", "is_submitter": false, "distinguished": null, "created_utc": 1596398785.0, "parent_id": "t1_g04w8hv", "replies": []}]}, {"author": "DELETED", "id": "g0587wu", "score": 19, "subreddit": "BuyItForLife", "author_flair": null, "submission": "i2feh9", "stickied": false, "body": "These metal ones cause clothes to slip off.\n\nI prefer the plastic ones with texture on them, not to grippy,  not to slippy", "is_submitter": false, "distinguished": null, "created_utc": 1596404190.0, "parent_id": "t1_g04nf76", "replies": [{"author": "SarcasticOptimist", "id": "g05btqe", "score": 12, "subreddit": "BuyItForLife", "author_flair": null, "submission": "i2feh9", "stickied": false, "body": "They also seem to dig into clothes and leave marks. I agree getting plastic, wood, or thicker metal ones are better.", "is_submitter": false, "distinguished": null, "created_utc": 1596406081.0, "parent_id": "t1_g0587wu", "replies": [{"author": "DELETED", "id": "g05do4x", "score": 12, "subreddit": "BuyItForLife", "author_flair": null, "submission": "i2feh9", "stickied": false, "body": "Wood for coats, sweaters, jumpers.\n\nMetal for pants, plastic for shirts", "is_submitter": false, "distinguished": null, "created_utc": 1596407081.0, "parent_id": "t1_g05btqe", "replies": [{"author": "Indaleciox", "id": "g05zs1f", "score": 11, "subreddit": "BuyItForLife", "author_flair": null, "submission": "i2feh9", "stickied": false, "body": "Please don't hang your sweaters and jumpers. Knits should be folded if possible.", "is_submitter": false, "distinguished": null, "created_utc": 1596420060.0, "parent_id": "t1_g05do4x", "replies": [{"author": "DELETED", "id": "g060hzo", "score": 3, "subreddit": "BuyItForLife", "author_flair": null, "submission": "i2feh9", "stickied": false, "body": "Its so annoying to thumb tru folded stuff,\n\nI fold them over the Centre bar in a hanger so its the same effect as on a shelf but less stressful", "is_submitter": false, "distinguished": null, "created_utc": 1596420491.0, "parent_id": "t1_g05zs1f", "replies": [{"author": "Dulcius_ex", "id": "g06r83p", "score": 4, "subreddit": "BuyItForLife", "author_flair": null, "submission": "i2feh9", "stickied": false, "body": "I'm a knitter. \n\nIf you don't take a sweater off the hanger often, it will stretch. Knits stretch anyway.\n\nHanging a knitted item (that's any heavier than a t-shirt) on a hanger is one of the best ways to ruin it.", "is_submitter": false, "distinguished": null, "created_utc": 1596440777.0, "parent_id": "t1_g060hzo", "replies": [{"author": "narwhapolypse", "id": "g07e7ou", "score": 4, "subreddit": "BuyItForLife", "author_flair": null, "submission": "i2feh9", "stickied": false, "body": "I immediately walked over to my closet and started taking down my sweaters. Thanks for the tip!", "is_submitter": false, "distinguished": null, "created_utc": 1596461384.0, "parent_id": "t1_g06r83p", "replies": []}]}]}]}]}]}, {"author": "OhioJeeper", "id": "g0616mv", "score": 3, "subreddit": "BuyItForLife", "author_flair": null, "submission": "i2feh9", "stickied": false, "body": "My thoughts too. I got a bunch of these because our school was redoing the marching band uniform storage and didn't need them, have had them for years but shirts and stuff slip off pretty easily. Good for jeans though. \n\nBut they did survive holding up heavy ass marching band uniforms for decades, so they're certainly more BIFL than any of my plastic hangers.", "is_submitter": false, "distinguished": null, "created_utc": 1596420899.0, "parent_id": "t1_g0587wu", "replies": []}, {"author": "CoderDevo", "id": "g05bnbh", "score": 6, "subreddit": "BuyItForLife", "author_flair": null, "submission": "i2feh9", "stickied": false, "body": "Use the right kind of hanger for the clothes, if you can.\n\nOP said these are for the coat closet and, being heavy duty and thick, should work well.", "is_submitter": false, "distinguished": null, "created_utc": 1596405985.0, "parent_id": "t1_g0587wu", "replies": []}, {"author": "DELETED", "id": "g05a0u1", "score": -5, "subreddit": "BuyItForLife", "author_flair": null, "submission": "i2feh9", "stickied": false, "body": "[deleted]", "is_submitter": false, "distinguished": null, "created_utc": 1596405130.0, "parent_id": "t1_g0587wu", "replies": [{"author": "DELETED", "id": "g05dkvf", "score": 11, "subreddit": "BuyItForLife", "author_flair": null, "submission": "i2feh9", "stickied": false, "body": "Ive been using the same plastic  hangers from Walmart for 14 years", "is_submitter": false, "distinguished": null, "created_utc": 1596407031.0, "parent_id": "t1_g05a0u1", "replies": [{"author": "FarPersimmon", "id": "g05elyc", "score": 8, "subreddit": "BuyItForLife", "author_flair": null, "submission": "i2feh9", "stickied": false, "body": "Lmao me too. None of my hangers have broken for any reason and I have zero issues with creasing. For clothes that slip off the hanger I just wrap a rubberband around the edge to add friction (but that's because I'm cheap).", "is_submitter": false, "distinguished": null, "created_utc": 1596407602.0, "parent_id": "t1_g05dkvf", "replies": []}]}, {"author": "DELETED", "id": "g05jti6", "score": 2, "subreddit": "BuyItForLife", "author_flair": null, "submission": "i2feh9", "stickied": false, "body": "[deleted]", "is_submitter": false, "distinguished": null, "created_utc": 1596410560.0, "parent_id": "t1_g05a0u1", "replies": [{"author": "MinerAlum", "id": "g05t6v7", "score": 2, "subreddit": "BuyItForLife", "author_flair": null, "submission": "i2feh9", "stickied": false, "body": "&#x200B;\n\nWill try someof these as I sometimes hang wet clothes up to dry and wood might not be a good option for that", "is_submitter": false, "distinguished": null, "created_utc": 1596416109.0, "parent_id": "t1_g05jti6", "replies": []}]}]}]}, {"author": "MetalSeagull", "id": "g06d683", "score": 4, "subreddit": "BuyItForLife", "author_flair": null, "submission": "i2feh9", "stickied": false, "body": "I have slowly replaced my cheap plastic hangars with wooden ones, 20 at a time, over the past year or so. I like them so much. My clothes don't get tangled and half hidden any more, and it looks so much nicer. But they take up twice the space, so you need to Marie Kondo your closet first.", "is_submitter": false, "distinguished": null, "created_utc": 1596428667.0, "parent_id": "t1_g04nf76", "replies": []}, {"author": "joesii", "id": "g05qxlw", "score": 6, "subreddit": "BuyItForLife", "author_flair": null, "submission": "i2feh9", "stickied": false, "body": "The thing is that there's a surplus of hangers and people are throwing them out all the time while still functional just to get a matching set or to otherwise look nicer. Most hangers are inherently BIFL, just maybe not those stupid cheap plastic frame ones. Some strong plastic ones do exist though, and are also super-durable.", "is_submitter": false, "distinguished": null, "created_utc": 1596414755.0, "parent_id": "t1_g04nf76", "replies": []}, {"author": "SpiderFnJerusalem", "id": "g06mwcs", "score": 3, "subreddit": "BuyItForLife", "author_flair": null, "submission": "i2feh9", "stickied": false, "body": "Look at that subtle off-silver coloring. The tasteful thickness of it. Oh, my God. It even has a manufacturers mark.", "is_submitter": false, "distinguished": null, "created_utc": 1596436581.0, "parent_id": "t1_g04nf76", "replies": []}, {"author": "happysmash27", "id": "g16m7b6", "score": 1, "subreddit": "BuyItForLife", "author_flair": null, "submission": "i2feh9", "stickied": false, "body": "I have, when some especially cheaply-made plastic hangers I got started breaking really easily. Even just putting a heavy coat on one broke it.", "is_submitter": false, "distinguished": null, "created_utc": 1597207277.0, "parent_id": "t1_g04nf76", "replies": []}]}, {"author": "ScienceReplacedgod", "id": "g04qzap", "score": 242, "subreddit": "BuyItForLife", "author_flair": null, "submission": "i2feh9", "stickied": false, "body": "I love old wooden Department store hangers. The advertising on the hanger, the quality build and materials and the price is great at yard sales is unbeatable.", "is_submitter": false, "distinguished": null, "created_utc": 1596395316.0, "parent_id": "t3_i2feh9", "replies": [{"author": "thehighestwalls", "id": "g04t75d", "score": 204, "subreddit": "BuyItForLife", "author_flair": null, "submission": "i2feh9", "stickied": false, "body": "When I worked at Abercrombie and Fitch eons ago, they were changing out all of our hangers and I got permission to take about 30 of the old ones home. They\u2019re incredible, quality, thick wooden hangers unlike anything I\u2019ve seen sold in a store.", "is_submitter": false, "distinguished": null, "created_utc": 1596396321.0, "parent_id": "t1_g04qzap", "replies": [{"author": "Treksalot", "id": "g04u8jf", "score": 21, "subreddit": "BuyItForLife", "author_flair": null, "submission": "i2feh9", "stickied": false, "body": "Same.", "is_submitter": false, "distinguished": null, "created_utc": 1596396803.0, "parent_id": "t1_g04t75d", "replies": [{"author": "DELETED", "id": "g04z7rs", "score": 10, "subreddit": "BuyItForLife", "author_flair": null, "submission": "i2feh9", "stickied": false, "body": "Same as in you took some home?", "is_submitter": false, "distinguished": null, "created_utc": 1596399401.0, "parent_id": "t1_g04u8jf", "replies": [{"author": "paintedsaint", "id": "g050fvu", "score": 103, "subreddit": "BuyItForLife", "author_flair": null, "submission": "i2feh9", "stickied": false, "body": "No, same as in I'm a quality, thick wooden hanger unlike anything sold in a store.", "is_submitter": false, "distinguished": null, "created_utc": 1596400043.0, "parent_id": "t1_g04z7rs", "replies": [{"author": "CoderDevo", "id": "g05bdzl", "score": 15, "subreddit": "BuyItForLife", "author_flair": null, "submission": "i2feh9", "stickied": false, "body": "Hang on...", "is_submitter": false, "distinguished": null, "created_utc": 1596405847.0, "parent_id": "t1_g050fvu", "replies": [{"author": "Ballistic_Turtle", "id": "g05p090", "score": 14, "subreddit": "BuyItForLife", "author_flair": null, "submission": "i2feh9", "stickied": false, "body": "Yes, that's the goal.", "is_submitter": false, "distinguished": null, "created_utc": 1596413615.0, "parent_id": "t1_g05bdzl", "replies": []}]}]}]}]}]}]}, {"author": "therealBuckles", "id": "g04mrrj", "score": 179, "subreddit": "BuyItForLife", "author_flair": null, "submission": "i2feh9", "stickied": false, "body": "I think the older set is on top, it's slightly darker from natural aging. Also, the ends of the wire that are in the twist are crimped tighter to the hook wire on the old ones. \n\nNot saying the new ones are bad, but there's a slight gap that leads me to believe the machines producing them have aged.", "is_submitter": false, "distinguished": null, "created_utc": 1596393392.0, "parent_id": "t3_i2feh9", "replies": [{"author": "mrskwrl", "id": "g05be4d", "score": 56, "subreddit": "BuyItForLife", "author_flair": null, "submission": "i2feh9", "stickied": false, "body": "I was going to guess the tolerances have been relaxed as they realized there's no need for such precision and craft to turn a profit (like all other merchandise nowadays)... but aging machines seems like a good guess too.", "is_submitter": false, "distinguished": null, "created_utc": 1596405849.0, "parent_id": "t1_g04mrrj", "replies": [{"author": "Abby-Zou", "id": "g05i843", "score": 34, "subreddit": "BuyItForLife", "author_flair": null, "submission": "i2feh9", "stickied": false, "body": "The gap annoys me tho... it will be the ONE thing your clothes will get stuck on... women cloths have too much of this \u2018ooh i will now be wrapped up around here in a way you don\u2019t have time for\u2019 moments", "is_submitter": false, "distinguished": null, "created_utc": 1596409641.0, "parent_id": "t1_g05be4d", "replies": [{"author": "WonderingWo", "id": "g07fcfp", "score": 3, "subreddit": "BuyItForLife", "author_flair": null, "submission": "i2feh9", "stickied": false, "body": "Nothing a pair of pliers can\u2019t fix", "is_submitter": false, "distinguished": null, "created_utc": 1596462016.0, "parent_id": "t1_g05i843", "replies": []}]}]}, {"author": "TaxExempt", "id": "g064mdd", "score": 9, "subreddit": "BuyItForLife", "author_flair": null, "submission": "i2feh9", "stickied": false, "body": "The ends are milled much better on the top ones.  Also, the twist was done with more precision and less damage to the rod.", "is_submitter": false, "distinguished": null, "created_utc": 1596422995.0, "parent_id": "t1_g04mrrj", "replies": []}, {"author": "joesii", "id": "g05ras4", "score": 6, "subreddit": "BuyItForLife", "author_flair": null, "submission": "i2feh9", "stickied": false, "body": "You can also see tiny scratches if zoomed in, which is practically cheating, but still I suppose not really.", "is_submitter": false, "distinguished": null, "created_utc": 1596414973.0, "parent_id": "t1_g04mrrj", "replies": []}, {"author": "ponyboy3", "id": "g07cs76", "score": 1, "subreddit": "BuyItForLife", "author_flair": null, "submission": "i2feh9", "stickied": false, "body": "someone could have used some pliers to close them", "is_submitter": false, "distinguished": null, "created_utc": 1596460516.0, "parent_id": "t1_g04mrrj", "replies": []}, {"author": "Aloha-Potato", "id": "g05al0y", "score": -8, "subreddit": "BuyItForLife", "author_flair": null, "submission": "i2feh9", "stickied": false, "body": "<Slaves>", "is_submitter": false, "distinguished": null, "created_utc": 1596405423.0, "parent_id": "t1_g04mrrj", "replies": []}]}, {"author": "BrockSampsonite", "id": "g04tucc", "score": 21, "subreddit": "BuyItForLife", "author_flair": null, "submission": "i2feh9", "stickied": false, "body": "I prefer all wood hangers, I'm just always afraid of metal hangers ripping a hole in my clothes", "is_submitter": false, "distinguished": null, "created_utc": 1596396611.0, "parent_id": "t3_i2feh9", "replies": [{"author": "battraman", "id": "g07byvd", "score": 4, "subreddit": "BuyItForLife", "author_flair": null, "submission": "i2feh9", "stickied": false, "body": "Same here. The Ikea wooden ones are pretty good. \n\nWire hangers are good to have around for makeshift tool making.", "is_submitter": false, "distinguished": null, "created_utc": 1596459974.0, "parent_id": "t1_g04tucc", "replies": []}]}, {"author": "gnut17", "id": "g04bmy6", "score": 27, "subreddit": "BuyItForLife", "author_flair": null, "submission": "i2feh9", "stickied": false, "body": "What metal are they made of?", "is_submitter": false, "distinguished": null, "created_utc": 1596388012.0, "parent_id": "t3_i2feh9", "replies": [{"author": "Edgar455", "id": "g04c33i", "score": 27, "subreddit": "BuyItForLife", "author_flair": null, "submission": "i2feh9", "stickied": false, "body": "I think aluminum but I'm not a metal expert i'm not sure. They don't seem like iron or steel or anything.", "is_submitter": true, "distinguished": null, "created_utc": 1596388237.0, "parent_id": "t1_g04bmy6", "replies": [{"author": "udunn0jb", "id": "g04ehhp", "score": 20, "subreddit": "BuyItForLife", "author_flair": null, "submission": "i2feh9", "stickied": false, "body": "Try a magnet... aluminum isn\u2019t magnetic steel is", "is_submitter": false, "distinguished": null, "created_utc": 1596389448.0, "parent_id": "t1_g04c33i", "replies": [{"author": "Edgar455", "id": "g04gqrt", "score": 37, "subreddit": "BuyItForLife", "author_flair": null, "submission": "i2feh9", "stickied": false, "body": "Great idea! Not magnetic. So most likely aluminum.", "is_submitter": true, "distinguished": null, "created_utc": 1596390594.0, "parent_id": "t1_g04ehhp", "replies": [{"author": "ReadItWithSarcasm", "id": "g06gapn", "score": 2, "subreddit": "BuyItForLife", "author_flair": null, "submission": "i2feh9", "stickied": false, "body": "Stainless steel isn\u2019t magnetic either (depending on the quality)", "is_submitter": false, "distinguished": null, "created_utc": 1596431010.0, "parent_id": "t1_g04gqrt", "replies": [{"author": "cakedestroyer", "id": "g06p93w", "score": 2, "subreddit": "BuyItForLife", "author_flair": null, "submission": "i2feh9", "stickied": false, "body": "I doubt hangers would be high enough quality to be non magnetic.", "is_submitter": false, "distinguished": null, "created_utc": 1596438819.0, "parent_id": "t1_g06gapn", "replies": [{"author": "ReadItWithSarcasm", "id": "g078zck", "score": 2, "subreddit": "BuyItForLife", "author_flair": null, "submission": "i2feh9", "stickied": false, "body": "Not with that attitude they wouldn\u2019t be.", "is_submitter": false, "distinguished": null, "created_utc": 1596457892.0, "parent_id": "t1_g06p93w", "replies": []}]}]}]}, {"author": "D4M8ION", "id": "g05fjcz", "score": 3, "subreddit": "BuyItForLife", "author_flair": null, "submission": "i2feh9", "stickied": false, "body": "[Not in all cases.](https://www.scientificamerican.com/article/why-dont-magnets-work-on/#:~:text=Due%20to%20this%20difference%2C%20ferritic,iron%20and%20its%20fundamental%20structure.)", "is_submitter": false, "distinguished": null, "created_utc": 1596408120.0, "parent_id": "t1_g04ehhp", "replies": [{"author": "0x90Sleds", "id": "g05o5w1", "score": 4, "subreddit": "BuyItForLife", "author_flair": null, "submission": "i2feh9", "stickied": false, "body": "Those clothes hangers are not stainless steel. Categorically. Most ferritic metals are magnetic and pedantry here did nothing but prevent op from getting the answer he wanted", "is_submitter": false, "distinguished": null, "created_utc": 1596413123.0, "parent_id": "t1_g05fjcz", "replies": [{"author": "D4M8ION", "id": "g05wsjr", "score": 6, "subreddit": "BuyItForLife", "author_flair": null, "submission": "i2feh9", "stickied": false, "body": "My friend please read the article it would do you some good. What you essentially said is that magnetic metal is magnetic. I was just trying to share a little knowledge that not all STEEL is magnetic, see the comment that I was replying to. I have stainless steel hangers that are not magnetic, in fact the most common type of stainless steel (304) is  not magnetic under normal circumstances. I'm a machinist by trade, would be happy to discuss metal with you.\n\nEdit. [Relevant video example](https://imgur.com/gallery/0u5cO8V)\n\nBoth are stainless steel", "is_submitter": false, "distinguished": null, "created_utc": 1596418266.0, "parent_id": "t1_g05o5w1", "replies": [{"author": "tonylowe", "id": "g065ide", "score": 4, "subreddit": "BuyItForLife", "author_flair": null, "submission": "i2feh9", "stickied": false, "body": "How do you feel about Black Metal and Heavy Metal? Personally I\u2019m on the heavy side. Black Metal is still fine, but hasn\u2019t left an indelible mark on my souls like Heavy Metal has.", "is_submitter": false, "distinguished": null, "created_utc": 1596423553.0, "parent_id": "t1_g05wsjr", "replies": [{"author": "D4M8ION", "id": "g0681zr", "score": 3, "subreddit": "BuyItForLife", "author_flair": null, "submission": "i2feh9", "stickied": false, "body": "Just like steel there are so many different types of metal! I don't really listen to much black metal anymore except for Dimmu Borgir, Satyricon and a little CoF. Have you heard of the documentary Metal, a Headbanger's Journey? It's quite good. Currently listening to some pirate metal, Alestorm.", "is_submitter": false, "distinguished": null, "created_utc": 1596425178.0, "parent_id": "t1_g065ide", "replies": [{"author": "tonylowe", "id": "g06eton", "score": 3, "subreddit": "BuyItForLife", "author_flair": null, "submission": "i2feh9", "stickied": false, "body": "Pirate metal! Just a bit north of where I live, there was the annual NorCal Pirate Festival. They\u2019d have musical acts and I swear one of them covered a couple of Alestorm tracks. Fell right in love. Anytime someone takes themselves so seriously at not taking themselves seriously, I\u2019m over the moon.", "is_submitter": false, "distinguished": null, "created_utc": 1596429895.0, "parent_id": "t1_g0681zr", "replies": []}]}]}]}, {"author": "joesii", "id": "g05rpq9", "score": 3, "subreddit": "BuyItForLife", "author_flair": null, "submission": "i2feh9", "stickied": false, "body": "I think it was good to point it out. I would have pointed it out if they didn't already. SS is a type of steel, and it's a very common one.", "is_submitter": false, "distinguished": null, "created_utc": 1596415221.0, "parent_id": "t1_g05o5w1", "replies": [{"author": "D4M8ION", "id": "g05x18i", "score": 1, "subreddit": "BuyItForLife", "author_flair": null, "submission": "i2feh9", "stickied": false, "body": "There are so many types of stainless steel. Some are magnetic and some are not.", "is_submitter": false, "distinguished": null, "created_utc": 1596418412.0, "parent_id": "t1_g05rpq9", "replies": []}]}]}]}]}, {"author": "ReadItWithSarcasm", "id": "g06gnh5", "score": 5, "subreddit": "BuyItForLife", "author_flair": null, "submission": "i2feh9", "stickied": false, "body": "Fill tub of water (completely full). \n\nPlace hanger in tub. \n\nDetermine amount of water that was displaced from the tub.\n\nThe amount of water displaced is the volume of the hanger (V). \n\nNow, weigh the hanger as accurately as possible. This is the mass of the hanger (m). \n\nNow, calculate the density of the hanger. m/V = density. \n\nUse Material tables to find a matching density to determine the material.", "is_submitter": false, "distinguished": null, "created_utc": 1596431283.0, "parent_id": "t1_g04c33i", "replies": [{"author": "D4M8ION", "id": "g095j3z", "score": 3, "subreddit": "BuyItForLife", "author_flair": null, "submission": "i2feh9", "stickied": false, "body": "Sounds like a lot of work. Just buy an [xrf gun.](https://www.thermofisher.com/ca/en/home/industrial/spectroscopy-elemental-isotope-analysis/spectroscopy-elemental-isotope-analysis-learning-center/elemental-analysis-information/xrf-technology.html) Alternately you can borrow a neighbor's mass spectrometer.", "is_submitter": false, "distinguished": null, "created_utc": 1596486817.0, "parent_id": "t1_g06gnh5", "replies": []}, {"author": "Rec4LMS", "id": "g07c109", "score": 1, "subreddit": "BuyItForLife", "author_flair": null, "submission": "i2feh9", "stickied": false, "body": "Eureka!", "is_submitter": false, "distinguished": null, "created_utc": 1596460015.0, "parent_id": "t1_g06gnh5", "replies": []}]}, {"author": "joesii", "id": "g05rm8h", "score": 1, "subreddit": "BuyItForLife", "author_flair": null, "submission": "i2feh9", "stickied": false, "body": "If they're aluminum you could tell by how amazingly light they'd be (probably just a bit heavier than holding a cheap wire hanger), and how they change temperature rather quickly when you hold them.\n\nUsually I've only seen these kind of thick metal loop hangers as steel, but I guess they come in aluminium as well.", "is_submitter": false, "distinguished": null, "created_utc": 1596415163.0, "parent_id": "t1_g04c33i", "replies": []}]}, {"author": "pototo72", "id": "g04nlq5", "score": 23, "subreddit": "BuyItForLife", "author_flair": null, "submission": "i2feh9", "stickied": false, "body": "They're 1/4\" aluminum. According to a quick Google search of dodco hangers.", "is_submitter": false, "distinguished": null, "created_utc": 1596393767.0, "parent_id": "t1_g04bmy6", "replies": []}, {"author": "flipper1935", "id": "g04tbrm", "score": 16, "subreddit": "BuyItForLife", "author_flair": null, "submission": "i2feh9", "stickied": false, "body": "1/4\" aluminum that has been anodized, per the manufacturers web site.", "is_submitter": false, "distinguished": null, "created_utc": 1596396376.0, "parent_id": "t1_g04bmy6", "replies": []}, {"author": "lostmojo", "id": "g04c0r4", "score": 4, "subreddit": "BuyItForLife", "author_flair": null, "submission": "i2feh9", "stickied": false, "body": "Looks like aluminum", "is_submitter": false, "distinguished": null, "created_utc": 1596388211.0, "parent_id": "t1_g04bmy6", "replies": []}]}, {"author": "DELETED", "id": "g0538v1", "score": 34, "subreddit": "BuyItForLife", "author_flair": null, "submission": "i2feh9", "stickied": false, "body": "[deleted]", "is_submitter": false, "distinguished": null, "created_utc": 1596401536.0, "parent_id": "t3_i2feh9", "replies": [{"author": "OhJohnO", "id": "g05wu7w", "score": 17, "subreddit": "BuyItForLife", "author_flair": null, "submission": "i2feh9", "stickied": false, "body": "NO WIRE HANGERS!!!!!!!!!!", "is_submitter": false, "distinguished": null, "created_utc": 1596418294.0, "parent_id": "t1_g0538v1", "replies": []}]}, {"author": "QoftheContinuum", "id": "g04rdd2", "score": 68, "subreddit": "BuyItForLife", "author_flair": null, "submission": "i2feh9", "stickied": false, "body": "I\u2019d be careful about using these for suits. They won\u2019t properly support the shoulders and you could end up with some odd creases.", "is_submitter": false, "distinguished": null, "created_utc": 1596395488.0, "parent_id": "t3_i2feh9", "replies": []}, {"author": "DELETED", "id": "g04mqhb", "score": 12, "subreddit": "BuyItForLife", "author_flair": null, "submission": "i2feh9", "stickied": false, "body": "Bottom ones look newer, ever so slightly.\nAre these as thick and stiff as they look?", "is_submitter": false, "distinguished": null, "created_utc": 1596393374.0, "parent_id": "t3_i2feh9", "replies": [{"author": "DELETED", "id": "g052pws", "score": 5, "subreddit": "BuyItForLife", "author_flair": null, "submission": "i2feh9", "stickied": false, "body": "They better be for 6/$16", "is_submitter": false, "distinguished": null, "created_utc": 1596401255.0, "parent_id": "t1_g04mqhb", "replies": []}]}, {"author": "throwawaycanadian2", "id": "g04bg5l", "score": 36, "subreddit": "BuyItForLife", "author_flair": null, "submission": "i2feh9", "stickied": false, "body": "I guess they last a long time but wore hangers can really stretch out clothes", "is_submitter": false, "distinguished": null, "created_utc": 1596387913.0, "parent_id": "t3_i2feh9", "replies": [{"author": "brp", "id": "g056sgo", "score": 12, "subreddit": "BuyItForLife", "author_flair": null, "submission": "i2feh9", "stickied": false, "body": "They can also [result in an ass beating.](https://youtu.be/tUkE9qaVgmo)", "is_submitter": false, "distinguished": null, "created_utc": 1596403427.0, "parent_id": "t1_g04bg5l", "replies": [{"author": "KingBlackBeard", "id": "g066h1h", "score": 6, "subreddit": "BuyItForLife", "author_flair": null, "submission": "i2feh9", "stickied": false, "body": "no\n\n##WIRE\n\n#HANGERS!!!!!", "is_submitter": false, "distinguished": null, "created_utc": 1596424170.0, "parent_id": "t1_g056sgo", "replies": []}]}, {"author": "Edgar455", "id": "g04bvh3", "score": 16, "subreddit": "BuyItForLife", "author_flair": null, "submission": "i2feh9", "stickied": false, "body": "My other crappy plastic hangers that are about the same size never really stretched out my clothes at all. I'll ask my grandma about it but she was truly emphatic about how good these hangers are haha", "is_submitter": true, "distinguished": null, "created_utc": 1596388136.0, "parent_id": "t1_g04bg5l", "replies": []}, {"author": "t_25_t", "id": "g05sqeb", "score": 5, "subreddit": "BuyItForLife", "author_flair": null, "submission": "i2feh9", "stickied": false, "body": "> I guess they last a long time but wore hangers can really stretch out clothes\n\nFor clothes that I am worried about stretching, I go from the bottom instead of stretching the neck opening when inserting/removing the clothes from the hanger.", "is_submitter": false, "distinguished": null, "created_utc": 1596415834.0, "parent_id": "t1_g04bg5l", "replies": [{"author": "JigglypuffNinjaSmash", "id": "g065w2y", "score": 1, "subreddit": "BuyItForLife", "author_flair": null, "submission": "i2feh9", "stickied": false, "body": "I wonder if they meant by the general force of the hanging shirt getting pulled down by gravity over time. Not a big deal with T-shirts, but if you put a suit jacket on there...", "is_submitter": false, "distinguished": null, "created_utc": 1596423793.0, "parent_id": "t1_g05sqeb", "replies": []}]}, {"author": "CoderDevo", "id": "g05cb3i", "score": 4, "subreddit": "BuyItForLife", "author_flair": null, "submission": "i2feh9", "stickied": false, "body": "These *wire* hangers won't stretch them out as much as normal wire hangers.\n\nMost wire hangers are 0.06 inches thick (14.5 gauge).\n\nThese are 0.25 inches thick (2 gauge).", "is_submitter": false, "distinguished": null, "created_utc": 1596406337.0, "parent_id": "t1_g04bg5l", "replies": []}]}, {"author": "Edgar455", "id": "g04as9e", "score": 53, "subreddit": "BuyItForLife", "author_flair": null, "submission": "i2feh9", "stickied": false, "body": "I wanted to get some nice coat hangers for my new suit and I knew that my grandma has always had the best hangers in her closet. She surprised me with a brand new set! I guess she bought hers in 1969 and it seems like the company is still around today making them the exact same way. I can hardly tell the difference!", "is_submitter": true, "distinguished": null, "created_utc": 1596387609.0, "parent_id": "t3_i2feh9", "replies": [{"author": "WhirlwindofWit", "id": "g04t03u", "score": 95, "subreddit": "BuyItForLife", "author_flair": null, "submission": "i2feh9", "stickied": false, "body": "You should really invest in a suit hanger with a wider base. Just wooden ones from amazon with the wide shoulder base would be more than sufficient. You\u2019re risking ruining your suit with these.", "is_submitter": false, "distinguished": null, "created_utc": 1596396234.0, "parent_id": "t1_g04as9e", "replies": [{"author": "thedevthomas", "id": "g04v4g6", "score": 37, "subreddit": "BuyItForLife", "author_flair": null, "submission": "i2feh9", "stickied": false, "body": "For real. These aren't quality hangers for a suit.", "is_submitter": false, "distinguished": null, "created_utc": 1596397236.0, "parent_id": "t1_g04t03u", "replies": []}, {"author": "Edgar455", "id": "g04yg0h", "score": 27, "subreddit": "BuyItForLife", "author_flair": null, "submission": "i2feh9", "stickied": false, "body": "Good tip! Thanks. Regardless I have some dress shirts that these are perfect for.", "is_submitter": true, "distinguished": null, "created_utc": 1596398997.0, "parent_id": "t1_g04t03u", "replies": [{"author": "sepansk4", "id": "g08arti", "score": 0, "subreddit": "BuyItForLife", "author_flair": null, "submission": "i2feh9", "stickied": false, "body": "They aren\u2019t though. You\u2019ll have weird rounding in the shoulders.", "is_submitter": false, "distinguished": null, "created_utc": 1596475011.0, "parent_id": "t1_g04yg0h", "replies": []}]}]}, {"author": "kilobitch", "id": "g04ygpo", "score": 23, "subreddit": "BuyItForLife", "author_flair": null, "submission": "i2feh9", "stickied": false, "body": "These are not suit hangers. They\u2019ll ruin the shape of the shoulders and crease the pants.", "is_submitter": false, "distinguished": null, "created_utc": 1596399007.0, "parent_id": "t1_g04as9e", "replies": []}, {"author": "RichardNoggins", "id": "g04ykqd", "score": 4, "subreddit": "BuyItForLife", "author_flair": null, "submission": "i2feh9", "stickied": false, "body": "If it ain\u2019t broke, don\u2019t fix it!", "is_submitter": false, "distinguished": null, "created_utc": 1596399065.0, "parent_id": "t1_g04as9e", "replies": []}, {"author": "TootsNYC", "id": "g04ydm6", "score": 2, "subreddit": "BuyItForLife", "author_flair": null, "submission": "i2feh9", "stickied": false, "body": "I may need to get me some of these\u2014the metal hangers I was trying to accumulate from BB&B were discontinued before I could get all that I wanted.", "is_submitter": false, "distinguished": null, "created_utc": 1596398962.0, "parent_id": "t1_g04as9e", "replies": []}]}, {"author": "TootsNYC", "id": "g04yick", "score": 13, "subreddit": "BuyItForLife", "author_flair": null, "submission": "i2feh9", "stickied": false, "body": "They come in colors!\n\n\nhttps://dodcoinc.com/store/1300-garment-hanger", "is_submitter": false, "distinguished": null, "created_utc": 1596399030.0, "parent_id": "t3_i2feh9", "replies": [{"author": "FTWTTW", "id": "g04zotc", "score": 9, "subreddit": "BuyItForLife", "author_flair": null, "submission": "i2feh9", "stickied": false, "body": "Still not cheap, but $16 for 6 is better than I expected! I think I paid about the same for some super thick plastic ones marketed for jackets/workwear.", "is_submitter": false, "distinguished": null, "created_utc": 1596399646.0, "parent_id": "t1_g04yick", "replies": []}, {"author": "ineemeenee", "id": "g05lvap", "score": 3, "subreddit": "BuyItForLife", "author_flair": null, "submission": "i2feh9", "stickied": false, "body": "Seems like they can laser and customize the hangers too with a name or logo. Pretty cool.", "is_submitter": false, "distinguished": null, "created_utc": 1596411772.0, "parent_id": "t1_g04yick", "replies": []}]}, {"author": "_xxACExx_", "id": "g0575d5", "score": 9, "subreddit": "BuyItForLife", "author_flair": null, "submission": "i2feh9", "stickied": false, "body": "https://www.amazon.com/High-Grade-Lotus-Wooden-Hangers/dp/B071LH6F2H/ref=sr_1_5?dchild=1&keywords=wooden+hangers&qid=1596403450&sr=8-5\n\nAt slightly over $1 a piece I threw away all my mismatched plastic hangers and bought plenty of these that will last a lifetime. Great quality and a nice touch to modernize the closet and take it from broke college kid to a somewhat successful middle class household.", "is_submitter": false, "distinguished": null, "created_utc": 1596403621.0, "parent_id": "t3_i2feh9", "replies": []}, {"author": "IneffableMF", "id": "g04htkn", "score": 4, "subreddit": "BuyItForLife", "author_flair": null, "submission": "i2feh9", "stickied": false, "body": "Hurts my eyes to look... can't tell", "is_submitter": false, "distinguished": null, "created_utc": 1596391122.0, "parent_id": "t3_i2feh9", "replies": []}, {"author": "DELETED", "id": "g04wygh", "score": 5, "subreddit": "BuyItForLife", "author_flair": null, "submission": "i2feh9", "stickied": false, "body": "Looks like the coat hanger you'd you use to get your keys out of your bulldozer when they get locked inside!", "is_submitter": false, "distinguished": null, "created_utc": 1596398205.0, "parent_id": "t3_i2feh9", "replies": []}, {"author": "amberyoung", "id": "g04v8da", "score": 3, "subreddit": "BuyItForLife", "author_flair": null, "submission": "i2feh9", "stickied": false, "body": "Top ones the vintage ones?", "is_submitter": false, "distinguished": null, "created_utc": 1596397293.0, "parent_id": "t3_i2feh9", "replies": []}, {"author": "smellycoat", "id": "g056zl2", "score": 3, "subreddit": "BuyItForLife", "author_flair": null, "submission": "i2feh9", "stickied": false, "body": "Crap. I\u2019ve been looking for decent hangers that aren\u2019t too thick (wooden ones take up literally 3-4x the space of plastic or wire hangers) for ages. These look amazing. Apparently completely impossible to buy them in the UK :(", "is_submitter": false, "distinguished": null, "created_utc": 1596403534.0, "parent_id": "t3_i2feh9", "replies": [{"author": "call-me-the-seeker", "id": "g07xeg6", "score": 2, "subreddit": "BuyItForLife", "author_flair": null, "submission": "i2feh9", "stickied": false, "body": "You might look into a remailing service. Basically you order the hangers and they are sent to \u2018a valid address\u2019 in the US (that you have prior set up with the remailer). The remailer will then forward the parcel anywhere you like. I have done this in the UK, it works. \n\nIt is an added expense to already expensive hangers, but it\u2019s an option when you don\u2019t want to rely on having a friend stateside to take pity on you and shop your list and post it to you!", "is_submitter": false, "distinguished": null, "created_utc": 1596470140.0, "parent_id": "t1_g056zl2", "replies": []}]}, {"author": "kneaders", "id": "g04w9zj", "score": 4, "subreddit": "BuyItForLife", "author_flair": null, "submission": "i2feh9", "stickied": false, "body": "I\u2019ll tell you once the acid flashback wears off", "is_submitter": false, "distinguished": null, "created_utc": 1596397846.0, "parent_id": "t3_i2feh9", "replies": []}, {"author": "UncommercializedKat", "id": "g05o1eu", "score": 2, "subreddit": "BuyItForLife", "author_flair": null, "submission": "i2feh9", "stickied": false, "body": "They are probably built with the same machines, too.", "is_submitter": false, "distinguished": null, "created_utc": 1596413051.0, "parent_id": "t3_i2feh9", "replies": []}, {"author": "Windholm", "id": "g0694z6", "score": 2, "subreddit": "BuyItForLife", "author_flair": null, "submission": "i2feh9", "stickied": false, "body": "I have a couple of sets from 2001. Perfect for the hall closet -- they don't bend under the weight of heavy coats.", "is_submitter": false, "distinguished": null, "created_utc": 1596425888.0, "parent_id": "t3_i2feh9", "replies": []}, {"author": "TheOctoberOwl", "id": "g0711o2", "score": 2, "subreddit": "BuyItForLife", "author_flair": null, "submission": "i2feh9", "stickied": false, "body": "Serious question: how do the clothes not slips right off? I\u2019ve become very fond of velvet hangers because they really keep stuff from slipping", "is_submitter": false, "distinguished": null, "created_utc": 1596450959.0, "parent_id": "t3_i2feh9", "replies": []}, {"author": "DelsinMcgrath835", "id": "g07c23t", "score": 2, "subreddit": "BuyItForLife", "author_flair": null, "submission": "i2feh9", "stickied": false, "body": "Looks like you could beat the ever living shit out of someone with those, christ", "is_submitter": false, "distinguished": null, "created_utc": 1596460037.0, "parent_id": "t3_i2feh9", "replies": []}, {"author": "derpadeea", "id": "g05heao", "score": 2, "subreddit": "BuyItForLife", "author_flair": null, "submission": "i2feh9", "stickied": false, "body": "[\ud83d\ude33No wire hangers for me](https://youtu.be/XOILKHmZBwc)", "is_submitter": false, "distinguished": null, "created_utc": 1596409169.0, "parent_id": "t3_i2feh9", "replies": []}, {"author": "DELETED", "id": "g04q79c", "score": 2, "subreddit": "BuyItForLife", "author_flair": null, "submission": "i2feh9", "stickied": false, "body": "If it ain't broke...", "is_submitter": false, "distinguished": null, "created_utc": 1596394962.0, "parent_id": "t3_i2feh9", "replies": []}, {"author": "ronaldwreagan", "id": "g04xn6m", "score": 2, "subreddit": "BuyItForLife", "author_flair": null, "submission": "i2feh9", "stickied": false, "body": "Can't tell. Photo is too blurry.", "is_submitter": false, "distinguished": null, "created_utc": 1596398567.0, "parent_id": "t3_i2feh9", "replies": []}, {"author": "colcrnch", "id": "g06kxb1", "score": 2, "subreddit": "BuyItForLife", "author_flair": null, "submission": "i2feh9", "stickied": false, "body": "Can someone explain why anyone would spend this much on thin wire metal hangers that ruin clothes as opposed to thick cedar wood which would preserve the shape?", "is_submitter": false, "distinguished": null, "created_utc": 1596434806.0, "parent_id": "t3_i2feh9", "replies": []}, {"author": "ohboymyo", "id": "g056gpz", "score": 2, "subreddit": "BuyItForLife", "author_flair": null, "submission": "i2feh9", "stickied": false, "body": "I'm all about bifl but I've never broken a plastic one", "is_submitter": false, "distinguished": null, "created_utc": 1596403254.0, "parent_id": "t3_i2feh9", "replies": []}, {"author": "mary-shelley1851", "id": "g05lku1", "score": 1, "subreddit": "BuyItForLife", "author_flair": null, "submission": "i2feh9", "stickied": false, "body": "Wire hangers.", "is_submitter": false, "distinguished": null, "created_utc": 1596411596.0, "parent_id": "t3_i2feh9", "replies": []}, {"author": "MegaFatcat100", "id": "g05nszy", "score": 1, "subreddit": "BuyItForLife", "author_flair": null, "submission": "i2feh9", "stickied": false, "body": "To me the bottom ones look a little bit shinier so I'd say they are the newer ones, but its still very close", "is_submitter": false, "distinguished": null, "created_utc": 1596412913.0, "parent_id": "t3_i2feh9", "replies": []}, {"author": "sminima", "id": "g05pg6x", "score": 1, "subreddit": "BuyItForLife", "author_flair": null, "submission": "i2feh9", "stickied": false, "body": "They probably still have the same machines they were using in the sixties.", "is_submitter": false, "distinguished": null, "created_utc": 1596413876.0, "parent_id": "t3_i2feh9", "replies": []}, {"author": "ricksaunders", "id": "g05td9a", "score": 1, "subreddit": "BuyItForLife", "author_flair": null, "submission": "i2feh9", "stickied": false, "body": "I'm using wood hangers from the 1930s that my Grandmother crocheted covers for.", "is_submitter": false, "distinguished": null, "created_utc": 1596416217.0, "parent_id": "t3_i2feh9", "replies": []}, {"author": "belortik", "id": "g06461d", "score": 1, "subreddit": "BuyItForLife", "author_flair": null, "submission": "i2feh9", "stickied": false, "body": "My guess is the bottom ones are the newer ones. Both ends are rounded versus only one end rounded on the top ones.", "is_submitter": false, "distinguished": null, "created_utc": 1596422714.0, "parent_id": "t3_i2feh9", "replies": []}, {"author": "fakeaccount113", "id": "g066ox0", "score": 1, "subreddit": "BuyItForLife", "author_flair": null, "submission": "i2feh9", "stickied": false, "body": "I dont know the brand but I have some nice metal hangers my mom was about to throw away to replace with new plastic ones from fucking amazon.", "is_submitter": false, "distinguished": null, "created_utc": 1596424307.0, "parent_id": "t3_i2feh9", "replies": []}, {"author": "irtheweasel", "id": "g0693wt", "score": 1, "subreddit": "BuyItForLife", "author_flair": null, "submission": "i2feh9", "stickied": false, "body": "The bottom three are the older ones. The twist isn't quite as tight as the top ones.", "is_submitter": false, "distinguished": null, "created_utc": 1596425867.0, "parent_id": "t3_i2feh9", "replies": []}, {"author": "0R_C0", "id": "g069u32", "score": 1, "subreddit": "BuyItForLife", "author_flair": null, "submission": "i2feh9", "stickied": false, "body": "Is the top ones the newer ones? \n\nI'm not sure if it's my imagination, but it seems a shade thinner than the bottom ones. Also, the winding seems tighter on the top with lesser gap compared to the other.", "is_submitter": false, "distinguished": null, "created_utc": 1596426352.0, "parent_id": "t3_i2feh9", "replies": []}, {"author": "9pmlmn", "id": "g06cgo0", "score": 1, "subreddit": "BuyItForLife", "author_flair": null, "submission": "i2feh9", "stickied": false, "body": "I\u2019m guessing the bottom ones are new?", "is_submitter": false, "distinguished": null, "created_utc": 1596428153.0, "parent_id": "t3_i2feh9", "replies": []}, {"author": "Viscumin", "id": "g06d978", "score": 1, "subreddit": "BuyItForLife", "author_flair": null, "submission": "i2feh9", "stickied": false, "body": "You have inspired me to buy a set for myself and my husband.", "is_submitter": false, "distinguished": null, "created_utc": 1596428725.0, "parent_id": "t3_i2feh9", "replies": []}, {"author": "Chanceifer0666", "id": "g06g5ik", "score": 1, "subreddit": "BuyItForLife", "author_flair": null, "submission": "i2feh9", "stickied": false, "body": "Older ones are the top. Looks like more of a steel alloy to me. That\u2019s my guess", "is_submitter": false, "distinguished": null, "created_utc": 1596430903.0, "parent_id": "t3_i2feh9", "replies": []}, {"author": "campshak", "id": "g06j9qa", "score": 1, "subreddit": "BuyItForLife", "author_flair": null, "submission": "i2feh9", "stickied": false, "body": "One group shoots laser beams", "is_submitter": false, "distinguished": null, "created_utc": 1596433389.0, "parent_id": "t3_i2feh9", "replies": []}, {"author": "BlueNostromo", "id": "g06sl6f", "score": 1, "subreddit": "BuyItForLife", "author_flair": null, "submission": "i2feh9", "stickied": false, "body": "New ones on the bottom", "is_submitter": false, "distinguished": null, "created_utc": 1596442159.0, "parent_id": "t3_i2feh9", "replies": []}, {"author": "doreenarthur", "id": "g072het", "score": 1, "subreddit": "BuyItForLife", "author_flair": null, "submission": "i2feh9", "stickied": false, "body": "How would one tell the difference between ' identical ' items?", "is_submitter": false, "distinguished": null, "created_utc": 1596452361.0, "parent_id": "t3_i2feh9", "replies": []}, {"author": "Journey333444", "id": "g07jd2t", "score": 1, "subreddit": "BuyItForLife", "author_flair": null, "submission": "i2feh9", "stickied": false, "body": "I\u2019ve never heard of them before. Thanks for sharing.", "is_submitter": false, "distinguished": null, "created_utc": 1596464102.0, "parent_id": "t3_i2feh9", "replies": []}, {"author": "Edgar455", "id": "g07r9yh", "score": 1, "subreddit": "BuyItForLife", "author_flair": null, "submission": "i2feh9", "stickied": false, "body": "The bottom ones are the new ones! Good job for those who got it right!\n\nAlso, THANKS FOR THE GOLD", "is_submitter": true, "distinguished": null, "created_utc": 1596467648.0, "parent_id": "t3_i2feh9", "replies": []}, {"author": "YourDimeTime", "id": "g07unwp", "score": 1, "subreddit": "BuyItForLife", "author_flair": null, "submission": "i2feh9", "stickied": false, "body": "Bottom ones are new.", "is_submitter": false, "distinguished": null, "created_utc": 1596469014.0, "parent_id": "t3_i2feh9", "replies": []}, {"author": "dianasaurusrexx", "id": "g07ydh3", "score": 1, "subreddit": "BuyItForLife", "author_flair": null, "submission": "i2feh9", "stickied": false, "body": ".... Is there a difference?", "is_submitter": false, "distinguished": null, "created_utc": 1596470493.0, "parent_id": "t3_i2feh9", "replies": []}, {"author": "naeads", "id": "g089m3a", "score": 1, "subreddit": "BuyItForLife", "author_flair": null, "submission": "i2feh9", "stickied": false, "body": "Bottom is new, too is old.", "is_submitter": false, "distinguished": null, "created_utc": 1596474604.0, "parent_id": "t3_i2feh9", "replies": []}, {"author": "happysmash27", "id": "g16mbme", "score": 1, "subreddit": "BuyItForLife", "author_flair": null, "submission": "i2feh9", "stickied": false, "body": "The top one has a darker, smoother looking metal. I like that one more, but maybe it's just the lighting. Which is the newer one?", "is_submitter": false, "distinguished": null, "created_utc": 1597207362.0, "parent_id": "t3_i2feh9", "replies": []}, {"author": "Akatsuki-kun", "id": "g05xy06", "score": 0, "subreddit": "BuyItForLife", "author_flair": null, "submission": "i2feh9", "stickied": false, "body": "For me personally, visually it's pretty much the same, as someone who takes an interest in knives and steel, I can question if their blend of steel and heat treating has changed throughout the years. Then again it shouldn't matter as much unless you're hanging heavy wet clothing on these hangers to dry, in which case good steel and proper heat treatment will make it more durable.", "is_submitter": false, "distinguished": null, "created_utc": 1596418963.0, "parent_id": "t3_i2feh9", "replies": []}, {"author": "Henniferlopez87", "id": "g061hnz", "score": 0, "subreddit": "BuyItForLife", "author_flair": null, "submission": "i2feh9", "stickied": false, "body": "Bigger space between the two ends.", "is_submitter": false, "distinguished": null, "created_utc": 1596421081.0, "parent_id": "t3_i2feh9", "replies": []}, {"author": "ITriedLightningTendr", "id": "g05ayk9", "score": -5, "subreddit": "BuyItForLife", "author_flair": null, "submission": "i2feh9", "stickied": false, "body": "> they're identical\n\n> can you spot the difference\n\nwtf are you talking about", "is_submitter": false, "distinguished": null, "created_utc": 1596405618.0, "parent_id": "t3_i2feh9", "replies": []}]}