{"title": "Grado headphones, bought them 15 years ago, modded last week to keep them for 15 more years.", "name": "t3_m0lhwt", "url": "https://i.redd.it/3b93t0ejeul61.jpg", "selftext": "", "score": 2978, "upvote_ratio": 0.98, "permalink": "/r/BuyItForLife/comments/m0lhwt/grado_headphones_bought_them_15_years_ago_modded/", "id": "m0lhwt", "author": "Effet_Ralgan", "link_flair_text": "Vintage", "num_comments": 153, "over_18": false, "spoiler": false, "pinned": false, "locked": false, "distinguished": null, "created_utc": 1615226040.0, "comments": [{"author": "ryholol", "id": "gq9ak0w", "score": 57, "subreddit": "BuyItForLife", "author_flair": null, "submission": "m0lhwt", "stickied": false, "body": "Dankpods would be proud", "is_submitter": false, "distinguished": null, "created_utc": 1615238982.0, "parent_id": "t3_m0lhwt", "replies": [{"author": "dhoffnun", "id": "gqarr9i", "score": 13, "subreddit": "BuyItForLife", "author_flair": null, "submission": "m0lhwt", "stickied": false, "body": "#BLUTOOTH MOUDE", "is_submitter": false, "distinguished": null, "created_utc": 1615268115.0, "parent_id": "t1_gq9ak0w", "replies": [{"author": "ryholol", "id": "gqavyfx", "score": 7, "subreddit": "BuyItForLife", "author_flair": null, "submission": "m0lhwt", "stickied": false, "body": "AUXILIARY MODE", "is_submitter": false, "distinguished": null, "created_utc": 1615271380.0, "parent_id": "t1_gqarr9i", "replies": [{"author": "monkeyf1st", "id": "gqcmjzh", "score": 2, "subreddit": "BuyItForLife", "author_flair": null, "submission": "m0lhwt", "stickied": false, "body": "PAOWAH AWHN", "is_submitter": false, "distinguished": null, "created_utc": 1615310581.0, "parent_id": "t1_gqavyfx", "replies": []}]}]}, {"author": "NUMBERQ1", "id": "gq9wtbm", "score": 24, "subreddit": "BuyItForLife", "author_flair": null, "submission": "m0lhwt", "stickied": false, "body": "Gotta get that BIG STINKY SOUND", "is_submitter": false, "distinguished": null, "created_utc": 1615250121.0, "parent_id": "t1_gq9ak0w", "replies": [{"author": "ryholol", "id": "gqa7f1t", "score": 20, "subreddit": "BuyItForLife", "author_flair": null, "submission": "m0lhwt", "stickied": false, "body": "Much wider than the huh duh six hungeos", "is_submitter": false, "distinguished": null, "created_utc": 1615255938.0, "parent_id": "t1_gq9wtbm", "replies": [{"author": "NUMBERQ1", "id": "gqabh6y", "score": 12, "subreddit": "BuyItForLife", "author_flair": null, "submission": "m0lhwt", "stickied": false, "body": "Of course, I'd always prefer a pair of dirty buds over these expensive \"audiophile quality\" head p-honees", "is_submitter": false, "distinguished": null, "created_utc": 1615258164.0, "parent_id": "t1_gqa7f1t", "replies": [{"author": "mrfluffles300", "id": "gqad292", "score": 5, "subreddit": "BuyItForLife", "author_flair": null, "submission": "m0lhwt", "stickied": false, "body": "With that dirtybud headphone converter to get that *crispy extra sound*", "is_submitter": false, "distinguished": null, "created_utc": 1615259040.0, "parent_id": "t1_gqabh6y", "replies": [{"author": "Redditer48634", "id": "gqbqtvb", "score": 4, "subreddit": "BuyItForLife", "author_flair": null, "submission": "m0lhwt", "stickied": false, "body": "*dirtybud falls and hits the pkcell*", "is_submitter": false, "distinguished": null, "created_utc": 1615297294.0, "parent_id": "t1_gqad292", "replies": [{"author": "mrfluffles300", "id": "gqbs85y", "score": 3, "subreddit": "BuyItForLife", "author_flair": null, "submission": "m0lhwt", "stickied": false, "body": "^oh ^my ^pkcell", "is_submitter": false, "distinguished": null, "created_utc": 1615298049.0, "parent_id": "t1_gqbqtvb", "replies": [{"author": "Redditer48634", "id": "gqbteyo", "score": 4, "subreddit": "BuyItForLife", "author_flair": null, "submission": "m0lhwt", "stickied": false, "body": "*places pkcell back in original position*", "is_submitter": false, "distinguished": null, "created_utc": 1615298671.0, "parent_id": "t1_gqbs85y", "replies": []}]}]}]}]}]}]}, {"author": "RIPmyfirstaccount", "id": "gqbhmt1", "score": 7, "subreddit": "BuyItForLife", "author_flair": null, "submission": "m0lhwt", "stickied": false, "body": "aw my pkcell", "is_submitter": false, "distinguished": null, "created_utc": 1615291428.0, "parent_id": "t1_gq9ak0w", "replies": [{"author": "ryholol", "id": "gqcpq91", "score": 3, "subreddit": "BuyItForLife", "author_flair": null, "submission": "m0lhwt", "stickied": false, "body": "AAA", "is_submitter": false, "distinguished": null, "created_utc": 1615311966.0, "parent_id": "t1_gqbhmt1", "replies": []}]}]}, {"author": "razeus", "id": "gq8ow4l", "score": 135, "subreddit": "BuyItForLife", "author_flair": null, "submission": "m0lhwt", "stickied": false, "body": "Love the sound. Hate the way the hurt my ears.", "is_submitter": false, "distinguished": null, "created_utc": 1615229584.0, "parent_id": "t3_m0lhwt", "replies": [{"author": "Doctor_What_", "id": "gqa016n", "score": 30, "subreddit": "BuyItForLife", "author_flair": null, "submission": "m0lhwt", "stickied": false, "body": "You gotta bend the metal headband so it fits your head. Not even joking, that's the way they're designed to work.", "is_submitter": false, "distinguished": null, "created_utc": 1615251885.0, "parent_id": "t1_gq8ow4l", "replies": [{"author": "Hylia", "id": "gtdbz2v", "score": 2, "subreddit": "BuyItForLife", "author_flair": null, "submission": "m0lhwt", "stickied": false, "body": "Oh fuck", "is_submitter": false, "distinguished": null, "created_utc": 1617560153.0, "parent_id": "t1_gqa016n", "replies": []}]}, {"author": "duncan345", "id": "gq9zwlc", "score": 23, "subreddit": "BuyItForLife", "author_flair": null, "submission": "m0lhwt", "stickied": false, "body": "I ordered a set of the big over-the-ear foam pads that Grado use on their high end models. The pads cost nearly as much as the headphones did but now they're super comfy.\n\nLink: https://4ourears.com/products/grado-headphone-replacement-cushion-g?variant=32288376094768", "is_submitter": false, "distinguished": null, "created_utc": 1615251815.0, "parent_id": "t1_gq8ow4l", "replies": []}, {"author": "Effet_Ralgan", "id": "gq8xg2g", "score": 36, "subreddit": "BuyItForLife", "author_flair": null, "submission": "m0lhwt", "stickied": false, "body": "Same here.", "is_submitter": true, "distinguished": null, "created_utc": 1615233281.0, "parent_id": "t1_gq8ow4l", "replies": []}, {"author": "gokstudio", "id": "gq9cn78", "score": 29, "subreddit": "BuyItForLife", "author_flair": null, "submission": "m0lhwt", "stickied": false, "body": "I thought I was the one with a big head. What's the recommended way to remediate this issue?", "is_submitter": false, "distinguished": null, "created_utc": 1615239922.0, "parent_id": "t1_gq8ow4l", "replies": [{"author": "JustMoed", "id": "gq9m236", "score": 42, "subreddit": "BuyItForLife", "author_flair": null, "submission": "m0lhwt", "stickied": false, "body": "thats the thing with the grados you can literally bend the top band to fit your head better. the earpads should just barely rest on your ears", "is_submitter": false, "distinguished": null, "created_utc": 1615244418.0, "parent_id": "t1_gq9cn78", "replies": [{"author": "holubtsi", "id": "gqa7pi7", "score": 15, "subreddit": "BuyItForLife", "author_flair": null, "submission": "m0lhwt", "stickied": false, "body": "Second this recommendation, you probably don't even need to flex the headband that much to get the right fit. I've had a pair of Grados for 15 years, they're comfy as heck, I can wear them all day. And I have a huge head. \n\nYou could make them even more comfy by adding a bit of padding to the top headband I suppose.", "is_submitter": false, "distinguished": null, "created_utc": 1615256097.0, "parent_id": "t1_gq9m236", "replies": []}]}, {"author": "Ghitit", "id": "gqa5b2c", "score": 8, "subreddit": "BuyItForLife", "author_flair": null, "submission": "m0lhwt", "stickied": false, "body": "I have a small head and they hurt my ears, too.     I have a headache after  an hour.   \n\nNo complaints about the sound, though.   \n\nNot keen on the foam ears.", "is_submitter": false, "distinguished": null, "created_utc": 1615254770.0, "parent_id": "t1_gq9cn78", "replies": [{"author": "SlabGizor120", "id": "gqbnquu", "score": 4, "subreddit": "BuyItForLife", "author_flair": null, "submission": "m0lhwt", "stickied": false, "body": "You can bend the headband to fit you better, it\u2019s meant to adjust that way", "is_submitter": false, "distinguished": null, "created_utc": 1615295526.0, "parent_id": "t1_gqa5b2c", "replies": [{"author": "Ghitit", "id": "gqc46q7", "score": 2, "subreddit": "BuyItForLife", "author_flair": null, "submission": "m0lhwt", "stickied": false, "body": "Will it bend back if I bend it too far? \n\nWhat exactly is bending?    Is bending it going to weaken it?  \n\nI'm nervous about bending!", "is_submitter": false, "distinguished": null, "created_utc": 1615303503.0, "parent_id": "t1_gqbnquu", "replies": [{"author": "SlabGizor120", "id": "gqc5i0j", "score": 3, "subreddit": "BuyItForLife", "author_flair": null, "submission": "m0lhwt", "stickied": false, "body": "It\u2019s designed to do that, don\u2019t worry.  Just bend it gently until it fits right.", "is_submitter": false, "distinguished": null, "created_utc": 1615304033.0, "parent_id": "t1_gqc46q7", "replies": [{"author": "Ghitit", "id": "gqc5n10", "score": 1, "subreddit": "BuyItForLife", "author_flair": null, "submission": "m0lhwt", "stickied": false, "body": "I'm such a sissy.   Thank you. :)", "is_submitter": false, "distinguished": null, "created_utc": 1615304084.0, "parent_id": "t1_gqc5i0j", "replies": []}]}]}]}]}, {"author": "Chytrik", "id": "gqb2bsi", "score": 2, "subreddit": "BuyItForLife", "author_flair": null, "submission": "m0lhwt", "stickied": false, "body": "Buy a set of larger earpads for them. The stock earpads on the lower range sets are kinda small. The larger ones reduce pressure points a lot in my experience.", "is_submitter": false, "distinguished": null, "created_utc": 1615277023.0, "parent_id": "t1_gq9cn78", "replies": []}]}, {"author": "SlabGizor120", "id": "gqbno91", "score": 3, "subreddit": "BuyItForLife", "author_flair": null, "submission": "m0lhwt", "stickied": false, "body": "Have you bent the top band to fit your head better?", "is_submitter": false, "distinguished": null, "created_utc": 1615295484.0, "parent_id": "t1_gq8ow4l", "replies": []}, {"author": "Four_Minute_Mile", "id": "gqbc2gd", "score": 3, "subreddit": "BuyItForLife", "author_flair": null, "submission": "m0lhwt", "stickied": false, "body": "This is what has put me off buying a pair.", "is_submitter": false, "distinguished": null, "created_utc": 1615286633.0, "parent_id": "t1_gq8ow4l", "replies": []}, {"author": "ocean_800", "id": "gqahpj6", "score": 2, "subreddit": "BuyItForLife", "author_flair": null, "submission": "m0lhwt", "stickied": false, "body": "For real, I returned then because they hurt my ears so bad. I couldn't use it for more than 30 minutes so it was useless", "is_submitter": false, "distinguished": null, "created_utc": 1615261654.0, "parent_id": "t1_gq8ow4l", "replies": []}, {"author": "ThePowerOfDreams", "id": "gqflqt3", "score": 1, "subreddit": "BuyItForLife", "author_flair": null, "submission": "m0lhwt", "stickied": false, "body": "Why do people buy them then? If the sound is great but they hurt, that's not enjoyment of the audio.", "is_submitter": false, "distinguished": null, "created_utc": 1615373251.0, "parent_id": "t1_gq8ow4l", "replies": []}]}, {"author": "oldagecynicism", "id": "gq8j7kl", "score": 165, "subreddit": "BuyItForLife", "author_flair": null, "submission": "m0lhwt", "stickied": false, "body": "Such good. 15 years on mine. Just replaced foamies once. Best of all is the sound. So very very good.", "is_submitter": false, "distinguished": null, "created_utc": 1615227159.0, "parent_id": "t3_m0lhwt", "replies": [{"author": "Effet_Ralgan", "id": "gq8x1er", "score": 85, "subreddit": "BuyItForLife", "author_flair": null, "submission": "m0lhwt", "stickied": false, "body": "Yeah I replaced the foamies too and to be completely honest, the left driver too. I contacted Grado and they sold me one for pretty cheap. I had to send them a cheque haha", "is_submitter": true, "distinguished": null, "created_utc": 1615233106.0, "parent_id": "t1_gq8j7kl", "replies": []}]}, {"author": "Beatnum", "id": "gq8o9iz", "score": 11, "subreddit": "BuyItForLife", "author_flair": null, "submission": "m0lhwt", "stickied": false, "body": "Do they still produce the same quality stuff?", "is_submitter": false, "distinguished": null, "created_utc": 1615229315.0, "parent_id": "t3_m0lhwt", "replies": [{"author": "wisent42", "id": "gq8qbeb", "score": 18, "subreddit": "BuyItForLife", "author_flair": null, "submission": "m0lhwt", "stickied": false, "body": "Yep, still handmade in New York.", "is_submitter": false, "distinguished": null, "created_utc": 1615230189.0, "parent_id": "t1_gq8o9iz", "replies": [{"author": "Beatnum", "id": "gq8qj4y", "score": 5, "subreddit": "BuyItForLife", "author_flair": null, "submission": "m0lhwt", "stickied": false, "body": "Nice. I see they also do a wireless version. Less bifl with the battery, but also includes a wire. Gonna see if I can try them on sometime.", "is_submitter": false, "distinguished": null, "created_utc": 1615230283.0, "parent_id": "t1_gq8qbeb", "replies": [{"author": "thorvard", "id": "gqa0wh8", "score": 3, "subreddit": "BuyItForLife", "author_flair": null, "submission": "m0lhwt", "stickied": false, "body": "The wireless ones are fantastic but, imo, sound worse with the wire.", "is_submitter": false, "distinguished": null, "created_utc": 1615252364.0, "parent_id": "t1_gq8qj4y", "replies": []}]}]}]}, {"author": "Omikets", "id": "gq8t6ef", "score": 8, "subreddit": "BuyItForLife", "author_flair": null, "submission": "m0lhwt", "stickied": false, "body": "Got the SR80e as my first pair of \"real\" headphones like six years ago. Amazing audio quality for 80ish bucks and they've only sounded better with time. Still in good shape too.", "is_submitter": false, "distinguished": null, "created_utc": 1615231435.0, "parent_id": "t3_m0lhwt", "replies": [{"author": "texacer", "id": "gq9lpgb", "score": 9, "subreddit": "BuyItForLife", "author_flair": null, "submission": "m0lhwt", "stickied": false, "body": "I found a pair at Goodwill for $6.  because they look like theyre low quality.  I gasped.", "is_submitter": false, "distinguished": null, "created_utc": 1615244240.0, "parent_id": "t1_gq8t6ef", "replies": []}]}, {"author": "euthlogo", "id": "gq8p0j9", "score": 19, "subreddit": "BuyItForLife", "author_flair": null, "submission": "m0lhwt", "stickied": false, "body": "HD-25 team here but well done on 15 years.", "is_submitter": false, "distinguished": null, "created_utc": 1615229637.0, "parent_id": "t3_m0lhwt", "replies": [{"author": "_BlNG_", "id": "gqa2y2e", "score": 3, "subreddit": "BuyItForLife", "author_flair": null, "submission": "m0lhwt", "stickied": false, "body": "HD25 gang! My aluminium still going strong after 7 years!", "is_submitter": false, "distinguished": null, "created_utc": 1615253473.0, "parent_id": "t1_gq8p0j9", "replies": []}]}, {"author": "calebs_dad", "id": "gq8mjb4", "score": 65, "subreddit": "BuyItForLife", "author_flair": null, "submission": "m0lhwt", "stickied": false, "body": "Huh, maybe I'm the only one who dislikes these. the top band feels cheap, and within a year of wearing them the metal post holding one of the headphones to the band fell out.", "is_submitter": false, "distinguished": null, "created_utc": 1615228577.0, "parent_id": "t3_m0lhwt", "replies": [{"author": "fizz306", "id": "gq8nqg6", "score": 54, "subreddit": "BuyItForLife", "author_flair": null, "submission": "m0lhwt", "stickied": false, "body": "I loved the way my SR80's sounded. I HATED the way they clamped down on my ears. \n\nNow those MDR-7506's in the back there. Those are BIFL too. Wonderfully flat sound, replaceable ear covers. I've had mine for 15+ years now too and they are just great sub $100 headphones.", "is_submitter": false, "distinguished": null, "created_utc": 1615229083.0, "parent_id": "t1_gq8mjb4", "replies": [{"author": "NYPorkDept", "id": "gq8p4h6", "score": 25, "subreddit": "BuyItForLife", "author_flair": null, "submission": "m0lhwt", "stickied": false, "body": "I just wish the MDR-7506 had a detachable cable. It would be the perfect headphone. Perfectly neutral sound,  comfortable enough to wear hours on end, way more comfortable than the Grados, and closed so no sound leaking out also unlike the Grados which I wouldn't want to wear in a public setting like on the train or in a library.", "is_submitter": false, "distinguished": null, "created_utc": 1615229683.0, "parent_id": "t1_gq8nqg6", "replies": [{"author": "Effet_Ralgan", "id": "gq8xdv7", "score": 8, "subreddit": "BuyItForLife", "author_flair": null, "submission": "m0lhwt", "stickied": false, "body": "You can still had a jack connector, it was really easy to do on the Grado, I'm pretty sure it'd be easy to find a connector small enough to use with the Sony.", "is_submitter": true, "distinguished": null, "created_utc": 1615233255.0, "parent_id": "t1_gq8p4h6", "replies": []}, {"author": "LiftsEatsSleeps", "id": "gq9mbcc", "score": 8, "subreddit": "BuyItForLife", "author_flair": null, "submission": "m0lhwt", "stickied": false, "body": "> MDR-7506 had a detachable cable\n\nThat's a SUPER common mod. I haven't done it to mine (which are about 15 years old) but I do love them. Replaced the pads with velour pads when they wore out and that's about it. The only annoying thing really is the coiled cable getting tangled.", "is_submitter": false, "distinguished": null, "created_utc": 1615244552.0, "parent_id": "t1_gq8p4h6", "replies": [{"author": "il1k3c3r34l", "id": "gqe4law", "score": 2, "subreddit": "BuyItForLife", "author_flair": null, "submission": "m0lhwt", "stickied": false, "body": "I accidentally rolled over my cable with a computer chair and mangled the cable, it was the best thing to ever happen to those headphones.  It forced me to do the cable mod and now I can use any cable I want. It makes the headphones so much more versatile, that giant coiled cable is a nightmare. You can\u2019t reasonably use that cable anywhere except sitting at your desk or in front of your stereo. \n\nNow I can throw them in my backpack with a short 3ft cable and commute/travel with them, or when I\u2019m home use a 10 ft cable when I\u2019m listening to my records on the couch or gaming. I honestly can\u2019t believe Sony doesn\u2019t sell them this way.", "is_submitter": false, "distinguished": null, "created_utc": 1615335708.0, "parent_id": "t1_gq9mbcc", "replies": [{"author": "LiftsEatsSleeps", "id": "gqeqiby", "score": 2, "subreddit": "BuyItForLife", "author_flair": null, "submission": "m0lhwt", "stickied": false, "body": "I need to do it to mine. It's dead simple to do it just hasn't been a priority. Sony did sell the MDR-CD700, MDR-V7, MDR-CD900CBS and MDR-CD900ST (still in production for the Japanese market) with short straight cables but they aren't foldable which is a no go for me. I really wish they would sell them with the jack instead (along with a few other manufacturers) but they probably look at it  like if it aint broke don't fix it.", "is_submitter": false, "distinguished": null, "created_utc": 1615347598.0, "parent_id": "t1_gqe4law", "replies": []}]}]}, {"author": "willf-isher", "id": "gq8sf6k", "score": 4, "subreddit": "BuyItForLife", "author_flair": null, "submission": "m0lhwt", "stickied": false, "body": "Might modify mine (MDR-V6's) to incorporate one soon as I've damaged the jack and can't find a replacement Sony one (I really like the quality of the oem one)", "is_submitter": false, "distinguished": null, "created_utc": 1615231106.0, "parent_id": "t1_gq8p4h6", "replies": []}, {"author": "il1k3c3r34l", "id": "gqe3do6", "score": 1, "subreddit": "BuyItForLife", "author_flair": null, "submission": "m0lhwt", "stickied": false, "body": "I had my V6\u2019s for over ten years now which are exactly the same as the 7506. I installed a 3.5mm jack in mine. It was really easy -> take left ear apart, cut the wires from the cable to the driver (left/right/ground), solder the wires to a 3.5mm jack, and install the jack in the hole where the cable was. Took me less than an hour I think, and I\u2019m a noob at soldering. Some people opt to remove the plastic plug the cable went into and secure the jack with a threaded nut, but I just drilled the hole out a *tiny* bit and epoxied it in there. It sits perfectly flush and you would never know it wasn\u2019t stock. \n\nI replaced the drivers in both ears while I was in there so I know they\u2019ll last me at least another 10 years. Here\u2019s a picture of mine, just google mdr-7506 detachable cable mod for tons of pictures and write ups on how to do it. https://i.imgur.com/21PH03s.jpg\n\nThis job is a bit sloppy, but shows the difference between my mod where I slightly drilled out the existing hole and epoxied vs. removing the plastic plug and securing it with a threaded nut. I prefer mine but to each their own: https://i.imgur.com/qIBNABH.jpg", "is_submitter": false, "distinguished": null, "created_utc": 1615335069.0, "parent_id": "t1_gq8p4h6", "replies": []}]}, {"author": "DELETED", "id": "gq9plzh", "score": 9, "subreddit": "BuyItForLife", "author_flair": null, "submission": "m0lhwt", "stickied": false, "body": "[deleted]", "is_submitter": false, "distinguished": null, "created_utc": 1615246286.0, "parent_id": "t1_gq8nqg6", "replies": [{"author": "AshMontgomery", "id": "gqa2wri", "score": 4, "subreddit": "BuyItForLife", "author_flair": null, "submission": "m0lhwt", "stickied": false, "body": "Exactly this - you can't mix on them (and yes, I know you should mix on proper speakers, but we can't all be perfect), and the sound is kinda lackluster for just listening to stuff as well once you've tried something better - looking at you Beyerdynamic", "is_submitter": false, "distinguished": null, "created_utc": 1615253453.0, "parent_id": "t1_gq9plzh", "replies": [{"author": "DELETED", "id": "gqagghb", "score": 3, "subreddit": "BuyItForLife", "author_flair": null, "submission": "m0lhwt", "stickied": false, "body": "[deleted]", "is_submitter": false, "distinguished": null, "created_utc": 1615260940.0, "parent_id": "t1_gqa2wri", "replies": [{"author": "AshMontgomery", "id": "gqf3fea", "score": 1, "subreddit": "BuyItForLife", "author_flair": null, "submission": "m0lhwt", "stickied": false, "body": "Absolutely, you technically can but shouldn't. Sames goes for DT 770, although I've definitely had better results using those (and checking on *many* other speakers/headphones) than with MDR-7560.", "is_submitter": false, "distinguished": null, "created_utc": 1615356297.0, "parent_id": "t1_gqagghb", "replies": []}]}]}, {"author": "fizz306", "id": "gq9s569", "score": 3, "subreddit": "BuyItForLife", "author_flair": null, "submission": "m0lhwt", "stickied": false, "body": "Interesting. TIL. Thanks!", "is_submitter": false, "distinguished": null, "created_utc": 1615247613.0, "parent_id": "t1_gq9plzh", "replies": []}]}, {"author": "rakesoster", "id": "gq8tja8", "score": 5, "subreddit": "BuyItForLife", "author_flair": null, "submission": "m0lhwt", "stickied": false, "body": "Omg yes I was hoping other people noticed those! I have them and I've absolutely abused them and they still sound so incredible. I've tried $500-$1000 studio headphones and none of them compare to the balance and quality that these little $80 sonys have. All of my headphones are Sony now because I think their audio quality is superior and affordable.", "is_submitter": false, "distinguished": null, "created_utc": 1615231586.0, "parent_id": "t1_gq8nqg6", "replies": [{"author": "fizz306", "id": "gq91ecv", "score": 6, "subreddit": "BuyItForLife", "author_flair": null, "submission": "m0lhwt", "stickied": false, "body": "There is a reason you see the MDR's in every radio station across the country. Cause they are COMFORTABLE. Kinda key in an industry where you are strapped to headphones for hours and hours on end.", "is_submitter": false, "distinguished": null, "created_utc": 1615234996.0, "parent_id": "t1_gq8tja8", "replies": [{"author": "AshMontgomery", "id": "gqa2p6d", "score": 5, "subreddit": "BuyItForLife", "author_flair": null, "submission": "m0lhwt", "stickied": false, "body": "They're not the most comfy headphones ever though, and with glasses they're hell for more than an hour or so.\n\nBeyerdynamic DT 770 takes the cake for most comfortable, and they sound better (in my opinion) than the MDR's. They do cost twice as much though tbf", "is_submitter": false, "distinguished": null, "created_utc": 1615253338.0, "parent_id": "t1_gq91ecv", "replies": []}]}]}, {"author": "Effet_Ralgan", "id": "gq8x7md", "score": 5, "subreddit": "BuyItForLife", "author_flair": null, "submission": "m0lhwt", "stickied": false, "body": "Got the MDR-7506 on my ears right now, they're truly wonderful. Grado is for the music but for everything else work-related, I use the Sony.", "is_submitter": true, "distinguished": null, "created_utc": 1615233181.0, "parent_id": "t1_gq8nqg6", "replies": []}]}, {"author": "itouchabutt", "id": "gq8umh5", "score": 8, "subreddit": "BuyItForLife", "author_flair": null, "submission": "m0lhwt", "stickied": false, "body": "It feels like an american-made product to me :).\n\nNothing you can't fix with glue, aftermarket cables, and.....\n\nThey do sound pretty good.  But what a headache.", "is_submitter": false, "distinguished": null, "created_utc": 1615232063.0, "parent_id": "t1_gq8mjb4", "replies": []}, {"author": "professor_buttstuff", "id": "gqbdhrt", "score": 1, "subreddit": "BuyItForLife", "author_flair": null, "submission": "m0lhwt", "stickied": false, "body": "They leak like fuck too.", "is_submitter": false, "distinguished": null, "created_utc": 1615287953.0, "parent_id": "t1_gq8mjb4", "replies": [{"author": "WaCaptain", "id": "gr7ue4c", "score": 3, "subreddit": "BuyItForLife", "author_flair": null, "submission": "m0lhwt", "stickied": false, "body": "They're open backs...", "is_submitter": false, "distinguished": null, "created_utc": 1615969456.0, "parent_id": "t1_gqbdhrt", "replies": []}]}, {"author": "notwillienelson", "id": "gq93j9p", "score": 0, "subreddit": "BuyItForLife", "author_flair": null, "submission": "m0lhwt", "stickied": false, "body": "Yes they are very uncomfortable. Look good tho", "is_submitter": false, "distinguished": null, "created_utc": 1615235918.0, "parent_id": "t1_gq8mjb4", "replies": []}]}, {"author": "1882greg", "id": "gq8m3wj", "score": 30, "subreddit": "BuyItForLife", "author_flair": null, "submission": "m0lhwt", "stickied": false, "body": "Nice. Grado's been making audiophile quality kit since forever. nice to see they still at the top of teh game.", "is_submitter": false, "distinguished": null, "created_utc": 1615228394.0, "parent_id": "t3_m0lhwt", "replies": []}, {"author": "RhEEziE", "id": "gq8w9ux", "score": 28, "subreddit": "BuyItForLife", "author_flair": null, "submission": "m0lhwt", "stickied": false, "body": "Ive always wanted a pair of Grados.  But i have a pair of 15 year old Bose QC2's and they still work perfectly.  I know they arent the same but i cant rationalize buying new headphones when these still do the job.", "is_submitter": false, "distinguished": null, "created_utc": 1615232776.0, "parent_id": "t3_m0lhwt", "replies": [{"author": "Effet_Ralgan", "id": "gq8y3cn", "score": 24, "subreddit": "BuyItForLife", "author_flair": null, "submission": "m0lhwt", "stickied": false, "body": "Don't ever put a foot on r/headphones then ! Haha", "is_submitter": true, "distinguished": null, "created_utc": 1615233561.0, "parent_id": "t1_gq8w9ux", "replies": [{"author": "zwiiz2", "id": "gq93kcl", "score": 9, "subreddit": "BuyItForLife", "author_flair": null, "submission": "m0lhwt", "stickied": false, "body": "I feel attacked", "is_submitter": false, "distinguished": null, "created_utc": 1615235931.0, "parent_id": "t1_gq8y3cn", "replies": []}, {"author": "bullseye717", "id": "gq96ri5", "score": 9, "subreddit": "BuyItForLife", "author_flair": null, "submission": "m0lhwt", "stickied": false, "body": "I remember I used to frequent headfi and they would talk about pure copper wires and burn-in. They drink that brand of koolaid in r/headphones?", "is_submitter": false, "distinguished": null, "created_utc": 1615237309.0, "parent_id": "t1_gq8y3cn", "replies": [{"author": "blastfromtheblue", "id": "gqb7e4n", "score": 1, "subreddit": "BuyItForLife", "author_flair": null, "submission": "m0lhwt", "stickied": false, "body": "less but some", "is_submitter": false, "distinguished": null, "created_utc": 1615282051.0, "parent_id": "t1_gq96ri5", "replies": []}]}]}]}, {"author": "DELETED", "id": "gq8ypec", "score": 4, "subreddit": "BuyItForLife", "author_flair": null, "submission": "m0lhwt", "stickied": false, "body": "Just got the SR80e last month, absolutely hate them, had to buy a new record player just to do them justice ;) jokes aside, i love listening to music through them, jazz and classical have never sounded so alive", "is_submitter": false, "distinguished": null, "created_utc": 1615233826.0, "parent_id": "t3_m0lhwt", "replies": []}, {"author": "stanfan114", "id": "gq9degs", "score": 3, "subreddit": "BuyItForLife", "author_flair": null, "submission": "m0lhwt", "stickied": false, "body": "I love Grado and classic Sony phones, I have a Grado SR 225i and the Sony MDR V6 (7506). But I have to say while the Sonys are basically bulletproof besides having to replace the pads after 20 years, Grados are anything but durable. They are best described as \"delicate\". The foam pads will crumble over time. I've already had to replace mine once. I also used to have the SR 125 and a stray hair got in through one of the grills and that was enough to essentially break the driver. However, with the right amp Grados can sound incredible especially with rock music, it's like listening to $5,000 speakers, they just vanish and the sound seems to come from around and in front of you, and they have some of the best bass and dynamics, but like the Sonys are bright. The Sonys are monitor headphones, and so are very unforgiving of poor sources or recordings, they reveal everything especially flaws in the recording. That's what monitors do, they are used in recording studios to record and master music. The Sonys are basically a sonic microscope with a 1000 watt light magnifying any music you play through them, they are bright and fatiguing, however while they don't have boomy bass, the bass extends very far down into subwoofer territory.", "is_submitter": false, "distinguished": null, "created_utc": 1615240267.0, "parent_id": "t3_m0lhwt", "replies": []}, {"author": "djmooselee", "id": "gqagk26", "score": 4, "subreddit": "BuyItForLife", "author_flair": null, "submission": "m0lhwt", "stickied": false, "body": "Fun fact I went to school with a Grado and he gave me a pair of the headphones which I loved until stolen in DC \ud83e\udd26\u200d\u2642\ufe0f  Cool Family", "is_submitter": false, "distinguished": null, "created_utc": 1615260999.0, "parent_id": "t3_m0lhwt", "replies": []}, {"author": "withoutink", "id": "gq8pqe9", "score": 3, "subreddit": "BuyItForLife", "author_flair": null, "submission": "m0lhwt", "stickied": false, "body": "Thats awesome! Could you link the how-to / guide you used?", "is_submitter": false, "distinguished": null, "created_utc": 1615229943.0, "parent_id": "t3_m0lhwt", "replies": [{"author": "Effet_Ralgan", "id": "gq8xsxo", "score": 6, "subreddit": "BuyItForLife", "author_flair": null, "submission": "m0lhwt", "stickied": false, "body": "I've done it without a guide as I'm used to modd things like keyboards, motorcycles, computers etc. I have too much time, and no job. There are tons of videos on the internet, this one seems nice : [https://www.youtube.com/watch?v=0JHGJqfM0wE](https://www.youtube.com/watch?v=0JHGJqfM0wE)", "is_submitter": true, "distinguished": null, "created_utc": 1615233435.0, "parent_id": "t1_gq8pqe9", "replies": []}]}, {"author": "xpuppykickerx", "id": "gq8xxkj", "score": 3, "subreddit": "BuyItForLife", "author_flair": null, "submission": "m0lhwt", "stickied": false, "body": "Love my SR125s. Been using them for at least 10 years.", "is_submitter": false, "distinguished": null, "created_utc": 1615233490.0, "parent_id": "t3_m0lhwt", "replies": []}, {"author": "jimbo_bones", "id": "gq93og7", "score": 3, "subreddit": "BuyItForLife", "author_flair": null, "submission": "m0lhwt", "stickied": false, "body": "I always wanted to love these but I\u2019ve burned through a couple of pairs thanks to the semi-notorious \u201cGrattle\u201d problem where something causes a distorted vibration within the enclosure. Lots of reports of fixing it with compressed air but it never worked for me. Nice to see they\u2019re working so well for you though", "is_submitter": false, "distinguished": null, "created_utc": 1615235979.0, "parent_id": "t3_m0lhwt", "replies": []}, {"author": "Pallid-Notion", "id": "gq9nncx", "score": 3, "subreddit": "BuyItForLife", "author_flair": null, "submission": "m0lhwt", "stickied": false, "body": "my 325\u2019s great sound but they hurt my head somehow?", "is_submitter": false, "distinguished": null, "created_utc": 1615245251.0, "parent_id": "t3_m0lhwt", "replies": []}, {"author": "foundcake", "id": "gq8m4cg", "score": 2, "subreddit": "BuyItForLife", "author_flair": null, "submission": "m0lhwt", "stickied": false, "body": "i had a pair of these in college.  great quality!", "is_submitter": false, "distinguished": null, "created_utc": 1615228400.0, "parent_id": "t3_m0lhwt", "replies": []}, {"author": "sma94", "id": "gq8mh30", "score": 2, "subreddit": "BuyItForLife", "author_flair": null, "submission": "m0lhwt", "stickied": false, "body": "I love my gratos!", "is_submitter": false, "distinguished": null, "created_utc": 1615228551.0, "parent_id": "t3_m0lhwt", "replies": []}, {"author": "Perfekt_Nerd", "id": "gq8pn0b", "score": 2, "subreddit": "BuyItForLife", "author_flair": null, "submission": "m0lhwt", "stickied": false, "body": "My SR80i's still work like a charm, going on 10 years.", "is_submitter": false, "distinguished": null, "created_utc": 1615229905.0, "parent_id": "t3_m0lhwt", "replies": []}, {"author": "inkblacksea", "id": "gq8qmfx", "score": 2, "subreddit": "BuyItForLife", "author_flair": null, "submission": "m0lhwt", "stickied": false, "body": "Love mine!", "is_submitter": false, "distinguished": null, "created_utc": 1615230323.0, "parent_id": "t3_m0lhwt", "replies": []}, {"author": "DELETED", "id": "gq92hqq", "score": 2, "subreddit": "BuyItForLife", "author_flair": null, "submission": "m0lhwt", "stickied": false, "body": "I have put wooden caps on mine, and then I added extra holes in the membrane to allow freer movement. They are very great cans. Awesome for modding.", "is_submitter": false, "distinguished": null, "created_utc": 1615235466.0, "parent_id": "t3_m0lhwt", "replies": []}, {"author": "faithle55", "id": "gq9mixh", "score": 2, "subreddit": "BuyItForLife", "author_flair": null, "submission": "m0lhwt", "stickied": false, "body": "Got a pair of those. \n\nDon't know where, right now.", "is_submitter": false, "distinguished": null, "created_utc": 1615244661.0, "parent_id": "t3_m0lhwt", "replies": []}, {"author": "SeaPhile206", "id": "gq9q52z", "score": 2, "subreddit": "BuyItForLife", "author_flair": null, "submission": "m0lhwt", "stickied": false, "body": "Love Grado headphones.", "is_submitter": false, "distinguished": null, "created_utc": 1615246567.0, "parent_id": "t3_m0lhwt", "replies": []}, {"author": "Flyinace2000", "id": "gqacr8w", "score": 2, "subreddit": "BuyItForLife", "author_flair": null, "submission": "m0lhwt", "stickied": false, "body": "I dropped my sr80s last year and the driver inside the cup dislodged and broke. Grado fixed them for less than $50. I\u2019ve owned them for 15ish years.", "is_submitter": false, "distinguished": null, "created_utc": 1615258871.0, "parent_id": "t3_m0lhwt", "replies": []}, {"author": "mrfluffles300", "id": "gqacz69", "score": 2, "subreddit": "BuyItForLife", "author_flair": null, "submission": "m0lhwt", "stickied": false, "body": "Do you have a second to talk about our lord and savior dankpods", "is_submitter": false, "distinguished": null, "created_utc": 1615258993.0, "parent_id": "t3_m0lhwt", "replies": []}, {"author": "hakkai999", "id": "gqaenj4", "score": 2, "subreddit": "BuyItForLife", "author_flair": null, "submission": "m0lhwt", "stickied": false, "body": "Nice Grados! I have a pair of Koss Porta Pros and love them. Probably going to last me a lifetime at this point.", "is_submitter": false, "distinguished": null, "created_utc": 1615259923.0, "parent_id": "t3_m0lhwt", "replies": []}, {"author": "ItsWeenie", "id": "gqaqksr", "score": 2, "subreddit": "BuyItForLife", "author_flair": null, "submission": "m0lhwt", "stickied": false, "body": "Owner of the sr80's took great care of them unfortunately the black parts that say R and L broke and ive had them in a bag waiting for a fix but great headphones", "is_submitter": false, "distinguished": null, "created_utc": 1615267280.0, "parent_id": "t3_m0lhwt", "replies": []}, {"author": "unbuklethis", "id": "gqazc9z", "score": 2, "subreddit": "BuyItForLife", "author_flair": null, "submission": "m0lhwt", "stickied": false, "body": "What was the mods?", "is_submitter": false, "distinguished": null, "created_utc": 1615274300.0, "parent_id": "t3_m0lhwt", "replies": []}, {"author": "twowheels", "id": "gqbluu1", "score": 2, "subreddit": "BuyItForLife", "author_flair": null, "submission": "m0lhwt", "stickied": false, "body": "Nice. The cable is my least favorite part!", "is_submitter": false, "distinguished": null, "created_utc": 1615294344.0, "parent_id": "t3_m0lhwt", "replies": []}, {"author": "whats_you_doing", "id": "gq905bc", "score": 4, "subreddit": "BuyItForLife", "author_flair": null, "submission": "m0lhwt", "stickied": false, "body": "Really!!!?? Electronics lasts that long?", "is_submitter": false, "distinguished": null, "created_utc": 1615234458.0, "parent_id": "t3_m0lhwt", "replies": [{"author": "AUGSpeed", "id": "gq959ec", "score": 7, "subreddit": "BuyItForLife", "author_flair": null, "submission": "m0lhwt", "stickied": false, "body": "A good set of headphones definitely can. Especially if you know how to replace cables.", "is_submitter": false, "distinguished": null, "created_utc": 1615236664.0, "parent_id": "t1_gq905bc", "replies": [{"author": "whats_you_doing", "id": "gq95woq", "score": 2, "subreddit": "BuyItForLife", "author_flair": null, "submission": "m0lhwt", "stickied": false, "body": "Great. No wonder they are expensive while worth the price.", "is_submitter": false, "distinguished": null, "created_utc": 1615236941.0, "parent_id": "t1_gq959ec", "replies": [{"author": "Suppafly", "id": "gqco0u8", "score": 1, "subreddit": "BuyItForLife", "author_flair": null, "submission": "m0lhwt", "stickied": false, "body": "They aren't even expensive when compared to similar headphones. Especially considering that they are made in the US.", "is_submitter": false, "distinguished": null, "created_utc": 1615311217.0, "parent_id": "t1_gq95woq", "replies": []}]}]}]}, {"author": "Jonlife", "id": "gq9slmw", "score": 2, "subreddit": "BuyItForLife", "author_flair": null, "submission": "m0lhwt", "stickied": false, "body": "Op's photo contains two of the most uncomfortable headphones ever made. Unless you don't mind having sore ears after the first 1 hour of wearing them, just spend the extra money and go with Akg or Sennheiser.", "is_submitter": false, "distinguished": null, "created_utc": 1615247854.0, "parent_id": "t3_m0lhwt", "replies": []}, {"author": "DELETED", "id": "gq8tgy3", "score": 1, "subreddit": "BuyItForLife", "author_flair": null, "submission": "m0lhwt", "stickied": false, "body": "[deleted]", "is_submitter": false, "distinguished": null, "created_utc": 1615231559.0, "parent_id": "t3_m0lhwt", "replies": [{"author": "Effet_Ralgan", "id": "gq8y0pb", "score": 3, "subreddit": "BuyItForLife", "author_flair": null, "submission": "m0lhwt", "stickied": false, "body": "It's the L cushion, they're way more comfortable than the ones that came with it. Bought them on Amazon for 19\u20ac, which is too much for a piece of foam but the quality is good.", "is_submitter": true, "distinguished": null, "created_utc": 1615233529.0, "parent_id": "t1_gq8tgy3", "replies": [{"author": "DELETED", "id": "gq8ysua", "score": 1, "subreddit": "BuyItForLife", "author_flair": null, "submission": "m0lhwt", "stickied": false, "body": "[deleted]", "is_submitter": false, "distinguished": null, "created_utc": 1615233868.0, "parent_id": "t1_gq8y0pb", "replies": [{"author": "Effet_Ralgan", "id": "gq8zkp1", "score": 1, "subreddit": "BuyItForLife", "author_flair": null, "submission": "m0lhwt", "stickied": false, "body": "I see now why you had this thought : my litte monster's hair, my cat !", "is_submitter": true, "distinguished": null, "created_utc": 1615234208.0, "parent_id": "t1_gq8ysua", "replies": []}]}]}]}, {"author": "metroplex009", "id": "gq8xyxv", "score": 1, "subreddit": "BuyItForLife", "author_flair": null, "submission": "m0lhwt", "stickied": false, "body": "hey op,\ncan you share the parts and the process you used to mod the headset.\nPlease and thank you!", "is_submitter": false, "distinguished": null, "created_utc": 1615233507.0, "parent_id": "t3_m0lhwt", "replies": [{"author": "Effet_Ralgan", "id": "gq9si6c", "score": 3, "subreddit": "BuyItForLife", "author_flair": null, "submission": "m0lhwt", "stickied": false, "body": "I used my custom cable for the photo because it looks neat but I found myself using a detachable replacement cable from Amazon because it's lighter than the one I made. For the headphone, just buy a pair of jack connectors, make a hole in the cans and solder them. You can find a lot of videos on youtube, looks for \" grado detachable cable mod \", good luck ! If you have any question, pm me, I would be happy to help !", "is_submitter": true, "distinguished": null, "created_utc": 1615247804.0, "parent_id": "t1_gq8xyxv", "replies": []}]}, {"author": "bruhblaster", "id": "gq965gw", "score": 1, "subreddit": "BuyItForLife", "author_flair": null, "submission": "m0lhwt", "stickied": false, "body": "Does Grado still make headphones, and are they still just as durable?", "is_submitter": false, "distinguished": null, "created_utc": 1615237047.0, "parent_id": "t3_m0lhwt", "replies": [{"author": "Effet_Ralgan", "id": "gq99tr4", "score": 3, "subreddit": "BuyItForLife", "author_flair": null, "submission": "m0lhwt", "stickied": false, "body": "If you buy one today you'll have the exact same model and yes they're just ad durable ! They feel really cheap tho', but they sound incredible.", "is_submitter": true, "distinguished": null, "created_utc": 1615238660.0, "parent_id": "t1_gq965gw", "replies": []}]}, {"author": "illinisousa", "id": "gq9f76n", "score": 1, "subreddit": "BuyItForLife", "author_flair": null, "submission": "m0lhwt", "stickied": false, "body": "I bought a pair in 2003 that lasted until 2 years ago.  Then,the last 2 pair I've purchased lasted less than a year each.  The cord frays, the top band cracks and falls apart, and the metal bends.  Too bad.", "is_submitter": false, "distinguished": null, "created_utc": 1615241091.0, "parent_id": "t3_m0lhwt", "replies": []}, {"author": "ObecalpEffect", "id": "gq9j3q2", "score": 1, "subreddit": "BuyItForLife", "author_flair": null, "submission": "m0lhwt", "stickied": false, "body": "Mmm, you got some good cans honey!", "is_submitter": false, "distinguished": null, "created_utc": 1615242942.0, "parent_id": "t3_m0lhwt", "replies": []}, {"author": "SeptimIV", "id": "gq9jp9e", "score": 1, "subreddit": "BuyItForLife", "author_flair": null, "submission": "m0lhwt", "stickied": false, "body": "Could you please share the brand of that cable? It looks sick nasty and I want it. Did you install two mono ports on the headphones and the cable is stereo to 2 mono jack's?", "is_submitter": false, "distinguished": null, "created_utc": 1615243233.0, "parent_id": "t3_m0lhwt", "replies": [{"author": "Effet_Ralgan", "id": "gq9srrj", "score": 2, "subreddit": "BuyItForLife", "author_flair": null, "submission": "m0lhwt", "stickied": false, "body": "I installed 2 stereo ports in the headphones because they're easier to find, it's the cable that does the stereo job. I wouldn't recommend the cable I used, it's really heavy and doesn't need to be. I bought it on Audiophonics but I live in France, not in the US.", "is_submitter": true, "distinguished": null, "created_utc": 1615247944.0, "parent_id": "t1_gq9jp9e", "replies": []}]}, {"author": "quinncuatro", "id": "gq9lz89", "score": 1, "subreddit": "BuyItForLife", "author_flair": null, "submission": "m0lhwt", "stickied": false, "body": "What\u2019s going on with that stand? It\u2019s pretty rad. \n\nAre those IKEA shelf legs?", "is_submitter": false, "distinguished": null, "created_utc": 1615244379.0, "parent_id": "t3_m0lhwt", "replies": [{"author": "Effet_Ralgan", "id": "gq9ropb", "score": 3, "subreddit": "BuyItForLife", "author_flair": null, "submission": "m0lhwt", "stickied": false, "body": "Found an old plank in my garage last week, decided to make a stand for my headphones, found those legs too, decided to make use of them !", "is_submitter": true, "distinguished": null, "created_utc": 1615247374.0, "parent_id": "t1_gq9lz89", "replies": []}]}, {"author": "himynameisjuan", "id": "gq9ncwe", "score": 1, "subreddit": "BuyItForLife", "author_flair": null, "submission": "m0lhwt", "stickied": false, "body": "the cable started crapping out on my SR80is after five years. upgraded to the SR325e's and babying them.", "is_submitter": false, "distinguished": null, "created_utc": 1615245098.0, "parent_id": "t3_m0lhwt", "replies": []}, {"author": "V4refugee", "id": "gq9ti4m", "score": 1, "subreddit": "BuyItForLife", "author_flair": null, "submission": "m0lhwt", "stickied": false, "body": "If you squint it looks like Groucho.", "is_submitter": false, "distinguished": null, "created_utc": 1615248332.0, "parent_id": "t3_m0lhwt", "replies": []}, {"author": "aazav", "id": "gq9vjax", "score": 1, "subreddit": "BuyItForLife", "author_flair": null, "submission": "m0lhwt", "stickied": false, "body": "Can't stand them.  Round ear pads.  Also open so that everyone can hear what you're listening to.  And they don't even sound that great either.  I had a pair of 100s.  Was just so disappointed by them.", "is_submitter": false, "distinguished": null, "created_utc": 1615249426.0, "parent_id": "t3_m0lhwt", "replies": []}, {"author": "mattymogue", "id": "gq9x8tl", "score": 1, "subreddit": "BuyItForLife", "author_flair": null, "submission": "m0lhwt", "stickied": false, "body": "I had a pair of Grado's. SR40's or SR60's, I can't remember. Wasn't a fan of the open air design and the bass was non-existent. Great clarity though.\n\nPicked up some Denon AH-D2000's and never looked back. They're just incredible.", "is_submitter": false, "distinguished": null, "created_utc": 1615250357.0, "parent_id": "t3_m0lhwt", "replies": []}, {"author": "migidymike", "id": "gq9yrz9", "score": 1, "subreddit": "BuyItForLife", "author_flair": null, "submission": "m0lhwt", "stickied": false, "body": "Sennheiser HD-25 also last forever and can be easily/inexpensively repaired.", "is_submitter": false, "distinguished": null, "created_utc": 1615251194.0, "parent_id": "t3_m0lhwt", "replies": []}, {"author": "TelaTheSpy", "id": "gqa06y5", "score": 1, "subreddit": "BuyItForLife", "author_flair": null, "submission": "m0lhwt", "stickied": false, "body": "Grado makes nice sounding stuff. I also like BeyerDynamic. My DT990s are the most comfortable headphone I\u2019ve ever worn.", "is_submitter": false, "distinguished": null, "created_utc": 1615251972.0, "parent_id": "t3_m0lhwt", "replies": []}, {"author": "FjordExplorer", "id": "gqa1ehc", "score": 1, "subreddit": "BuyItForLife", "author_flair": null, "submission": "m0lhwt", "stickied": false, "body": "I just don\u2019t like the noise bleed to anyone around.", "is_submitter": false, "distinguished": null, "created_utc": 1615252635.0, "parent_id": "t3_m0lhwt", "replies": []}, {"author": "conradaiken", "id": "gqa37ec", "score": 1, "subreddit": "BuyItForLife", "author_flair": null, "submission": "m0lhwt", "stickied": false, "body": "Fuck I just ordered the Sony mdr. First I've heard of these. Did I mess up?", "is_submitter": false, "distinguished": null, "created_utc": 1615253617.0, "parent_id": "t3_m0lhwt", "replies": [{"author": "DELETED", "id": "gqa4qye", "score": 1, "subreddit": "BuyItForLife", "author_flair": null, "submission": "m0lhwt", "stickied": false, "body": "These are open back headphones. They let all the sound in and all the sound out. If you want headphones that are actually portable then I've heard that is a great option.", "is_submitter": false, "distinguished": null, "created_utc": 1615254462.0, "parent_id": "t1_gqa37ec", "replies": []}]}, {"author": "nanan00", "id": "gqa6k89", "score": 1, "subreddit": "BuyItForLife", "author_flair": null, "submission": "m0lhwt", "stickied": false, "body": "I found them uncomfortable, they put far too much pressure on my ears, sold them on ebay for damn near what I paid.", "is_submitter": false, "distinguished": null, "created_utc": 1615255467.0, "parent_id": "t3_m0lhwt", "replies": []}, {"author": "justino", "id": "gqaegou", "score": 1, "subreddit": "BuyItForLife", "author_flair": null, "submission": "m0lhwt", "stickied": false, "body": "Breaking in a set of 125\u2019s. it\u2019s been about 4 months and I really like them.", "is_submitter": false, "distinguished": null, "created_utc": 1615259817.0, "parent_id": "t3_m0lhwt", "replies": []}, {"author": "the_bartolonomicron", "id": "gqap54e", "score": 1, "subreddit": "BuyItForLife", "author_flair": null, "submission": "m0lhwt", "stickied": false, "body": "Oh man, ever since DankPods' video I've been desperate to get a pair, but they've been sold out for months! But reading through this post I'm more sold than ever to be patient and get them at a good price new when I can.", "is_submitter": false, "distinguished": null, "created_utc": 1615266281.0, "parent_id": "t3_m0lhwt", "replies": []}, {"author": "caveat_cogitor", "id": "gqaqqqm", "score": 1, "subreddit": "BuyItForLife", "author_flair": null, "submission": "m0lhwt", "stickied": false, "body": "In my experience, most pro-oriented headphones (meaning intended for mixing/mastering/recording instead Beats/Sony/Bose consumer-oriented headphones) are built to last. My Beyerdynamic DT-770's have lasted so long it's kind of a problem, because I wish I'd gotten a model with the detachable cable for convenience, but they've stood up so well I can't justify the cost of replacing them since they work so well. I've had them about 20 years now and finally replaced the foam and cup fabric about a year ago.", "is_submitter": false, "distinguished": null, "created_utc": 1615267395.0, "parent_id": "t3_m0lhwt", "replies": []}, {"author": "Chytrik", "id": "gqb2jbj", "score": 1, "subreddit": "BuyItForLife", "author_flair": null, "submission": "m0lhwt", "stickied": false, "body": "Nice! I've had a couple pairs of 125s for over a decade now as well. Have modded them a few times (wooden caps, new pads), and they still sound as amazing as ever. Can't recommend Grado enough.", "is_submitter": false, "distinguished": null, "created_utc": 1615277225.0, "parent_id": "t3_m0lhwt", "replies": []}, {"author": "Euronymous316", "id": "gqb48xa", "score": 1, "subreddit": "BuyItForLife", "author_flair": null, "submission": "m0lhwt", "stickied": false, "body": "Nice brand name, the same name as [Scotland's most famous wrestler](https://www.youtube.com/watch?v=RiSW_FxpWK4)", "is_submitter": false, "distinguished": null, "created_utc": 1615278876.0, "parent_id": "t3_m0lhwt", "replies": []}, {"author": "TheIvoryAssassinPub", "id": "gqbiw1g", "score": 1, "subreddit": "BuyItForLife", "author_flair": null, "submission": "m0lhwt", "stickied": false, "body": "What about those Sony mdr v6/7506? How are they holding up?", "is_submitter": false, "distinguished": null, "created_utc": 1615292349.0, "parent_id": "t3_m0lhwt", "replies": []}, {"author": "backpackalaska", "id": "gqcausz", "score": 1, "subreddit": "BuyItForLife", "author_flair": null, "submission": "m0lhwt", "stickied": false, "body": "That's awesome", "is_submitter": false, "distinguished": null, "created_utc": 1615306102.0, "parent_id": "t3_m0lhwt", "replies": []}, {"author": "DiocletianBlobb", "id": "gqcewmr", "score": 1, "subreddit": "BuyItForLife", "author_flair": null, "submission": "m0lhwt", "stickied": false, "body": "I have 12 on my 125s. Great open can, I alternate between that and the Sennheisers.", "is_submitter": false, "distinguished": null, "created_utc": 1615307591.0, "parent_id": "t3_m0lhwt", "replies": []}, {"author": "mintran", "id": "gqfciiw", "score": 1, "subreddit": "BuyItForLife", "author_flair": null, "submission": "m0lhwt", "stickied": false, "body": "I gave my buddy a set of SR80 10 years ago. It\u2019s 16 years and still works just fine.", "is_submitter": false, "distinguished": null, "created_utc": 1615364339.0, "parent_id": "t3_m0lhwt", "replies": []}, {"author": "proffgilligan", "id": "gqimhir", "score": 1, "subreddit": "BuyItForLife", "author_flair": null, "submission": "m0lhwt", "stickied": false, "body": "7506s ftw!", "is_submitter": false, "distinguished": null, "created_utc": 1615425273.0, "parent_id": "t3_m0lhwt", "replies": []}, {"author": "RyanAgz", "id": "gqy3e2z", "score": 1, "subreddit": "BuyItForLife", "author_flair": null, "submission": "m0lhwt", "stickied": false, "body": "Has the sound quality degraded over those 15 years?", "is_submitter": false, "distinguished": null, "created_utc": 1615757355.0, "parent_id": "t3_m0lhwt", "replies": []}, {"author": "DELETED", "id": "gq8recp", "score": 0, "subreddit": "BuyItForLife", "author_flair": null, "submission": "m0lhwt", "stickied": false, "body": "[deleted]", "is_submitter": false, "distinguished": null, "created_utc": 1615230661.0, "parent_id": "t3_m0lhwt", "replies": [{"author": "rocketlegur", "id": "gq8stsp", "score": 16, "subreddit": "BuyItForLife", "author_flair": null, "submission": "m0lhwt", "stickied": false, "body": "Well yeah that's how they were designed", "is_submitter": false, "distinguished": null, "created_utc": 1615231282.0, "parent_id": "t1_gq8recp", "replies": [{"author": "CarlFriedrichGauss", "id": "gq8us6l", "score": 10, "subreddit": "BuyItForLife", "author_flair": null, "submission": "m0lhwt", "stickied": false, "body": "And that's why their customers like them. The open back design tends to give a more open sound with a wider sound stage. The consequence is that they leak sound, but anyone looking for open back headphones already knows this.\n\nOne of the big reasons why I'm not going with Bluetooth headphones (other than batteries not being BIFL) is that there aren't any open back Bluetooth headphones since the back is where they usually put a battery. I know Grado released one, but I'm waiting for more reviews and experiences first. But I also don't want to have to deal with a lithium ion battery that has a finite lifespan.", "is_submitter": false, "distinguished": null, "created_utc": 1615232132.0, "parent_id": "t1_gq8stsp", "replies": [{"author": "rocketlegur", "id": "gq8v50k", "score": 19, "subreddit": "BuyItForLife", "author_flair": null, "submission": "m0lhwt", "stickied": false, "body": ">The open back design tends to give a more open sound with a wider sound stage. The consequence is that they leak sound, but anyone looking for open back headphones already knows this.\n\nExactly. It grinds my gears when \"sound leaking\" is used as a criticism of an open back headphone", "is_submitter": false, "distinguished": null, "created_utc": 1615232287.0, "parent_id": "t1_gq8us6l", "replies": []}, {"author": "WgXcQ", "id": "gq9i9fa", "score": 1, "subreddit": "BuyItForLife", "author_flair": null, "submission": "m0lhwt", "stickied": false, "body": "You should be able to attach them to a Bluetooth receiver. Small enough to fit your pocket. The batteries in those of course degrade over time, too, but that's better than replacing the whole headphone, and you can keep using the one you already own and like.", "is_submitter": false, "distinguished": null, "created_utc": 1615242535.0, "parent_id": "t1_gq8us6l", "replies": []}]}]}, {"author": "Effet_Ralgan", "id": "gq8xjnq", "score": 2, "subreddit": "BuyItForLife", "author_flair": null, "submission": "m0lhwt", "stickied": false, "body": "As others already said, they're a part of the open-back headphones family, they're designer like that, that's why the sound is incredible for the price.", "is_submitter": true, "distinguished": null, "created_utc": 1615233323.0, "parent_id": "t1_gq8recp", "replies": [{"author": "DELETED", "id": "gq975v6", "score": 1, "subreddit": "BuyItForLife", "author_flair": null, "submission": "m0lhwt", "stickied": false, "body": "[deleted]", "is_submitter": false, "distinguished": null, "created_utc": 1615237489.0, "parent_id": "t1_gq8xjnq", "replies": [{"author": "dapala1", "id": "gqa7657", "score": 1, "subreddit": "BuyItForLife", "author_flair": null, "submission": "m0lhwt", "stickied": false, "body": "Just that is sounded like a complaint. But airy headphones are best if you can't blast music on $20,000 audio equipment.", "is_submitter": false, "distinguished": null, "created_utc": 1615255804.0, "parent_id": "t1_gq975v6", "replies": []}]}]}, {"author": "Hork3r", "id": "gq9p19s", "score": 1, "subreddit": "BuyItForLife", "author_flair": null, "submission": "m0lhwt", "stickied": false, "body": "I've never understood this. What does it matter if they bleed unless you're watching porn in public; in which case I'd be more concerned about your life choices than the choice of headphone.", "is_submitter": false, "distinguished": null, "created_utc": 1615245982.0, "parent_id": "t1_gq8recp", "replies": [{"author": "caerphoto", "id": "gqbiczk", "score": 4, "subreddit": "BuyItForLife", "author_flair": null, "submission": "m0lhwt", "stickied": false, "body": "Because the tinny noise that bleeds out is annoying as shit to anyone near you.", "is_submitter": false, "distinguished": null, "created_utc": 1615291969.0, "parent_id": "t1_gq9p19s", "replies": []}]}]}, {"author": "Dice7", "id": "gq99npc", "score": 1, "subreddit": "BuyItForLife", "author_flair": null, "submission": "m0lhwt", "stickied": false, "body": "This is the future.  Giving old gems new life.", "is_submitter": false, "distinguished": null, "created_utc": 1615238586.0, "parent_id": "t3_m0lhwt", "replies": []}, {"author": "katpurz", "id": "gqbnoqs", "score": 1, "subreddit": "BuyItForLife", "author_flair": null, "submission": "m0lhwt", "stickied": false, "body": "Grado are the BEST!", "is_submitter": false, "distinguished": null, "created_utc": 1615295491.0, "parent_id": "t3_m0lhwt", "replies": []}, {"author": "deVrinj", "id": "gqbkru2", "score": -1, "subreddit": "BuyItForLife", "author_flair": null, "submission": "m0lhwt", "stickied": false, "body": "Real thing! Never understood why people like Bluetooth wireless junk for headphones...", "is_submitter": false, "distinguished": null, "created_utc": 1615293635.0, "parent_id": "t3_m0lhwt", "replies": [{"author": "Effet_Ralgan", "id": "gqbl5fh", "score": 1, "subreddit": "BuyItForLife", "author_flair": null, "submission": "m0lhwt", "stickied": false, "body": "Tbh give me a Chord Mojo w/Poly, a good and stable wifi connection between it and a pair of nice headphones w/wifi connectivity, good reparability rating and removable battery and I'm sold.   \n\n\nThe thing is: it's crazy expensive.", "is_submitter": true, "distinguished": null, "created_utc": 1615293882.0, "parent_id": "t1_gqbkru2", "replies": [{"author": "deVrinj", "id": "gqbni4k", "score": -1, "subreddit": "BuyItForLife", "author_flair": null, "submission": "m0lhwt", "stickied": false, "body": "You're missing the point. F wireless...", "is_submitter": false, "distinguished": null, "created_utc": 1615295381.0, "parent_id": "t1_gqbl5fh", "replies": []}]}, {"author": "AlCapwn351", "id": "gqbtkhj", "score": 1, "subreddit": "BuyItForLife", "author_flair": null, "submission": "m0lhwt", "stickied": false, "body": "Convenience and most people aren\u2019t audiophiles so Bluetooth is fine.", "is_submitter": false, "distinguished": null, "created_utc": 1615298752.0, "parent_id": "t1_gqbkru2", "replies": [{"author": "deVrinj", "id": "gqbujwz", "score": 0, "subreddit": "BuyItForLife", "author_flair": null, "submission": "m0lhwt", "stickied": false, "body": "Great explanation for the why, but given the quality, reliability and the effects of the microwave frequencies, no it is not fine.", "is_submitter": false, "distinguished": null, "created_utc": 1615299262.0, "parent_id": "t1_gqbtkhj", "replies": [{"author": "Elgar17", "id": "gqcbuc7", "score": 1, "subreddit": "BuyItForLife", "author_flair": null, "submission": "m0lhwt", "stickied": false, "body": "I have a pair of bluetooth that sound good and are reliable. What do you think is wrong with them?", "is_submitter": false, "distinguished": null, "created_utc": 1615306476.0, "parent_id": "t1_gqbujwz", "replies": []}]}]}]}, {"author": "daern2", "id": "gq8tiei", "score": -9, "subreddit": "BuyItForLife", "author_flair": null, "submission": "m0lhwt", "stickied": false, "body": "Nice headphones, but good luck finding a phone to plug them into in 5 years, let alone 15!", "is_submitter": false, "distinguished": null, "created_utc": 1615231575.0, "parent_id": "t3_m0lhwt", "replies": [{"author": "pigernoctua", "id": "gq8vgkx", "score": 12, "subreddit": "BuyItForLife", "author_flair": null, "submission": "m0lhwt", "stickied": false, "body": "These weren\u2019t really made for using with a phone, though. They are meant for home audio with a proper setup.", "is_submitter": false, "distinguished": null, "created_utc": 1615232427.0, "parent_id": "t1_gq8tiei", "replies": [{"author": "daern2", "id": "gq8z2bk", "score": -1, "subreddit": "BuyItForLife", "author_flair": null, "submission": "m0lhwt", "stickied": false, "body": "The photo does show them plugged into a phone though...", "is_submitter": false, "distinguished": null, "created_utc": 1615233986.0, "parent_id": "t1_gq8vgkx", "replies": [{"author": "pigernoctua", "id": "gq8z7kt", "score": 3, "subreddit": "BuyItForLife", "author_flair": null, "submission": "m0lhwt", "stickied": false, "body": "You are absolutely right", "is_submitter": false, "distinguished": null, "created_utc": 1615234050.0, "parent_id": "t1_gq8z2bk", "replies": []}]}]}, {"author": "Effet_Ralgan", "id": "gq8y58d", "score": 10, "subreddit": "BuyItForLife", "author_flair": null, "submission": "m0lhwt", "stickied": false, "body": "Jack is jack, still got one on my phone, computer, camera etc", "is_submitter": true, "distinguished": null, "created_utc": 1615233584.0, "parent_id": "t1_gq8tiei", "replies": [{"author": "daern2", "id": "gq8zh1p", "score": 1, "subreddit": "BuyItForLife", "author_flair": null, "submission": "m0lhwt", "stickied": false, "body": "I'm afraid that, like it or not, 3.5mm sockets are vanishing from the phone market. It's a real pain as I used it too, but for some reason the industry is dead-set against them.\n\nSuch a shame.", "is_submitter": false, "distinguished": null, "created_utc": 1615234164.0, "parent_id": "t1_gq8y58d", "replies": [{"author": "Effet_Ralgan", "id": "gq90yfl", "score": 3, "subreddit": "BuyItForLife", "author_flair": null, "submission": "m0lhwt", "stickied": false, "body": "Unfortunately, you're right. I'd say that it's not a problem since you can use a USB-C -> jack adapter, but it's sure annoying to see such a good feature disappearing.   \nThe lambda consumer has no idea of how crappy the DAC is in Bluetooth devices, but wireless is the future.", "is_submitter": true, "distinguished": null, "created_utc": 1615234806.0, "parent_id": "t1_gq8zh1p", "replies": [{"author": "daern2", "id": "gq96vka", "score": 2, "subreddit": "BuyItForLife", "author_flair": null, "submission": "m0lhwt", "stickied": false, "body": "I guess it depends on which bluetooth kit you have as some are better than others, and the posher stuff is certainly not offensive on the ears, but there's a lot of \u00a315 headphones out there and there's definitely some cost engineering gone into them. I'd agree there's nothing like a lovely pair of audiophile headphones, but I've got two pairs of Aftershokz now (Opencomm for meetings and Aeropex for cycling / working in the garage) and for day to day audiobook / podcast listening, they are unrivalled in both comfort and convenience.\n\n(I'm just enjoying the downvotes on my original post - people seem to think that if they downvote my comment, then they'll make it not happen. They are, of course, quite wrong!)", "is_submitter": false, "distinguished": null, "created_utc": 1615237359.0, "parent_id": "t1_gq90yfl", "replies": []}]}, {"author": "dapala1", "id": "gqa7pyy", "score": 2, "subreddit": "BuyItForLife", "author_flair": null, "submission": "m0lhwt", "stickied": false, "body": "The persons that care about how good their headphones sound will obviously have a place to plug them in. It's not all phones and Bluetooth.", "is_submitter": false, "distinguished": null, "created_utc": 1615256104.0, "parent_id": "t1_gq8zh1p", "replies": [{"author": "daern2", "id": "gqas6k7", "score": 1, "subreddit": "BuyItForLife", "author_flair": null, "submission": "m0lhwt", "stickied": false, "body": "The picture literally shows the headphones plugged into a phone....", "is_submitter": false, "distinguished": null, "created_utc": 1615268421.0, "parent_id": "t1_gqa7pyy", "replies": []}]}, {"author": "luv2hotdog", "id": "gqbfb0p", "score": 1, "subreddit": "BuyItForLife", "author_flair": null, "submission": "m0lhwt", "stickied": false, "body": "With any luck we'll keep seeing them in the mid range android phones", "is_submitter": false, "distinguished": null, "created_utc": 1615289576.0, "parent_id": "t1_gq8zh1p", "replies": []}]}]}]}]}