{"title": "I'm in search of BIFL bedding- sheets and duvet covers.", "name": "t3_tzjgnc", "url": "https://www.reddit.com/r/BuyItForLife/comments/tzjgnc/im_in_search_of_bifl_bedding_sheets_and_duvet/", "selftext": "I have a duvet that I've had for about 7 years and adore, but it's definitely getting worn out. I'm hoping to replace it with something durable and high quality. I have two cats, and while they don't intentionally claw at my bedding, one of them has a habit of parkour-ing on and off my bed, which has resulted in many little tears in my current duvet cover. Even if you don't have a brand to recommend, I'll also gladly take suggestions of fabrics to look for!", "score": 2, "upvote_ratio": 0.57, "permalink": "/r/BuyItForLife/comments/tzjgnc/im_in_search_of_bifl_bedding_sheets_and_duvet/", "id": "tzjgnc", "author": "emcla95", "link_flair_text": "[Request]", "num_comments": 14, "over_18": false, "spoiler": false, "pinned": false, "locked": false, "distinguished": null, "created_utc": 1649471289.0, "comments": [{"author": "themigraineur", "id": "i3zk0f3", "score": 16, "subreddit": "BuyItForLife", "author_flair": null, "submission": "tzjgnc", "stickied": false, "body": "I think it gets to a point where short of having a duvet made of kevlar, things do wear out and will show the day to day damages of having a pet.", "is_submitter": false, "distinguished": null, "created_utc": 1649472442.0, "parent_id": "t3_tzjgnc", "replies": [{"author": "LatterWeakness1088", "id": "i41uwwt", "score": -1, "subreddit": "BuyItForLife", "author_flair": null, "submission": "tzjgnc", "stickied": false, "body": "Not w Brooklinen. Belgian linen only gets better from use", "is_submitter": false, "distinguished": null, "created_utc": 1649521603.0, "parent_id": "t1_i3zk0f3", "replies": [{"author": "Pinkfish_411", "id": "i43zfjc", "score": 5, "subreddit": "BuyItForLife", "author_flair": null, "submission": "tzjgnc", "stickied": false, "body": "Not from cat claw use it doesn't.", "is_submitter": false, "distinguished": null, "created_utc": 1649555301.0, "parent_id": "t1_i41uwwt", "replies": []}]}]}, {"author": "beezus_18", "id": "i3zik0i", "score": 5, "subreddit": "BuyItForLife", "author_flair": null, "submission": "tzjgnc", "stickied": false, "body": "My preference is percale cotton. I have a duvet from the company store that\u2019s only gotten softer over the years and has held up well to our cats and dogs.", "is_submitter": false, "distinguished": null, "created_utc": 1649471716.0, "parent_id": "t3_tzjgnc", "replies": [{"author": "meowmeowgoeszoom", "id": "i3zlhnf", "score": 2, "subreddit": "BuyItForLife", "author_flair": null, "submission": "tzjgnc", "stickied": false, "body": "Yes 100% cotton all the way. I like the Macy\u2019s Hotel brand", "is_submitter": false, "distinguished": null, "created_utc": 1649473185.0, "parent_id": "t1_i3zik0i", "replies": []}, {"author": "whereis_678", "id": "i40y0q3", "score": 1, "subreddit": "BuyItForLife", "author_flair": null, "submission": "tzjgnc", "stickied": false, "body": "All of my linen company store bedding has held up great!", "is_submitter": false, "distinguished": null, "created_utc": 1649506721.0, "parent_id": "t1_i3zik0i", "replies": []}]}, {"author": "regaphysics", "id": "i3ztn3n", "score": 6, "subreddit": "BuyItForLife", "author_flair": null, "submission": "tzjgnc", "stickied": false, "body": "Percale cotton is generally the best.  Nothing bedding - especially sheets- is going to last that long.  That\u2019s just the nature of the beast.  Just get long staple cotton and enjoy.", "is_submitter": false, "distinguished": null, "created_utc": 1649477514.0, "parent_id": "t3_tzjgnc", "replies": [{"author": "Dat_Mustache", "id": "i40ebeb", "score": 3, "subreddit": "BuyItForLife", "author_flair": null, "submission": "tzjgnc", "stickied": false, "body": "Linen lasts quite a long while and gets better with age and proper care. Linens can last two or more generations.\n\nPercale Cotton is great as well and has an entirely different feel than Linen. Both are phenomenal sheets if taken care of.", "is_submitter": false, "distinguished": null, "created_utc": 1649491806.0, "parent_id": "t1_i3ztn3n", "replies": [{"author": "mandarasa", "id": "i40g8gw", "score": 1, "subreddit": "BuyItForLife", "author_flair": null, "submission": "tzjgnc", "stickied": false, "body": "My linen bedding was made in the Soviet Union and it's still in perfect shape", "is_submitter": false, "distinguished": null, "created_utc": 1649493329.0, "parent_id": "t1_i40ebeb", "replies": [{"author": "LatterWeakness1088", "id": "i41v281", "score": 2, "subreddit": "BuyItForLife", "author_flair": null, "submission": "tzjgnc", "stickied": false, "body": "So what does your username mean then?", "is_submitter": false, "distinguished": null, "created_utc": 1649521663.0, "parent_id": "t1_i40g8gw", "replies": []}]}, {"author": "regaphysics", "id": "i41g9lz", "score": 1, "subreddit": "BuyItForLife", "author_flair": null, "submission": "tzjgnc", "stickied": false, "body": "I\u2019ve had several linen sheets that all fall apart far sooner than my percale cotton.  \n\nThe only linen that lasts is thick/dense/not breathable and scratchy.  By the time it\u2019s soft, it\u2019s on its last legs.  \n\nI won\u2019t be buying any more.", "is_submitter": false, "distinguished": null, "created_utc": 1649515675.0, "parent_id": "t1_i40ebeb", "replies": []}]}]}, {"author": "ZenfulJedi", "id": "i40rop1", "score": 3, "subreddit": "BuyItForLife", "author_flair": null, "submission": "tzjgnc", "stickied": false, "body": "For sheets, take a look at LLBean percale or Macy\u2019s Hotel line sateen.  People here have recommended Cosmo\u2019s sheets as well.  \n\nAs for duvet covers, no clue.  It maybe better getting a few blankets.", "is_submitter": false, "distinguished": null, "created_utc": 1649502512.0, "parent_id": "t3_tzjgnc", "replies": []}, {"author": "mikeTastic23", "id": "i3zx7ra", "score": 1, "subreddit": "BuyItForLife", "author_flair": null, "submission": "tzjgnc", "stickied": false, "body": "You\u2019ll be risking comfort for quality if you\u2019re looking for pet proof sheets.", "is_submitter": false, "distinguished": null, "created_utc": 1649479650.0, "parent_id": "t3_tzjgnc", "replies": []}, {"author": "Whereisnursekelly", "id": "i497m4x", "score": 1, "subreddit": "BuyItForLife", "author_flair": null, "submission": "tzjgnc", "stickied": false, "body": "I like linen sheets. A bit expensive but they last quite a while. I got my sheets from magic linen for about $300 and they\u2019ve lasted many years.", "is_submitter": false, "distinguished": null, "created_utc": 1649651909.0, "parent_id": "t3_tzjgnc", "replies": []}]}