{"title": "BIFL Motorcycle KLR650?", "name": "t3_t1dova", "url": "https://www.reddit.com/r/BuyItForLife/comments/t1dova/bifl_motorcycle_klr650/", "selftext": "I am looking to Buy a motorcycle but I would like to keep it for life.\n\nI tough a Kawasaki krl 650 at first but Im worried that became to be to short on Power as long .\n\nWhat your tough?", "score": 0, "upvote_ratio": 0.42, "permalink": "/r/BuyItForLife/comments/t1dova/bifl_motorcycle_klr650/", "id": "t1dova", "author": "Environmental_Tap899", "link_flair_text": "[Request]", "num_comments": 9, "over_18": false, "spoiler": false, "pinned": false, "locked": false, "distinguished": null, "created_utc": 1645821011.0, "comments": [{"author": "NimrodVWorkman", "id": "hyfdqh3", "score": 6, "subreddit": "BuyItForLife", "author_flair": null, "submission": "t1dova", "stickied": false, "body": "That's a legendary bike there.  Probably not the best for long road trips on the autoroutes, but for everything else,it's an excellent choice.", "is_submitter": false, "distinguished": null, "created_utc": 1645821260.0, "parent_id": "t3_t1dova", "replies": []}, {"author": "Senor_Spamdump", "id": "hyfjmer", "score": 4, "subreddit": "BuyItForLife", "author_flair": null, "submission": "t1dova", "stickied": false, "body": "That is a tough bike that if properly maintained will last forever, but, I don't think motorcycle(s) should be a BIFL item. \n\nTry all different kinds, from all different brands, and see which works best for you.\n\nYour taste may change, and instead of a dual-sport, you may find a sport-tourer, cruiser or dedicated sportbike more your thing. Or have dedicated bikes for different purposes.", "is_submitter": false, "distinguished": null, "created_utc": 1645823569.0, "parent_id": "t3_t1dova", "replies": []}, {"author": "ALISadmin", "id": "hyfkn6f", "score": 4, "subreddit": "BuyItForLife", "author_flair": null, "submission": "t1dova", "stickied": false, "body": "Yes. It is certainly a long lasting and reliable motorcycle. Take care of it a little, but you don\u2019t need to do much.", "is_submitter": false, "distinguished": null, "created_utc": 1645823974.0, "parent_id": "t3_t1dova", "replies": []}, {"author": "Bobtom42", "id": "hyfmydh", "score": 3, "subreddit": "BuyItForLife", "author_flair": null, "submission": "t1dova", "stickied": false, "body": "I hate thumpers, but that's just me. Honestly just about any bike out of Japan is going to be BIFL.", "is_submitter": false, "distinguished": null, "created_utc": 1645824881.0, "parent_id": "t3_t1dova", "replies": []}, {"author": "Jkf3344", "id": "hyhoc70", "score": 3, "subreddit": "BuyItForLife", "author_flair": null, "submission": "t1dova", "stickied": false, "body": "DR650 (air cooled), DL650 (VStrom) and KLR650 are great examples of bikes that can do everything and do it well pretty much until you crash it or they rot. Just pick your riding style and terrain and go from there. \n\nDR650- no radiator and more dirt-bike oriented but capable of doing highway travel\n\nKLR650- true 50/50 bike. Heavier for off road and not great at interstate speeds but will get you pretty much anywhere. \n\nDL650- thrives on the roads but plenty capable for forest roads/very light trail riding.", "is_submitter": false, "distinguished": null, "created_utc": 1645861364.0, "parent_id": "t3_t1dova", "replies": []}, {"author": "bad-monkey", "id": "hyfdojd", "score": 2, "subreddit": "BuyItForLife", "author_flair": null, "submission": "t1dova", "stickied": false, "body": "KLR's are solid and the 650 thumper may not be a race engine, but it'll get you to where you need to go. I'd prefer one over a BMW, if only because parts and service will be cheaper and it's a simpler bike without so many bells and whistles.", "is_submitter": false, "distinguished": null, "created_utc": 1645821239.0, "parent_id": "t3_t1dova", "replies": []}, {"author": "kelpat18", "id": "hykng0k", "score": 1, "subreddit": "BuyItForLife", "author_flair": null, "submission": "t1dova", "stickied": false, "body": "I learned on one of these and the previous owner had only changed the oil and that was it. It went from 2008 to 2021 with barely any work on it. I did a bunch to it and eventually did experience some issues before I sold it. I now ride a Harley that is a family heirloom, but man\u2026 not a BIFL bike if you like not having issues\u2026", "is_submitter": false, "distinguished": null, "created_utc": 1645916518.0, "parent_id": "t3_t1dova", "replies": []}, {"author": "someguynamedjoe2000", "id": "hylfgmc", "score": 1, "subreddit": "BuyItForLife", "author_flair": null, "submission": "t1dova", "stickied": false, "body": "Depends on your use.  If it\u2019s just a commuter, the Royal Enfield bullets are reliable. Design has barely changed since the 1950s.", "is_submitter": false, "distinguished": null, "created_utc": 1645929324.0, "parent_id": "t3_t1dova", "replies": []}, {"author": "bloodsoed", "id": "hylu8jf", "score": 1, "subreddit": "BuyItForLife", "author_flair": null, "submission": "t1dova", "stickied": false, "body": "I was looking at the KL650 a couple weeks ago. The seat wasn\u2019t very comfortable to me.", "is_submitter": false, "distinguished": null, "created_utc": 1645936902.0, "parent_id": "t3_t1dova", "replies": []}]}