{"title": "Wooden train my MIL pulled out for my daughter to play with", "name": "t3_7podtl", "url": "https://i.redd.it/pk7mpptq6g901.jpg", "selftext": "", "score": 9498, "upvote_ratio": 0.93, "permalink": "/r/BuyItForLife/comments/7podtl/wooden_train_my_mil_pulled_out_for_my_daughter_to/", "id": "7podtl", "author": "epicstratton", "link_flair_text": "Toys & Hobbies", "num_comments": 177, "over_18": false, "spoiler": false, "pinned": false, "locked": false, "distinguished": null, "created_utc": 1515680491.0, "comments": [{"author": "Hejarehu", "id": "dsiuoqm", "score": 1036, "subreddit": "BuyItForLife", "author_flair": null, "submission": "7podtl", "stickied": false, "body": "The Germanys were reunited in 1990 so it's feasible these aren't mega old.", "is_submitter": false, "distinguished": null, "created_utc": 1515686016.0, "parent_id": "t3_7podtl", "replies": [{"author": "BeerHR", "id": "dsj3qd6", "score": 230, "subreddit": "BuyItForLife", "author_flair": null, "submission": "7podtl", "stickied": false, "body": "True, though still a good chance its older then a majority of users here. \n\nMy first car was a 1988 bmw (older then me by a year) and a lot of the original parts had Made in W. Germany printed on them.  Hell, even the battery in the key for the little light in it had that on it. \n\nAnything made in West Germany is now almost 30 years old and that's pretty nuts. ", "is_submitter": false, "distinguished": null, "created_utc": 1515694712.0, "parent_id": "t1_dsiuoqm", "replies": [{"author": "tagehring", "id": "dsj57m2", "score": 68, "subreddit": "BuyItForLife", "author_flair": null, "submission": "7podtl", "stickied": false, "body": "I've got a decent amount of camera gear that's \"Made in West Germany,\" or even better \"Made in Germany (West).\" ", "is_submitter": false, "distinguished": null, "created_utc": 1515696106.0, "parent_id": "t1_dsj3qd6", "replies": [{"author": "BeerHR", "id": "dsj5god", "score": 18, "subreddit": "BuyItForLife", "author_flair": null, "submission": "7podtl", "stickied": false, "body": "Is there a difference between the two phrases? Does one mean older then the other or is it just how it's phrased? ", "is_submitter": false, "distinguished": null, "created_utc": 1515696344.0, "parent_id": "t1_dsj57m2", "replies": [{"author": "tagehring", "id": "dsj5qm3", "score": 64, "subreddit": "BuyItForLife", "author_flair": null, "submission": "7podtl", "stickied": false, "body": "A tl;dr on the reply I made earlier is that one is from when \"West Germany\" was clearly an independent German nation west of the Iron Curtain, and \"Germany (West)\" is from the nebulous period before that when Germany was still technically one nation temporarily being administered by the Western Allies in the west and the Soviets in the east. \n\nThis transition happened during the 1960s and early 1970s, between the time the Berlin Wall was erected in 1961 and the free flow of people across the border stopped, and the early 1970s, when treaties were signed between the West and East German governments and they were both admitted to the United Nations as separate countries.", "is_submitter": false, "distinguished": null, "created_utc": 1515696608.0, "parent_id": "t1_dsj5god", "replies": [{"author": "BeerHR", "id": "dsj6xuo", "score": 13, "subreddit": "BuyItForLife", "author_flair": null, "submission": "7podtl", "stickied": false, "body": "Very cool! Thanks for the clarification ", "is_submitter": false, "distinguished": null, "created_utc": 1515697747.0, "parent_id": "t1_dsj5qm3", "replies": []}, {"author": "DELETED", "id": "e03twgi", "score": 1, "subreddit": "BuyItForLife", "author_flair": null, "submission": "7podtl", "stickied": false, "body": "Thank you Kanye, very cool!", "is_submitter": false, "distinguished": null, "created_utc": 1528137351.0, "parent_id": "t1_dsj5qm3", "replies": []}]}]}]}, {"author": "AerThreepwood", "id": "dsk3shs", "score": 9, "subreddit": "BuyItForLife", "author_flair": null, "submission": "7podtl", "stickied": false, "body": "Since I was born in Zweibrucken before the wall fell, technically, my certificate of birth abroad says \"Made in West Germany\".", "is_submitter": false, "distinguished": null, "created_utc": 1515733261.0, "parent_id": "t1_dsj3qd6", "replies": []}, {"author": "DELETED", "id": "dsjp76f", "score": 7, "subreddit": "BuyItForLife", "author_flair": null, "submission": "7podtl", "stickied": false, "body": "Well great, now i feel old..", "is_submitter": false, "distinguished": null, "created_utc": 1515715831.0, "parent_id": "t1_dsj3qd6", "replies": []}]}, {"author": "tagehring", "id": "dsj03ww", "score": 134, "subreddit": "BuyItForLife", "author_flair": null, "submission": "7podtl", "stickied": false, "body": "They're probably from before \"West Germany\" became established as a distinct country, which could have been anywhere from 1949 to 1973, depending on your perspective.", "is_submitter": false, "distinguished": null, "created_utc": 1515691290.0, "parent_id": "t1_dsiuoqm", "replies": [{"author": "rmachenw", "id": "dsj1q5v", "score": 25, "subreddit": "BuyItForLife", "author_flair": null, "submission": "7podtl", "stickied": false, "body": "Do you mean from the wording or from what they look like? Saying Western rather than West Germany isn't diagnostic of a product relative to partition because the distinction between the words isn't the same in the German language\n\nEdit: recorrected autocorrected wires", "is_submitter": false, "distinguished": null, "created_utc": 1515692814.0, "parent_id": "t1_dsj03ww", "replies": [{"author": "tagehring", "id": "dsj2hgh", "score": 54, "subreddit": "BuyItForLife", "author_flair": null, "submission": "7podtl", "stickied": false, "body": "I'm not quite sure I follow your question, but it was common in English linguistic practice to refer to what later became the Bundesrepublik as \"Western Germany\" while there was still a legal fiction that the two halves were still one country under occupation by four powers, which lasted through the 1950s. In this case, using \"Western Germany\" in English to mean \"the region of the country called Germany that is part of the West.\"\n\nIt wasn't uncommon to see maps published in the west as late as the 1970s referring to the DDR as the Soviet Zone and showing the lands ceded to Poland as still legally part of Germany. Maps published in the US routinely showed Germany as one country with a dashed line down the middle and (West) / (East) written on either side well into the 1960s.\n\nSo while it's not a hard diagnostic tool to figure out the age, it's a reasonable assumption that something labeled as being a product of \"Western Germany\" (English) or \"West-Germany\" (Deutschlish) as opposed to \"West Germany\" was probably made during that period between the founding of the Bundesrepublik in 1949 and Brandt's Ostpolitik of the early 1970s and the Grundlagenvertrag of 1972. More specifically the period before the Berlin Wall was established in 1961, which made the reality on the ground of two Germanies as independent states more stark.", "is_submitter": false, "distinguished": null, "created_utc": 1515693529.0, "parent_id": "t1_dsj1q5v", "replies": [{"author": "rmachenw", "id": "dsjqb8g", "score": 5, "subreddit": "BuyItForLife", "author_flair": null, "submission": "7podtl", "stickied": false, "body": "I meant that that one might translate Westdeutschland as either or both West Germany and Western Germany and use Western Germany also to mean the FRG.\n\nHere is an example in the New York Times referring to Volkswagen using \"Made in Western Germany\" in September 1974, which is after the end point of the period you cite.\n\nhttp://www.nytimes.com/1974/09/14/archives/conflict-brews-in-volkswagen-over-possible-american-plant.html\n\n> But at a meeting of the company's supervisory board in Wolfsburg last week, a decision on the project\u2014under consideration ever since the dollar devaluations began turning \u201cMade in Western Germany\u201d into a synonym for expensive\u2014was deferred once again.\n\nI don't know enough to say you are wrong, that isn't what I am saying anyway. I just don't think it is as clearcut as you seem to suggest.\n\nI do appreciate the extra information though. You seem super smart.", "is_submitter": false, "distinguished": null, "created_utc": 1515716911.0, "parent_id": "t1_dsj2hgh", "replies": [{"author": "tagehring", "id": "dsl3ouv", "score": 2, "subreddit": "BuyItForLife", "author_flair": null, "submission": "7podtl", "stickied": false, "body": "I didn't mean to imply it was a hard transition or anything, just a custom of English language usage that gradually changed over time as people got used to the idea of \"West Germany\" as a distinct country rather than an alienated section of a larger country called \"Germany.\" That period of time was roughly during the 1960s and 1970s.\n\nAnd, somewhat relatedly, you saw this spun out in East German propaganda. In the DDR, \"Westdeutschland\" was used in the same context as \"Soviet Zone\" or \"Occupied Zone\" was used in the West to describe the \"other\" Germany as not the \"true\" German state, but a bastard creation of foreign occupying powers. This really ramped up about the time the SED tried to \"rehabilitate\" Prussian culture as something distinct from the Bavarian/Rhenish culture of West Germany. \n\nAnd thanks for the compliment. Cold War era German history, specifically East Germany, is my main area of study. I find the ways in which the two countries diverged in the 40 years they were separate fascinating.", "is_submitter": false, "distinguished": null, "created_utc": 1515786116.0, "parent_id": "t1_dsjqb8g", "replies": []}]}]}, {"author": "reddit455", "id": "dsj9iig", "score": 3, "subreddit": "BuyItForLife", "author_flair": null, "submission": "7podtl", "stickied": false, "body": "they're vintage. made by a company called Esso. (Exxon)\n\nhttps://www.ebay.com/itm/Old-Vintage-Western-Germany-Wooden-Toy-Train-Set-3-Sections-ESSO-Tanker-/322979164218\n", "is_submitter": false, "distinguished": null, "created_utc": 1515700192.0, "parent_id": "t1_dsj1q5v", "replies": [{"author": "rmachenw", "id": "dsj9znj", "score": 12, "subreddit": "BuyItForLife", "author_flair": null, "submission": "7podtl", "stickied": false, "body": "I question whether they are made by Esso, that might merely be the branding on the tanker car.", "is_submitter": false, "distinguished": null, "created_utc": 1515700649.0, "parent_id": "t1_dsj9iig", "replies": [{"author": "DELETED", "id": "dsjfbhn", "score": 5, "subreddit": "BuyItForLife", "author_flair": null, "submission": "7podtl", "stickied": false, "body": "[deleted]", "is_submitter": false, "distinguished": null, "created_utc": 1515705728.0, "parent_id": "t1_dsj9znj", "replies": [{"author": "dorky2", "id": "dsjq9lv", "score": 5, "subreddit": "BuyItForLife", "author_flair": null, "submission": "7podtl", "stickied": false, "body": "I had a sweet metal semi with the Velveeta logo on it.", "is_submitter": false, "distinguished": null, "created_utc": 1515716865.0, "parent_id": "t1_dsjfbhn", "replies": []}]}, {"author": "tagehring", "id": "dsja97z", "score": 5, "subreddit": "BuyItForLife", "author_flair": null, "submission": "7podtl", "stickied": false, "body": "A lot of gas stations used to make toys for branding purposes.", "is_submitter": false, "distinguished": null, "created_utc": 1515700910.0, "parent_id": "t1_dsj9znj", "replies": [{"author": "LeftHandBrewing", "id": "dsjgw1q", "score": 6, "subreddit": "BuyItForLife", "author_flair": null, "submission": "7podtl", "stickied": false, "body": "In fact, they still do. Hess comes to mind.\n", "is_submitter": false, "distinguished": null, "created_utc": 1515707214.0, "parent_id": "t1_dsja97z", "replies": []}]}]}, {"author": "yourpaleblueeyes", "id": "dsjj3hz", "score": 2, "subreddit": "BuyItForLife", "author_flair": null, "submission": "7podtl", "stickied": false, "body": "No,not made by esso, just the tanker is stamped esso. that train is two cars short btw.", "is_submitter": false, "distinguished": null, "created_utc": 1515709361.0, "parent_id": "t1_dsj9iig", "replies": []}]}, {"author": "Mortichar", "id": "dsjanmn", "score": 1, "subreddit": "BuyItForLife", "author_flair": null, "submission": "7podtl", "stickied": false, "body": "I believe you meant wording instead of wiring and words instead of wires?", "is_submitter": false, "distinguished": null, "created_utc": 1515701300.0, "parent_id": "t1_dsj1q5v", "replies": [{"author": "rmachenw", "id": "dsjb6rj", "score": 2, "subreddit": "BuyItForLife", "author_flair": null, "submission": "7podtl", "stickied": false, "body": "I did. I regret the eye.", "is_submitter": false, "distinguished": null, "created_utc": 1515701812.0, "parent_id": "t1_dsjanmn", "replies": [{"author": "tagehring", "id": "dsl3s6n", "score": 1, "subreddit": "BuyItForLife", "author_flair": null, "submission": "7podtl", "stickied": false, "body": "That makes *so* much more sense. I was thoroughly confused. :)", "is_submitter": false, "distinguished": null, "created_utc": 1515786205.0, "parent_id": "t1_dsjb6rj", "replies": []}]}]}]}, {"author": "1212121212121212127", "id": "dsj8shn", "score": 1, "subreddit": "BuyItForLife", "author_flair": null, "submission": "7podtl", "stickied": false, "body": "What is this statement based on? *Western Germany* was used for a long time after the union as a term for high quality.", "is_submitter": false, "distinguished": null, "created_utc": 1515699506.0, "parent_id": "t1_dsj03ww", "replies": [{"author": "tagehring", "id": "dsja5ky", "score": 1, "subreddit": "BuyItForLife", "author_flair": null, "submission": "7podtl", "stickied": false, "body": "Which union are you talking about? 1871? Obviously, the toy isn't that old, I highly doubt it's even pre-WWII. Can't be 1990, that wasn't \"a long time\" ago. \n\n/u/epicstratton, I'd love to know if your MIL knows the age of this toy. ", "is_submitter": false, "distinguished": null, "created_utc": 1515700813.0, "parent_id": "t1_dsj8shn", "replies": [{"author": "yourpaleblueeyes", "id": "dsjj5hs", "score": 2, "subreddit": "BuyItForLife", "author_flair": null, "submission": "7podtl", "stickied": false, "body": "I bought mine around 1980,brand new, for my kids.", "is_submitter": false, "distinguished": null, "created_utc": 1515709417.0, "parent_id": "t1_dsja5ky", "replies": []}]}]}, {"author": "DELETED", "id": "dsjfxqx", "score": 1, "subreddit": "BuyItForLife", "author_flair": null, "submission": "7podtl", "stickied": false, "body": "My 1990 Mercedes 190E was \"Made in West Germany\"\n\n", "is_submitter": false, "distinguished": null, "created_utc": 1515706314.0, "parent_id": "t1_dsj03ww", "replies": [{"author": "tagehring", "id": "dsjglp0", "score": 3, "subreddit": "BuyItForLife", "author_flair": null, "submission": "7podtl", "stickied": false, "body": "Right. Not \u201cWestern\u201d Germany. ", "is_submitter": false, "distinguished": null, "created_utc": 1515706943.0, "parent_id": "t1_dsjfxqx", "replies": []}]}]}, {"author": "DELETED", "id": "dsj85hx", "score": 9, "subreddit": "BuyItForLife", "author_flair": null, "submission": "7podtl", "stickied": false, "body": "28 years is still a decent life for a child's toy", "is_submitter": false, "distinguished": null, "created_utc": 1515698896.0, "parent_id": "t1_dsiuoqm", "replies": [{"author": "cjcs", "id": "dsjo9y9", "score": 6, "subreddit": "BuyItForLife", "author_flair": null, "submission": "7podtl", "stickied": false, "body": "There's a difference between 28 years of use and 1 year of use + 27 years in a box though.", "is_submitter": false, "distinguished": null, "created_utc": 1515714794.0, "parent_id": "t1_dsj85hx", "replies": [{"author": "DELETED", "id": "dsjyglx", "score": 1, "subreddit": "BuyItForLife", "author_flair": null, "submission": "7podtl", "stickied": false, "body": "Perhaps I missed it. But did op state that this was an unadulterated toy?    I'm not saying it couldn't be old but unplayed with, I just figured it had. Perhaps that's my bad", "is_submitter": false, "distinguished": null, "created_utc": 1515726284.0, "parent_id": "t1_dsjo9y9", "replies": []}]}, {"author": "spectrehawntineurope", "id": "dsk0pkv", "score": 1, "subreddit": "BuyItForLife", "author_flair": null, "submission": "7podtl", "stickied": false, "body": "Its solid wood and a metal pin. If you find a similar toy manufactured today i'm sure it would last as long. Kid's toys tend to break because they are soft and plasticky. Hence they tear, wear and fracture more easily than something like this.", "is_submitter": false, "distinguished": null, "created_utc": 1515729061.0, "parent_id": "t1_dsj85hx", "replies": [{"author": "DELETED", "id": "dsk55pt", "score": 1, "subreddit": "BuyItForLife", "author_flair": null, "submission": "7podtl", "stickied": false, "body": "Mmhmm.", "is_submitter": false, "distinguished": null, "created_utc": 1515735312.0, "parent_id": "t1_dsk0pkv", "replies": []}, {"author": "tagehring", "id": "dsl3wnh", "score": 1, "subreddit": "BuyItForLife", "author_flair": null, "submission": "7podtl", "stickied": false, "body": "This. I'm fortunate enough to have a large number of wooden toys that were made for me by my grandfather when I was a kid; they're solid and sturdy and got lots of use and still look great. I'm passing them down to my nephew, who will no doubt do his level best to destroy them like I did at his age. I suspect they'll survive.", "is_submitter": false, "distinguished": null, "created_utc": 1515786321.0, "parent_id": "t1_dsk0pkv", "replies": []}]}, {"author": "DeckerR", "id": "dsk5bin", "score": 1, "subreddit": "BuyItForLife", "author_flair": null, "submission": "7podtl", "stickied": false, "body": "I mean, it's a block of wood in the shape of a train. Not much to break.", "is_submitter": false, "distinguished": null, "created_utc": 1515735559.0, "parent_id": "t1_dsj85hx", "replies": [{"author": "DELETED", "id": "dsklj9m", "score": 1, "subreddit": "BuyItForLife", "author_flair": null, "submission": "7podtl", "stickied": false, "body": "Never underestimate the power of a child's play combined with drool.", "is_submitter": false, "distinguished": null, "created_utc": 1515768016.0, "parent_id": "t1_dsk5bin", "replies": []}]}]}, {"author": "DELETED", "id": "dsjl3dn", "score": 3, "subreddit": "BuyItForLife", "author_flair": null, "submission": "7podtl", "stickied": false, "body": "I have a handgun stamped \"made in west Germany\" that was probably made in the early 90's. I know that Germany had been reunited by then. ", "is_submitter": false, "distinguished": null, "created_utc": 1515711380.0, "parent_id": "t1_dsiuoqm", "replies": [{"author": "offBrandon", "id": "dsjnq55", "score": 1, "subreddit": "BuyItForLife", "author_flair": null, "submission": "7podtl", "stickied": false, "body": "Same. My H&K P7 is stamped W Germany", "is_submitter": false, "distinguished": null, "created_utc": 1515714192.0, "parent_id": "t1_dsjl3dn", "replies": []}]}, {"author": "liarandahorsethief", "id": "dsj6una", "score": 4, "subreddit": "BuyItForLife", "author_flair": null, "submission": "7podtl", "stickied": false, "body": "If it said \u201cMade in Prussia,\u201d I\u2019d be more impressed.", "is_submitter": false, "distinguished": null, "created_utc": 1515697664.0, "parent_id": "t1_dsiuoqm", "replies": []}, {"author": "BTPRIME", "id": "dsk65w5", "score": 1, "subreddit": "BuyItForLife", "author_flair": null, "submission": "7podtl", "stickied": false, "body": "I mean, I was born in 1989 so it's probably older than I am. That's pretty old, to me.", "is_submitter": false, "distinguished": null, "created_utc": 1515736933.0, "parent_id": "t1_dsiuoqm", "replies": []}, {"author": "relevant84", "id": "dsjot6u", "score": 0, "subreddit": "BuyItForLife", "author_flair": null, "submission": "7podtl", "stickied": false, "body": "Wish I still had my toys from 1990...", "is_submitter": false, "distinguished": null, "created_utc": 1515715392.0, "parent_id": "t1_dsiuoqm", "replies": []}, {"author": "theycallmeheisenberg", "id": "dsjznbh", "score": -1, "subreddit": "BuyItForLife", "author_flair": null, "submission": "7podtl", "stickied": false, "body": "I was born in 1990 and feel mega old..... I'm sure the train feels it too ", "is_submitter": false, "distinguished": null, "created_utc": 1515727724.0, "parent_id": "t1_dsiuoqm", "replies": []}]}, {"author": "DELETED", "id": "dsipypl", "score": 449, "subreddit": "BuyItForLife", "author_flair": null, "submission": "7podtl", "stickied": false, "body": "Pretty sure I\u2019d check that bad boy for lead paint.", "is_submitter": false, "distinguished": null, "created_utc": 1515680891.0, "parent_id": "t3_7podtl", "replies": [{"author": "Thesmorphia", "id": "dsj5rti", "score": 134, "subreddit": "BuyItForLife", "author_flair": null, "submission": "7podtl", "stickied": false, "body": "My MIL gave us an old train set that her kids played with. I was testing various things for lead and assumed it would be positive. To my surprise it wasn't but the pint glass from our local bar was. ", "is_submitter": false, "distinguished": null, "created_utc": 1515696640.0, "parent_id": "t1_dsipypl", "replies": [{"author": "DELETED", "id": "dsjcryc", "score": 19, "subreddit": "BuyItForLife", "author_flair": null, "submission": "7podtl", "stickied": false, "body": "[deleted]", "is_submitter": false, "distinguished": null, "created_utc": 1515703324.0, "parent_id": "t1_dsj5rti", "replies": [{"author": "Thesmorphia", "id": "dsjd89i", "score": 21, "subreddit": "BuyItForLife", "author_flair": null, "submission": "7podtl", "stickied": false, "body": "I bought a kit on amazon. It's possible it could remove some paint but I didn't have that issue personally. ", "is_submitter": false, "distinguished": null, "created_utc": 1515703746.0, "parent_id": "t1_dsjcryc", "replies": []}, {"author": "danweber", "id": "dsje9pe", "score": 11, "subreddit": "BuyItForLife", "author_flair": null, "submission": "7podtl", "stickied": false, "body": "Lead paint has a bitter taste to it.", "is_submitter": false, "distinguished": null, "created_utc": 1515704716.0, "parent_id": "t1_dsjcryc", "replies": [{"author": "Jakomako", "id": "dsjex2b", "score": 10, "subreddit": "BuyItForLife", "author_flair": null, "submission": "7podtl", "stickied": false, "body": "Then why the hell do kids eat it all the time? I thought it was supposed to be sweet. ", "is_submitter": false, "distinguished": null, "created_utc": 1515705338.0, "parent_id": "t1_dsje9pe", "replies": [{"author": "oxymoronic_oxygen", "id": "dsjf4gn", "score": 30, "subreddit": "BuyItForLife", "author_flair": null, "submission": "7podtl", "stickied": false, "body": "It\u2019s a stupid small amount that can cause permanent damage and kids just always put stuff in their mouth. It\u2019s an inevitability. If there\u2019s lead anywhere in your house, chances are kids will put their mouths on it and get serious damage done.\n\nTL;DR Lead is bad and kids are gross", "is_submitter": false, "distinguished": null, "created_utc": 1515705539.0, "parent_id": "t1_dsjex2b", "replies": [{"author": "GeekCat", "id": "dsjme3v", "score": 9, "subreddit": "BuyItForLife", "author_flair": null, "submission": "7podtl", "stickied": false, "body": "Yep. They like to pick at any tiny flake of paint. They painted on the outlets in our apartment, which of course flake. What does my niece immediately go for? The outlets.  ", "is_submitter": false, "distinguished": null, "created_utc": 1515712758.0, "parent_id": "t1_dsjf4gn", "replies": []}]}]}, {"author": "Cicada17", "id": "dsk008v", "score": 5, "subreddit": "BuyItForLife", "author_flair": null, "submission": "7podtl", "stickied": false, "body": "Not true. Lead has a sweet taste. ", "is_submitter": false, "distinguished": null, "created_utc": 1515728170.0, "parent_id": "t1_dsje9pe", "replies": [{"author": "pssssteel", "id": "dsk5d2r", "score": 2, "subreddit": "BuyItForLife", "author_flair": null, "submission": "7podtl", "stickied": false, "body": "This is what I've always heard too.", "is_submitter": false, "distinguished": null, "created_utc": 1515735627.0, "parent_id": "t1_dsk008v", "replies": []}]}]}]}, {"author": "DELETED", "id": "dsjmvo7", "score": 6, "subreddit": "BuyItForLife", "author_flair": null, "submission": "7podtl", "stickied": false, "body": "WTF? Did you report the bar? ", "is_submitter": false, "distinguished": null, "created_utc": 1515713282.0, "parent_id": "t1_dsj5rti", "replies": [{"author": "Thesmorphia", "id": "dsjoh7f", "score": 12, "subreddit": "BuyItForLife", "author_flair": null, "submission": "7podtl", "stickied": false, "body": "I actually just did the test 2 days ago. The glass was from a promotional giveaway for a random brewery about 8 years ago. I'm planning on contacting the brewery and bar to let them know. The lead paint was on the outside of the glass so we weren't drinking from it but still in contact And being washed in the dishwasher with other stuff. Totally freaks me out. The whole reason I bought test swabs was for children's cups I have from a \"green\" company which came back positive when another parent tested them.  Now I want to test everything in my house ", "is_submitter": false, "distinguished": null, "created_utc": 1515715014.0, "parent_id": "t1_dsjmvo7", "replies": [{"author": "DELETED", "id": "dsjxpjg", "score": 3, "subreddit": "BuyItForLife", "author_flair": null, "submission": "7podtl", "stickied": false, "body": "Please dont report it to them. Report it to a proper authority. They could have poisoned countless customers. ", "is_submitter": false, "distinguished": null, "created_utc": 1515725373.0, "parent_id": "t1_dsjoh7f", "replies": [{"author": "Thesmorphia", "id": "dskjura", "score": 3, "subreddit": "BuyItForLife", "author_flair": null, "submission": "7podtl", "stickied": false, "body": "I will do that. Amazingly the presence of lead doesn't mean it's at a poisonous level according to the CSPC. I personally feel there is no safe level. The cups I originally bought the test for were positive for lead but according to the company they sent them in for testing and the CSPC said they were in safe levels and so they don't need to do a recall. I'm assuming this will be the case for the pint glass as well but I will follow through. This all started with me buying a replacement sippy cup for my kid and now I'm learning there's \"legal\" amounts of lead in all sorts of drinking and eating materials. It's crazy. ", "is_submitter": false, "distinguished": null, "created_utc": 1515765872.0, "parent_id": "t1_dsjxpjg", "replies": []}]}]}]}]}, {"author": "marunga", "id": "dsjb7je", "score": 25, "subreddit": "BuyItForLife", "author_flair": null, "submission": "7podtl", "stickied": false, "body": "Very unlikely, as lead paint on toys was forbidden in Western Germany from the 50ies and highly regulated for all other uses later. ", "is_submitter": false, "distinguished": null, "created_utc": 1515701832.0, "parent_id": "t1_dsipypl", "replies": []}, {"author": "Lebensfreude", "id": "dsiyu3q", "score": 40, "subreddit": "BuyItForLife", "author_flair": null, "submission": "7podtl", "stickied": false, "body": "I'd be more worried about this, if it said \"Made in Bangladesh / China\".", "is_submitter": false, "distinguished": null, "created_utc": 1515690063.0, "parent_id": "t1_dsipypl", "replies": [{"author": "pixel_of_moral_decay", "id": "dsjcipv", "score": 20, "subreddit": "BuyItForLife", "author_flair": null, "submission": "7podtl", "stickied": false, "body": "Or the US.\n\nWe were pretty late on the \"no lead\" and \"no asbestos\" movement. Also not terribly good enforcement.", "is_submitter": false, "distinguished": null, "created_utc": 1515703075.0, "parent_id": "t1_dsiyu3q", "replies": [{"author": "trickydickyquicky", "id": "dsjw95z", "score": -5, "subreddit": "BuyItForLife", "author_flair": null, "submission": "7podtl", "stickied": false, "body": "That\u2019s bullshit and you know it.", "is_submitter": false, "distinguished": null, "created_utc": 1515723663.0, "parent_id": "t1_dsjcipv", "replies": [{"author": "pixel_of_moral_decay", "id": "dsjxw6h", "score": 4, "subreddit": "BuyItForLife", "author_flair": null, "submission": "7podtl", "stickied": false, "body": "No, it's sadly accurate. We banned production of products with them later than everyone... you could buy building products with asbestos well into the 80's since the ban was on production. Even early 90's construction has been found to have legally contained it (just old material).", "is_submitter": false, "distinguished": null, "created_utc": 1515725591.0, "parent_id": "t1_dsjw95z", "replies": [{"author": "Cicada17", "id": "dsk0eay", "score": 3, "subreddit": "BuyItForLife", "author_flair": null, "submission": "7podtl", "stickied": false, "body": "Asbestos is still not banned. EPA banned it in 1989 but that was overturned by the courts just two years later. A few products remain banned, but asbestos is still being produced today. ", "is_submitter": false, "distinguished": null, "created_utc": 1515728657.0, "parent_id": "t1_dsjxw6h", "replies": []}]}]}]}]}, {"author": "DELETED", "id": "dsjh8xm", "score": 2, "subreddit": "BuyItForLife", "author_flair": null, "submission": "7podtl", "stickied": false, "body": "The taste test works best", "is_submitter": false, "distinguished": null, "created_utc": 1515707556.0, "parent_id": "t1_dsipypl", "replies": []}, {"author": "waishas", "id": "dsiuuu7", "score": -18, "subreddit": "BuyItForLife", "author_flair": null, "submission": "7podtl", "stickied": false, "body": "Came here to say this!", "is_submitter": false, "distinguished": null, "created_utc": 1515686185.0, "parent_id": "t1_dsipypl", "replies": [{"author": "i_am__thewalrus", "id": "dsiw81f", "score": -39, "subreddit": "BuyItForLife", "author_flair": null, "submission": "7podtl", "stickied": false, "body": "Reddit confuses me, take the upvote\n", "is_submitter": false, "distinguished": null, "created_utc": 1515687562.0, "parent_id": "t1_dsiuuu7", "replies": [{"author": "DELETED", "id": "dsiyqwv", "score": -18, "subreddit": "BuyItForLife", "author_flair": null, "submission": "7podtl", "stickied": false, "body": "[deleted]", "is_submitter": false, "distinguished": null, "created_utc": 1515689977.0, "parent_id": "t1_dsiw81f", "replies": [{"author": "DELETED", "id": "dsj1a9i", "score": -9, "subreddit": "BuyItForLife", "author_flair": null, "submission": "7podtl", "stickied": false, "body": "[deleted]", "is_submitter": false, "distinguished": null, "created_utc": 1515692406.0, "parent_id": "t1_dsiyqwv", "replies": [{"author": "sabertoothdog", "id": "dsjdmh8", "score": 7, "subreddit": "BuyItForLife", "author_flair": null, "submission": "7podtl", "stickied": false, "body": "Jumping in on the lead based downvote train. \ud83d\ude82 \ud83d\ude82 mother fuckers", "is_submitter": false, "distinguished": null, "created_utc": 1515704116.0, "parent_id": "t1_dsj1a9i", "replies": []}]}]}]}]}, {"author": "toppercat", "id": "dsj1o8y", "score": -15, "subreddit": "BuyItForLife", "author_flair": null, "submission": "7podtl", "stickied": false, "body": "Its west Germany. Not communist Germany. ", "is_submitter": false, "distinguished": null, "created_utc": 1515692766.0, "parent_id": "t1_dsipypl", "replies": [{"author": "gunnyguy121", "id": "dsj243x", "score": 19, "subreddit": "BuyItForLife", "author_flair": null, "submission": "7podtl", "stickied": false, "body": "Yea, but it's old", "is_submitter": false, "distinguished": null, "created_utc": 1515693182.0, "parent_id": "t1_dsj1o8y", "replies": []}]}]}, {"author": "twitch1982", "id": "dsiyoub", "score": 145, "subreddit": "BuyItForLife", "author_flair": null, "submission": "7podtl", "stickied": false, "body": "Brio. Quality stuff, I had a set from Western Germany when I was a kid that's still going strong at Grandma's house today. \n\nThey've been largly replaced by that asshat Thomas, but same concept, wooden tracks, magnetic couplings. ", "is_submitter": false, "distinguished": null, "created_utc": 1515689922.0, "parent_id": "t3_7podtl", "replies": [{"author": "meshark1", "id": "dsj3neh", "score": 11, "subreddit": "BuyItForLife", "author_flair": null, "submission": "7podtl", "stickied": false, "body": "I thought Brio made all there stuff in Sweden before moving production to China?\n\nEdit - also, don\u2019t most, if not all, Brio trains say Brio on the wheels?", "is_submitter": false, "distinguished": null, "created_utc": 1515694635.0, "parent_id": "t1_dsiyoub", "replies": [{"author": "RaXha", "id": "dsj7f50", "score": 9, "subreddit": "BuyItForLife", "author_flair": null, "submission": "7podtl", "stickied": false, "body": "Correct, BRIO is Swedish and was produced in southern Sweden up until they moved production to china about a decade ago.\n\nDid BRIO ever use wooden wheels? I\u2019ve only ever seen plastic ones on their trains. \ud83d\ude42", "is_submitter": false, "distinguished": null, "created_utc": 1515698203.0, "parent_id": "t1_dsj3neh", "replies": []}, {"author": "twitch1982", "id": "dsj4pkf", "score": 4, "subreddit": "BuyItForLife", "author_flair": null, "submission": "7podtl", "stickied": false, "body": "Oh, it could have been. My father bought it for me when he was in West Germany. I was 4. ", "is_submitter": false, "distinguished": null, "created_utc": 1515695635.0, "parent_id": "t1_dsj3neh", "replies": []}]}, {"author": "oxymoronic_oxygen", "id": "dsjf7w3", "score": 3, "subreddit": "BuyItForLife", "author_flair": null, "submission": "7podtl", "stickied": false, "body": "The Conductor was voiced by both Ringo Starr and George Carlin over the years. \n\nThat shit blew my mind", "is_submitter": false, "distinguished": null, "created_utc": 1515705632.0, "parent_id": "t1_dsiyoub", "replies": [{"author": "twitch1982", "id": "dsjmjji", "score": 6, "subreddit": "BuyItForLife", "author_flair": null, "submission": "7podtl", "stickied": false, "body": "The conductor was acted by both of them on Shining Time Station. ", "is_submitter": false, "distinguished": null, "created_utc": 1515712919.0, "parent_id": "t1_dsjf7w3", "replies": []}]}, {"author": "yourpaleblueeyes", "id": "dsjj8j6", "score": 1, "subreddit": "BuyItForLife", "author_flair": null, "submission": "7podtl", "stickied": false, "body": "Mine connects with plastic hooks and eyes. Maybe pre-magnet or less expensive version.", "is_submitter": false, "distinguished": null, "created_utc": 1515709500.0, "parent_id": "t1_dsiyoub", "replies": []}, {"author": "ajshell1", "id": "dskgm3o", "score": 1, "subreddit": "BuyItForLife", "author_flair": null, "submission": "7podtl", "stickied": false, "body": "Hey, fuck you! Thomas was great!", "is_submitter": false, "distinguished": null, "created_utc": 1515760670.0, "parent_id": "t1_dsiyoub", "replies": []}]}, {"author": "DELETED", "id": "dsj2j9t", "score": 50, "subreddit": "BuyItForLife", "author_flair": null, "submission": "7podtl", "stickied": false, "body": "Check for lead paint. One of my friend\u2019s kids just got lead poisoning due to some unsafe and boneheaded decisions they made as parents. You can get a pack of 5 testers for $5 from just about any paint store. ", "is_submitter": false, "distinguished": null, "created_utc": 1515693577.0, "parent_id": "t3_7podtl", "replies": [{"author": "dorky2", "id": "dsjqfmy", "score": 14, "subreddit": "BuyItForLife", "author_flair": null, "submission": "7podtl", "stickied": false, "body": "Do you feel like elaborating on the decisions they made that led to lead poisoning? I mean, I don't let my kid eat paint, but... I don't know what else I'm supposed to watch out for.", "is_submitter": false, "distinguished": null, "created_utc": 1515717036.0, "parent_id": "t1_dsj2j9t", "replies": [{"author": "Cicada17", "id": "dsk0yxt", "score": 8, "subreddit": "BuyItForLife", "author_flair": null, "submission": "7podtl", "stickied": false, "body": "The number one cause of childhood lead poisoning is lead-contaminated household dust. In most cases the lead comes from deteriorated lead-based paint in older homes, but it can also be tracked in from outside. In urban environments especially, the soil can have high levels of lead from historic use of leaded gasoline. ", "is_submitter": false, "distinguished": null, "created_utc": 1515729397.0, "parent_id": "t1_dsjqfmy", "replies": []}, {"author": "DELETED", "id": "dsju115", "score": 17, "subreddit": "BuyItForLife", "author_flair": null, "submission": "7podtl", "stickied": false, "body": "Yeah, basically they mishandled sawdust and debris during a renovation project. That\u2019s how most kids get lead poisoning from what I understand. I have two kids and just did a major renovation of most of my house and had to do all kinds of shit I never would have thought of to protect my kids. Before any work began, I did extensive research on best practices for handling lead paint and was amazed by the extent to which people have to go to maintain a safe area for children. \n\nHonestly, just about every project posted to r/DIY with kids in the background makes me wince a little. Most people are doing dangerous shit with possibly lead based paint with their kids right there. \n\nEdit: So not 20 minutes after I posted this response, I saw on some home renovation show on TV a group of people using reclaimed lumber to build shelves. The lumber came from a barn. The lumber had red paint, and based on its condition, I\u2019d suspect lead paint was present. This was on the DIY Network, and the couple having the work done used a licensed contractor. They definitely should\u2019ve been warned, but they clearly weren\u2019t. Yes, they did have children. \n\nMy friend\u2019s son was exposed to lead that had come from sawdust left on the ground following the work, so even though they removed the kids for the work, their son was still exposed because the ground was contaminated. Likewise, lead can absorb into wood, so even if a piece of lumber is stripped, the wood will still have detectable levels of lead. \n\nI never knew kids could get lead poisoning from the ground or from stripped wood. It\u2019s that hard to contain. \n\nUltimately, my friend had to have the impacted area of the yard buried under three feet of dirt. It was the only sure fire way to ensure no future exposure. Child Protective Services got involved and everything. It was a year long process to deal with the state, and the kid will be dealing with it the rest of his life. ", "is_submitter": false, "distinguished": null, "created_utc": 1515721094.0, "parent_id": "t1_dsjqfmy", "replies": [{"author": "dorky2", "id": "dsku8da", "score": 1, "subreddit": "BuyItForLife", "author_flair": null, "submission": "7podtl", "stickied": false, "body": "Yikes. Thanks for the info.", "is_submitter": false, "distinguished": null, "created_utc": 1515777062.0, "parent_id": "t1_dsju115", "replies": []}]}, {"author": "SuprSaiyanTurry", "id": "dsjrosi", "score": 1, "subreddit": "BuyItForLife", "author_flair": null, "submission": "7podtl", "stickied": false, "body": "Easy solution. Don't have kids.", "is_submitter": false, "distinguished": null, "created_utc": 1515718406.0, "parent_id": "t1_dsjqfmy", "replies": [{"author": "dorky2", "id": "dsjrvu0", "score": 3, "subreddit": "BuyItForLife", "author_flair": null, "submission": "7podtl", "stickied": false, "body": "Too late.", "is_submitter": false, "distinguished": null, "created_utc": 1515718625.0, "parent_id": "t1_dsjrosi", "replies": [{"author": "SuprSaiyanTurry", "id": "dsjs34q", "score": 5, "subreddit": "BuyItForLife", "author_flair": null, "submission": "7podtl", "stickied": false, "body": "Well shit", "is_submitter": false, "distinguished": null, "created_utc": 1515718852.0, "parent_id": "t1_dsjrvu0", "replies": []}]}]}]}]}, {"author": "zombieguy224", "id": "dsjb24f", "score": 12, "subreddit": "BuyItForLife", "author_flair": null, "submission": "7podtl", "stickied": false, "body": "Gotta love when something outlasts the country its made in.", "is_submitter": false, "distinguished": null, "created_utc": 1515701688.0, "parent_id": "t3_7podtl", "replies": []}, {"author": "noizy_", "id": "dsiygo3", "score": 10, "subreddit": "BuyItForLife", "author_flair": null, "submission": "7podtl", "stickied": false, "body": "I have a R\u00f6mertopf that says W-GERMANY at home.", "is_submitter": false, "distinguished": null, "created_utc": 1515689703.0, "parent_id": "t3_7podtl", "replies": []}, {"author": "20171245", "id": "dsj87az", "score": 53, "subreddit": "BuyItForLife", "author_flair": null, "submission": "7podtl", "stickied": false, "body": "Everyone here is saying that it's potentially not an old toy.\n\n1990 was almost 30 years ago.\n\nIf some inexpensive toy can last that long it qualifies for BIFL. Does this sub think that an inexpensive toy needs to be 100+ years before you can call it BIFL?", "is_submitter": false, "distinguished": null, "created_utc": 1515698943.0, "parent_id": "t3_7podtl", "replies": [{"author": "DELETED", "id": "dsjhdsd", "score": 18, "subreddit": "BuyItForLife", "author_flair": null, "submission": "7podtl", "stickied": false, "body": "1990 was that long ago? Thanks for making me feel old. ", "is_submitter": false, "distinguished": null, "created_utc": 1515707686.0, "parent_id": "t1_dsj87az", "replies": []}, {"author": "everyone-hates-me", "id": "dskdake", "score": 4, "subreddit": "BuyItForLife", "author_flair": null, "submission": "7podtl", "stickied": false, "body": "I still go into the 1990s when someone says 10 years ago.", "is_submitter": false, "distinguished": null, "created_utc": 1515753034.0, "parent_id": "t1_dsj87az", "replies": [{"author": "tagehring", "id": "dsl40rb", "score": 2, "subreddit": "BuyItForLife", "author_flair": null, "submission": "7podtl", "stickied": false, "body": "Same. I'm going to guess you were born between 1975 and 1985?", "is_submitter": false, "distinguished": null, "created_utc": 1515786431.0, "parent_id": "t1_dskdake", "replies": []}]}, {"author": "spectrehawntineurope", "id": "dsk0wjz", "score": 2, "subreddit": "BuyItForLife", "author_flair": null, "submission": "7podtl", "stickied": false, "body": "IMO BIFL depends on the item and applies when it exceeds an expected level of durability. You don't post a picture here of a 30 year old table and remark upon it's durability. 30 year old tables are commonplace. This is essentially the same. It is a toy made of solid wood and metal pins with very few moving parts. Toys of the same style manufactured today would easily last as long as 30 years. Other toys may not but that's because they are made of different more fragile materials and a shorter life is expected as they serve a different purpose (e.g. teddy bear).", "is_submitter": false, "distinguished": null, "created_utc": 1515729312.0, "parent_id": "t1_dsj87az", "replies": []}, {"author": "puaka", "id": "dskhcei", "score": 1, "subreddit": "BuyItForLife", "author_flair": null, "submission": "7podtl", "stickied": false, "body": "Well. I get the impression that anything posted here is dismantled by either 'isn't a lifetime old' or 'too long ago, unlikely still produced the same way'. \nNothing is going to satisfy everyone. You pick what you see best.", "is_submitter": false, "distinguished": null, "created_utc": 1515762008.0, "parent_id": "t1_dsj87az", "replies": []}]}, {"author": "nununash", "id": "dsjp4z4", "score": 9, "subreddit": "BuyItForLife", "author_flair": null, "submission": "7podtl", "stickied": false, "body": "I was stationed in Germany back in 1987 - my friends and I decided to go to Berlin for a road trip. Wow - what a road trip - first we had to use our official GOVT passport vs. our travel passport. We had to submit a road trip agenda - # of people, # of vehicles. We had to form a caravan driving into East Germany from west Germany. Berlin was dead center in East Germany back then. Along the drive there was high,  barbed wire fencing everywhere and towers with mean looking East Germany soldiers holding machine guns. Like I said - wow. We had to drive through Checkpoint Charlie - I got a special stamp in my passport which states Checkpoint Charlie. Touched \u201cTHE\u201d wall - completely covered in grafitti. Ate schnitzel, drank beer, and thoroughly enjoyed that road trip - a once in a lifetime thing. Now no one could ever do what we did back in the day.", "is_submitter": false, "distinguished": null, "created_utc": 1515715761.0, "parent_id": "t3_7podtl", "replies": []}, {"author": "DELETED", "id": "dsjhimb", "score": 17, "subreddit": "BuyItForLife", "author_flair": null, "submission": "7podtl", "stickied": false, "body": "Aren\u2019t all wood items made to last a very long time as long you keep them from moisture and termites? What\u2019s next, someone posts something made of stone? My parents bought me this pet rock and I\u2019m passing it down to my kids. ", "is_submitter": false, "distinguished": null, "created_utc": 1515707824.0, "parent_id": "t3_7podtl", "replies": [{"author": "Shittiesthipster", "id": "dsjkmeb", "score": 15, "subreddit": "BuyItForLife", "author_flair": null, "submission": "7podtl", "stickied": false, "body": "No shit, dude. A block of wood lasted thirty years in a storage closet? Color me surprised. ", "is_submitter": false, "distinguished": null, "created_utc": 1515710892.0, "parent_id": "t1_dsjhimb", "replies": []}, {"author": "offBrandon", "id": "dsjntoc", "score": 4, "subreddit": "BuyItForLife", "author_flair": null, "submission": "7podtl", "stickied": false, "body": "I have some Lincoln Logs so old that they were probably just called logs. ", "is_submitter": false, "distinguished": null, "created_utc": 1515714300.0, "parent_id": "t1_dsjhimb", "replies": [{"author": "tagehring", "id": "dsl42rr", "score": 2, "subreddit": "BuyItForLife", "author_flair": null, "submission": "7podtl", "stickied": false, "body": "Cut by the man himself!", "is_submitter": false, "distinguished": null, "created_utc": 1515786486.0, "parent_id": "t1_dsjntoc", "replies": []}, {"author": "DELETED", "id": "dsoune2", "score": 1, "subreddit": "BuyItForLife", "author_flair": null, "submission": "7podtl", "stickied": false, "body": "[I remember those](https://youtu.be/-fQGPZTECYs)", "is_submitter": false, "distinguished": null, "created_utc": 1515975505.0, "parent_id": "t1_dsjntoc", "replies": []}]}]}, {"author": "EL-BURRITO-GRANDE", "id": "dsj65e7", "score": 4, "subreddit": "BuyItForLife", "author_flair": null, "submission": "7podtl", "stickied": false, "body": "In my chem lab there's a beaker that says west germany on it. ", "is_submitter": false, "distinguished": null, "created_utc": 1515696996.0, "parent_id": "t3_7podtl", "replies": [{"author": "14_year_old_girl", "id": "dskiqht", "score": 2, "subreddit": "BuyItForLife", "author_flair": null, "submission": "7podtl", "stickied": false, "body": "More evidence that there was once a place called West Germany in ancient times but I'm still undecided. ", "is_submitter": false, "distinguished": null, "created_utc": 1515764272.0, "parent_id": "t1_dsj65e7", "replies": []}]}, {"author": "Tall_Mickey", "id": "dsjerv6", "score": 3, "subreddit": "BuyItForLife", "author_flair": null, "submission": "7podtl", "stickied": false, "body": "I've got a similar set (Brio brand, Swiss) that my parents bought for me at Disneyland in 1960.  The \"train\" survived the years, and sits on top of my dresser.\n", "is_submitter": false, "distinguished": null, "created_utc": 1515705201.0, "parent_id": "t3_7podtl", "replies": [{"author": "kniebuiging", "id": "dsjlx3h", "score": 2, "subreddit": "BuyItForLife", "author_flair": null, "submission": "7podtl", "stickied": false, "body": "brio is swedish.", "is_submitter": false, "distinguished": null, "created_utc": 1515712252.0, "parent_id": "t1_dsjerv6", "replies": [{"author": "Tall_Mickey", "id": "dsjm9n4", "score": 1, "subreddit": "BuyItForLife", "author_flair": null, "submission": "7podtl", "stickied": false, "body": "Really? Well, thanks.  ", "is_submitter": false, "distinguished": null, "created_utc": 1515712624.0, "parent_id": "t1_dsjlx3h", "replies": [{"author": "kniebuiging", "id": "dsjmca2", "score": 1, "subreddit": "BuyItForLife", "author_flair": null, "submission": "7podtl", "stickied": false, "body": "I just know because as a teenager I made a bicyle tour through sweden and we spent a night in Osby, where you could see a lot of references to Brio.", "is_submitter": false, "distinguished": null, "created_utc": 1515712703.0, "parent_id": "t1_dsjm9n4", "replies": []}]}]}]}, {"author": "yourpaleblueeyes", "id": "dsjiw2i", "score": 3, "subreddit": "BuyItForLife", "author_flair": null, "submission": "7podtl", "stickied": false, "body": "My 2.5 yr old grandson was playing with this train the other day. \n\nI bought it  back in the 1980's, it has 5 cars and I believe is made by Brio. There is an engine, the Esso tank, one that has three wood planks, one that has 2 wood blocks, and one that is hollowed out, like a coal car or something.\n\n It's all wood, and the label on the front of the engine reads HEROS Qualitats -Holtzspielzeug.(edit: Quality Wooden Toys) Made in Western Germany.    \n They sold them in the higher end independent style toy shops and obviously mine was produced before the Berlin wall fell.\n\nI've tried to be very good about keeping (not losing) pieces of my grown kids toys as I have 9 grandkids, the 2 yr old is the last of this bunch. I have ninja turtles, and many, many old fisher price items.  The kids Love 'em!\nNever once worried about lead, frankly it's the Newer stuff that comes from China that should cause most concern.\n\nAnyway, these trains are great, cute just to sit up on a shelf. The only flaw mine has is one hook got broken so it has to be the Last car as nobody can hook up to him!\nYours is a bit different than mine, as it does not hook up with magnets. Nor does it have windows painted on and mine has two smokestacks.      They are very cool and I will bet your child had fun with the 'old' train!", "is_submitter": false, "distinguished": null, "created_utc": 1515709153.0, "parent_id": "t3_7podtl", "replies": []}, {"author": "toppercat", "id": "dsj1pk1", "score": 5, "subreddit": "BuyItForLife", "author_flair": null, "submission": "7podtl", "stickied": false, "body": "Our Germans are better than their Germans. ", "is_submitter": false, "distinguished": null, "created_utc": 1515692800.0, "parent_id": "t3_7podtl", "replies": []}, {"author": "Opening_Interaction3", "id": "hnef1mu", "score": 2, "subreddit": "BuyItForLife", "author_flair": null, "submission": "7podtl", "stickied": false, "body": "I have the same one.", "is_submitter": false, "distinguished": null, "created_utc": 1638752628.0, "parent_id": "t3_7podtl", "replies": []}, {"author": "chyzykn", "id": "dsiwyji", "score": 8, "subreddit": "BuyItForLife", "author_flair": null, "submission": "7podtl", "stickied": false, "body": "What does \"MIL\" stand for? I figured it was lingo I was not hip to so I looked it up on Urban Dictionary and I got: \"A unit of measure that is 1/1000th of an inch. The term can also be used interchangeably with \"thou\" witch is simply much shorter than saying \"thousandths of an inch\". \"  Please enlighten me.", "is_submitter": false, "distinguished": null, "created_utc": 1515688269.0, "parent_id": "t3_7podtl", "replies": [{"author": "MrJAppleseed", "id": "dsix2hs", "score": 23, "subreddit": "BuyItForLife", "author_flair": null, "submission": "7podtl", "stickied": false, "body": "Mother In Law", "is_submitter": false, "distinguished": null, "created_utc": 1515688374.0, "parent_id": "t1_dsiwyji", "replies": []}, {"author": "Fear21231", "id": "dsix39y", "score": 9, "subreddit": "BuyItForLife", "author_flair": null, "submission": "7podtl", "stickied": false, "body": "Mother-in-Law", "is_submitter": false, "distinguished": null, "created_utc": 1515688395.0, "parent_id": "t1_dsiwyji", "replies": []}, {"author": "DELETED", "id": "dsix3e6", "score": 6, "subreddit": "BuyItForLife", "author_flair": null, "submission": "7podtl", "stickied": false, "body": "Mother in law.  The mother of your spouse after you get married.  ", "is_submitter": false, "distinguished": null, "created_utc": 1515688398.0, "parent_id": "t1_dsiwyji", "replies": []}, {"author": "DELETED", "id": "dsixh4f", "score": 7, "subreddit": "BuyItForLife", "author_flair": null, "submission": "7podtl", "stickied": false, "body": "Given what sub this is, I first read it as Mate-It-for-Life, like a modification on spouse or significant other.\n\nBut yeah, mother-in-law.", "is_submitter": false, "distinguished": null, "created_utc": 1515688763.0, "parent_id": "t1_dsiwyji", "replies": []}, {"author": "TheYearOfThe_Rat", "id": "dsjap2r", "score": 3, "subreddit": "BuyItForLife", "author_flair": null, "submission": "7podtl", "stickied": false, "body": "Military in law", "is_submitter": false, "distinguished": null, "created_utc": 1515701339.0, "parent_id": "t1_dsiwyji", "replies": []}, {"author": "eoliveri", "id": "dsjlzm5", "score": 3, "subreddit": "BuyItForLife", "author_flair": null, "submission": "7podtl", "stickied": false, "body": "Now look up \"pull a train\" LOL", "is_submitter": false, "distinguished": null, "created_utc": 1515712326.0, "parent_id": "t1_dsiwyji", "replies": []}, {"author": "DELETED", "id": "dsj6ltw", "score": 1, "subreddit": "BuyItForLife", "author_flair": null, "submission": "7podtl", "stickied": false, "body": "[deleted]", "is_submitter": false, "distinguished": null, "created_utc": 1515697427.0, "parent_id": "t1_dsiwyji", "replies": [{"author": "chyzykn", "id": "dttqa4d", "score": 1, "subreddit": "BuyItForLife", "author_flair": null, "submission": "7podtl", "stickied": false, "body": "lol. I checked Urban Dictionary thinking it was some kind of slang and never thought to actually Google it.  ;)", "is_submitter": false, "distinguished": null, "created_utc": 1517931746.0, "parent_id": "t1_dsj6ltw", "replies": [{"author": "PrincessPixeI", "id": "dttqnph", "score": 2, "subreddit": "BuyItForLife", "author_flair": null, "submission": "7podtl", "stickied": false, "body": "No you didn't.  It's the first entry there too.\n\nhttps://www.urbandictionary.com/define.php?term=MIL", "is_submitter": false, "distinguished": null, "created_utc": 1517932124.0, "parent_id": "t1_dttqa4d", "replies": []}]}]}]}, {"author": "tisllisl", "id": "dsjck1c", "score": 2, "subreddit": "BuyItForLife", "author_flair": null, "submission": "7podtl", "stickied": false, "body": "I had the same ones when I was a kid - mid 70ies in Western Germany", "is_submitter": false, "distinguished": null, "created_utc": 1515703111.0, "parent_id": "t3_7podtl", "replies": []}, {"author": "zapezap", "id": "dsjn424", "score": 2, "subreddit": "BuyItForLife", "author_flair": null, "submission": "7podtl", "stickied": false, "body": "Might have lead paint", "is_submitter": false, "distinguished": null, "created_utc": 1515713530.0, "parent_id": "t3_7podtl", "replies": []}, {"author": "DELETED", "id": "dsjp9ni", "score": 2, "subreddit": "BuyItForLife", "author_flair": null, "submission": "7podtl", "stickied": false, "body": "I was expecting this to be /r/justnomil and there to be lead paint or something... Pleasantly surprised.", "is_submitter": false, "distinguished": null, "created_utc": 1515715903.0, "parent_id": "t3_7podtl", "replies": []}, {"author": "itsahippo", "id": "dsjpmnu", "score": 2, "subreddit": "BuyItForLife", "author_flair": null, "submission": "7podtl", "stickied": false, "body": "Painted with lead ... is aiite", "is_submitter": false, "distinguished": null, "created_utc": 1515716231.0, "parent_id": "t3_7podtl", "replies": []}, {"author": "shadic108", "id": "dsjw108", "score": 2, "subreddit": "BuyItForLife", "author_flair": null, "submission": "7podtl", "stickied": false, "body": "It\u2019s got the Trello logo on it ", "is_submitter": false, "distinguished": null, "created_utc": 1515723393.0, "parent_id": "t3_7podtl", "replies": []}, {"author": "thisguy9", "id": "dsjx4ze", "score": 2, "subreddit": "BuyItForLife", "author_flair": null, "submission": "7podtl", "stickied": false, "body": "Now I know where Trello got their logo from", "is_submitter": false, "distinguished": null, "created_utc": 1515724703.0, "parent_id": "t3_7podtl", "replies": []}, {"author": "YoungsterMcPuppy", "id": "dsjxnp4", "score": 2, "subreddit": "BuyItForLife", "author_flair": null, "submission": "7podtl", "stickied": false, "body": "Pffffft, inferior capitalist train.\n\n\n*choo-choos in communism*", "is_submitter": false, "distinguished": null, "created_utc": 1515725314.0, "parent_id": "t3_7podtl", "replies": []}, {"author": "MetalMan77", "id": "dsjxwmv", "score": 2, "subreddit": "BuyItForLife", "author_flair": null, "submission": "7podtl", "stickied": false, "body": "dat lead paint doe?", "is_submitter": false, "distinguished": null, "created_utc": 1515725606.0, "parent_id": "t3_7podtl", "replies": []}, {"author": "IAmTheGrubermeister", "id": "dsk4460", "score": 2, "subreddit": "BuyItForLife", "author_flair": null, "submission": "7podtl", "stickied": false, "body": "I have an almost identical engine from a brio train set my folks bought me in approximately 1985. Until relatively recently I still had the box, marked made in W. Germany, but it started to disintegrate a bit. The trains are in great shape and are now played with by my 4 year old. My parents were also thoughtful enough to save my old Fisher Price toys. Everything felt so much more sturdy from that time period - not as disposable as many plastic toys I have bought for my daughter that were made recently. (We also have my original 80's My Little Ponies!) And introducing my child to these toys I loved so much while reliving the joy of my own childhood with her is priceless.", "is_submitter": false, "distinguished": null, "created_utc": 1515733730.0, "parent_id": "t3_7podtl", "replies": []}, {"author": "camachorod", "id": "dsk94a0", "score": 2, "subreddit": "BuyItForLife", "author_flair": null, "submission": "7podtl", "stickied": false, "body": "Make sure they don't have lead paint. ", "is_submitter": false, "distinguished": null, "created_utc": 1515742624.0, "parent_id": "t3_7podtl", "replies": []}, {"author": "epicstratton", "id": "dskkzd2", "score": 2, "subreddit": "BuyItForLife", "author_flair": null, "submission": "7podtl", "stickied": false, "body": "Wow. This thread blew up way more than I anticipated. Given that these are almost 40 years old by my MIL estimates (based off of which kid she bought them for) thought it\u2019d be a good fit. Seems some agree and others do not. Fair enough. \n\nRe paint, will definitely be checking these. Thanks for the advice folks.", "is_submitter": true, "distinguished": null, "created_utc": 1515767331.0, "parent_id": "t3_7podtl", "replies": []}, {"author": "miggitymikeb", "id": "dsj0uu8", "score": 4, "subreddit": "BuyItForLife", "author_flair": null, "submission": "7podtl", "stickied": false, "body": "West Germany existed until 1990", "is_submitter": false, "distinguished": null, "created_utc": 1515692001.0, "parent_id": "t3_7podtl", "replies": [{"author": "DELETED", "id": "dsj5fvu", "score": 2, "subreddit": "BuyItForLife", "author_flair": null, "submission": "7podtl", "stickied": false, "body": "[deleted]", "is_submitter": false, "distinguished": null, "created_utc": 1515696324.0, "parent_id": "t1_dsj0uu8", "replies": [{"author": "DELETED", "id": "dsj6r98", "score": -3, "subreddit": "BuyItForLife", "author_flair": null, "submission": "7podtl", "stickied": false, "body": "[deleted]", "is_submitter": false, "distinguished": null, "created_utc": 1515697572.0, "parent_id": "t1_dsj5fvu", "replies": [{"author": "LuxTerrae", "id": "dsjmcox", "score": 2, "subreddit": "BuyItForLife", "author_flair": null, "submission": "7podtl", "stickied": false, "body": "That's still 30 years.\n\nI'm not even 30 yet and my paintwork is not nearly that pristine.", "is_submitter": false, "distinguished": null, "created_utc": 1515712715.0, "parent_id": "t1_dsj6r98", "replies": []}]}]}, {"author": "murse_joe", "id": "dsj3f73", "score": 3, "subreddit": "BuyItForLife", "author_flair": null, "submission": "7podtl", "stickied": false, "body": "Still old and in remarkably good shape for a painted wooden toy ", "is_submitter": false, "distinguished": null, "created_utc": 1515694420.0, "parent_id": "t1_dsj0uu8", "replies": []}, {"author": "alkey", "id": "dsj40fb", "score": -3, "subreddit": "BuyItForLife", "author_flair": null, "submission": "7podtl", "stickied": false, "body": "Still pretty old, considering that 1990 was the year when the Beatles came out with their first album.", "is_submitter": false, "distinguished": null, "created_utc": 1515694978.0, "parent_id": "t1_dsj0uu8", "replies": [{"author": "tagehring", "id": "dsj59er", "score": 5, "subreddit": "BuyItForLife", "author_flair": null, "submission": "7podtl", "stickied": false, "body": "::blink:: Hm. That...\n\nYeah, I got nothing.", "is_submitter": false, "distinguished": null, "created_utc": 1515696153.0, "parent_id": "t1_dsj40fb", "replies": []}]}]}, {"author": "DELETED", "id": "dsj6xg9", "score": 1, "subreddit": "BuyItForLife", "author_flair": null, "submission": "7podtl", "stickied": false, "body": "You should get her one made in the East and then you'll have a complete collection.  Choo choooooo", "is_submitter": false, "distinguished": null, "created_utc": 1515697737.0, "parent_id": "t3_7podtl", "replies": []}, {"author": "raznarukus", "id": "dsjabgz", "score": 1, "subreddit": "BuyItForLife", "author_flair": null, "submission": "7podtl", "stickied": false, "body": "I thought you forgot an F in your post title. \n", "is_submitter": false, "distinguished": null, "created_utc": 1515700968.0, "parent_id": "t3_7podtl", "replies": [{"author": "eoliveri", "id": "dsjm265", "score": 2, "subreddit": "BuyItForLife", "author_flair": null, "submission": "7podtl", "stickied": false, "body": "Well, she *did* pull a train ....", "is_submitter": false, "distinguished": null, "created_utc": 1515712403.0, "parent_id": "t1_dsjabgz", "replies": []}]}, {"author": "MrMrRogers", "id": "dsje07j", "score": 1, "subreddit": "BuyItForLife", "author_flair": null, "submission": "7podtl", "stickied": false, "body": "Hope theres no lead on that ", "is_submitter": false, "distinguished": null, "created_utc": 1515704476.0, "parent_id": "t3_7podtl", "replies": []}, {"author": "NayMarine", "id": "dsje0lr", "score": 1, "subreddit": "BuyItForLife", "author_flair": null, "submission": "7podtl", "stickied": false, "body": "technically i was made in west Germany having been born in Wurtzberg in the 80's", "is_submitter": false, "distinguished": null, "created_utc": 1515704487.0, "parent_id": "t3_7podtl", "replies": []}, {"author": "tomdarch", "id": "dsjfvfo", "score": 1, "subreddit": "BuyItForLife", "author_flair": null, "submission": "7podtl", "stickied": false, "body": "I have a wire stripping gizmo that I bought new in 2015 that has its patent information molded into it.  It includes its West German patent info along with patents in lots of other (still existing) countries.", "is_submitter": false, "distinguished": null, "created_utc": 1515706254.0, "parent_id": "t3_7podtl", "replies": []}, {"author": "DELETED", "id": "dsjixcv", "score": 1, "subreddit": "BuyItForLife", "author_flair": null, "submission": "7podtl", "stickied": false, "body": "my great grandmothers piano was made in west germany. been in the family for 4 generations at least. ", "is_submitter": false, "distinguished": null, "created_utc": 1515709188.0, "parent_id": "t3_7podtl", "replies": []}, {"author": "boutros_gadfly", "id": "dsjj8vx", "score": 1, "subreddit": "BuyItForLife", "author_flair": null, "submission": "7podtl", "stickied": false, "body": "Lead paint?", "is_submitter": false, "distinguished": null, "created_utc": 1515709510.0, "parent_id": "t3_7podtl", "replies": []}, {"author": "SenTedStevens", "id": "dsjj9jo", "score": 1, "subreddit": "BuyItForLife", "author_flair": null, "submission": "7podtl", "stickied": false, "body": "The East German train was left behind the wall to flee to West Germany.", "is_submitter": false, "distinguished": null, "created_utc": 1515709528.0, "parent_id": "t3_7podtl", "replies": []}, {"author": "Vinniam", "id": "dsjjvh6", "score": 1, "subreddit": "BuyItForLife", "author_flair": null, "submission": "7podtl", "stickied": false, "body": "I wonder what the ones made in east germany look like.", "is_submitter": false, "distinguished": null, "created_utc": 1515710127.0, "parent_id": "t3_7podtl", "replies": []}, {"author": "brother_sparrow", "id": "dsjl6js", "score": 1, "subreddit": "BuyItForLife", "author_flair": null, "submission": "7podtl", "stickied": false, "body": "So where can I buy one?", "is_submitter": false, "distinguished": null, "created_utc": 1515711470.0, "parent_id": "t3_7podtl", "replies": []}, {"author": "nature_remains", "id": "dsjnnc1", "score": 1, "subreddit": "BuyItForLife", "author_flair": null, "submission": "7podtl", "stickied": false, "body": "Is that Brio? I grew up playing with that!", "is_submitter": false, "distinguished": null, "created_utc": 1515714109.0, "parent_id": "t3_7podtl", "replies": []}, {"author": "Speak_the_speech", "id": "dsjoapq", "score": 1, "subreddit": "BuyItForLife", "author_flair": null, "submission": "7podtl", "stickied": false, "body": "So was my father!", "is_submitter": false, "distinguished": null, "created_utc": 1515714817.0, "parent_id": "t3_7podtl", "replies": []}, {"author": "casemodsalt", "id": "dsjomg1", "score": 1, "subreddit": "BuyItForLife", "author_flair": null, "submission": "7podtl", "stickied": false, "body": "They were barely any fun so it's no wonder it hasn't even a scratch on it.", "is_submitter": false, "distinguished": null, "created_utc": 1515715179.0, "parent_id": "t3_7podtl", "replies": []}, {"author": "ikea2000", "id": "dsjop9n", "score": 1, "subreddit": "BuyItForLife", "author_flair": null, "submission": "7podtl", "stickied": false, "body": "Hah! I saw this today on my gf toaster; Made in W. Germany. It\u2019s her grand mothers, still works well.", "is_submitter": false, "distinguished": null, "created_utc": 1515715268.0, "parent_id": "t3_7podtl", "replies": []}, {"author": "brandojw", "id": "dsjpc73", "score": 1, "subreddit": "BuyItForLife", "author_flair": null, "submission": "7podtl", "stickied": false, "body": "In Soviet East Germany, toy trains you!\n", "is_submitter": false, "distinguished": null, "created_utc": 1515715971.0, "parent_id": "t3_7podtl", "replies": []}, {"author": "rAlexanderAcosta", "id": "dsjpxn8", "score": 1, "subreddit": "BuyItForLife", "author_flair": null, "submission": "7podtl", "stickied": false, "body": "That\u2019s a capitalism train! Eat scum, commies!", "is_submitter": false, "distinguished": null, "created_utc": 1515716530.0, "parent_id": "t3_7podtl", "replies": []}, {"author": "dorky2", "id": "dsjq5lp", "score": 1, "subreddit": "BuyItForLife", "author_flair": null, "submission": "7podtl", "stickied": false, "body": "We had this train when I was a kid. My brother got it for Christmas in 1987 when he was 2.", "is_submitter": false, "distinguished": null, "created_utc": 1515716753.0, "parent_id": "t3_7podtl", "replies": []}, {"author": "Hardlyasubstitute", "id": "dsjq9dr", "score": 1, "subreddit": "BuyItForLife", "author_flair": null, "submission": "7podtl", "stickied": false, "body": "I have a nativity set that says Made in West Germany British Zone ", "is_submitter": false, "distinguished": null, "created_utc": 1515716859.0, "parent_id": "t3_7podtl", "replies": []}, {"author": "bigpix", "id": "dsjqzrv", "score": 1, "subreddit": "BuyItForLife", "author_flair": null, "submission": "7podtl", "stickied": false, "body": "Brios i do believe.\n\nWe have a whole bin of them in the attic just waiting for a grandbaby to come along.\n\nOur son was born in 1984.\n\nAdding: I collect small wind up buses and other vehicles from tin lithographed sets. Most of them are from Western Germany.\n\nNeed to post some pix.\n\nedit again: not Brio which are made in Sweden.\n\nThis is what happens when I have a bit more wine than usual.\n\n\n\n", "is_submitter": false, "distinguished": null, "created_utc": 1515717620.0, "parent_id": "t3_7podtl", "replies": []}, {"author": "Baronessvk", "id": "dsjso6w", "score": 1, "subreddit": "BuyItForLife", "author_flair": null, "submission": "7podtl", "stickied": false, "body": "The pull down map in my classroom has East & West Germany. And a few other discrepancies.", "is_submitter": false, "distinguished": null, "created_utc": 1515719533.0, "parent_id": "t3_7podtl", "replies": []}, {"author": "TylerInHiFi", "id": "dsjtlwh", "score": 1, "subreddit": "BuyItForLife", "author_flair": null, "submission": "7podtl", "stickied": false, "body": "Most of my car is stamped \u201cMade in West Germany\u201d. It\u2019s a \u201894 Volkswagen. ", "is_submitter": false, "distinguished": null, "created_utc": 1515720613.0, "parent_id": "t3_7podtl", "replies": []}, {"author": "Ajaymach", "id": "dsjxrld", "score": 1, "subreddit": "BuyItForLife", "author_flair": null, "submission": "7podtl", "stickied": false, "body": "I think I saw those on Antique Road show, they are worth at least a Bitcoin. Rick at Pawn Stars in Las Vegas will gladly give you one Ripple. ", "is_submitter": false, "distinguished": null, "created_utc": 1515725442.0, "parent_id": "t3_7podtl", "replies": []}, {"author": "Splatacus", "id": "dsjzui2", "score": 1, "subreddit": "BuyItForLife", "author_flair": null, "submission": "7podtl", "stickied": false, "body": "My dad bought one for my yet to be born son when I was 13. But it was built in EAST Germany.  I\u2019m 42. My son is now 7. You can see the train in the sub.\n", "is_submitter": false, "distinguished": null, "created_utc": 1515727970.0, "parent_id": "t3_7podtl", "replies": []}, {"author": "Macabee721", "id": "dsk0wn6", "score": 1, "subreddit": "BuyItForLife", "author_flair": null, "submission": "7podtl", "stickied": false, "body": "Yeah, but was it played with every day? Not to be a dick,  but you could pull out most things from storage that have been untouched, and yeah, they\u2019ll work/roll, whatever this toy is supposed to be surprising me with.", "is_submitter": false, "distinguished": null, "created_utc": 1515729315.0, "parent_id": "t3_7podtl", "replies": []}, {"author": "saudiqbal", "id": "dsk1uvt", "score": 1, "subreddit": "BuyItForLife", "author_flair": null, "submission": "7podtl", "stickied": false, "body": "I still have a train set from Marklin made in western Germany.", "is_submitter": false, "distinguished": null, "created_utc": 1515730562.0, "parent_id": "t3_7podtl", "replies": []}, {"author": "Graythor5", "id": "dsk263z", "score": 1, "subreddit": "BuyItForLife", "author_flair": null, "submission": "7podtl", "stickied": false, "body": "I grew up in Germany, father was in the Army, and I had these as a child. I can confirm that they are not bifl.  The wheels were wood and many of them split and broke off during play. ", "is_submitter": false, "distinguished": null, "created_utc": 1515730982.0, "parent_id": "t3_7podtl", "replies": []}, {"author": "EpicWan", "id": "dsk2lma", "score": 1, "subreddit": "BuyItForLife", "author_flair": null, "submission": "7podtl", "stickied": false, "body": "MILF*", "is_submitter": false, "distinguished": null, "created_utc": 1515731568.0, "parent_id": "t3_7podtl", "replies": []}, {"author": "DoobieDecimal", "id": "dsk5ajv", "score": 1, "subreddit": "BuyItForLife", "author_flair": null, "submission": "7podtl", "stickied": false, "body": "These are like 15 years old and were sold in books-a-million\n", "is_submitter": false, "distinguished": null, "created_utc": 1515735516.0, "parent_id": "t3_7podtl", "replies": []}, {"author": "The_lawbreaker", "id": "dsk8rul", "score": 1, "subreddit": "BuyItForLife", "author_flair": null, "submission": "7podtl", "stickied": false, "body": "I've got a few things made in western Germany, including a record and a typewriter", "is_submitter": false, "distinguished": null, "created_utc": 1515741894.0, "parent_id": "t3_7podtl", "replies": []}, {"author": "TheMcWhopper", "id": "dsk9zk6", "score": 1, "subreddit": "BuyItForLife", "author_flair": null, "submission": "7podtl", "stickied": false, "body": "Fuck West Germany \ud83d\udc4e. Easy Germany for life\ud83d\udc4d\ud83d\udc4f\ud83c\udffe", "is_submitter": false, "distinguished": null, "created_utc": 1515744564.0, "parent_id": "t3_7podtl", "replies": []}, {"author": "IssphitiKOzS", "id": "dsken88", "score": 1, "subreddit": "BuyItForLife", "author_flair": null, "submission": "7podtl", "stickied": false, "body": "Iiiiin west Germany born and made, in the playground is where I\u2019ve spent most decades", "is_submitter": false, "distinguished": null, "created_utc": 1515756442.0, "parent_id": "t3_7podtl", "replies": []}, {"author": "Faptain--Planet", "id": "dskfxke", "score": 1, "subreddit": "BuyItForLife", "author_flair": null, "submission": "7podtl", "stickied": false, "body": "You'll never guess what they burned in the engine", "is_submitter": false, "distinguished": null, "created_utc": 1515759318.0, "parent_id": "t3_7podtl", "replies": []}, {"author": "Tripticket", "id": "dt6oxk5", "score": 1, "subreddit": "BuyItForLife", "author_flair": null, "submission": "7podtl", "stickied": false, "body": "I have one of these. I also use my father's old 1950s desk lamp (East German bulb burnt out about three years ago).\n\nMy dad drives something which looks like the 1977 Land Rover (will have to ask him about that), but he's getting grumpy since spare parts would have to be imported from the UK.", "is_submitter": false, "distinguished": null, "created_utc": 1516827976.0, "parent_id": "t3_7podtl", "replies": []}, {"author": "tagehring", "id": "dsj055c", "score": 1, "subreddit": "BuyItForLife", "author_flair": null, "submission": "7podtl", "stickied": false, "body": "If I had to hazard a guess, I'd say those are probably from the 1950s or early 1960s. ", "is_submitter": false, "distinguished": null, "created_utc": 1515691322.0, "parent_id": "t3_7podtl", "replies": [{"author": "t90fan", "id": "dsj3i25", "score": 6, "subreddit": "BuyItForLife", "author_flair": null, "submission": "7podtl", "stickied": false, "body": "More like 80s probably \n\nI had toys like that and I was born in 1989.", "is_submitter": false, "distinguished": null, "created_utc": 1515694497.0, "parent_id": "t1_dsj055c", "replies": [{"author": "tagehring", "id": "dsj3mnn", "score": 2, "subreddit": "BuyItForLife", "author_flair": null, "submission": "7podtl", "stickied": false, "body": "I was born in 1982 and had toys like this as well. They were hand-me-downs from when my dad was a kid in the 1960s. ", "is_submitter": false, "distinguished": null, "created_utc": 1515694615.0, "parent_id": "t1_dsj3i25", "replies": []}]}]}, {"author": "DishwasherTwig", "id": "dsjni63", "score": 1, "subreddit": "BuyItForLife", "author_flair": null, "submission": "7podtl", "stickied": false, "body": "To be fair, what could really go wrong? Wood is a hardly material and metal even more so, there's not really much of anything that could break on that.", "is_submitter": false, "distinguished": null, "created_utc": 1515713954.0, "parent_id": "t3_7podtl", "replies": [{"author": "apoletta", "id": "dsjywod", "score": 1, "subreddit": "BuyItForLife", "author_flair": null, "submission": "7podtl", "stickied": false, "body": "If you have ever seen kids play with toys, and or play smash the trains, you would understand.", "is_submitter": false, "distinguished": null, "created_utc": 1515726818.0, "parent_id": "t1_dsjni63", "replies": []}]}, {"author": "catharticwhoosh", "id": "dsj3u4i", "score": 0, "subreddit": "BuyItForLife", "author_flair": null, "submission": "7podtl", "stickied": false, "body": "I was an adult in the military in West Germany.  I have skidmarks on my underwear older than that toy... true BIFL underwear.", "is_submitter": false, "distinguished": null, "created_utc": 1515694811.0, "parent_id": "t3_7podtl", "replies": []}, {"author": "mk4_wagon", "id": "dsj8oja", "score": 0, "subreddit": "BuyItForLife", "author_flair": null, "submission": "7podtl", "stickied": false, "body": "My mom gave me this metal candy dish thing that was made in West Germany. I guess she got it from her aunt, but never really had a place for it so she gave it to me. I should throw up a picture of it. ", "is_submitter": false, "distinguished": null, "created_utc": 1515699401.0, "parent_id": "t3_7podtl", "replies": [{"author": "yourpaleblueeyes", "id": "dsjjf5n", "score": 1, "subreddit": "BuyItForLife", "author_flair": null, "submission": "7podtl", "stickied": false, "body": "I have stuff that is stamped Made in Occupied Japan. Doesn't really increase it's value much though. It's still just cheap dime store stuff.", "is_submitter": false, "distinguished": null, "created_utc": 1515709677.0, "parent_id": "t1_dsj8oja", "replies": [{"author": "mk4_wagon", "id": "dsjvanz", "score": 2, "subreddit": "BuyItForLife", "author_flair": null, "submission": "7podtl", "stickied": false, "body": "Thats still cool! I don't know if my dish is worth anything, but it seems better quality than something from a dime store. It's solid and looks cool, so that's all I care about. ", "is_submitter": false, "distinguished": null, "created_utc": 1515722532.0, "parent_id": "t1_dsjjf5n", "replies": []}]}]}, {"author": "bluestreakxp", "id": "dsjubb5", "score": 0, "subreddit": "BuyItForLife", "author_flair": null, "submission": "7podtl", "stickied": false, "body": "Thats the GOOD Germany!", "is_submitter": false, "distinguished": null, "created_utc": 1515721422.0, "parent_id": "t3_7podtl", "replies": []}]}