{"title": "BIFL fan for summer heat in room?", "name": "t3_tyvdyw", "url": "https://www.reddit.com/r/BuyItForLife/comments/tyvdyw/bifl_fan_for_summer_heat_in_room/", "selftext": "", "score": 5, "upvote_ratio": 0.86, "permalink": "/r/BuyItForLife/comments/tyvdyw/bifl_fan_for_summer_heat_in_room/", "id": "tyvdyw", "author": "eternalgnome", "link_flair_text": "[Request]", "num_comments": 5, "over_18": false, "spoiler": false, "pinned": false, "locked": false, "distinguished": null, "created_utc": 1649392256.0, "comments": [{"author": "j-random", "id": "i3xhr3v", "score": 3, "subreddit": "BuyItForLife", "author_flair": null, "submission": "tyvdyw", "stickied": false, "body": "Are there any that *aren't* BIFL? I've got some generic two-fan window unit that I've had for probably about thirty years, it goes into the window around the end of May every year and comes out sometime in September, runs pretty much continuously during that time. Have to clean it the hard way (unscrew the whole assembly to remove the fans and motors) but no other hassles. I mean, it's an electric motor, a switch and some resistors, not really much there to fail.", "is_submitter": false, "distinguished": null, "created_utc": 1649440618.0, "parent_id": "t3_tyvdyw", "replies": []}, {"author": "littleducklover", "id": "i3v2pvv", "score": 2, "subreddit": "BuyItForLife", "author_flair": null, "submission": "tyvdyw", "stickied": false, "body": "Vornado fans are some of the best I\u2019ve ever had. They are a bit pricey but I\u2019ve never personally had one go bad. I\u2019ve owned 3 for 6+ years.", "is_submitter": false, "distinguished": null, "created_utc": 1649394764.0, "parent_id": "t3_tyvdyw", "replies": []}, {"author": "craftworkbench", "id": "i3va64p", "score": 1, "subreddit": "BuyItForLife", "author_flair": null, "submission": "tyvdyw", "stickied": false, "body": "Can\u2019t recommend Vornado fans enough. I have one that\u2019s nearly 20 years old and one that I bought just over 5 years ago. They both get tons of use in the summer, sometimes on 18+ hours a day. The low modes are quiet enough for overnight use and the high modes are powerful. They also take up very little floor space.\n\nWhatever fan you get, make sure to take it apart and clean the blades regularly. Lint will build up, which is a fire hazard but also reduces the efficiency of the fan, making the motor work harder. 15 minutes with a brush and a couple of damp paper towels every few months will do wonders.", "is_submitter": false, "distinguished": null, "created_utc": 1649399758.0, "parent_id": "t3_tyvdyw", "replies": []}, {"author": "Muncie4", "id": "i3vv2e5", "score": 1, "subreddit": "BuyItForLife", "author_flair": null, "submission": "tyvdyw", "stickied": false, "body": "https://bigassfans.com/", "is_submitter": false, "distinguished": null, "created_utc": 1649415670.0, "parent_id": "t3_tyvdyw", "replies": []}, {"author": "barley2tormer", "id": "i6ehbay", "score": 1, "subreddit": "BuyItForLife", "author_flair": null, "submission": "tyvdyw", "stickied": false, "body": "Just got mine last summer, so not sure how long it will last but so far the [Bionaire Window Fan with Twin 8.5in blades](Bionaire Window Fan with Twin... https://www.amazon.com/dp/B000065DKJ?ref=ppx_pop_mob_ap_share) has been great. \n\nLet\u2019s you flush out the hot air during the day and drag in the cool at night. Can set it to maintain a desired temperature as well\n\nSorry tried to link it but it won\u2019t allow it, it\u2019s kinda pricey at $70", "is_submitter": false, "distinguished": null, "created_utc": 1651068278.0, "parent_id": "t3_tyvdyw", "replies": []}]}