{"title": "My metal cleaning bucket has lasted forever. Way better than any plastic one would.", "name": "t3_thihpv", "url": "https://i.redd.it/4vkml0mlb8o81.jpg", "selftext": "", "score": 26, "upvote_ratio": 0.75, "permalink": "/r/BuyItForLife/comments/thihpv/my_metal_cleaning_bucket_has_lasted_forever_way/", "id": "thihpv", "author": "evident_lee", "link_flair_text": "Currently sold", "num_comments": 7, "over_18": false, "spoiler": false, "pinned": false, "locked": false, "distinguished": null, "created_utc": 1647647222.0, "comments": [{"author": "techAorB", "id": "i18iacs", "score": 11, "subreddit": "BuyItForLife", "author_flair": null, "submission": "thihpv", "stickied": false, "body": "Some pretty good plastics out there these days", "is_submitter": false, "distinguished": null, "created_utc": 1647657321.0, "parent_id": "t3_thihpv", "replies": [{"author": "g1aiz", "id": "i18tiay", "score": 4, "subreddit": "BuyItForLife", "author_flair": null, "submission": "thihpv", "stickied": false, "body": "Was about to say we have some plastic things that are almost 50 years old and are in really great shape. Problem is that making plastic that lasts is not cheap so nobody really does it.", "is_submitter": false, "distinguished": null, "created_utc": 1647663432.0, "parent_id": "t1_i18iacs", "replies": []}]}, {"author": "Backpackbaden", "id": "i18ovh9", "score": 4, "subreddit": "BuyItForLife", "author_flair": null, "submission": "thihpv", "stickied": false, "body": "Growing up my parents had a stainless steel bucket that was used for almost everything at our house.  No matter what vile substance was in it, a little bleach and she'd be clean as new.\n\nAbout ten years ago my parents, knowing my live of BIFL, got me a stainless steel bucket of my own.  I love that thing and I have no doubt that it will outlive me.", "is_submitter": false, "distinguished": null, "created_utc": 1647660835.0, "parent_id": "t3_thihpv", "replies": []}, {"author": "Middle_Name-Danger", "id": "i1aax1c", "score": 5, "subreddit": "BuyItForLife", "author_flair": null, "submission": "thihpv", "stickied": false, "body": "In fairness, a plastic one would likely have lasted just as long. In fact, metal is more prone to corrosion and staining the surfaces it\u2019s on.", "is_submitter": false, "distinguished": null, "created_utc": 1647701498.0, "parent_id": "t3_thihpv", "replies": []}, {"author": "Sarah7190", "id": "i19wy7v", "score": 1, "subreddit": "BuyItForLife", "author_flair": null, "submission": "thihpv", "stickied": false, "body": "We have been using plastic bucket more than two years instead of old metal bucket. No doubt any metal substance can be longer lasting. But I think using plastic items may save some money and even they are lightweight than metal one.  Surely they are available in the markets of any places.", "is_submitter": false, "distinguished": null, "created_utc": 1647694368.0, "parent_id": "t3_thihpv", "replies": [{"author": "evident_lee", "id": "i1a3ret", "score": 2, "subreddit": "BuyItForLife", "author_flair": null, "submission": "thihpv", "stickied": false, "body": "This one cost a few dollars more than a plastic one, but I've had it like 15 years.", "is_submitter": true, "distinguished": null, "created_utc": 1647698080.0, "parent_id": "t1_i19wy7v", "replies": []}]}]}