{"title": "Insulated lunch bag recommendation", "name": "t3_t5vtiy", "url": "https://www.reddit.com/r/BuyItForLife/comments/t5vtiy/insulated_lunch_bag_recommendation/", "selftext": "What are some good brands for lunch bags that can keep food hot or cold for 8-12 hours? Are the Mier and Igloo brands good brands?  Is any one familiar with either of those brands, has there been any regrets?", "score": 4, "upvote_ratio": 0.61, "permalink": "/r/BuyItForLife/comments/t5vtiy/insulated_lunch_bag_recommendation/", "id": "t5vtiy", "author": "evill24", "link_flair_text": "Discussion", "num_comments": 7, "over_18": false, "spoiler": false, "pinned": false, "locked": false, "distinguished": null, "created_utc": 1646326015.0, "comments": [{"author": "chemill16", "id": "hz7a28l", "score": 3, "subreddit": "BuyItForLife", "author_flair": null, "submission": "t5vtiy", "stickied": false, "body": "I\u2019ve had a titan for two years and it\u2019s never failed me, even with 12 hour shifts", "is_submitter": false, "distinguished": null, "created_utc": 1646326091.0, "parent_id": "t3_t5vtiy", "replies": []}, {"author": "PopeOfManwichVillage", "id": "hz7cnvw", "score": 2, "subreddit": "BuyItForLife", "author_flair": null, "submission": "t5vtiy", "stickied": false, "body": "Have you looked at Yeti Daytrip lunch bags? They\u2019re supposed to be pretty good but I have no personal experience with them", "is_submitter": false, "distinguished": null, "created_utc": 1646327066.0, "parent_id": "t3_t5vtiy", "replies": [{"author": "veepeedeepee", "id": "hzc3hxj", "score": 3, "subreddit": "BuyItForLife", "author_flair": null, "submission": "t5vtiy", "stickied": false, "body": "I've got one, but find the interior to be a little confined, which limits what kinds of containers I can use in it. It's well built, however.", "is_submitter": false, "distinguished": null, "created_utc": 1646412627.0, "parent_id": "t1_hz7cnvw", "replies": [{"author": "evill24", "id": "hzevick", "score": 1, "subreddit": "BuyItForLife", "author_flair": null, "submission": "t5vtiy", "stickied": false, "body": "What kind?", "is_submitter": true, "distinguished": null, "created_utc": 1646454284.0, "parent_id": "t1_hzc3hxj", "replies": [{"author": "veepeedeepee", "id": "hzgq91s", "score": 3, "subreddit": "BuyItForLife", "author_flair": null, "submission": "t5vtiy", "stickied": false, "body": "The Yeti Daytrip Insulated Lunch Bag. I'd also say that it doesn't do a great job at keeping things cold, even with ice packs. Sure, it's well-made, but it's not great at doing the number one job it's designed to do.", "is_submitter": false, "distinguished": null, "created_utc": 1646496522.0, "parent_id": "t1_hzevick", "replies": []}]}]}]}, {"author": "carsonross83", "id": "hzn4h7b", "score": 1, "subreddit": "BuyItForLife", "author_flair": null, "submission": "t5vtiy", "stickied": false, "body": "I work outdoors for extended lengths of time, i like the yeti hopper flip 12 or 18 i got the 12, kinda wish i had gotten the 18 , but it is bulky! I guess i eat a lot.", "is_submitter": false, "distinguished": null, "created_utc": 1646612338.0, "parent_id": "t3_t5vtiy", "replies": []}, {"author": "AutoModerator", "id": "hz79v1j", "score": 0, "subreddit": "BuyItForLife", "author_flair": null, "submission": "t5vtiy", "stickied": false, "body": "Hello /u/evill24! Thank you for your submission! The AutoMod thought that your post might be a request type post and has changed the flair accordingly, but if this was wrong feel free to change it back!\n\n*I am a bot, and this action was performed automatically. Please [contact the moderators of this subreddit](/message/compose/?to=/r/BuyItForLife) if you have any questions or concerns.*", "is_submitter": false, "distinguished": "moderator", "created_utc": 1646326016.0, "parent_id": "t3_t5vtiy", "replies": []}]}