{"title": "I never thought I'll be this excited about buying a handbag.", "name": "t3_dsz1n2", "url": "https://i.imgur.com/DxtF9Hj.jpg", "selftext": "", "score": 2160, "upvote_ratio": 0.95, "permalink": "/r/BuyItForLife/comments/dsz1n2/i_never_thought_ill_be_this_excited_about_buying/", "id": "dsz1n2", "author": "F-21", "link_flair_text": "Bags and Luggage", "num_comments": 61, "over_18": false, "spoiler": false, "pinned": false, "locked": false, "distinguished": null, "created_utc": 1573139467.0, "comments": [{"author": "bgladden1", "id": "f6t0w66", "score": 161, "subreddit": "BuyItForLife", "author_flair": null, "submission": "dsz1n2", "stickied": false, "body": "[A handbag?!](https://youtu.be/oyuoUwxCLMs)", "is_submitter": false, "distinguished": null, "created_utc": 1573142433.0, "parent_id": "t3_dsz1n2", "replies": [{"author": "BNJT10", "id": "f6tb3h7", "score": 56, "subreddit": "BuyItForLife", "author_flair": null, "submission": "dsz1n2", "stickied": false, "body": "Looks like a satchel to me", "is_submitter": false, "distinguished": null, "created_utc": 1573146450.0, "parent_id": "t1_f6t0w66", "replies": [{"author": "pile-pit", "id": "f6tf0iy", "score": 45, "subreddit": "BuyItForLife", "author_flair": null, "submission": "dsz1n2", "stickied": false, "body": "It's not a purse, it's a satchel.", "is_submitter": false, "distinguished": null, "created_utc": 1573147967.0, "parent_id": "t1_f6tb3h7", "replies": [{"author": "DELETED", "id": "f6tlq4b", "score": 29, "subreddit": "BuyItForLife", "author_flair": null, "submission": "dsz1n2", "stickied": false, "body": "[deleted]", "is_submitter": false, "distinguished": null, "created_utc": 1573150793.0, "parent_id": "t1_f6tf0iy", "replies": [{"author": "dvdbump", "id": "f6ttc6i", "score": 27, "subreddit": "BuyItForLife", "author_flair": null, "submission": "dsz1n2", "stickied": false, "body": "It belongs in a museum!", "is_submitter": false, "distinguished": null, "created_utc": 1573153800.0, "parent_id": "t1_f6tlq4b", "replies": [{"author": "BetBothLungs", "id": "f6wauuu", "score": 2, "subreddit": "BuyItForLife", "author_flair": null, "submission": "dsz1n2", "stickied": false, "body": "So do you!", "is_submitter": false, "distinguished": null, "created_utc": 1573221877.0, "parent_id": "t1_f6ttc6i", "replies": []}]}, {"author": "BNJT10", "id": "f6w012e", "score": 2, "subreddit": "BuyItForLife", "author_flair": null, "submission": "dsz1n2", "stickied": false, "body": "That's a manbag", "is_submitter": false, "distinguished": null, "created_utc": 1573210193.0, "parent_id": "t1_f6tlq4b", "replies": []}]}, {"author": "laebshade", "id": "f6tkd8t", "score": 21, "subreddit": "BuyItForLife", "author_flair": null, "submission": "dsz1n2", "stickied": false, "body": "It's a European carryall!", "is_submitter": false, "distinguished": null, "created_utc": 1573150212.0, "parent_id": "t1_f6tf0iy", "replies": [{"author": "secondtoasterintub", "id": "f6totxh", "score": 2, "subreddit": "BuyItForLife", "author_flair": null, "submission": "dsz1n2", "stickied": false, "body": "No a portmanteau!", "is_submitter": false, "distinguished": null, "created_utc": 1573152098.0, "parent_id": "t1_f6tkd8t", "replies": []}, {"author": "8bitbebop", "id": "f6vfbpp", "score": 0, "subreddit": "BuyItForLife", "author_flair": null, "submission": "dsz1n2", "stickied": false, "body": "Murse", "is_submitter": false, "distinguished": null, "created_utc": 1573184596.0, "parent_id": "t1_f6tkd8t", "replies": []}]}, {"author": "rbuckley42", "id": "f6uiyq3", "score": 2, "subreddit": "BuyItForLife", "author_flair": null, "submission": "dsz1n2", "stickied": false, "body": "Hey there are skittles in there!!", "is_submitter": false, "distinguished": null, "created_utc": 1573163564.0, "parent_id": "t1_f6tf0iy", "replies": [{"author": "kief-of-police", "id": "f6xuzlq", "score": 1, "subreddit": "BuyItForLife", "author_flair": null, "submission": "dsz1n2", "stickied": false, "body": "Hold up....these come with skittles? I need a man bag now.", "is_submitter": false, "distinguished": null, "created_utc": 1573259299.0, "parent_id": "t1_f6uiyq3", "replies": [{"author": "rbuckley42", "id": "f6y6bzb", "score": 1, "subreddit": "BuyItForLife", "author_flair": null, "submission": "dsz1n2", "stickied": false, "body": "https://youtu.be/oUZC0UmlN1U", "is_submitter": false, "distinguished": null, "created_utc": 1573269019.0, "parent_id": "t1_f6xuzlq", "replies": []}]}]}, {"author": "ablieblie", "id": "f6thwmq", "score": 1, "subreddit": "BuyItForLife", "author_flair": null, "submission": "dsz1n2", "stickied": false, "body": "Looks like a dog to me", "is_submitter": false, "distinguished": null, "created_utc": 1573149166.0, "parent_id": "t1_f6tf0iy", "replies": [{"author": "Dinosardonic", "id": "f6uh52i", "score": 1, "subreddit": "BuyItForLife", "author_flair": null, "submission": "dsz1n2", "stickied": false, "body": "Doesn\u2019t look like anything to me.", "is_submitter": false, "distinguished": null, "created_utc": 1573162835.0, "parent_id": "t1_f6thwmq", "replies": []}]}, {"author": "teenerthetoad", "id": "f6v965i", "score": 1, "subreddit": "BuyItForLife", "author_flair": null, "submission": "dsz1n2", "stickied": false, "body": "bless", "is_submitter": false, "distinguished": null, "created_utc": 1573179902.0, "parent_id": "t1_f6tf0iy", "replies": []}]}]}, {"author": "SlewBrew", "id": "f6trzkd", "score": 4, "subreddit": "BuyItForLife", "author_flair": null, "submission": "dsz1n2", "stickied": false, "body": "I was hoping to find this here.", "is_submitter": false, "distinguished": null, "created_utc": 1573153287.0, "parent_id": "t1_f6t0w66", "replies": []}, {"author": "PM_ME_UR_PIE_RECIPES", "id": "f6uwdyz", "score": 3, "subreddit": "BuyItForLife", "author_flair": null, "submission": "dsz1n2", "stickied": false, "body": "[A haaaaaaannnnndbaaaaaaaag?](https://www.youtube.com/watch?v=uJjNy-cjXYM)", "is_submitter": false, "distinguished": null, "created_utc": 1573170345.0, "parent_id": "t1_f6t0w66", "replies": [{"author": "DELETED", "id": "f6v3dc5", "score": 3, "subreddit": "BuyItForLife", "author_flair": null, "submission": "dsz1n2", "stickied": false, "body": "This at 0.25 speed is fucking wild.", "is_submitter": false, "distinguished": null, "created_utc": 1573175543.0, "parent_id": "t1_f6uwdyz", "replies": [{"author": "Firecycle", "id": "f6vmko8", "score": 1, "subreddit": "BuyItForLife", "author_flair": null, "submission": "dsz1n2", "stickied": false, "body": "BAAAAAaaaAAAAAA^aaaaaa^aaaaa^ag", "is_submitter": false, "distinguished": null, "created_utc": 1573191144.0, "parent_id": "t1_f6v3dc5", "replies": []}]}]}, {"author": "dzernumbrd", "id": "f6vsys2", "score": 1, "subreddit": "BuyItForLife", "author_flair": null, "submission": "dsz1n2", "stickied": false, "body": "even better 0.25 speed", "is_submitter": false, "distinguished": null, "created_utc": 1573199070.0, "parent_id": "t1_f6t0w66", "replies": [{"author": "cakewalkbackwards", "id": "f7g8sz4", "score": 1, "subreddit": "BuyItForLife", "author_flair": null, "submission": "dsz1n2", "stickied": false, "body": "No one else got the reference? Really?", "is_submitter": false, "distinguished": null, "created_utc": 1573697483.0, "parent_id": "t1_f6vsys2", "replies": []}]}]}, {"author": "vivekvs1", "id": "f6stgwr", "score": 41, "subreddit": "BuyItForLife", "author_flair": null, "submission": "dsz1n2", "stickied": false, "body": "Is that the Ruitertassen? \ud83e\udd29", "is_submitter": false, "distinguished": null, "created_utc": 1573139528.0, "parent_id": "t3_dsz1n2", "replies": [{"author": "F-21", "id": "f6suvar", "score": 26, "subreddit": "BuyItForLife", "author_flair": null, "submission": "dsz1n2", "stickied": false, "body": "Indeed it is. Added a reply with some background now.", "is_submitter": true, "distinguished": null, "created_utc": 1573140090.0, "parent_id": "t1_f6stgwr", "replies": []}]}, {"author": "F-21", "id": "f6sujtk", "score": 81, "subreddit": "BuyItForLife", "author_flair": null, "submission": "dsz1n2", "stickied": false, "body": "Well, I really wanted to replace my 10 year old O'Neill backpack. This sub got me searching for a leather messenger bag. After a few months of checking various sites, I managed to find this sweet Ruitertassen bag on an ebay auction, and got it for around 40$ + postage (followed quite a few auctions on them before, and I know they usually go for at least twice that). I think it was a great deal, the bag is in great condition (better than it seems on the photo, basically just some wear on the belt and some very shallow scratches, I even prefer the slightly used look/patina), especially considering the price of a new one. But even a new one is definitely worth it, you can see the quality is on a completely different level than what you can buy in most common stores. The brand name is tiny and pressed on the rear end, and I guess that shows it's a brand that rather presents itself with quality instead of the name.\n\n\n\nBy the way, any recommendation for leather care? I usually just use Renapur leather cream, but is there anything more I should do to it? I have a leather jacket I bought about two years ago (a very good one...), and it stayed very soft with that cream, but I suspect I first need something else to make the bag as soft as it was when new.", "is_submitter": true, "distinguished": null, "created_utc": 1573139961.0, "parent_id": "t3_dsz1n2", "replies": [{"author": "DELETED", "id": "f6vkx2u", "score": 18, "subreddit": "BuyItForLife", "author_flair": null, "submission": "dsz1n2", "stickied": false, "body": "[deleted]", "is_submitter": false, "distinguished": null, "created_utc": 1573189434.0, "parent_id": "t1_f6sujtk", "replies": [{"author": "F-21", "id": "f6vrnmp", "score": 2, "subreddit": "BuyItForLife", "author_flair": null, "submission": "dsz1n2", "stickied": false, "body": "Thanks for the advice. I think I'll first take it to some leather expert/tailor, to do their magic. I have no idea how old it is, and it's not terribly hard or brittle, but I think that afterward it'll be good for another couple decades if I take at least some care for it with conditioners.", "is_submitter": true, "distinguished": null, "created_utc": 1573197261.0, "parent_id": "t1_f6vkx2u", "replies": [{"author": "TheDrunkenChud", "id": "f6wnwhc", "score": 2, "subreddit": "BuyItForLife", "author_flair": null, "submission": "dsz1n2", "stickied": false, "body": "Lexol makes a great cleaner and conditioner. Also neatsfoot oil is pretty great for a good conditioning too. Just be conservative on the amounts of oils you use. Leather will soak it in, but it can also let it leech out. So really make sure that it's dry before putting your papers and whatnot in there.", "is_submitter": false, "distinguished": null, "created_utc": 1573230892.0, "parent_id": "t1_f6vrnmp", "replies": []}]}]}, {"author": "bigjilm123", "id": "f6uoaae", "score": 8, "subreddit": "BuyItForLife", "author_flair": null, "submission": "dsz1n2", "stickied": false, "body": "I have a nice bag from sfbags and they told me to avoid treating it with anything for as long as I can. Four years and it still looks amazing, with lots of scratches and beautiful creasing.", "is_submitter": false, "distinguished": null, "created_utc": 1573165636.0, "parent_id": "t1_f6sujtk", "replies": []}, {"author": "The-Dude420", "id": "f6t1z27", "score": 28, "subreddit": "BuyItForLife", "author_flair": null, "submission": "dsz1n2", "stickied": false, "body": "Congratulations on your new bag.\nI recommend using saddle soap for leather cleaning.\nI've been using soap by Bense & Eicke for years now to remove old shoecream, leatheroil/-fat and I can't complain.\nWhen it comes to softness I don't have any experience other than with shoes, for which I use Tierowa leatherfat and B&E leatheroil.", "is_submitter": false, "distinguished": null, "created_utc": 1573142869.0, "parent_id": "t1_f6sujtk", "replies": []}, {"author": "Iwantmyoldnameback", "id": "f6vceg4", "score": 4, "subreddit": "BuyItForLife", "author_flair": null, "submission": "dsz1n2", "stickied": false, "body": "Go see r/goodyearwelt for leather care!", "is_submitter": false, "distinguished": null, "created_utc": 1573182304.0, "parent_id": "t1_f6sujtk", "replies": []}, {"author": "el_smurfo", "id": "f6vlusk", "score": 4, "subreddit": "BuyItForLife", "author_flair": null, "submission": "dsz1n2", "stickied": false, "body": "You got that for $40?  I expected $400.  Any hints on doing this myself?", "is_submitter": false, "distinguished": null, "created_utc": 1573190385.0, "parent_id": "t1_f6sujtk", "replies": [{"author": "F-21", "id": "f6vqqva", "score": 6, "subreddit": "BuyItForLife", "author_flair": null, "submission": "dsz1n2", "stickied": false, "body": "New ones are close to that. Used ones usually go for between 100-200$ on ebay. I was looking for a few months, especially auctions without a reserve that start low. With a bit of luck, I guess no one else noticed it, and the price stayed so low until the end...", "is_submitter": true, "distinguished": null, "created_utc": 1573196060.0, "parent_id": "t1_f6vlusk", "replies": []}]}, {"author": "LivingLikeBender", "id": "f6t4wd8", "score": 15, "subreddit": "BuyItForLife", "author_flair": null, "submission": "dsz1n2", "stickied": false, "body": "Depending on what type of abuse you're going to put it through, Obenauf's Leather Oil is amazing for a waterproofing coating but it does darken (lightens up a bit after a couple weeks)", "is_submitter": false, "distinguished": null, "created_utc": 1573144047.0, "parent_id": "t1_f6sujtk", "replies": []}, {"author": "woodchain", "id": "f6unnuq", "score": 5, "subreddit": "BuyItForLife", "author_flair": null, "submission": "dsz1n2", "stickied": false, "body": "chamberlain leather milk, bruv!", "is_submitter": false, "distinguished": null, "created_utc": 1573165388.0, "parent_id": "t1_f6sujtk", "replies": []}]}, {"author": "DELETED", "id": "f6sw5jl", "score": 15, "subreddit": "BuyItForLife", "author_flair": null, "submission": "dsz1n2", "stickied": false, "body": "That bag is gorgeous!\n\nSeems like you snagged yourself a quality bargain there. I'm going to check out eBay myself and see what I can find now...", "is_submitter": false, "distinguished": null, "created_utc": 1573140600.0, "parent_id": "t3_dsz1n2", "replies": [{"author": "F-21", "id": "f6tbf7h", "score": 7, "subreddit": "BuyItForLife", "author_flair": null, "submission": "dsz1n2", "stickied": false, "body": "Hah, thanks. It was the same for me, I saw a similar bag on this sub and immediately started searching for them.\n\n\nBut I think they look much worse on photos, I was pleasantly surprised when it came. On the photos the scratches are much more pronounced, in reality it just has a very nice patina, and now that I've put some cream on it the scratches are hardly visible.", "is_submitter": true, "distinguished": null, "created_utc": 1573146578.0, "parent_id": "t1_f6sw5jl", "replies": [{"author": "DELETED", "id": "f6thcd7", "score": 9, "subreddit": "BuyItForLife", "author_flair": null, "submission": "dsz1n2", "stickied": false, "body": "I think the odd scratch or scuff adds to the beauty of an item like this. \n\nGood work on getting some treatment on. That'll serve you well going forward.", "is_submitter": false, "distinguished": null, "created_utc": 1573148929.0, "parent_id": "t1_f6tbf7h", "replies": []}]}]}, {"author": "fishbelt", "id": "f6tvz0b", "score": 7, "subreddit": "BuyItForLife", "author_flair": null, "submission": "dsz1n2", "stickied": false, "body": "Those are expensive as fuck", "is_submitter": false, "distinguished": null, "created_utc": 1573154795.0, "parent_id": "t3_dsz1n2", "replies": [{"author": "F-21", "id": "f6tx8v5", "score": 8, "subreddit": "BuyItForLife", "author_flair": null, "submission": "dsz1n2", "stickied": false, "body": "I bought a used one. A nice one can be found for amazing prices (I paid 40$ on an ebay auction), but I searched for a few months.", "is_submitter": true, "distinguished": null, "created_utc": 1573155279.0, "parent_id": "t1_f6tvz0b", "replies": []}, {"author": "DELETED", "id": "f6uyzsi", "score": 13, "subreddit": "BuyItForLife", "author_flair": null, "submission": "dsz1n2", "stickied": false, "body": "[deleted]", "is_submitter": false, "distinguished": null, "created_utc": 1573172226.0, "parent_id": "t1_f6tvz0b", "replies": [{"author": "fishbelt", "id": "f6v2l1r", "score": 5, "subreddit": "BuyItForLife", "author_flair": null, "submission": "dsz1n2", "stickied": false, "body": "I'm going off my Renaissance festival prices. $250 for leather backpack. $150 for 15\" bag", "is_submitter": false, "distinguished": null, "created_utc": 1573174945.0, "parent_id": "t1_f6uyzsi", "replies": []}]}]}, {"author": "ApneaAddict", "id": "f6tjaw0", "score": 6, "subreddit": "BuyItForLife", "author_flair": null, "submission": "dsz1n2", "stickied": false, "body": "Now pick up some neatsfoot oil to keep it nice.", "is_submitter": false, "distinguished": null, "created_utc": 1573149752.0, "parent_id": "t3_dsz1n2", "replies": []}, {"author": "Netcooler", "id": "f6tlodv", "score": 5, "subreddit": "BuyItForLife", "author_flair": null, "submission": "dsz1n2", "stickied": false, "body": "The Leviathan!", "is_submitter": false, "distinguished": null, "created_utc": 1573150772.0, "parent_id": "t3_dsz1n2", "replies": []}, {"author": "DELETED", "id": "f6t2ngv", "score": 9, "subreddit": "BuyItForLife", "author_flair": null, "submission": "dsz1n2", "stickied": false, "body": "One of my professors has one similar to this and the patina is gorgeous. I may get one like this as well when I graduate with my degree. Price?", "is_submitter": false, "distinguished": null, "created_utc": 1573143142.0, "parent_id": "t3_dsz1n2", "replies": [{"author": "F-21", "id": "f6tb0bq", "score": 19, "subreddit": "BuyItForLife", "author_flair": null, "submission": "dsz1n2", "stickied": false, "body": "New ones are expensive. I think this is the 'Student satchel II'. A new one is 300$. Depends on how wide you want it, the single gusset is a bit more than 250$, and the three gusset model is a bit more than 350$.\n\n\nHowever, mine is used, and cost 40$+ postage on an ebay auction. I am very lucky I got it for such a price and in such good condition, used ones are generally around 100-200$...", "is_submitter": true, "distinguished": null, "created_utc": 1573146415.0, "parent_id": "t1_f6t2ngv", "replies": [{"author": "DELETED", "id": "f6te9vr", "score": 3, "subreddit": "BuyItForLife", "author_flair": null, "submission": "dsz1n2", "stickied": false, "body": "Thanks for the info! I scout eBay often so I\u2019ll keep an eye out. Thanks for the recommendation. Enjoy the bag!", "is_submitter": false, "distinguished": null, "created_utc": 1573147687.0, "parent_id": "t1_f6tb0bq", "replies": []}]}]}, {"author": "LABeav", "id": "f6upcwk", "score": 9, "subreddit": "BuyItForLife", "author_flair": null, "submission": "dsz1n2", "stickied": false, "body": "My parents bought me this sweet ass black leather messenger bag from like levenger when I graduated. It was expensive, like 700 bucks. I used it for a few years but unfortunately i just dont need to carry a laptop or bag to work most days so it just sits collecting dust. I really want to get use out of it but can't justify switching careers at this point.", "is_submitter": false, "distinguished": null, "created_utc": 1573166076.0, "parent_id": "t3_dsz1n2", "replies": [{"author": "Joy2b", "id": "f6w4edd", "score": 1, "subreddit": "BuyItForLife", "author_flair": null, "submission": "dsz1n2", "stickied": false, "body": "I carry a bag most days, just because it makes life easier.  Pens, notepad, snack/lunch, pocket tool, a couple of things from the store...", "is_submitter": false, "distinguished": null, "created_utc": 1573215969.0, "parent_id": "t1_f6upcwk", "replies": []}]}, {"author": "badwolfincorporated", "id": "f6tndap", "score": 3, "subreddit": "BuyItForLife", "author_flair": null, "submission": "dsz1n2", "stickied": false, "body": "I have the professor satchel and love it!!!", "is_submitter": false, "distinguished": null, "created_utc": 1573151532.0, "parent_id": "t3_dsz1n2", "replies": []}, {"author": "Mabepossibly", "id": "f6v6ony", "score": 5, "subreddit": "BuyItForLife", "author_flair": null, "submission": "dsz1n2", "stickied": false, "body": "I can smell the leather through the picture.", "is_submitter": false, "distinguished": null, "created_utc": 1573178044.0, "parent_id": "t3_dsz1n2", "replies": []}, {"author": "manhattan_gandhi", "id": "f6vs863", "score": 4, "subreddit": "BuyItForLife", "author_flair": null, "submission": "dsz1n2", "stickied": false, "body": "Thanks for the post! I live in Holland and spend disgraceful amounts to get Saddleback gear over here. Just found one of these on a local site for forty bucks and ordered right away. Cheers :)", "is_submitter": false, "distinguished": null, "created_utc": 1573198039.0, "parent_id": "t3_dsz1n2", "replies": []}, {"author": "lonelystonerbynight", "id": "f6v2say", "score": 3, "subreddit": "BuyItForLife", "author_flair": null, "submission": "dsz1n2", "stickied": false, "body": "See I want a backpack made out of that material. Like a good hiking one", "is_submitter": false, "distinguished": null, "created_utc": 1573175099.0, "parent_id": "t3_dsz1n2", "replies": []}, {"author": "KidEh", "id": "f6vepqd", "score": 3, "subreddit": "BuyItForLife", "author_flair": null, "submission": "dsz1n2", "stickied": false, "body": "Nice bag. How do these compare to Saddleback?", "is_submitter": false, "distinguished": null, "created_utc": 1573184111.0, "parent_id": "t3_dsz1n2", "replies": [{"author": "F-21", "id": "f6vrgtz", "score": 3, "subreddit": "BuyItForLife", "author_flair": null, "submission": "dsz1n2", "stickied": false, "body": "I don't know much about Saddleback, but it seems like [this one is an equivelant](https://saddlebackleather.com/leather-briefcase-slim). Saddleback seems to be quite a bit more expensive. From the photos, the leather seems a bit thicker than mine. But I do prefer the brass buckles on mine. Also, seems saddleback uses a single rivet for the strap on each side, while Ruitertassen uses two, and attaches from the inside, which makes it sleeker and probably a bit stronger in that area. But I doubt that's a problem anyway, I bet it just comes down to visual preference, if you buy any >250$ thick leather bag it's almost definitely a BIFL item. Unless it's some overpriced garbage with a famous brand, but that's most common for woman purses/handbags, not so much with satchels...", "is_submitter": true, "distinguished": null, "created_utc": 1573197011.0, "parent_id": "t1_f6vepqd", "replies": [{"author": "KidEh", "id": "f6vu1jw", "score": 3, "subreddit": "BuyItForLife", "author_flair": null, "submission": "dsz1n2", "stickied": false, "body": "Thanks. Saddleback to me was always just a bit too pricy and it seemed maybe like it was a bit too overbuilt. I will do a bit more research but the Ruitertassens look nice.", "is_submitter": false, "distinguished": null, "created_utc": 1573200635.0, "parent_id": "t1_f6vrgtz", "replies": []}]}]}, {"author": "SurlyNacho", "id": "f6uz158", "score": 2, "subreddit": "BuyItForLife", "author_flair": null, "submission": "dsz1n2", "stickied": false, "body": "I have a bag from LM Leather Goods that looks fairly similar. One of the best buys I\u2019ve made for myself.", "is_submitter": false, "distinguished": null, "created_utc": 1573172255.0, "parent_id": "t3_dsz1n2", "replies": []}, {"author": "encladd", "id": "f6uvfh3", "score": 2, "subreddit": "BuyItForLife", "author_flair": null, "submission": "dsz1n2", "stickied": false, "body": "I\u2019ve got a nice bag like this but unfortunately a back injury is preventing me from using it... if ever! Gotta be careful not making them too heavy.", "is_submitter": false, "distinguished": null, "created_utc": 1573169668.0, "parent_id": "t3_dsz1n2", "replies": []}, {"author": "Unc1eD3ath", "id": "f6v9hyu", "score": 1, "subreddit": "BuyItForLife", "author_flair": null, "submission": "dsz1n2", "stickied": false, "body": "Well it\u2019s a nice bag. Hey look if anyone has an apple device the emoji looks like his bag \ud83d\udcbc. Sorry Emoji police", "is_submitter": false, "distinguished": null, "created_utc": 1573180141.0, "parent_id": "t3_dsz1n2", "replies": []}, {"author": "airjam21", "id": "f6vjqw9", "score": 1, "subreddit": "BuyItForLife", "author_flair": null, "submission": "dsz1n2", "stickied": false, "body": "That's a good looking bag", "is_submitter": false, "distinguished": null, "created_utc": 1573188309.0, "parent_id": "t3_dsz1n2", "replies": []}, {"author": "iamthejef", "id": "f6vxkh0", "score": 1, "subreddit": "BuyItForLife", "author_flair": null, "submission": "dsz1n2", "stickied": false, "body": "Murse*", "is_submitter": false, "distinguished": null, "created_utc": 1573206205.0, "parent_id": "t3_dsz1n2", "replies": []}, {"author": "ilovemallory", "id": "f6w19s1", "score": 1, "subreddit": "BuyItForLife", "author_flair": null, "submission": "dsz1n2", "stickied": false, "body": "if that's a handbag, my name is Peewee Herman", "is_submitter": false, "distinguished": null, "created_utc": 1573212059.0, "parent_id": "t3_dsz1n2", "replies": []}, {"author": "Pls_Recommend", "id": "f6xencc", "score": 1, "subreddit": "BuyItForLife", "author_flair": null, "submission": "dsz1n2", "stickied": false, "body": "Henceforth to be called, \"Ole Bessy\"", "is_submitter": false, "distinguished": null, "created_utc": 1573248042.0, "parent_id": "t3_dsz1n2", "replies": []}, {"author": "beyondleftofcenter", "id": "f6uvg2l", "score": 1, "subreddit": "BuyItForLife", "author_flair": null, "submission": "dsz1n2", "stickied": false, "body": "So hot!", "is_submitter": false, "distinguished": null, "created_utc": 1573169680.0, "parent_id": "t3_dsz1n2", "replies": []}]}