{"title": "are these boots good as a non slip shoes for food service work in the kitchen?", "name": "t3_ubqltp", "url": "https://www.reddit.com/gallery/ubqltp", "selftext": "", "score": 0, "upvote_ratio": 0.29, "permalink": "/r/BuyItForLife/comments/ubqltp/are_these_boots_good_as_a_non_slip_shoes_for_food/", "id": "ubqltp", "author": "famousterry", "link_flair_text": "[Request]", "num_comments": 21, "over_18": false, "spoiler": false, "pinned": false, "locked": false, "distinguished": null, "created_utc": 1650907936.0, "comments": [{"author": "Frank82341", "id": "i65ny0h", "score": 15, "subreddit": "BuyItForLife", "author_flair": null, "submission": "ubqltp", "stickied": false, "body": "**YOU NEED NON-SLIP SHOES!**  There is so much dangerous stuff in the BOH/Kitchen, it is absolutely not worth the risk.", "is_submitter": false, "distinguished": null, "created_utc": 1650908512.0, "parent_id": "t3_ubqltp", "replies": [{"author": "DrKennethNoisewater-", "id": "i66wooq", "score": 3, "subreddit": "BuyItForLife", "author_flair": null, "submission": "ubqltp", "stickied": false, "body": "In his defense, I\u2019ve worn non-slip boots that are slick as shit.", "is_submitter": false, "distinguished": null, "created_utc": 1650926347.0, "parent_id": "t1_i65ny0h", "replies": [{"author": "famousterry", "id": "i677oip", "score": 2, "subreddit": "BuyItForLife", "author_flair": null, "submission": "ubqltp", "stickied": false, "body": "When I worked at Chinese restaurant, the head chef would wear boots so that\u2019s why I wanted to get a non slip boots", "is_submitter": true, "distinguished": null, "created_utc": 1650931199.0, "parent_id": "t1_i66wooq", "replies": [{"author": "DrKennethNoisewater-", "id": "i6784g1", "score": 4, "subreddit": "BuyItForLife", "author_flair": null, "submission": "ubqltp", "stickied": false, "body": "I\u2019m not saying anti-slip boots are bad. It just because they say it, doesn\u2019t mean they are. Outside of that, yes, boots may be better. I worked in a kitchen for a summer and wore a mix of boots and shoes. Shoes; cooler but can get gross real quick. Boots; protect from the nasty shit spilling down but get super hot.", "is_submitter": false, "distinguished": null, "created_utc": 1650931401.0, "parent_id": "t1_i677oip", "replies": []}]}]}]}, {"author": "hessmo", "id": "i65puv9", "score": 11, "subreddit": "BuyItForLife", "author_flair": null, "submission": "ubqltp", "stickied": false, "body": "No, shoes will explicitly state they are non slip. I've worked in kitchens before and can tell you first hand: get the right shoes.", "is_submitter": false, "distinguished": null, "created_utc": 1650909239.0, "parent_id": "t3_ubqltp", "replies": []}, {"author": "einbruch-throwaway", "id": "i65npou", "score": 8, "subreddit": "BuyItForLife", "author_flair": null, "submission": "ubqltp", "stickied": false, "body": "Of course not \u2026 dude !", "is_submitter": false, "distinguished": null, "created_utc": 1650908423.0, "parent_id": "t3_ubqltp", "replies": []}, {"author": "Eyeoftheliger27", "id": "i65vla0", "score": 3, "subreddit": "BuyItForLife", "author_flair": null, "submission": "ubqltp", "stickied": false, "body": "Nah man no slips will have more specialized soles. Well worth investing in if you\u2019re going to be put hours in. Can get decent pairs for 30-40 and up to 100-150. \n\nDon\u2019t mess around with it", "is_submitter": false, "distinguished": null, "created_utc": 1650911459.0, "parent_id": "t3_ubqltp", "replies": []}, {"author": "MorePlatesMoreNates", "id": "i669zm7", "score": 3, "subreddit": "BuyItForLife", "author_flair": null, "submission": "ubqltp", "stickied": false, "body": "Absolutely not, but if you decide to ignore everyone please update us with results lol", "is_submitter": false, "distinguished": null, "created_utc": 1650917092.0, "parent_id": "t3_ubqltp", "replies": [{"author": "famousterry", "id": "i66adgg", "score": 2, "subreddit": "BuyItForLife", "author_flair": null, "submission": "ubqltp", "stickied": false, "body": "After seeing comments I\u2019ve been trying to find appropriate shoes. When I worked at the Chinese restaurant I\u2019ve only wore Air Force 1 and slipped a handful of times and thankfully the chef would catch me every time. I would love suggestions", "is_submitter": true, "distinguished": null, "created_utc": 1650917242.0, "parent_id": "t1_i669zm7", "replies": [{"author": "Walkop", "id": "i66irxb", "score": 5, "subreddit": "BuyItForLife", "author_flair": null, "submission": "ubqltp", "stickied": false, "body": "Shoes for Crews! I used to love their work boots but they don't hold up in salt and ice in the winter (I do snow removal); but otherwise their non-slip is the BEST and I've heard nothing but praise *specifically* from restaurant and kitchen workers.", "is_submitter": false, "distinguished": null, "created_utc": 1650920564.0, "parent_id": "t1_i66adgg", "replies": [{"author": "famousterry", "id": "i66zclo", "score": 2, "subreddit": "BuyItForLife", "author_flair": null, "submission": "ubqltp", "stickied": false, "body": "I will check it out! Thank you", "is_submitter": true, "distinguished": null, "created_utc": 1650927512.0, "parent_id": "t1_i66irxb", "replies": [{"author": "IndianaFartJockey", "id": "i678yy3", "score": 2, "subreddit": "BuyItForLife", "author_flair": null, "submission": "ubqltp", "stickied": false, "body": "I know you said you already are going to look, but Shoes for Crews are wonderful as far as the no slip. They have a really different texture to the soles. You do need to clean the bottoms out regularly, and they come with a little comb sort of thing. Don't lose it. So much easier with it.", "is_submitter": false, "distinguished": null, "created_utc": 1650931774.0, "parent_id": "t1_i66zclo", "replies": [{"author": "famousterry", "id": "i67bsyd", "score": 2, "subreddit": "BuyItForLife", "author_flair": null, "submission": "ubqltp", "stickied": false, "body": "Thank you! I am thinking about purchasing tomorrow. I really like their boots", "is_submitter": true, "distinguished": null, "created_utc": 1650933018.0, "parent_id": "t1_i678yy3", "replies": []}]}]}]}, {"author": "Frank82341", "id": "i66w763", "score": 3, "subreddit": "BuyItForLife", "author_flair": null, "submission": "ubqltp", "stickied": false, "body": "When I waited tables Dansko professional clogs were my go to. They are expensive but lasted many years, and are waterproof.\n\nI second u/Walkop's Shoes for Crews suggestion.", "is_submitter": false, "distinguished": null, "created_utc": 1650926132.0, "parent_id": "t1_i66adgg", "replies": []}]}]}, {"author": "Practical-Ad7427", "id": "i68fjzh", "score": 3, "subreddit": "BuyItForLife", "author_flair": null, "submission": "ubqltp", "stickied": false, "body": "Not sure other peoples experiences in this forum with kitchen shoes but Danskos last me the longest by a large margin. Kitchen shoes not only deal with 40-80 hours a week of action but they also get grease, cleaning chemicals etc on them pretty much constantly.", "is_submitter": false, "distinguished": null, "created_utc": 1650953208.0, "parent_id": "t3_ubqltp", "replies": []}, {"author": "Muncie4", "id": "i6630j6", "score": 4, "subreddit": "BuyItForLife", "author_flair": null, "submission": "ubqltp", "stickied": false, "body": "This is BIFL where we speak to lifespan.  We have no idea of what is \"non-slip\" and that term is really lip service as that depends on the floor surface and potential wet hazards than tread.  And we can't tell if these are a quality construction method with these pictures but likely not.  Don't be coy....post a real link to these.\n\nJust found them online.  These are neither BIFL nor non-slip.", "is_submitter": false, "distinguished": null, "created_utc": 1650914380.0, "parent_id": "t3_ubqltp", "replies": []}, {"author": "DELETED", "id": "i66aiz9", "score": 1, "subreddit": "BuyItForLife", "author_flair": null, "submission": "ubqltp", "stickied": false, "body": "[removed]", "is_submitter": false, "distinguished": null, "created_utc": 1650917303.0, "parent_id": "t3_ubqltp", "replies": [{"author": "famousterry", "id": "i66amq8", "score": 1, "subreddit": "BuyItForLife", "author_flair": null, "submission": "ubqltp", "stickied": false, "body": "Sorry for not providing link :( I appreciate everyone\u2019s comments, I\u2019ve been trying to find appropriate work shoes. I\u2019ve only wore Air Force 1 and would slip more than I want to admit", "is_submitter": true, "distinguished": null, "created_utc": 1650917345.0, "parent_id": "t1_i66aiz9", "replies": []}]}, {"author": "itisnotstupid", "id": "i68retn", "score": 1, "subreddit": "BuyItForLife", "author_flair": null, "submission": "ubqltp", "stickied": false, "body": "Generally i'd avoid shoes/boots from companies that mostly make clothes.", "is_submitter": false, "distinguished": null, "created_utc": 1650963060.0, "parent_id": "t3_ubqltp", "replies": []}, {"author": "MidDayGamer", "id": "i6cbpcu", "score": 1, "subreddit": "BuyItForLife", "author_flair": null, "submission": "ubqltp", "stickied": false, "body": "I've heard good things about Redback, but never got a pair. I had a pair of Red wings with a composite toe, those saved my toes after a heavy 4x4 fell.", "is_submitter": false, "distinguished": null, "created_utc": 1651021484.0, "parent_id": "t3_ubqltp", "replies": []}, {"author": "TimothyOilypants", "id": "i6nusxm", "score": 1, "subreddit": "BuyItForLife", "author_flair": null, "submission": "ubqltp", "stickied": false, "body": "Danner Onyx", "is_submitter": false, "distinguished": null, "created_utc": 1651238156.0, "parent_id": "t3_ubqltp", "replies": []}]}