{"title": "Vacuum: Carpet & Other Surfaces", "name": "t3_tv9azs", "url": "https://www.reddit.com/r/BuyItForLife/comments/tv9azs/vacuum_carpet_other_surfaces/", "selftext": "Hello All!\n\nI've searched a few posts regarding best BIFL vacuum, but always think it's good to see more recent posts in case there's been updates. I'm also hoping for more personalized answers on what I'm looking for.\n\nIdeally the vacuum would \"do it all\": Carpet, any type of hard flooring. Extra bonus if there is a wet vac within it/attachment, alongside a carpet steamer. Is this even a thing? Hybrid typically standing vacuum that does all those things? Or is this something I would need to purchase 3 different devices for each purpose (typical standing vac, wet vac, carpet steamer).\n\nAnyway, I'm a bit new to the being on your own thing, and want to start my new independence purchasing home stuff that will last me many many years and preferably hybrid functionalities as to not have so many gadgets and therefore storage needs.\n\nSo far I've seen Miele suggested many times, but there are so many options I was hoping someone would give ideas on the more personalized question(s) I have.\n\nThanks for any BIFL suggestions.", "score": 6, "upvote_ratio": 0.8, "permalink": "/r/BuyItForLife/comments/tv9azs/vacuum_carpet_other_surfaces/", "id": "tv9azs", "author": "FirmPeaches", "link_flair_text": "Discussion", "num_comments": 13, "over_18": false, "spoiler": false, "pinned": false, "locked": false, "distinguished": null, "created_utc": 1648992604.0, "comments": [{"author": "retroPencil", "id": "i384x21", "score": 8, "subreddit": "BuyItForLife", "author_flair": null, "submission": "tv9azs", "stickied": false, "body": "Most tools are either do one thing really well or do everything poorly. \n\nMy Miele C3 works so well for my hardwood and medium pile carpet. \n\nYou might be best with a really good vacuum that you use every week and renting something else when you need to steam.", "is_submitter": false, "distinguished": null, "created_utc": 1648995608.0, "parent_id": "t3_tv9azs", "replies": []}, {"author": "1BlissedGuy", "id": "i38arxl", "score": 6, "subreddit": "BuyItForLife", "author_flair": null, "submission": "tv9azs", "stickied": false, "body": "Check out Sebo. German made like Miele. 10 yr warranty. Repair shop said they rarely see them come in for repairs. Had a Miele that lasted 20 years.", "is_submitter": false, "distinguished": null, "created_utc": 1648998275.0, "parent_id": "t3_tv9azs", "replies": [{"author": "itsthedopigoguy", "id": "i38n73x", "score": 4, "subreddit": "BuyItForLife", "author_flair": null, "submission": "tv9azs", "stickied": false, "body": "Professional carpet cleaner here. Our fleet uses Sebo, all twin motor versions. They are the best", "is_submitter": false, "distinguished": null, "created_utc": 1649003565.0, "parent_id": "t1_i38arxl", "replies": []}]}, {"author": "bassjam1", "id": "i386s5f", "score": 3, "subreddit": "BuyItForLife", "author_flair": null, "submission": "tv9azs", "stickied": false, "body": "I'm a vote against Miele, for carpet at least.  I purchased a C1x Electro 4 years ago thinking it was a buy for life vacuum.  Unfortunately the powered vacuum head for carpet just isn't that great.  It clogs extremely easily and isn't designed to be easily taken apart to remove the clogs.  Even being careful, eventually the delicate wires inside will get pinched when you put it back together and render it useless.  My attempts to solder the wires back together only work for a few minutes.  I went through 2 of the powered heads in less than 2 years before giving up.  Now the Miele only gets used on hardwood/tile surfaces, at which it excels, and I've just settled on buying a cheap $90 vacuum every year for the carpet.  Miele isn't designed for wet vac either.\n\nBefore the Miele I had a Dyson, it lasted about 4 years but needed 2 new belts and motor in that time.  Had to buy motors because you couldn't replace the belt without a new motor the way they designed it, pretty stupid for what I consider a wear part.", "is_submitter": false, "distinguished": null, "created_utc": 1648996475.0, "parent_id": "t3_tv9azs", "replies": []}, {"author": "curiosa863", "id": "i3872xz", "score": 3, "subreddit": "BuyItForLife", "author_flair": null, "submission": "tv9azs", "stickied": false, "body": "Riccar. \nWorks like a champ. Standard parts for replacement across decades, easy to repair. \n\nWet vac is it\u2019s own thing. \n\nSteam cleaning-hire professionals.", "is_submitter": false, "distinguished": null, "created_utc": 1648996612.0, "parent_id": "t3_tv9azs", "replies": []}, {"author": "FractionalTotality", "id": "i38q0f6", "score": 3, "subreddit": "BuyItForLife", "author_flair": null, "submission": "tv9azs", "stickied": false, "body": "Funnily enough, I bought a vacuum this morning. Amazon is shipping soon.\n\nI went with recommendations I found on a YouTube channel called Vacuum Wars. \n\nhttps://www.youtube.com/hashtag/vacuumwars\n\nThey have their \"picks\" in the \"MORE INFO\" section of many (most?) videos. I then looked at Amazon reviews until I found a corded vacuum, non-shampooer, that fit my needs.", "is_submitter": false, "distinguished": null, "created_utc": 1649004725.0, "parent_id": "t3_tv9azs", "replies": []}, {"author": "forgotmypasswordsad", "id": "i38qk45", "score": 3, "subreddit": "BuyItForLife", "author_flair": null, "submission": "tv9azs", "stickied": false, "body": "Kirby vaccums are rock solid. They have a carpet shampoo kit which may be what you're looking for also, the water comes out gray so it must work alright. Some people say they're loud and heavy, but when you want something with a sturdy build and high performance that's to be expected, not really a big deal for most people imo.", "is_submitter": false, "distinguished": null, "created_utc": 1649004951.0, "parent_id": "t3_tv9azs", "replies": [{"author": "GazelleOpposite1436", "id": "i39d3tn", "score": 3, "subreddit": "BuyItForLife", "author_flair": null, "submission": "tv9azs", "stickied": false, "body": "We have had a Kirby G4 about 25 years. It is heavy, but it just keeps working.  We have the shampoo attachment, but never took it seriously enough to try it.  Can still easily find bags and parts for it.\n\nI remember we bought it from a door-to-door salesman. It was very expensive, but he was very persuasive. Within a day or two, though, we called to say we changed our minds and to cancel the purchase. He came back with his supervisor and after some negotiation, we agreed to purchase it for about 30% of the original price.", "is_submitter": false, "distinguished": null, "created_utc": 1649014207.0, "parent_id": "t1_i38qk45", "replies": []}]}, {"author": "Muncie4", "id": "i3azol9", "score": 2, "subreddit": "BuyItForLife", "author_flair": null, "submission": "tv9azs", "stickied": false, "body": "A vacuum with a web vac option would about as smart as invading Russia in winter.  Top bad idea and not a thing.  If you want a wet vac, you buy the cheapest shopvac you can and ONLY use it for wet pickup, never for dry.\n\nAnd what the hell is a carpet steamer?  You mean carpet cleaner?  https://www.youtube.com/watch?v=2unkNaDWGBY\n\nThere is no do it all vacuum.  Any do it all vacuum will have compromises.  I think one of the best compromise vacuums is the Miele U1 as its does carpet like wow and you can turn the beater brush off for hard floors and it has bitchin tools and variable power.", "is_submitter": false, "distinguished": null, "created_utc": 1649040376.0, "parent_id": "t3_tv9azs", "replies": []}, {"author": "LeeisureTime", "id": "i386jeq", "score": 1, "subreddit": "BuyItForLife", "author_flair": null, "submission": "tv9azs", "stickied": false, "body": "Another vote for separation of tasks. I believe Bissell has some sort of steam, mop, vacuum machine but I can\u2019t imagine it has good capacity or if it does, it must be a behemoth. \n\nSteaming isn\u2019t necessary that often. Maybe once a year or two. It\u2019s to remove really bad buildup/stains. \n\nI would get a vacuum that can do carpets (thick or thin carpet? It should be able to do what you have - typically that\u2019s measured by \u201cpile,\u201d which really just means how thick the carpet is) and hardwood. \n\nI bought a Dyson full vacuum, it was an absolute beast for carpet and hardwood. But, it was heavy for my wife and so she hated it. We upgraded to their stick vacuum and a hardwood-floor-only house. She handles mopping using the swiffer wetmop and I get to vacuum with the Dyson. We don\u2019t have pets or kids so it\u2019s pretty lightweight work. \n\nGood luck!", "is_submitter": false, "distinguished": null, "created_utc": 1648996366.0, "parent_id": "t3_tv9azs", "replies": []}, {"author": "Realtorbyday", "id": "i39fbqg", "score": 1, "subreddit": "BuyItForLife", "author_flair": null, "submission": "tv9azs", "stickied": false, "body": "Dyson stick vac.  We've had the V8 for several years.  It's amazing.  My MIL vacuums her log cabin walls with it.  You can do your car trunk in under 2 minutes, fine furniture, hardwood, carpet, mirrors, vents, tile, walls, draperies, windows, ceilings, wood trim, paintings wall hangings, concrete floors, outdoor porches... you name it.  We use it everywhere.  We have a full set of all the extra attachments, including the fluffy, soft roller so it does everything you can think of.  We even vacuum the big screen TV with it.  We loved it so much we got another one and gave one to each member of the family.  They're all equally in love.  We've been through every high end vac out there and found them all lacking in some way.  Most are too darn heavy. This thing is light as a feather.  The one and only drawback is that the charge doesn't last long when you run it on high.  That's why we bought a 2nd one.", "is_submitter": false, "distinguished": null, "created_utc": 1649015115.0, "parent_id": "t3_tv9azs", "replies": []}, {"author": "secondtoasterintub", "id": "i3au62g", "score": 1, "subreddit": "BuyItForLife", "author_flair": null, "submission": "tv9azs", "stickied": false, "body": "If you want an American made wet dry vacuum from a company that will sell you replacement parts and manuals I'd recommend the [Minuteman 290.](https://www.minutemanvac.com/tank-vacuums-6-gallon.html) I did a lot of looking around when I was starting to do more car detailing as I needed a larger vacuum with stronger parts than the miniature shop vac I have.\n\n[Kaercher](https://www.kaercher.com/us/professional/commercial-vacuums/wet-dry-vacuums.html) and [Bosch](https://www.boschtools.com/us/en/boschtools-ocs/dust-extractors-23542-c/), make vacs with more polish and advanced technology but the 290 looks like something you'd find in the school janitors closet with about twenty years of wear and tear on it. If you want something thats purely a vacuum [MetroVac](https://metrovac.com/collections/home) is what you need. They build their canister vacuums out of steel as the power they put out is enough to melt normal plastic casing. Steel canister, huge motor, big bearings, cloth sack and a switch.. Not terribly complicated and incredibly durable. Hearing protection recommended.\n\nIf you want a shortcut to a quality vacuum look for a commercial use wet dry dust extractor sold with a commercial fleet maintenance plan. High durability, serviceable parts and the ability to suck up wet stone slurry, steel shavings, drywall dust and actual sewage. They just can't be beat. They use electronic sensors to detect liquid and pulse clean their teflon filters automatically so you don't have to change between foam and paper like you do with a crude shopvac. Most come on wheels and the more modern types have features like adjustable suction so they fit in well with a home environment.", "is_submitter": false, "distinguished": null, "created_utc": 1649037740.0, "parent_id": "t3_tv9azs", "replies": []}, {"author": "idmnotm09", "id": "i3cvj3m", "score": 1, "subreddit": "BuyItForLife", "author_flair": null, "submission": "tv9azs", "stickied": false, "body": "I've been giving a dyson v7 animal serious hell for a quite a few years with zero issues. Easy to break down and clean it out back to like new condition once a month or so. I should probably mention though that most people think I'm either a lunatic or a magician with the way I take care of my shit and make anything last forever so I'm not a typical case lmao.", "is_submitter": false, "distinguished": null, "created_utc": 1649083211.0, "parent_id": "t3_tv9azs", "replies": []}]}