{"title": "Looking for a Durable Summer Sun Hat, Preferably Made from Straw", "name": "t3_t7hory", "url": "https://www.reddit.com/r/BuyItForLife/comments/t7hory/looking_for_a_durable_summer_sun_hat_preferably/", "selftext": "Something to work on the farm in. I\u2019ve had big straw hats in the past like ONiel brand and they fall apart by the end of the season. \n\nI was thinking about a Filson Tin hat, but maybe too hot in summer? Or a \u201ccowboy\u201d type hat?\n\nThanks!", "score": 10, "upvote_ratio": 0.86, "permalink": "/r/BuyItForLife/comments/t7hory/looking_for_a_durable_summer_sun_hat_preferably/", "id": "t7hory", "author": "fruitpiesandcoffee", "link_flair_text": "[Request]", "num_comments": 11, "over_18": false, "spoiler": false, "pinned": false, "locked": false, "distinguished": null, "created_utc": 1646510910.0, "comments": [{"author": "Voodoodriver", "id": "hzhpebc", "score": 3, "subreddit": "BuyItForLife", "author_flair": null, "submission": "t7hory", "stickied": false, "body": "Tilley makes a nice hat. I had one last 15 years. The new one is 7 years old and doing good. \nAlso Shelta. Henschel doesn\u2019t offer as many big sizes so I don\u2019t have as much experience.", "is_submitter": false, "distinguished": null, "created_utc": 1646511625.0, "parent_id": "t3_t7hory", "replies": [{"author": "Charlielheureux", "id": "hzib2xw", "score": 1, "subreddit": "BuyItForLife", "author_flair": null, "submission": "t7hory", "stickied": false, "body": "I believe thay also have an amazing warranty and customer service.", "is_submitter": false, "distinguished": null, "created_utc": 1646521420.0, "parent_id": "t1_hzhpebc", "replies": []}]}, {"author": "Anon_squanch", "id": "hzhnx2k", "score": 2, "subreddit": "BuyItForLife", "author_flair": null, "submission": "t7hory", "stickied": false, "body": "Would also like to know", "is_submitter": false, "distinguished": null, "created_utc": 1646510961.0, "parent_id": "t3_t7hory", "replies": []}, {"author": "copperstatelawyer", "id": "hzhs50e", "score": 1, "subreddit": "BuyItForLife", "author_flair": null, "submission": "t7hory", "stickied": false, "body": "Filson Tin Packer is rather hot compared to my Resistol straw hat. It also doesn't have a very large brim. The Filson bush hat has a larger brim but is not particularly stylish and also hot.", "is_submitter": false, "distinguished": null, "created_utc": 1646512845.0, "parent_id": "t3_t7hory", "replies": []}, {"author": "itsmeatballsworld", "id": "hzhy8k8", "score": 1, "subreddit": "BuyItForLife", "author_flair": null, "submission": "t7hory", "stickied": false, "body": "I've had my Tula hat for a couple of years and it looks brand new despite heavy use gardening. My mother in-law has had her husband's tula hat since he passed more than a decade ago. They sell replacement leather chin straps which is as good an indicator as any that the actual palm part of the hat holds up.", "is_submitter": false, "distinguished": null, "created_utc": 1646515554.0, "parent_id": "t3_t7hory", "replies": []}, {"author": "generaalalcazar", "id": "hzi0hnr", "score": 1, "subreddit": "BuyItForLife", "author_flair": null, "submission": "t7hory", "stickied": false, "body": "Panama hat? Borsalino (not for work) or Stetson.", "is_submitter": false, "distinguished": null, "created_utc": 1646516569.0, "parent_id": "t3_t7hory", "replies": []}, {"author": "AlPCurtis", "id": "hzi7nff", "score": 1, "subreddit": "BuyItForLife", "author_flair": null, "submission": "t7hory", "stickied": false, "body": "Bald guy here. Constantly in search of sun hats to protect my dome. Just picked up a rather large hat from outdoor research. Perhaps check out their selection online.", "is_submitter": false, "distinguished": null, "created_utc": 1646519816.0, "parent_id": "t3_t7hory", "replies": []}, {"author": "Tacolover30", "id": "hzijx1j", "score": 1, "subreddit": "BuyItForLife", "author_flair": null, "submission": "t7hory", "stickied": false, "body": "Its probably not as sturdy as filson but I\u2019ve had a straw hat from tommy bahama for a few years and its holding up pretty well. I use it a lot in the summer", "is_submitter": false, "distinguished": null, "created_utc": 1646525531.0, "parent_id": "t3_t7hory", "replies": []}, {"author": "regaphysics", "id": "hzindrz", "score": 1, "subreddit": "BuyItForLife", "author_flair": null, "submission": "t7hory", "stickied": false, "body": "Sunday afternoon Sun hats have lasted a very long time, and are cool and offer great protection. You don\u2019t want something made from straw..", "is_submitter": false, "distinguished": null, "created_utc": 1646527175.0, "parent_id": "t3_t7hory", "replies": []}, {"author": "ria1024", "id": "hzj1q64", "score": 1, "subreddit": "BuyItForLife", "author_flair": null, "submission": "t7hory", "stickied": false, "body": "This isn't made from straw, but it's a similar style and mine has been awesome for 8 years of gardening / hiking / beaches / occasionally getting squashed in a suitcase.\n\nSloggers Women's Standard Wide Brim Braided Sun Hat https://smile.amazon.com/dp/B0025VDN7E/ref=cm_sw_r_apan_glt_i_871H0VGH4G0PFC8QFY9K?_encoding=UTF8&psc=1", "is_submitter": false, "distinguished": null, "created_utc": 1646534232.0, "parent_id": "t3_t7hory", "replies": []}, {"author": "Madgepins", "id": "hzk8fqk", "score": 1, "subreddit": "BuyItForLife", "author_flair": null, "submission": "t7hory", "stickied": false, "body": "Hats made from palm leaves look like straw,  but are far more durable. They can get wet without falling apart. Check out Sunbody Hats. They offer a ton of sizes and styles.", "is_submitter": false, "distinguished": null, "created_utc": 1646561875.0, "parent_id": "t3_t7hory", "replies": []}]}